Project,Bug,barinel_Top-1,barinel_Top-3,barinel_Top-5,barinel_EXAM,barinel_MFR,barinel_MAR,dstar_Top-1,dstar_Top-3,dstar_Top-5,dstar_EXAM,dstar_MFR,dstar_MAR,jaccard_Top-1,jaccard_Top-3,jaccard_Top-5,jaccard_EXAM,jaccard_MFR,jaccard_MAR,meco_Top-1,meco_Top-3,meco_Top-5,meco_EXAM,meco_MFR,meco_MAR,ochiai_Top-1,ochiai_Top-3,ochiai_Top-5,ochiai_EXAM,ochiai_MFR,ochiai_MAR,ochiai2_Top-1,ochiai2_Top-3,ochiai2_Top-5,ochiai2_EXAM,ochiai2_MFR,ochiai2_MAR,opt_Top-1,opt_Top-3,opt_Top-5,opt_EXAM,opt_MFR,opt_MAR,tarantula_Top-1,tarantula_Top-3,tarantula_Top-5,tarantula_EXAM,tarantula_MFR,tarantula_MAR,sgf_1_Top-1,sgf_1_Top-3,sgf_1_Top-5,sgf_1_EXAM,sgf_1_MFR,sgf_1_MAR,sgf_2_Top-1,sgf_2_Top-3,sgf_2_Top-5,sgf_2_EXAM,sgf_2_MFR,sgf_2_MAR,fo1_Top-1,fo1_Top-3,fo1_Top-5,fo1_EXAM,fo1_MFR,fo1_MAR,fo2_Top-1,fo2_Top-3,fo2_Top-5,fo2_EXAM,fo2_MFR,fo2_MAR,fo7_Top-1,fo7_Top-3,fo7_Top-5,fo7_EXAM,fo7_MFR,fo7_MAR,fo8_Top-1,fo8_Top-3,fo8_Top-5,fo8_EXAM,fo8_MFR,fo8_MAR,fo17_Top-1,fo17_Top-3,fo17_Top-5,fo17_EXAM,fo17_MFR,fo17_MAR
Lang,1,0.0,1.0,1.0,0.007518796992481203,2.0,2.0,0.0,1.0,1.0,0.007518796992481203,2.0,2.0,0.0,1.0,1.0,0.007518796992481203,2.0,2.0,0.0,1.0,1.0,0.007518796992481203,2.0,2.0,0.0,1.0,1.0,0.007518796992481203,2.0,2.0,0.0,1.0,1.0,0.007518796992481203,2.0,2.0,0.0,1.0,1.0,0.007518796992481203,2.0,2.0,0.0,1.0,1.0,0.007518796992481203,2.0,2.0,0.0,1.0,1.0,0.007518796992481203,2.0,2.0,0.0,1.0,1.0,0.007518796992481203,2.0,2.0,0.0,1.0,1.0,0.9699248120300752,3.0,3.0,0.0,1.0,1.0,0.007518796992481203,2.0,2.0,0.0,1.0,1.0,0.9699248120300752,3.0,3.0,0.0,1.0,1.0,0.007518796992481203,2.0,2.0,0.0,0.0,0.0,0.8947368421052632,9.0,9.0
Lang,3,0.0,1.0,1.0,0.015037593984962405,2.0,2.0,0.0,1.0,1.0,0.015037593984962405,2.0,2.0,0.0,1.0,1.0,0.015037593984962405,2.0,2.0,0.0,1.0,1.0,0.015037593984962405,2.0,2.0,0.0,1.0,1.0,0.015037593984962405,2.0,2.0,0.0,1.0,1.0,0.015037593984962405,2.0,2.0,0.0,1.0,1.0,0.015037593984962405,2.0,2.0,0.0,1.0,1.0,0.015037593984962405,2.0,2.0,0.0,1.0,1.0,0.015037593984962405,2.0,2.0,0.0,1.0,1.0,0.015037593984962405,2.0,2.0,0.0,1.0,1.0,0.9699248120300752,3.0,3.0,0.0,1.0,1.0,0.015037593984962405,2.0,2.0,0.0,1.0,1.0,0.9699248120300752,3.0,3.0,0.0,1.0,1.0,0.015037593984962405,2.0,2.0,0.0,0.0,0.0,0.9022556390977443,8.0,8.0
Lang,4,1.0,1.0,1.0,0.0,1.0,1.5,1.0,1.0,1.0,0.0,1.0,1.5,1.0,1.0,1.0,0.0,1.0,1.5,1.0,1.0,1.0,0.0,1.0,1.5,1.0,1.0,1.0,0.0,1.0,1.5,1.0,1.0,1.0,0.0,1.0,1.5,1.0,1.0,1.0,0.0,1.0,1.5,1.0,1.0,1.0,0.0,1.0,1.5,1.0,1.0,1.0,0.0,1.0,1.5,1.0,1.0,1.0,0.0,1.0,1.5,0.0,1.0,1.0,0.75,3.0,3.5,0.0,1.0,1.0,0.125,2.0,2.5,0.0,1.0,1.0,0.75,3.0,3.5,0.0,1.0,1.0,0.125,2.0,2.5,0.0,0.0,1.0,0.375,4.0,4.5
Lang,5,1.0,1.0,1.0,0.0,1.0,1.0,1.0,1.0,1.0,0.0,1.0,1.0,1.0,1.0,1.0,0.0,1.0,1.0,1.0,1.0,1.0,0.0,1.0,1.0,1.0,1.0,1.0,0.0,1.0,1.0,1.0,1.0,1.0,0.0,1.0,1.0,1.0,1.0,1.0,0.0,1.0,1.0,1.0,1.0,1.0,0.0,1.0,1.0,1.0,1.0,1.0,0.0,1.0,1.0,1.0,1.0,1.0,0.0,1.0,1.0,0.0,1.0,1.0,0.9090909090909091,3.0,3.0,0.0,1.0,1.0,0.4,2.0,2.0,0.0,1.0,1.0,0.9090909090909091,3.0,3.0,0.0,1.0,1.0,0.4,2.0,2.0,0.0,1.0,1.0,0.45454545454545453,3.0,3.0
Lang,6,0.0,0.0,0.0,0.16923076923076924,10.0,10.0,0.0,0.0,0.0,0.16923076923076924,10.0,10.0,0.0,0.0,0.0,0.16923076923076924,10.0,10.0,0.0,0.0,0.0,0.16923076923076924,10.0,10.0,0.0,0.0,0.0,0.16923076923076924,10.0,10.0,0.0,0.0,0.0,0.16923076923076924,10.0,10.0,0.0,0.0,0.0,0.16923076923076924,10.0,10.0,0.0,0.0,0.0,0.16923076923076924,10.0,10.0,0.0,0.0,0.0,0.16923076923076924,10.0,10.0,0.0,0.0,0.0,0.16923076923076924,10.0,10.0,0.0,0.0,0.0,0.9794871794871794,9.0,9.0,0.0,0.0,0.0,0.171875,10.0,10.0,0.0,0.0,0.0,0.9794871794871794,9.0,9.0,0.0,0.0,0.0,0.171875,10.0,10.0,0.0,0.0,0.0,0.9692307692307692,26.0,26.0
Lang,7,1.0,1.0,1.0,0.0,1.0,1.0,1.0,1.0,1.0,0.0,1.0,1.0,1.0,1.0,1.0,0.0,1.0,1.0,1.0,1.0,1.0,0.0,1.0,1.0,1.0,1.0,1.0,0.0,1.0,1.0,1.0,1.0,1.0,0.0,1.0,1.0,1.0,1.0,1.0,0.0,1.0,1.0,1.0,1.0,1.0,0.0,1.0,1.0,1.0,1.0,1.0,0.0,1.0,1.0,1.0,1.0,1.0,0.0,1.0,1.0,0.0,1.0,1.0,0.8590604026845637,2.0,2.0,1.0,1.0,1.0,0.0,1.0,1.0,0.0,1.0,1.0,0.8590604026845637,2.0,2.0,1.0,1.0,1.0,0.0,1.0,1.0,1.0,1.0,1.0,0.0,1.0,1.0
Lang,8,0.0,1.0,1.0,0.015267175572519083,2.0,2.0,1.0,1.0,1.0,0.0,1.0,1.0,0.0,1.0,1.0,0.015267175572519083,2.0,2.0,1.0,1.0,1.0,0.0,1.0,1.0,0.0,1.0,1.0,0.015267175572519083,2.0,2.0,0.0,1.0,1.0,0.015267175572519083,2.0,2.0,0.0,1.0,1.0,0.015267175572519083,2.0,2.0,0.0,1.0,1.0,0.015267175572519083,2.0,2.0,0.0,1.0,1.0,0.015267175572519083,2.0,2.0,0.0,1.0,1.0,0.015267175572519083,2.0,2.0,0.0,1.0,1.0,0.6030534351145038,3.0,3.0,0.0,1.0,1.0,0.016,2.0,2.0,0.0,1.0,1.0,0.015267175572519083,2.0,2.0,0.0,1.0,1.0,0.016,2.0,2.0,0.0,1.0,1.0,0.015267175572519083,2.0,2.0
Lang,9,0.0,0.0,0.0,0.0962962962962963,9.0,9.0,0.0,0.0,0.0,0.07407407407407407,7.0,7.0,0.0,0.0,0.0,0.0962962962962963,9.0,9.0,0.0,0.0,0.0,0.21481481481481482,14.0,14.0,0.0,0.0,0.0,0.07407407407407407,7.0,7.0,0.0,0.0,0.0,0.0962962962962963,9.0,9.0,0.0,0.0,1.0,0.07407407407407407,4.0,4.0,0.0,0.0,0.0,0.0962962962962963,8.0,8.0,0.0,0.0,0.0,0.07407407407407407,7.0,7.0,0.0,0.0,0.0,0.18518518518518517,11.0,11.0,0.0,0.0,0.0,0.9481481481481482,11.0,11.0,0.0,1.0,1.0,0.03125,3.0,3.0,0.0,0.0,0.0,0.9481481481481482,11.0,11.0,0.0,1.0,1.0,0.03125,3.0,3.0,0.0,0.0,0.0,0.4740740740740741,13.0,13.0
Lang,10,0.0,0.0,0.0,0.15555555555555556,12.0,12.0,0.0,0.0,0.0,0.1259259259259259,10.0,10.0,0.0,0.0,0.0,0.13333333333333333,11.0,11.0,0.0,0.0,0.0,0.25925925925925924,16.0,16.0,0.0,0.0,0.0,0.1259259259259259,10.0,10.0,0.0,0.0,0.0,0.15555555555555556,12.0,12.0,0.0,0.0,0.0,0.0962962962962963,7.0,7.0,0.0,0.0,0.0,0.13333333333333333,10.0,10.0,0.0,0.0,0.0,0.1259259259259259,10.0,10.0,0.0,0.0,0.0,0.2074074074074074,13.0,13.0,0.0,0.0,0.0,0.9111111111111111,12.0,12.0,0.0,0.0,1.0,0.078125,5.0,5.0,0.0,0.0,0.0,0.8962962962962963,12.0,12.0,0.0,0.0,1.0,0.078125,5.0,5.0,0.0,0.0,0.0,0.5185185185185185,17.0,17.0
Lang,11,1.0,1.0,1.0,0.0,1.0,1.0,1.0,1.0,1.0,0.0,1.0,1.0,1.0,1.0,1.0,0.0,1.0,1.0,1.0,1.0,1.0,0.0,1.0,1.0,1.0,1.0,1.0,0.0,1.0,1.0,1.0,1.0,1.0,0.0,1.0,1.0,1.0,1.0,1.0,0.0,1.0,1.0,1.0,1.0,1.0,0.0,1.0,1.0,1.0,1.0,1.0,0.0,1.0,1.0,1.0,1.0,1.0,0.0,1.0,1.0,1.0,1.0,1.0,0.0,1.0,1.0,0.0,1.0,1.0,0.14285714285714285,2.0,2.0,0.0,1.0,1.0,0.14285714285714285,2.0,2.0,0.0,1.0,1.0,0.14285714285714285,2.0,2.0,0.0,1.0,1.0,0.14285714285714285,2.0,2.0
Lang,12,1.0,1.0,1.0,0.0,1.0,1.0,1.0,1.0,1.0,0.0,1.0,1.0,1.0,1.0,1.0,0.0,1.0,1.0,1.0,1.0,1.0,0.0,1.0,1.0,1.0,1.0,1.0,0.0,1.0,1.0,1.0,1.0,1.0,0.0,1.0,1.0,1.0,1.0,1.0,0.0,1.0,1.0,1.0,1.0,1.0,0.0,1.0,1.0,1.0,1.0,1.0,0.0,1.0,1.0,1.0,1.0,1.0,0.0,1.0,1.0,1.0,1.0,1.0,0.0,1.0,1.0,1.0,1.0,1.0,0.0,1.0,1.0,1.0,1.0,1.0,0.0,1.0,1.0,1.0,1.0,1.0,0.0,1.0,1.0,1.0,1.0,1.0,0.0,1.0,1.0
Lang,13,0.0,1.0,1.0,0.14285714285714285,2.0,2.0,0.0,1.0,1.0,0.14285714285714285,2.0,2.0,0.0,1.0,1.0,0.14285714285714285,2.0,2.0,0.0,1.0,1.0,0.14285714285714285,2.0,2.0,0.0,1.0,1.0,0.14285714285714285,2.0,2.0,0.0,1.0,1.0,0.14285714285714285,2.0,2.0,0.0,1.0,1.0,0.14285714285714285,2.0,2.0,0.0,1.0,1.0,0.14285714285714285,2.0,2.0,0.0,1.0,1.0,0.14285714285714285,2.0,2.0,0.0,1.0,1.0,0.14285714285714285,2.0,2.0,0.0,1.0,1.0,0.42857142857142855,2.0,2.0,0.0,1.0,1.0,0.14285714285714285,2.0,2.0,0.0,1.0,1.0,0.42857142857142855,3.0,3.0,0.0,1.0,1.0,0.14285714285714285,2.0,2.0,0.0,1.0,1.0,0.2857142857142857,3.0,3.0
Lang,14,1.0,1.0,1.0,0.0,1.0,1.0,1.0,1.0,1.0,0.0,1.0,1.0,1.0,1.0,1.0,0.0,1.0,1.0,1.0,1.0,1.0,0.0,1.0,1.0,1.0,1.0,1.0,0.0,1.0,1.0,1.0,1.0,1.0,0.0,1.0,1.0,1.0,1.0,1.0,0.0,1.0,1.0,1.0,1.0,1.0,0.0,1.0,1.0,1.0,1.0,1.0,0.0,1.0,1.0,1.0,1.0,1.0,0.0,1.0,1.0,0.0,1.0,1.0,0.9913793103448276,3.0,3.0,0.0,1.0,1.0,0.008771929824561403,2.0,2.0,0.0,1.0,1.0,0.9913793103448276,3.0,3.0,0.0,1.0,1.0,0.008771929824561403,2.0,2.0,0.0,0.0,0.0,0.9568965517241379,11.0,11.0
Lang,15,1.0,1.0,1.0,0.0,1.0,1.5,1.0,1.0,1.0,0.0,1.0,1.5,1.0,1.0,1.0,0.0,1.0,1.5,1.0,1.0,1.0,0.0,1.0,1.5,1.0,1.0,1.0,0.0,1.0,1.5,1.0,1.0,1.0,0.0,1.0,1.5,1.0,1.0,1.0,0.0,1.0,1.5,1.0,1.0,1.0,0.0,1.0,1.5,1.0,1.0,1.0,0.0,1.0,1.5,1.0,1.0,1.0,0.0,1.0,1.5,1.0,1.0,1.0,0.0,1.0,1.0,1.0,1.0,1.0,0.0,1.0,1.5,1.0,1.0,1.0,0.0,1.0,1.5,1.0,1.0,1.0,0.0,1.0,1.5,1.0,1.0,1.0,0.0,1.0,1.5
Lang,16,1.0,1.0,1.0,0.0,1.0,1.0,1.0,1.0,1.0,0.0,1.0,1.0,1.0,1.0,1.0,0.0,1.0,1.0,1.0,1.0,1.0,0.0,1.0,1.0,1.0,1.0,1.0,0.0,1.0,1.0,1.0,1.0,1.0,0.0,1.0,1.0,1.0,1.0,1.0,0.0,1.0,1.0,1.0,1.0,1.0,0.0,1.0,1.0,1.0,1.0,1.0,0.0,1.0,1.0,1.0,1.0,1.0,0.0,1.0,1.0,0.0,1.0,1.0,0.9527027027027027,2.0,2.0,1.0,1.0,1.0,0.0,1.0,1.0,0.0,1.0,1.0,0.9527027027027027,2.0,2.0,1.0,1.0,1.0,0.0,1.0,1.0,1.0,1.0,1.0,0.0,1.0,1.0
Lang,17,0.0,0.0,0.0,0.38823529411764707,9.0,9.0,0.0,0.0,0.0,0.38823529411764707,9.0,9.0,0.0,0.0,0.0,0.38823529411764707,9.0,9.0,0.0,0.0,0.0,0.38823529411764707,9.0,9.0,0.0,0.0,0.0,0.38823529411764707,9.0,9.0,0.0,0.0,0.0,0.38823529411764707,9.0,9.0,0.0,0.0,0.0,0.38823529411764707,9.0,9.0,0.0,0.0,0.0,0.38823529411764707,9.0,9.0,0.0,0.0,0.0,0.38823529411764707,9.0,9.0,0.0,0.0,0.0,0.38823529411764707,9.0,9.0,0.0,0.0,0.0,0.9764705882352941,11.0,11.0,0.0,0.0,0.0,0.4146341463414634,10.0,10.0,0.0,0.0,0.0,0.9764705882352941,11.0,11.0,0.0,0.0,0.0,0.4146341463414634,10.0,10.0,0.0,0.0,0.0,0.9764705882352941,22.0,22.0
Lang,18,0.0,0.0,0.0,0.5529411764705883,18.0,18.0,0.0,0.0,0.0,0.5411764705882353,17.0,17.0,0.0,0.0,0.0,0.5529411764705883,18.0,18.0,0.0,0.0,0.0,0.5411764705882353,17.0,17.0,0.0,0.0,0.0,0.5529411764705883,18.0,18.0,0.0,0.0,0.0,0.5529411764705883,18.0,18.0,0.0,0.0,0.0,0.5529411764705883,18.0,18.0,0.0,0.0,0.0,0.5529411764705883,18.0,18.0,0.0,0.0,0.0,0.5529411764705883,18.0,18.0,0.0,0.0,0.0,0.5529411764705883,18.0,18.0,0.0,0.0,0.0,0.9882352941176471,18.0,18.0,0.0,0.0,0.0,0.6103896103896104,18.0,18.0,0.0,0.0,0.0,0.9882352941176471,18.0,18.0,0.0,0.0,0.0,0.6103896103896104,18.0,18.0,0.0,0.0,0.0,0.9882352941176471,28.0,28.0
Lang,19,1.0,1.0,1.0,0.0,1.0,1.0,1.0,1.0,1.0,0.0,1.0,1.0,1.0,1.0,1.0,0.0,1.0,1.0,1.0,1.0,1.0,0.0,1.0,1.0,1.0,1.0,1.0,0.0,1.0,1.0,1.0,1.0,1.0,0.0,1.0,1.0,1.0,1.0,1.0,0.0,1.0,1.0,1.0,1.0,1.0,0.0,1.0,1.0,1.0,1.0,1.0,0.0,1.0,1.0,1.0,1.0,1.0,0.0,1.0,1.0,0.0,0.0,1.0,0.75,4.0,4.0,0.0,1.0,1.0,0.25,3.0,3.0,0.0,0.0,1.0,0.75,4.0,4.0,0.0,1.0,1.0,0.25,3.0,3.0,0.0,1.0,1.0,0.25,3.0,3.0
Lang,20,1.0,1.0,1.0,0.0,1.0,1.0,1.0,1.0,1.0,0.0,1.0,1.0,1.0,1.0,1.0,0.0,1.0,1.0,1.0,1.0,1.0,0.0,1.0,1.0,1.0,1.0,1.0,0.0,1.0,1.0,1.0,1.0,1.0,0.0,1.0,1.0,0.0,1.0,1.0,0.009345794392523364,2.0,2.0,1.0,1.0,1.0,0.0,1.0,1.0,1.0,1.0,1.0,0.0,1.0,1.0,1.0,1.0,1.0,0.0,1.0,1.0,1.0,1.0,1.0,0.0,1.0,1.0,0.0,1.0,1.0,0.009433962264150943,2.0,2.0,0.0,1.0,1.0,0.009345794392523364,2.0,2.0,1.0,1.0,1.0,0.0,1.0,1.0,0.0,1.0,1.0,0.009345794392523364,2.0,2.0
Lang,21,1.0,1.0,1.0,0.0,1.0,1.0,0.0,1.0,1.0,0.022727272727272728,2.0,2.0,1.0,1.0,1.0,0.0,1.0,1.0,0.0,1.0,1.0,0.022727272727272728,2.0,2.0,1.0,1.0,1.0,0.0,1.0,1.0,1.0,1.0,1.0,0.0,1.0,1.0,1.0,1.0,1.0,0.0,1.0,1.0,1.0,1.0,1.0,0.0,1.0,1.0,1.0,1.0,1.0,0.0,1.0,1.0,1.0,1.0,1.0,0.0,1.0,1.0,0.0,1.0,1.0,0.9545454545454546,2.0,2.0,1.0,1.0,1.0,0.0,1.0,1.0,1.0,1.0,1.0,0.0,1.0,1.0,1.0,1.0,1.0,0.0,1.0,1.0,1.0,1.0,1.0,0.0,1.0,1.0
Lang,22,0.0,1.0,1.0,0.0625,3.0,3.0,0.0,1.0,1.0,0.03125,2.0,2.0,0.0,1.0,1.0,0.0625,3.0,3.0,0.0,1.0,1.0,0.0625,3.0,3.0,0.0,1.0,1.0,0.03125,2.0,2.0,0.0,1.0,1.0,0.0625,3.0,3.0,1.0,1.0,1.0,0.0,1.0,1.0,0.0,1.0,1.0,0.0625,3.0,3.0,0.0,1.0,1.0,0.03125,2.0,2.0,1.0,1.0,1.0,0.0,1.0,1.0,0.0,0.0,0.0,0.96875,7.0,7.0,0.0,0.0,1.0,0.15625,4.0,4.0,0.0,0.0,0.0,0.96875,7.0,7.0,0.0,0.0,1.0,0.1875,5.0,5.0,0.0,1.0,1.0,0.15625,3.0,3.0
Lang,23,0.0,0.0,0.0,,,,0.0,0.0,0.0,,,,0.0,0.0,0.0,,,,0.0,0.0,0.0,,,,0.0,0.0,0.0,,,,0.0,0.0,0.0,,,,0.0,0.0,0.0,,,,0.0,0.0,0.0,,,,0.0,0.0,0.0,,,,0.0,0.0,0.0,,,,0.0,0.0,0.0,,,,0.0,0.0,0.0,,,,0.0,0.0,0.0,,,,0.0,0.0,0.0,,,,0.0,0.0,0.0,,,
Lang,24,1.0,1.0,1.0,0.0,1.0,1.0,0.0,0.0,0.0,0.1484375,7.0,7.0,1.0,1.0,1.0,0.0,1.0,1.0,0.0,0.0,0.0,0.1484375,7.0,7.0,1.0,1.0,1.0,0.0,1.0,1.0,1.0,1.0,1.0,0.0,1.0,1.0,1.0,1.0,1.0,0.0,1.0,1.0,1.0,1.0,1.0,0.0,1.0,1.0,1.0,1.0,1.0,0.0,1.0,1.0,1.0,1.0,1.0,0.0,1.0,1.0,0.0,1.0,1.0,0.890625,2.0,2.0,1.0,1.0,1.0,0.0,1.0,1.0,1.0,1.0,1.0,0.0,1.0,1.0,1.0,1.0,1.0,0.0,1.0,1.0,1.0,1.0,1.0,0.0,1.0,1.0
Lang,25,0.0,1.0,1.0,0.07692307692307693,2.0,2.0,0.0,1.0,1.0,0.07692307692307693,2.0,2.0,0.0,1.0,1.0,0.07692307692307693,2.0,2.0,0.0,1.0,1.0,0.07692307692307693,2.0,2.0,0.0,1.0,1.0,0.07692307692307693,2.0,2.0,0.0,1.0,1.0,0.07692307692307693,2.0,2.0,0.0,1.0,1.0,0.07692307692307693,2.0,2.0,0.0,1.0,1.0,0.07692307692307693,2.0,2.0,0.0,1.0,1.0,0.07692307692307693,2.0,2.0,0.0,1.0,1.0,0.07692307692307693,2.0,2.0,0.0,1.0,1.0,0.7692307692307693,2.0,2.0,1.0,1.0,1.0,0.0,1.0,1.0,1.0,1.0,1.0,0.0,1.0,1.0,1.0,1.0,1.0,0.0,1.0,1.0,1.0,1.0,1.0,0.0,1.0,1.0
Lang,26,0.0,1.0,1.0,0.029411764705882353,2.0,2.0,0.0,1.0,1.0,0.029411764705882353,2.0,2.0,0.0,1.0,1.0,0.029411764705882353,2.0,2.0,0.0,1.0,1.0,0.029411764705882353,2.0,2.0,0.0,1.0,1.0,0.029411764705882353,2.0,2.0,0.0,1.0,1.0,0.029411764705882353,2.0,2.0,0.0,1.0,1.0,0.029411764705882353,2.0,2.0,0.0,1.0,1.0,0.029411764705882353,2.0,2.0,0.0,1.0,1.0,0.029411764705882353,2.0,2.0,0.0,1.0,1.0,0.029411764705882353,2.0,2.0,1.0,1.0,1.0,0.0,1.0,1.0,0.0,0.0,0.0,0.3103448275862069,6.0,6.0,0.0,1.0,1.0,0.20588235294117646,2.0,2.0,0.0,0.0,0.0,0.3103448275862069,6.0,6.0,0.0,1.0,1.0,0.17647058823529413,3.0,3.0
Lang,27,1.0,1.0,1.0,0.0,1.0,1.0,1.0,1.0,1.0,0.0,1.0,1.0,1.0,1.0,1.0,0.0,1.0,1.0,1.0,1.0,1.0,0.0,1.0,1.0,1.0,1.0,1.0,0.0,1.0,1.0,1.0,1.0,1.0,0.0,1.0,1.0,1.0,1.0,1.0,0.0,1.0,1.0,1.0,1.0,1.0,0.0,1.0,1.0,1.0,1.0,1.0,0.0,1.0,1.0,1.0,1.0,1.0,0.0,1.0,1.0,0.0,1.0,1.0,0.8707482993197279,2.0,2.0,1.0,1.0,1.0,0.0,1.0,1.0,0.0,1.0,1.0,0.8707482993197279,2.0,2.0,1.0,1.0,1.0,0.0,1.0,1.0,1.0,1.0,1.0,0.0,1.0,1.0
Lang,28,1.0,1.0,1.0,0.0,1.0,1.0,1.0,1.0,1.0,0.0,1.0,1.0,1.0,1.0,1.0,0.0,1.0,1.0,1.0,1.0,1.0,0.0,1.0,1.0,1.0,1.0,1.0,0.0,1.0,1.0,1.0,1.0,1.0,0.0,1.0,1.0,1.0,1.0,1.0,0.0,1.0,1.0,1.0,1.0,1.0,0.0,1.0,1.0,1.0,1.0,1.0,0.0,1.0,1.0,1.0,1.0,1.0,0.0,1.0,1.0,0.0,0.0,1.0,0.75,4.0,4.0,0.0,1.0,1.0,0.25,3.0,3.0,0.0,0.0,1.0,0.75,4.0,4.0,0.0,1.0,1.0,0.25,3.0,3.0,0.0,1.0,1.0,0.25,3.0,3.0
Lang,29,1.0,1.0,1.0,0.0,1.0,1.0,0.0,1.0,1.0,0.4583333333333333,3.0,3.0,1.0,1.0,1.0,0.0,1.0,1.0,0.0,1.0,1.0,0.4583333333333333,3.0,3.0,1.0,1.0,1.0,0.0,1.0,1.0,1.0,1.0,1.0,0.0,1.0,1.0,1.0,1.0,1.0,0.0,1.0,1.0,1.0,1.0,1.0,0.0,1.0,1.0,1.0,1.0,1.0,0.0,1.0,1.0,1.0,1.0,1.0,0.0,1.0,1.0,0.0,1.0,1.0,0.6875,2.0,2.0,1.0,1.0,1.0,0.0,1.0,1.0,1.0,1.0,1.0,0.0,1.0,1.0,1.0,1.0,1.0,0.0,1.0,1.0,1.0,1.0,1.0,0.0,1.0,1.0
Lang,30,1.0,1.0,1.0,0.0,1.0,2.0,1.0,1.0,1.0,0.0,1.0,3.75,1.0,1.0,1.0,0.0,1.0,3.25,0.0,1.0,1.0,0.007936507936507936,2.0,3.5,1.0,1.0,1.0,0.0,1.0,3.0,1.0,1.0,1.0,0.0,1.0,3.25,0.0,0.0,1.0,0.023809523809523808,4.0,5.5,1.0,1.0,1.0,0.0,1.0,2.0,1.0,1.0,1.0,0.0,1.0,3.0,0.0,1.0,1.0,0.015873015873015872,3.0,4.75,1.0,1.0,1.0,0.0,1.0,2.5,1.0,1.0,1.0,0.0,1.0,3.25,1.0,1.0,1.0,0.0,1.0,2.75,1.0,1.0,1.0,0.0,1.0,2.25,1.0,1.0,1.0,0.0,1.0,3.25
Lang,31,1.0,1.0,1.0,0.0,1.0,1.0,1.0,1.0,1.0,0.0,1.0,1.0,1.0,1.0,1.0,0.0,1.0,1.0,1.0,1.0,1.0,0.0,1.0,1.0,1.0,1.0,1.0,0.0,1.0,1.0,1.0,1.0,1.0,0.0,1.0,1.0,1.0,1.0,1.0,0.0,1.0,1.0,1.0,1.0,1.0,0.0,1.0,1.0,1.0,1.0,1.0,0.0,1.0,1.0,1.0,1.0,1.0,0.0,1.0,1.0,0.0,1.0,1.0,0.9761904761904762,2.0,2.0,1.0,1.0,1.0,0.0,1.0,1.0,1.0,1.0,1.0,0.0,1.0,1.0,1.0,1.0,1.0,0.0,1.0,1.0,1.0,1.0,1.0,0.0,1.0,1.0
Lang,32,0.0,1.0,1.0,0.024390243902439025,2.0,3.0,0.0,1.0,1.0,0.024390243902439025,2.0,3.0,0.0,1.0,1.0,0.024390243902439025,2.0,3.0,0.0,1.0,1.0,0.024390243902439025,2.0,3.0,0.0,1.0,1.0,0.024390243902439025,2.0,3.0,0.0,1.0,1.0,0.024390243902439025,2.0,3.0,0.0,1.0,1.0,0.024390243902439025,2.0,3.0,0.0,1.0,1.0,0.024390243902439025,2.0,3.0,0.0,1.0,1.0,0.024390243902439025,2.0,3.0,0.0,1.0,1.0,0.024390243902439025,2.0,3.0,0.0,1.0,1.0,0.7073170731707317,2.0,2.6,0.0,1.0,1.0,0.024390243902439025,2.0,3.2,0.0,1.0,1.0,0.7073170731707317,2.0,2.6,0.0,1.0,1.0,0.024390243902439025,2.0,3.2,0.0,0.0,1.0,0.6097560975609756,5.0,6.4
Lang,33,1.0,1.0,1.0,0.0,1.0,1.0,0.0,1.0,1.0,0.06382978723404255,3.0,3.0,1.0,1.0,1.0,0.0,1.0,1.0,0.0,1.0,1.0,0.06382978723404255,3.0,3.0,1.0,1.0,1.0,0.0,1.0,1.0,1.0,1.0,1.0,0.0,1.0,1.0,1.0,1.0,1.0,0.0,1.0,1.0,1.0,1.0,1.0,0.0,1.0,1.0,1.0,1.0,1.0,0.0,1.0,1.0,1.0,1.0,1.0,0.0,1.0,1.0,0.0,1.0,1.0,0.9148936170212766,2.0,2.0,1.0,1.0,1.0,0.0,1.0,1.0,1.0,1.0,1.0,0.0,1.0,1.0,1.0,1.0,1.0,0.0,1.0,1.0,1.0,1.0,1.0,0.0,1.0,1.0
Lang,34,0.0,0.0,0.0,0.20300751879699247,16.0,16.0,0.0,0.0,0.0,0.08270676691729323,8.0,8.0,0.0,0.0,0.0,0.09774436090225563,10.0,10.0,0.0,0.0,0.0,0.09774436090225563,10.0,10.0,0.0,0.0,0.0,0.10526315789473684,10.0,10.0,0.0,0.0,0.0,0.10526315789473684,10.0,10.0,1.0,1.0,1.0,0.0,1.0,1.0,0.0,0.0,0.0,0.14285714285714285,11.0,11.0,0.0,0.0,0.0,0.10526315789473684,10.0,10.0,0.0,0.0,0.0,0.08270676691729323,8.0,8.0,0.0,0.0,0.0,0.7518796992481203,17.0,17.0,0.0,0.0,0.0,0.16379310344827586,10.0,10.0,0.0,0.0,0.0,0.7518796992481203,19.0,19.0,0.0,0.0,0.0,0.1896551724137931,11.0,11.0,0.0,1.0,1.0,0.06015037593984962,2.0,2.0
Lang,35,1.0,1.0,1.0,0.0,1.0,1.0,1.0,1.0,1.0,0.0,1.0,1.0,1.0,1.0,1.0,0.0,1.0,1.0,1.0,1.0,1.0,0.0,1.0,1.0,1.0,1.0,1.0,0.0,1.0,1.0,1.0,1.0,1.0,0.0,1.0,1.0,1.0,1.0,1.0,0.0,1.0,1.0,1.0,1.0,1.0,0.0,1.0,1.0,1.0,1.0,1.0,0.0,1.0,1.0,1.0,1.0,1.0,0.0,1.0,1.0,1.0,1.0,1.0,0.0,1.0,1.0,0.0,1.0,1.0,0.043478260869565216,2.0,2.0,0.0,1.0,1.0,0.043478260869565216,2.0,2.0,0.0,1.0,1.0,0.043478260869565216,2.0,2.0,0.0,1.0,1.0,0.043478260869565216,2.0,2.0
Lang,36,1.0,1.0,1.0,0.0,1.0,1.5,1.0,1.0,1.0,0.0,1.0,2.0,1.0,1.0,1.0,0.0,1.0,1.5,1.0,1.0,1.0,0.0,1.0,2.5,1.0,1.0,1.0,0.0,1.0,1.5,1.0,1.0,1.0,0.0,1.0,1.5,1.0,1.0,1.0,0.0,1.0,3.5,1.0,1.0,1.0,0.0,1.0,1.5,1.0,1.0,1.0,0.0,1.0,1.5,1.0,1.0,1.0,0.0,1.0,3.5,0.0,1.0,1.0,0.8507462686567164,2.0,2.5,1.0,1.0,1.0,0.0,1.0,2.0,1.0,1.0,1.0,0.0,1.0,1.5,1.0,1.0,1.0,0.0,1.0,1.5,1.0,1.0,1.0,0.0,1.0,2.0
Lang,37,1.0,1.0,1.0,0.0,1.0,1.0,1.0,1.0,1.0,0.0,1.0,1.0,1.0,1.0,1.0,0.0,1.0,1.0,1.0,1.0,1.0,0.0,1.0,1.0,1.0,1.0,1.0,0.0,1.0,1.0,1.0,1.0,1.0,0.0,1.0,1.0,1.0,1.0,1.0,0.0,1.0,1.0,1.0,1.0,1.0,0.0,1.0,1.0,1.0,1.0,1.0,0.0,1.0,1.0,1.0,1.0,1.0,0.0,1.0,1.0,1.0,1.0,1.0,0.0,1.0,1.0,0.0,1.0,1.0,0.045454545454545456,2.0,2.0,0.0,1.0,1.0,0.045454545454545456,2.0,2.0,0.0,1.0,1.0,0.045454545454545456,2.0,2.0,0.0,1.0,1.0,0.045454545454545456,2.0,2.0
Lang,38,0.0,1.0,1.0,0.05333333333333334,3.0,3.0,0.0,1.0,1.0,0.05333333333333334,3.0,3.0,0.0,1.0,1.0,0.05333333333333334,3.0,3.0,0.0,1.0,1.0,0.05333333333333334,3.0,3.0,0.0,1.0,1.0,0.05333333333333334,3.0,3.0,0.0,1.0,1.0,0.05333333333333334,3.0,3.0,0.0,1.0,1.0,0.05333333333333334,3.0,3.0,0.0,1.0,1.0,0.05333333333333334,3.0,3.0,0.0,1.0,1.0,0.05333333333333334,3.0,3.0,0.0,1.0,1.0,0.05333333333333334,3.0,3.0,1.0,1.0,1.0,0.0,1.0,1.0,0.0,1.0,1.0,0.029850746268656716,3.0,3.0,0.0,1.0,1.0,0.25333333333333335,2.0,2.0,0.0,1.0,1.0,0.029850746268656716,3.0,3.0,0.0,1.0,1.0,0.013333333333333334,2.0,2.0
Lang,39,1.0,1.0,1.0,0.0,1.0,1.0,1.0,1.0,1.0,0.0,1.0,1.0,1.0,1.0,1.0,0.0,1.0,1.0,1.0,1.0,1.0,0.0,1.0,1.0,1.0,1.0,1.0,0.0,1.0,1.0,1.0,1.0,1.0,0.0,1.0,1.0,1.0,1.0,1.0,0.0,1.0,1.0,1.0,1.0,1.0,0.0,1.0,1.0,1.0,1.0,1.0,0.0,1.0,1.0,1.0,1.0,1.0,0.0,1.0,1.0,0.0,1.0,1.0,0.9896907216494846,2.0,2.0,1.0,1.0,1.0,0.0,1.0,1.0,1.0,1.0,1.0,0.0,1.0,1.0,1.0,1.0,1.0,0.0,1.0,1.0,1.0,1.0,1.0,0.0,1.0,1.0
Lang,40,1.0,1.0,1.0,0.0,1.0,1.0,1.0,1.0,1.0,0.0,1.0,1.0,1.0,1.0,1.0,0.0,1.0,1.0,1.0,1.0,1.0,0.0,1.0,1.0,1.0,1.0,1.0,0.0,1.0,1.0,1.0,1.0,1.0,0.0,1.0,1.0,1.0,1.0,1.0,0.0,1.0,1.0,1.0,1.0,1.0,0.0,1.0,1.0,1.0,1.0,1.0,0.0,1.0,1.0,1.0,1.0,1.0,0.0,1.0,1.0,0.0,1.0,1.0,0.9895833333333334,2.0,2.0,1.0,1.0,1.0,0.0,1.0,1.0,1.0,1.0,1.0,0.0,1.0,1.0,1.0,1.0,1.0,0.0,1.0,1.0,1.0,1.0,1.0,0.0,1.0,1.0
Lang,41,1.0,1.0,1.0,0.0,1.0,1.5,1.0,1.0,1.0,0.0,1.0,2.0,1.0,1.0,1.0,0.0,1.0,1.5,1.0,1.0,1.0,0.0,1.0,1.5,1.0,1.0,1.0,0.0,1.0,2.0,1.0,1.0,1.0,0.0,1.0,1.5,0.0,1.0,1.0,0.09090909090909091,2.0,2.5,1.0,1.0,1.0,0.0,1.0,1.5,1.0,1.0,1.0,0.0,1.0,2.0,1.0,1.0,1.0,0.0,1.0,1.5,1.0,1.0,1.0,0.0,1.0,1.0,0.0,1.0,1.0,0.09090909090909091,2.0,2.5,0.0,1.0,1.0,0.09090909090909091,2.0,2.5,1.0,1.0,1.0,0.0,1.0,2.0,0.0,1.0,1.0,0.09090909090909091,2.0,4.0
Lang,42,0.0,1.0,1.0,0.013888888888888888,2.0,2.0,0.0,0.0,1.0,0.19444444444444445,5.0,5.0,0.0,0.0,1.0,0.19444444444444445,5.0,5.0,0.0,1.0,1.0,0.027777777777777776,3.0,3.0,0.0,0.0,1.0,0.19444444444444445,5.0,5.0,0.0,0.0,1.0,0.19444444444444445,5.0,5.0,0.0,0.0,1.0,0.19444444444444445,5.0,5.0,0.0,1.0,1.0,0.027777777777777776,3.0,3.0,0.0,0.0,1.0,0.19444444444444445,5.0,5.0,0.0,0.0,1.0,0.19444444444444445,5.0,5.0,1.0,1.0,1.0,0.0,1.0,1.0,0.0,0.0,0.0,0.19718309859154928,6.0,6.0,1.0,1.0,1.0,0.0,1.0,1.0,0.0,0.0,0.0,0.19718309859154928,6.0,6.0,0.0,0.0,0.0,0.6666666666666666,9.0,9.0
Lang,43,1.0,1.0,1.0,0.0,1.0,1.0,1.0,1.0,1.0,0.0,1.0,1.0,1.0,1.0,1.0,0.0,1.0,1.0,1.0,1.0,1.0,0.0,1.0,1.0,1.0,1.0,1.0,0.0,1.0,1.0,1.0,1.0,1.0,0.0,1.0,1.0,1.0,1.0,1.0,0.0,1.0,1.0,1.0,1.0,1.0,0.0,1.0,1.0,1.0,1.0,1.0,0.0,1.0,1.0,1.0,1.0,1.0,0.0,1.0,1.0,1.0,1.0,1.0,0.0,1.0,1.0,0.0,0.0,0.0,,,,1.0,1.0,1.0,0.0,1.0,1.0,0.0,0.0,0.0,,,,1.0,1.0,1.0,0.0,1.0,1.0
Lang,44,1.0,1.0,1.0,0.0,1.0,1.0,1.0,1.0,1.0,0.0,1.0,1.0,1.0,1.0,1.0,0.0,1.0,1.0,1.0,1.0,1.0,0.0,1.0,1.0,1.0,1.0,1.0,0.0,1.0,1.0,1.0,1.0,1.0,0.0,1.0,1.0,1.0,1.0,1.0,0.0,1.0,1.0,1.0,1.0,1.0,0.0,1.0,1.0,1.0,1.0,1.0,0.0,1.0,1.0,1.0,1.0,1.0,0.0,1.0,1.0,0.0,1.0,1.0,0.8666666666666667,2.0,2.0,1.0,1.0,1.0,0.0,1.0,1.0,0.0,1.0,1.0,0.8666666666666667,2.0,2.0,1.0,1.0,1.0,0.0,1.0,1.0,1.0,1.0,1.0,0.0,1.0,1.0
Lang,45,1.0,1.0,1.0,0.0,1.0,1.0,0.0,1.0,1.0,0.2564102564102564,3.0,3.0,1.0,1.0,1.0,0.0,1.0,1.0,0.0,1.0,1.0,0.2564102564102564,3.0,3.0,1.0,1.0,1.0,0.0,1.0,1.0,1.0,1.0,1.0,0.0,1.0,1.0,1.0,1.0,1.0,0.0,1.0,1.0,1.0,1.0,1.0,0.0,1.0,1.0,1.0,1.0,1.0,0.0,1.0,1.0,1.0,1.0,1.0,0.0,1.0,1.0,0.0,1.0,1.0,0.9914529914529915,2.0,2.0,1.0,1.0,1.0,0.0,1.0,1.0,1.0,1.0,1.0,0.0,1.0,1.0,1.0,1.0,1.0,0.0,1.0,1.0,1.0,1.0,1.0,0.0,1.0,1.0
Lang,46,1.0,1.0,1.0,0.0,1.0,2.3333333333333335,1.0,1.0,1.0,0.0,1.0,2.3333333333333335,1.0,1.0,1.0,0.0,1.0,2.3333333333333335,1.0,1.0,1.0,0.0,1.0,2.3333333333333335,1.0,1.0,1.0,0.0,1.0,2.3333333333333335,1.0,1.0,1.0,0.0,1.0,2.3333333333333335,1.0,1.0,1.0,0.0,1.0,2.6666666666666665,1.0,1.0,1.0,0.0,1.0,2.3333333333333335,1.0,1.0,1.0,0.0,1.0,2.3333333333333335,1.0,1.0,1.0,0.0,1.0,2.3333333333333335,1.0,1.0,1.0,0.0,1.0,1.3333333333333333,1.0,1.0,1.0,0.0,1.0,2.3333333333333335,1.0,1.0,1.0,0.0,1.0,1.3333333333333333,1.0,1.0,1.0,0.0,1.0,2.3333333333333335,0.0,1.0,1.0,0.04,2.0,3.0
Lang,47,0.0,1.0,1.0,0.006896551724137931,2.0,2.5,0.0,1.0,1.0,0.006896551724137931,2.0,2.5,0.0,1.0,1.0,0.006896551724137931,2.0,2.5,0.0,1.0,1.0,0.006896551724137931,2.0,2.5,0.0,1.0,1.0,0.006896551724137931,2.0,2.5,0.0,1.0,1.0,0.006896551724137931,2.0,2.5,0.0,0.0,1.0,0.06206896551724138,5.0,5.5,0.0,1.0,1.0,0.006896551724137931,2.0,2.5,0.0,1.0,1.0,0.006896551724137931,2.0,2.5,0.0,0.0,1.0,0.020689655172413793,4.0,4.5,1.0,1.0,1.0,0.0,1.0,1.0,0.0,1.0,1.0,0.006896551724137931,2.0,2.5,1.0,1.0,1.0,0.0,1.0,1.0,0.0,1.0,1.0,0.006896551724137931,2.0,2.5,0.0,1.0,1.0,0.006896551724137931,2.0,3.0
Lang,48,1.0,1.0,1.0,0.0,1.0,1.0,1.0,1.0,1.0,0.0,1.0,1.0,1.0,1.0,1.0,0.0,1.0,1.0,1.0,1.0,1.0,0.0,1.0,1.0,1.0,1.0,1.0,0.0,1.0,1.0,1.0,1.0,1.0,0.0,1.0,1.0,1.0,1.0,1.0,0.0,1.0,1.0,1.0,1.0,1.0,0.0,1.0,1.0,1.0,1.0,1.0,0.0,1.0,1.0,1.0,1.0,1.0,0.0,1.0,1.0,1.0,1.0,1.0,0.0,1.0,1.0,0.0,1.0,1.0,0.2857142857142857,3.0,3.0,0.0,1.0,1.0,0.14285714285714285,2.0,2.0,0.0,1.0,1.0,0.2857142857142857,3.0,3.0,0.0,0.0,1.0,0.5714285714285714,5.0,5.0
Lang,49,1.0,1.0,1.0,0.0,1.0,1.0,0.0,0.0,1.0,0.1875,5.0,5.0,1.0,1.0,1.0,0.0,1.0,1.0,0.0,0.0,1.0,0.1875,5.0,5.0,1.0,1.0,1.0,0.0,1.0,1.0,1.0,1.0,1.0,0.0,1.0,1.0,1.0,1.0,1.0,0.0,1.0,1.0,1.0,1.0,1.0,0.0,1.0,1.0,1.0,1.0,1.0,0.0,1.0,1.0,1.0,1.0,1.0,0.0,1.0,1.0,0.0,1.0,1.0,0.8125,2.0,2.0,1.0,1.0,1.0,0.0,1.0,1.0,1.0,1.0,1.0,0.0,1.0,1.0,1.0,1.0,1.0,0.0,1.0,1.0,1.0,1.0,1.0,0.0,1.0,1.0
Lang,50,1.0,1.0,1.0,0.0,1.0,1.0,0.0,1.0,1.0,0.08695652173913043,3.0,3.0,0.0,1.0,1.0,0.028985507246376812,2.0,2.0,0.0,1.0,1.0,0.08695652173913043,3.0,3.0,0.0,1.0,1.0,0.028985507246376812,2.0,2.0,0.0,1.0,1.0,0.028985507246376812,2.0,2.0,0.0,0.0,0.0,0.3188405797101449,7.0,7.0,1.0,1.0,1.0,0.0,1.0,1.0,0.0,1.0,1.0,0.028985507246376812,2.0,2.0,0.0,0.0,1.0,0.11594202898550725,4.0,4.0,1.0,1.0,1.0,0.0,1.0,1.0,0.0,1.0,1.0,0.19672131147540983,3.0,3.0,0.0,1.0,1.0,0.028985507246376812,2.0,2.0,1.0,1.0,1.0,0.0,1.0,1.0,0.0,0.0,1.0,0.2608695652173913,4.0,4.0
Lang,51,1.0,1.0,1.0,0.0,1.0,1.0,1.0,1.0,1.0,0.0,1.0,1.0,1.0,1.0,1.0,0.0,1.0,1.0,1.0,1.0,1.0,0.0,1.0,1.0,1.0,1.0,1.0,0.0,1.0,1.0,1.0,1.0,1.0,0.0,1.0,1.0,1.0,1.0,1.0,0.0,1.0,1.0,1.0,1.0,1.0,0.0,1.0,1.0,1.0,1.0,1.0,0.0,1.0,1.0,1.0,1.0,1.0,0.0,1.0,1.0,1.0,1.0,1.0,0.0,1.0,1.0,1.0,1.0,1.0,0.0,1.0,1.0,1.0,1.0,1.0,0.0,1.0,1.0,1.0,1.0,1.0,0.0,1.0,1.0,1.0,1.0,1.0,0.0,1.0,1.0
Lang,52,0.0,1.0,1.0,0.045454545454545456,2.0,2.0,1.0,1.0,1.0,0.0,1.0,1.0,0.0,1.0,1.0,0.045454545454545456,2.0,2.0,1.0,1.0,1.0,0.0,1.0,1.0,0.0,1.0,1.0,0.045454545454545456,2.0,2.0,0.0,1.0,1.0,0.045454545454545456,2.0,2.0,0.0,1.0,1.0,0.045454545454545456,2.0,2.0,0.0,1.0,1.0,0.045454545454545456,2.0,2.0,0.0,1.0,1.0,0.045454545454545456,2.0,2.0,0.0,1.0,1.0,0.045454545454545456,2.0,2.0,0.0,1.0,1.0,0.9545454545454546,3.0,3.0,0.0,1.0,1.0,0.047619047619047616,2.0,2.0,0.0,1.0,1.0,0.9545454545454546,3.0,3.0,0.0,1.0,1.0,0.047619047619047616,2.0,2.0,0.0,1.0,1.0,0.09090909090909091,3.0,3.0
Lang,53,0.0,1.0,1.0,0.043478260869565216,2.0,2.0,0.0,1.0,1.0,0.043478260869565216,2.0,2.0,0.0,1.0,1.0,0.043478260869565216,2.0,2.0,0.0,1.0,1.0,0.043478260869565216,2.0,2.0,0.0,1.0,1.0,0.043478260869565216,2.0,2.0,0.0,1.0,1.0,0.043478260869565216,2.0,2.0,0.0,1.0,1.0,0.043478260869565216,2.0,2.0,0.0,1.0,1.0,0.043478260869565216,2.0,2.0,0.0,1.0,1.0,0.043478260869565216,2.0,2.0,0.0,1.0,1.0,0.043478260869565216,2.0,2.0,0.0,1.0,1.0,0.9565217391304348,3.0,3.0,0.0,1.0,1.0,0.09523809523809523,3.0,3.0,0.0,1.0,1.0,0.9565217391304348,3.0,3.0,0.0,1.0,1.0,0.09523809523809523,3.0,3.0,0.0,0.0,0.0,0.9130434782608695,6.0,6.0
Lang,54,1.0,1.0,1.0,0.0,1.0,1.0,1.0,1.0,1.0,0.0,1.0,1.0,1.0,1.0,1.0,0.0,1.0,1.0,1.0,1.0,1.0,0.0,1.0,1.0,1.0,1.0,1.0,0.0,1.0,1.0,1.0,1.0,1.0,0.0,1.0,1.0,1.0,1.0,1.0,0.0,1.0,1.0,1.0,1.0,1.0,0.0,1.0,1.0,1.0,1.0,1.0,0.0,1.0,1.0,1.0,1.0,1.0,0.0,1.0,1.0,0.0,1.0,1.0,0.8888888888888888,3.0,3.0,0.0,1.0,1.0,0.3333333333333333,2.0,2.0,0.0,1.0,1.0,0.8888888888888888,3.0,3.0,0.0,1.0,1.0,0.3333333333333333,2.0,2.0,0.0,1.0,1.0,0.3333333333333333,2.0,2.0
Lang,55,0.0,1.0,1.0,0.08333333333333333,2.0,2.0,0.0,1.0,1.0,0.08333333333333333,2.0,2.0,0.0,1.0,1.0,0.08333333333333333,2.0,2.0,0.0,1.0,1.0,0.08333333333333333,2.0,2.0,0.0,1.0,1.0,0.08333333333333333,2.0,2.0,0.0,1.0,1.0,0.08333333333333333,2.0,2.0,0.0,1.0,1.0,0.08333333333333333,2.0,2.0,0.0,1.0,1.0,0.08333333333333333,2.0,2.0,0.0,1.0,1.0,0.08333333333333333,2.0,2.0,0.0,1.0,1.0,0.08333333333333333,2.0,2.0,0.0,1.0,1.0,0.75,3.0,3.0,0.0,1.0,1.0,0.16666666666666666,2.0,2.0,0.0,1.0,1.0,0.75,3.0,3.0,0.0,1.0,1.0,0.16666666666666666,2.0,2.0,0.0,1.0,1.0,0.16666666666666666,2.0,2.0
Lang,56,0.0,0.0,0.0,,,,0.0,0.0,0.0,,,,0.0,0.0,0.0,,,,0.0,0.0,0.0,,,,0.0,0.0,0.0,,,,0.0,0.0,0.0,,,,0.0,0.0,0.0,,,,0.0,0.0,0.0,,,,0.0,0.0,0.0,,,,0.0,0.0,0.0,,,,0.0,0.0,0.0,,,,0.0,0.0,0.0,,,,0.0,0.0,0.0,,,,0.0,0.0,0.0,,,,0.0,0.0,0.0,,,
Lang,57,1.0,1.0,1.0,0.0,1.0,1.0,1.0,1.0,1.0,0.0,1.0,1.0,1.0,1.0,1.0,0.0,1.0,1.0,1.0,1.0,1.0,0.0,1.0,1.0,1.0,1.0,1.0,0.0,1.0,1.0,1.0,1.0,1.0,0.0,1.0,1.0,1.0,1.0,1.0,0.0,1.0,1.0,1.0,1.0,1.0,0.0,1.0,1.0,1.0,1.0,1.0,0.0,1.0,1.0,1.0,1.0,1.0,0.0,1.0,1.0,0.0,1.0,1.0,0.9583333333333334,2.0,2.0,1.0,1.0,1.0,0.0,1.0,1.0,1.0,1.0,1.0,0.0,1.0,1.0,1.0,1.0,1.0,0.0,1.0,1.0,1.0,1.0,1.0,0.0,1.0,1.0
Lang,58,1.0,1.0,1.0,0.0,1.0,1.0,1.0,1.0,1.0,0.0,1.0,1.0,1.0,1.0,1.0,0.0,1.0,1.0,1.0,1.0,1.0,0.0,1.0,1.0,1.0,1.0,1.0,0.0,1.0,1.0,1.0,1.0,1.0,0.0,1.0,1.0,1.0,1.0,1.0,0.0,1.0,1.0,1.0,1.0,1.0,0.0,1.0,1.0,1.0,1.0,1.0,0.0,1.0,1.0,1.0,1.0,1.0,0.0,1.0,1.0,0.0,1.0,1.0,0.9469026548672567,2.0,2.0,1.0,1.0,1.0,0.0,1.0,1.0,0.0,1.0,1.0,0.9469026548672567,2.0,2.0,1.0,1.0,1.0,0.0,1.0,1.0,1.0,1.0,1.0,0.0,1.0,1.0
Lang,59,1.0,1.0,1.0,0.0,1.0,1.0,1.0,1.0,1.0,0.0,1.0,1.0,1.0,1.0,1.0,0.0,1.0,1.0,1.0,1.0,1.0,0.0,1.0,1.0,1.0,1.0,1.0,0.0,1.0,1.0,1.0,1.0,1.0,0.0,1.0,1.0,1.0,1.0,1.0,0.0,1.0,1.0,1.0,1.0,1.0,0.0,1.0,1.0,1.0,1.0,1.0,0.0,1.0,1.0,1.0,1.0,1.0,0.0,1.0,1.0,1.0,1.0,1.0,0.0,1.0,1.0,1.0,1.0,1.0,0.0,1.0,1.0,1.0,1.0,1.0,0.0,1.0,1.0,1.0,1.0,1.0,0.0,1.0,1.0,1.0,1.0,1.0,0.0,1.0,1.0
Lang,60,1.0,1.0,1.0,0.0,1.0,2.0,1.0,1.0,1.0,0.0,1.0,2.0,1.0,1.0,1.0,0.0,1.0,2.0,1.0,1.0,1.0,0.0,1.0,2.0,1.0,1.0,1.0,0.0,1.0,2.0,1.0,1.0,1.0,0.0,1.0,2.0,1.0,1.0,1.0,0.0,1.0,2.0,1.0,1.0,1.0,0.0,1.0,2.0,1.0,1.0,1.0,0.0,1.0,2.0,1.0,1.0,1.0,0.0,1.0,2.0,1.0,1.0,1.0,0.0,1.0,1.0,1.0,1.0,1.0,0.0,1.0,2.0,1.0,1.0,1.0,0.0,1.0,1.5,1.0,1.0,1.0,0.0,1.0,2.0,1.0,1.0,1.0,0.0,1.0,2.5
Lang,61,1.0,1.0,1.0,0.0,1.0,1.0,1.0,1.0,1.0,0.0,1.0,1.0,1.0,1.0,1.0,0.0,1.0,1.0,1.0,1.0,1.0,0.0,1.0,1.0,1.0,1.0,1.0,0.0,1.0,1.0,1.0,1.0,1.0,0.0,1.0,1.0,1.0,1.0,1.0,0.0,1.0,1.0,1.0,1.0,1.0,0.0,1.0,1.0,1.0,1.0,1.0,0.0,1.0,1.0,1.0,1.0,1.0,0.0,1.0,1.0,1.0,1.0,1.0,0.0,1.0,1.0,1.0,1.0,1.0,0.0,1.0,1.0,1.0,1.0,1.0,0.0,1.0,1.0,1.0,1.0,1.0,0.0,1.0,1.0,1.0,1.0,1.0,0.0,1.0,1.0
Lang,62,1.0,1.0,1.0,0.0,1.0,1.0,1.0,1.0,1.0,0.0,1.0,1.0,1.0,1.0,1.0,0.0,1.0,1.0,1.0,1.0,1.0,0.0,1.0,1.0,1.0,1.0,1.0,0.0,1.0,1.0,1.0,1.0,1.0,0.0,1.0,1.0,1.0,1.0,1.0,0.0,1.0,1.0,1.0,1.0,1.0,0.0,1.0,1.0,1.0,1.0,1.0,0.0,1.0,1.0,1.0,1.0,1.0,0.0,1.0,1.0,1.0,1.0,1.0,0.0,1.0,1.0,0.0,0.0,1.0,0.2727272727272727,4.0,4.0,0.0,1.0,1.0,0.022727272727272728,2.0,2.0,0.0,0.0,1.0,0.2727272727272727,4.0,4.0,0.0,0.0,1.0,0.2727272727272727,4.0,4.0
Lang,63,1.0,1.0,1.0,0.0,1.0,2.3333333333333335,1.0,1.0,1.0,0.0,1.0,2.3333333333333335,1.0,1.0,1.0,0.0,1.0,2.3333333333333335,1.0,1.0,1.0,0.0,1.0,2.3333333333333335,1.0,1.0,1.0,0.0,1.0,2.3333333333333335,1.0,1.0,1.0,0.0,1.0,2.3333333333333335,1.0,1.0,1.0,0.0,1.0,2.3333333333333335,1.0,1.0,1.0,0.0,1.0,2.3333333333333335,1.0,1.0,1.0,0.0,1.0,2.3333333333333335,1.0,1.0,1.0,0.0,1.0,2.3333333333333335,0.0,1.0,1.0,0.918918918918919,2.0,3.3333333333333335,1.0,1.0,1.0,0.0,1.0,2.3333333333333335,1.0,1.0,1.0,0.0,1.0,3.0,1.0,1.0,1.0,0.0,1.0,2.3333333333333335,1.0,1.0,1.0,0.0,1.0,4.333333333333333
Lang,64,1.0,1.0,1.0,0.0,1.0,1.0,1.0,1.0,1.0,0.0,1.0,1.0,1.0,1.0,1.0,0.0,1.0,1.0,1.0,1.0,1.0,0.0,1.0,1.0,1.0,1.0,1.0,0.0,1.0,1.0,1.0,1.0,1.0,0.0,1.0,1.0,1.0,1.0,1.0,0.0,1.0,1.0,1.0,1.0,1.0,0.0,1.0,1.0,1.0,1.0,1.0,0.0,1.0,1.0,1.0,1.0,1.0,0.0,1.0,1.0,0.0,1.0,1.0,0.9312977099236641,2.0,2.0,1.0,1.0,1.0,0.0,1.0,1.0,0.0,1.0,1.0,0.9312977099236641,2.0,2.0,1.0,1.0,1.0,0.0,1.0,1.0,1.0,1.0,1.0,0.0,1.0,1.0
Lang,65,0.0,1.0,1.0,0.043478260869565216,2.0,2.0,0.0,1.0,1.0,0.043478260869565216,2.0,2.0,0.0,1.0,1.0,0.043478260869565216,2.0,2.0,0.0,1.0,1.0,0.043478260869565216,2.0,2.0,0.0,1.0,1.0,0.043478260869565216,2.0,2.0,0.0,1.0,1.0,0.043478260869565216,2.0,2.0,0.0,1.0,1.0,0.043478260869565216,2.0,2.0,0.0,1.0,1.0,0.043478260869565216,2.0,2.0,0.0,1.0,1.0,0.043478260869565216,2.0,2.0,0.0,1.0,1.0,0.043478260869565216,2.0,2.0,0.0,1.0,1.0,0.9565217391304348,3.0,3.0,0.0,1.0,1.0,0.09523809523809523,2.0,2.0,0.0,1.0,1.0,0.9565217391304348,3.0,3.0,0.0,1.0,1.0,0.09523809523809523,2.0,2.0,0.0,0.0,1.0,0.7391304347826086,4.0,4.0
Chart,1,0.0,0.0,1.0,0.004524886877828055,4.0,4.0,0.0,0.0,1.0,0.004524886877828055,4.0,4.0,0.0,0.0,1.0,0.004524886877828055,4.0,4.0,0.0,0.0,1.0,0.004524886877828055,4.0,4.0,0.0,0.0,1.0,0.004524886877828055,4.0,4.0,0.0,0.0,1.0,0.004524886877828055,4.0,4.0,0.0,0.0,1.0,0.004524886877828055,4.0,4.0,0.0,0.0,1.0,0.004524886877828055,4.0,4.0,0.0,0.0,1.0,0.004524886877828055,4.0,4.0,0.0,0.0,1.0,0.004524886877828055,4.0,4.0,0.0,0.0,1.0,0.92579185520362,4.0,4.0,0.0,0.0,1.0,0.006082725060827251,4.0,4.0,0.0,0.0,1.0,0.92579185520362,4.0,4.0,0.0,0.0,1.0,0.006082725060827251,4.0,4.0,0.0,0.0,0.0,0.6823529411764706,38.0,38.0
Chart,2,0.0,0.0,1.0,0.0658682634730539,5.0,6.5,0.0,0.0,0.0,0.08383233532934131,7.0,9.0,0.0,0.0,0.0,0.07784431137724551,7.0,7.5,0.0,0.0,0.0,0.11377245508982035,12.0,12.5,0.0,0.0,0.0,0.08383233532934131,7.0,8.0,0.0,0.0,0.0,0.08383233532934131,8.0,9.0,0.0,0.0,0.0,0.2275449101796407,27.0,27.5,0.0,0.0,1.0,0.0658682634730539,5.0,6.5,0.0,0.0,0.0,0.08383233532934131,7.0,8.0,0.0,0.0,0.0,0.19161676646706588,23.0,23.5,1.0,1.0,1.0,0.5029940119760479,1.0,2.5,0.0,0.0,0.0,0.1259259259259259,8.0,9.5,0.0,0.0,1.0,0.6946107784431138,5.0,5.5,0.0,0.0,0.0,0.1259259259259259,8.0,8.5,0.0,0.0,0.0,0.08383233532934131,8.0,8.5
Chart,3,1.0,1.0,1.0,0.0,1.0,1.0,1.0,1.0,1.0,0.0,1.0,1.0,1.0,1.0,1.0,0.0,1.0,1.0,1.0,1.0,1.0,0.0,1.0,1.0,1.0,1.0,1.0,0.0,1.0,1.0,1.0,1.0,1.0,0.0,1.0,1.0,1.0,1.0,1.0,0.0,1.0,1.0,1.0,1.0,1.0,0.0,1.0,1.0,1.0,1.0,1.0,0.0,1.0,1.0,1.0,1.0,1.0,0.0,1.0,1.0,1.0,1.0,1.0,0.0,1.0,1.0,1.0,1.0,1.0,0.0,1.0,1.0,1.0,1.0,1.0,0.0,1.0,1.0,1.0,1.0,1.0,0.0,1.0,1.0,1.0,1.0,1.0,0.0,1.0,1.0
Chart,4,0.0,0.0,0.0,0.02357505222321695,43.0,43.0,0.0,0.0,0.0,0.004476275738585497,11.0,11.0,0.0,0.0,0.0,0.00507311250373023,12.0,12.0,0.0,0.0,1.0,0.001193673530289466,5.0,5.0,0.0,0.0,0.0,0.004774694121157864,12.0,12.0,0.0,0.0,0.0,0.0041778573560131305,12.0,12.0,0.0,0.0,1.0,0.0017905102954341987,5.0,5.0,0.0,0.0,0.0,0.00925096985974336,20.0,20.0,0.0,0.0,0.0,0.004774694121157864,12.0,12.0,0.0,0.0,1.0,0.001193673530289466,5.0,5.0,0.0,0.0,0.0,0.9713518352730528,118.0,118.0,0.0,0.0,0.0,0.005813953488372093,12.0,12.0,0.0,0.0,0.0,0.9707549985079081,118.0,118.0,0.0,0.0,0.0,0.00872093023255814,17.0,17.0,0.0,0.0,1.0,0.0017905102954341987,5.0,5.0
Chart,5,1.0,1.0,1.0,0.0,1.0,1.0,1.0,1.0,1.0,0.0,1.0,1.0,1.0,1.0,1.0,0.0,1.0,1.0,1.0,1.0,1.0,0.0,1.0,1.0,1.0,1.0,1.0,0.0,1.0,1.0,1.0,1.0,1.0,0.0,1.0,1.0,1.0,1.0,1.0,0.0,1.0,1.0,1.0,1.0,1.0,0.0,1.0,1.0,1.0,1.0,1.0,0.0,1.0,1.0,1.0,1.0,1.0,0.0,1.0,1.0,0.0,1.0,1.0,0.8333333333333334,2.0,2.0,1.0,1.0,1.0,0.0,1.0,1.0,1.0,1.0,1.0,0.0,1.0,1.0,1.0,1.0,1.0,0.0,1.0,1.0,1.0,1.0,1.0,0.0,1.0,1.0
Chart,6,0.0,0.0,0.0,0.15384615384615385,8.0,8.0,0.0,0.0,1.0,0.06153846153846154,5.0,5.0,0.0,0.0,0.0,0.12307692307692308,7.0,7.0,0.0,0.0,0.0,0.15384615384615385,8.0,8.0,0.0,0.0,1.0,0.06153846153846154,5.0,5.0,0.0,0.0,0.0,0.09230769230769231,6.0,6.0,0.0,1.0,1.0,0.015384615384615385,2.0,2.0,0.0,0.0,0.0,0.12307692307692308,7.0,7.0,0.0,0.0,1.0,0.06153846153846154,5.0,5.0,0.0,1.0,1.0,0.015384615384615385,2.0,2.0,0.0,0.0,0.0,0.8615384615384616,9.0,9.0,0.0,0.0,1.0,0.07142857142857142,4.0,4.0,0.0,0.0,0.0,0.8615384615384616,9.0,9.0,0.0,0.0,1.0,0.07142857142857142,4.0,4.0,0.0,0.0,0.0,0.8461538461538461,25.0,25.0
Chart,7,0.0,1.0,1.0,0.020202020202020204,3.0,3.0,0.0,1.0,1.0,0.020202020202020204,3.0,3.0,0.0,1.0,1.0,0.020202020202020204,3.0,3.0,0.0,1.0,1.0,0.020202020202020204,3.0,3.0,0.0,1.0,1.0,0.020202020202020204,3.0,3.0,0.0,1.0,1.0,0.020202020202020204,3.0,3.0,0.0,1.0,1.0,0.020202020202020204,3.0,3.0,0.0,1.0,1.0,0.020202020202020204,3.0,3.0,0.0,1.0,1.0,0.020202020202020204,3.0,3.0,0.0,1.0,1.0,0.020202020202020204,3.0,3.0,0.0,0.0,1.0,0.8181818181818182,4.0,4.0,0.0,1.0,1.0,0.023255813953488372,3.0,3.0,0.0,0.0,1.0,0.8383838383838383,4.0,4.0,0.0,1.0,1.0,0.023255813953488372,3.0,3.0,0.0,0.0,0.0,0.5656565656565656,11.0,11.0
Chart,8,1.0,1.0,1.0,0.0,1.0,1.0,1.0,1.0,1.0,0.0,1.0,1.0,1.0,1.0,1.0,0.0,1.0,1.0,1.0,1.0,1.0,0.0,1.0,1.0,1.0,1.0,1.0,0.0,1.0,1.0,1.0,1.0,1.0,0.0,1.0,1.0,1.0,1.0,1.0,0.0,1.0,1.0,1.0,1.0,1.0,0.0,1.0,1.0,1.0,1.0,1.0,0.0,1.0,1.0,1.0,1.0,1.0,0.0,1.0,1.0,1.0,1.0,1.0,0.0,1.0,1.0,0.0,1.0,1.0,0.05,2.0,2.0,0.0,1.0,1.0,0.037037037037037035,2.0,2.0,0.0,1.0,1.0,0.05,2.0,2.0,0.0,1.0,1.0,0.037037037037037035,2.0,2.0
Chart,9,1.0,1.0,1.0,0.0,1.0,1.0,1.0,1.0,1.0,0.0,1.0,1.0,1.0,1.0,1.0,0.0,1.0,1.0,1.0,1.0,1.0,0.0,1.0,1.0,1.0,1.0,1.0,0.0,1.0,1.0,1.0,1.0,1.0,0.0,1.0,1.0,1.0,1.0,1.0,0.0,1.0,1.0,1.0,1.0,1.0,0.0,1.0,1.0,1.0,1.0,1.0,0.0,1.0,1.0,1.0,1.0,1.0,0.0,1.0,1.0,0.0,1.0,1.0,0.8011695906432749,2.0,2.0,1.0,1.0,1.0,0.0,1.0,1.0,1.0,1.0,1.0,0.0,1.0,1.0,1.0,1.0,1.0,0.0,1.0,1.0,1.0,1.0,1.0,0.0,1.0,1.0
Chart,10,1.0,1.0,1.0,0.0,1.0,1.0,1.0,1.0,1.0,0.0,1.0,1.0,1.0,1.0,1.0,0.0,1.0,1.0,1.0,1.0,1.0,0.0,1.0,1.0,1.0,1.0,1.0,0.0,1.0,1.0,1.0,1.0,1.0,0.0,1.0,1.0,1.0,1.0,1.0,0.0,1.0,1.0,1.0,1.0,1.0,0.0,1.0,1.0,1.0,1.0,1.0,0.0,1.0,1.0,1.0,1.0,1.0,0.0,1.0,1.0,1.0,1.0,1.0,0.0,1.0,1.0,1.0,1.0,1.0,0.0,1.0,1.0,1.0,1.0,1.0,0.0,1.0,1.0,1.0,1.0,1.0,0.0,1.0,1.0,1.0,1.0,1.0,0.0,1.0,1.0
Chart,11,1.0,1.0,1.0,0.0,1.0,1.0,1.0,1.0,1.0,0.0,1.0,1.0,1.0,1.0,1.0,0.0,1.0,1.0,1.0,1.0,1.0,0.0,1.0,1.0,1.0,1.0,1.0,0.0,1.0,1.0,1.0,1.0,1.0,0.0,1.0,1.0,1.0,1.0,1.0,0.0,1.0,1.0,1.0,1.0,1.0,0.0,1.0,1.0,1.0,1.0,1.0,0.0,1.0,1.0,1.0,1.0,1.0,0.0,1.0,1.0,1.0,1.0,1.0,0.0,1.0,1.0,0.0,1.0,1.0,0.16666666666666666,2.0,2.0,0.0,1.0,1.0,0.0625,2.0,2.0,0.0,1.0,1.0,0.16666666666666666,2.0,2.0,0.0,1.0,1.0,0.6875,3.0,3.0
Chart,12,0.0,1.0,1.0,0.002824858757062147,2.0,2.0,1.0,1.0,1.0,0.0,1.0,1.0,0.0,1.0,1.0,0.002824858757062147,2.0,2.0,1.0,1.0,1.0,0.0,1.0,1.0,0.0,1.0,1.0,0.002824858757062147,2.0,2.0,0.0,1.0,1.0,0.002824858757062147,2.0,2.0,0.0,1.0,1.0,0.0014124293785310734,2.0,2.0,0.0,1.0,1.0,0.002824858757062147,2.0,2.0,0.0,1.0,1.0,0.002824858757062147,2.0,2.0,0.0,1.0,1.0,0.002824858757062147,2.0,2.0,0.0,1.0,1.0,0.8884180790960452,3.0,3.0,0.0,1.0,1.0,0.00398406374501992,2.0,2.0,0.0,1.0,1.0,0.8898305084745762,3.0,3.0,0.0,1.0,1.0,0.00398406374501992,2.0,2.0,0.0,1.0,1.0,0.0014124293785310734,2.0,2.0
Chart,13,1.0,1.0,1.0,0.0,1.0,1.0,0.0,0.0,0.0,0.5328947368421053,25.0,25.0,1.0,1.0,1.0,0.0,1.0,1.0,0.0,0.0,0.0,0.5328947368421053,25.0,25.0,1.0,1.0,1.0,0.0,1.0,1.0,1.0,1.0,1.0,0.0,1.0,1.0,1.0,1.0,1.0,0.0,1.0,1.0,1.0,1.0,1.0,0.0,1.0,1.0,1.0,1.0,1.0,0.0,1.0,1.0,1.0,1.0,1.0,0.0,1.0,1.0,0.0,1.0,1.0,0.6447368421052632,2.0,2.0,1.0,1.0,1.0,0.0,1.0,1.0,1.0,1.0,1.0,0.0,1.0,1.0,1.0,1.0,1.0,0.0,1.0,1.0,1.0,1.0,1.0,0.0,1.0,1.0
Chart,14,1.0,1.0,1.0,0.0,1.0,1.0,0.0,1.0,1.0,0.0012484394506866417,2.0,2.0,1.0,1.0,1.0,0.0,1.0,1.0,0.0,0.0,1.0,0.004993757802746567,4.0,4.0,1.0,1.0,1.0,0.0,1.0,1.0,1.0,1.0,1.0,0.0,1.0,1.0,0.0,0.0,0.0,0.08863920099875156,33.0,33.0,1.0,1.0,1.0,0.0,1.0,1.0,1.0,1.0,1.0,0.0,1.0,1.0,0.0,0.0,0.0,0.08863920099875156,33.0,33.0,0.0,1.0,1.0,0.9151061173533084,2.0,2.0,1.0,1.0,1.0,0.0,1.0,1.0,1.0,1.0,1.0,0.0,1.0,1.0,1.0,1.0,1.0,0.0,1.0,1.0,1.0,1.0,1.0,0.0,1.0,1.0
Chart,15,0.0,1.0,1.0,0.003287310979618672,2.0,31.0,0.0,1.0,1.0,0.003287310979618672,2.0,31.0,0.0,1.0,1.0,0.003287310979618672,2.0,31.0,0.0,1.0,1.0,0.003287310979618672,2.0,31.0,0.0,1.0,1.0,0.003287310979618672,2.0,31.0,0.0,1.0,1.0,0.003287310979618672,2.0,31.0,0.0,1.0,1.0,0.005259697567389875,2.0,32.0,0.0,1.0,1.0,0.003287310979618672,2.0,31.0,0.0,1.0,1.0,0.003287310979618672,2.0,31.0,0.0,1.0,1.0,0.003287310979618672,2.0,31.0,1.0,1.0,1.0,0.0,1.0,2.0,0.0,1.0,1.0,0.0074142724745134385,2.0,31.0,0.0,1.0,1.0,0.003287310979618672,2.0,2.5,0.0,1.0,1.0,0.0074142724745134385,2.0,31.0,0.0,1.0,1.0,0.005259697567389875,2.0,4.5
Chart,16,1.0,1.0,1.0,0.0,1.0,4.0,1.0,1.0,1.0,0.0,1.0,4.0,1.0,1.0,1.0,0.0,1.0,3.5,1.0,1.0,1.0,0.0,1.0,3.5,1.0,1.0,1.0,0.0,1.0,2.0,1.0,1.0,1.0,0.0,1.0,2.0,1.0,1.0,1.0,0.0,1.0,5.0,1.0,1.0,1.0,0.0,1.0,2.5,1.0,1.0,1.0,0.0,1.0,2.0,1.0,1.0,1.0,0.0,1.0,4.0,1.0,1.0,1.0,0.0,1.0,1.5,1.0,1.0,1.0,0.0,1.0,3.5,1.0,1.0,1.0,0.017857142857142856,1.0,2.5,1.0,1.0,1.0,0.02040816326530612,1.0,2.5,1.0,1.0,1.0,0.0,1.0,4.5
Chart,17,1.0,1.0,1.0,0.0,1.0,1.0,1.0,1.0,1.0,0.0,1.0,1.0,1.0,1.0,1.0,0.0,1.0,1.0,1.0,1.0,1.0,0.0,1.0,1.0,1.0,1.0,1.0,0.0,1.0,1.0,1.0,1.0,1.0,0.0,1.0,1.0,1.0,1.0,1.0,0.0,1.0,1.0,1.0,1.0,1.0,0.0,1.0,1.0,1.0,1.0,1.0,0.0,1.0,1.0,1.0,1.0,1.0,0.0,1.0,1.0,0.0,1.0,1.0,0.9153439153439153,2.0,2.0,1.0,1.0,1.0,0.0,1.0,1.0,0.0,1.0,1.0,0.9153439153439153,2.0,2.0,1.0,1.0,1.0,0.0,1.0,1.0,1.0,1.0,1.0,0.0,1.0,1.0
Chart,18,1.0,1.0,1.0,0.0,1.0,1.0,1.0,1.0,1.0,0.0,1.0,9.5,1.0,1.0,1.0,0.0,1.0,1.5,1.0,1.0,1.0,0.0,1.0,9.5,1.0,1.0,1.0,0.0,1.0,1.5,1.0,1.0,1.0,0.0,1.0,1.5,1.0,1.0,1.0,0.0,1.0,3.0,1.0,1.0,1.0,0.0,1.0,1.0,1.0,1.0,1.0,0.0,1.0,1.5,1.0,1.0,1.0,0.0,1.0,3.0,1.0,1.0,1.0,0.5066666666666667,1.0,3.0,1.0,1.0,1.0,0.0,1.0,1.5,1.0,1.0,1.0,0.0,1.0,1.5,0.0,1.0,1.0,0.015384615384615385,2.0,2.5,1.0,1.0,1.0,0.0,1.0,1.5
Chart,19,1.0,1.0,1.0,0.0,1.0,1.0,1.0,1.0,1.0,0.0,1.0,1.0,1.0,1.0,1.0,0.0,1.0,1.0,1.0,1.0,1.0,0.0,1.0,1.0,1.0,1.0,1.0,0.0,1.0,1.0,1.0,1.0,1.0,0.0,1.0,1.0,0.0,0.0,0.0,0.16793893129770993,51.0,51.0,1.0,1.0,1.0,0.0,1.0,1.0,1.0,1.0,1.0,0.0,1.0,1.0,0.0,0.0,0.0,0.16030534351145037,49.0,49.0,0.0,1.0,1.0,0.8580152671755725,2.0,2.0,1.0,1.0,1.0,0.0,1.0,1.0,1.0,1.0,1.0,0.0,1.0,1.0,1.0,1.0,1.0,0.0,1.0,1.0,1.0,1.0,1.0,0.0,1.0,1.0
Chart,20,0.0,0.0,1.0,0.041666666666666664,5.0,5.0,0.0,0.0,1.0,0.041666666666666664,5.0,5.0,0.0,0.0,1.0,0.041666666666666664,5.0,5.0,0.0,0.0,1.0,0.041666666666666664,5.0,5.0,0.0,0.0,1.0,0.041666666666666664,5.0,5.0,0.0,0.0,1.0,0.041666666666666664,5.0,5.0,0.0,0.0,1.0,0.041666666666666664,5.0,5.0,0.0,0.0,1.0,0.041666666666666664,5.0,5.0,0.0,0.0,1.0,0.041666666666666664,5.0,5.0,0.0,0.0,1.0,0.041666666666666664,5.0,5.0,1.0,1.0,1.0,0.0,1.0,1.0,0.0,0.0,1.0,0.04819277108433735,5.0,5.0,1.0,1.0,1.0,0.0,1.0,1.0,0.0,0.0,1.0,0.04819277108433735,5.0,5.0,1.0,1.0,1.0,0.0,1.0,1.0
Chart,21,0.0,1.0,1.0,0.008928571428571428,2.0,4.0,1.0,1.0,1.0,0.0,1.0,3.0,0.0,1.0,1.0,0.008928571428571428,2.0,4.0,1.0,1.0,1.0,0.0,1.0,3.0,0.0,1.0,1.0,0.008928571428571428,2.0,4.0,0.0,1.0,1.0,0.008928571428571428,2.0,4.0,0.0,1.0,1.0,0.008928571428571428,2.0,4.0,0.0,1.0,1.0,0.008928571428571428,2.0,4.0,0.0,1.0,1.0,0.008928571428571428,2.0,4.0,0.0,1.0,1.0,0.008928571428571428,2.0,4.0,1.0,1.0,1.0,0.0,1.0,2.0,0.0,1.0,1.0,0.010752688172043012,2.0,4.0,0.0,1.0,1.0,0.008928571428571428,2.0,2.5,0.0,1.0,1.0,0.010752688172043012,2.0,4.0,0.0,1.0,1.0,0.008928571428571428,2.0,4.5
Chart,22,1.0,1.0,1.0,0.0,1.0,1.5,0.0,0.0,1.0,0.10256410256410256,4.0,8.5,1.0,1.0,1.0,0.0,1.0,3.5,0.0,1.0,1.0,0.02564102564102564,2.0,4.0,1.0,1.0,1.0,0.0,1.0,4.0,1.0,1.0,1.0,0.0,1.0,3.5,0.0,0.0,0.0,0.2564102564102564,9.0,11.5,1.0,1.0,1.0,0.0,1.0,1.5,1.0,1.0,1.0,0.0,1.0,4.0,0.0,0.0,1.0,0.07692307692307693,4.0,8.5,0.0,1.0,1.0,0.41025641025641024,2.0,3.0,0.0,1.0,1.0,0.029411764705882353,2.0,8.0,1.0,1.0,1.0,0.0,1.0,3.0,1.0,1.0,1.0,0.0,1.0,1.75,0.0,0.0,0.0,0.2564102564102564,9.0,11.0
Chart,23,0.0,0.0,0.0,,,,0.0,0.0,0.0,,,,0.0,0.0,0.0,,,,0.0,0.0,0.0,,,,0.0,0.0,0.0,,,,0.0,0.0,0.0,,,,0.0,0.0,0.0,,,,0.0,0.0,0.0,,,,0.0,0.0,0.0,,,,0.0,0.0,0.0,,,,0.0,0.0,0.0,,,,0.0,0.0,0.0,,,,0.0,0.0,0.0,,,,0.0,0.0,0.0,,,,0.0,0.0,0.0,,,
Chart,24,1.0,1.0,1.0,0.0,1.0,1.0,0.0,1.0,1.0,0.16666666666666666,2.0,2.0,1.0,1.0,1.0,0.0,1.0,1.0,0.0,1.0,1.0,0.16666666666666666,2.0,2.0,1.0,1.0,1.0,0.0,1.0,1.0,1.0,1.0,1.0,0.0,1.0,1.0,1.0,1.0,1.0,0.0,1.0,1.0,1.0,1.0,1.0,0.0,1.0,1.0,1.0,1.0,1.0,0.0,1.0,1.0,1.0,1.0,1.0,0.0,1.0,1.0,0.0,1.0,1.0,0.6666666666666666,2.0,2.0,1.0,1.0,1.0,0.0,1.0,1.0,1.0,1.0,1.0,0.0,1.0,1.0,1.0,1.0,1.0,0.0,1.0,1.0,1.0,1.0,1.0,0.0,1.0,1.0
Chart,25,1.0,1.0,1.0,0.0,1.0,2.0,0.0,0.0,0.0,0.011649294911097487,8.0,10.0,0.0,0.0,1.0,0.00674432863274065,4.0,5.0,0.0,0.0,0.0,0.24156958920907418,59.0,59.5,0.0,0.0,1.0,0.00674432863274065,4.0,6.0,0.0,0.0,1.0,0.00674432863274065,4.0,6.5,0.0,0.0,0.0,0.3543838136112814,136.0,136.5,1.0,1.0,1.0,0.0,1.0,2.0,0.0,0.0,1.0,0.00674432863274065,4.0,6.0,0.0,0.0,0.0,0.3537706928264868,135.0,135.5,0.0,1.0,1.0,0.6719803801348866,2.0,3.0,0.0,0.0,1.0,0.010851419031719533,5.0,7.0,0.0,0.0,1.0,0.00674432863274065,4.0,4.5,1.0,1.0,1.0,0.0,1.0,1.5,0.0,0.0,0.0,0.02145922746781116,14.0,15.0
Chart,26,0.0,0.0,0.0,0.1380065717415115,82.0,82.0,0.0,0.0,0.0,0.01606425702811245,12.0,12.0,0.0,0.0,0.0,0.027382256297918947,14.0,14.0,0.0,0.0,0.0,0.013143483023001095,8.0,8.0,0.0,0.0,0.0,0.02701715954728003,12.0,12.0,0.0,0.0,0.0,0.02701715954728003,12.0,12.0,0.0,0.0,0.0,0.022635998539612998,8.0,8.0,0.0,0.0,0.0,0.05257393209200438,26.0,26.0,0.0,0.0,0.0,0.02701715954728003,12.0,12.0,0.0,0.0,0.0,0.018619934282584884,8.0,8.0,0.0,0.0,0.0,0.9036144578313253,196.0,196.0,0.0,0.0,0.0,0.0338365434669443,12.0,12.0,0.0,0.0,0.0,0.8660094925155166,139.0,139.0,0.0,0.0,0.0,0.0801665799062988,35.0,35.0,0.0,0.0,0.0,0.02227090178897408,8.0,8.0
Mockito,1,0.0,0.0,0.0,0.19668737060041408,140.0,140.0,0.0,0.0,0.0,0.009316770186335404,8.0,8.0,0.0,0.0,0.0,0.048654244306418216,35.0,35.0,0.0,0.0,0.0,0.18633540372670807,132.0,132.0,0.0,0.0,0.0,0.010351966873706004,9.0,9.0,0.0,0.0,0.0,0.027950310559006212,23.0,23.0,0.0,1.0,1.0,0.002070393374741201,2.0,2.0,0.0,0.0,0.0,0.10662525879917184,64.0,64.0,0.0,0.0,0.0,0.010351966873706004,9.0,9.0,0.0,0.0,1.0,0.004140786749482402,4.0,4.0,0.0,0.0,0.0,0.9513457556935818,206.0,206.0,0.0,0.0,0.0,0.19074492099322798,52.0,52.0,0.0,0.0,0.0,0.9472049689440993,202.0,202.0,0.0,0.0,0.0,0.1963882618510158,57.0,57.0,0.0,0.0,0.0,0.16873706004140787,47.0,47.0
Mockito,2,0.0,1.0,1.0,0.007920792079207921,3.0,3.0,1.0,1.0,1.0,0.0,1.0,1.0,0.0,1.0,1.0,0.0039603960396039604,2.0,2.0,1.0,1.0,1.0,0.0,1.0,1.0,1.0,1.0,1.0,0.0,1.0,1.0,1.0,1.0,1.0,0.0,1.0,1.0,1.0,1.0,1.0,0.0,1.0,1.0,0.0,1.0,1.0,0.0039603960396039604,2.0,2.0,1.0,1.0,1.0,0.0,1.0,1.0,1.0,1.0,1.0,0.0,1.0,1.0,0.0,0.0,0.0,0.8257425742574257,13.0,13.0,1.0,1.0,1.0,0.0,1.0,1.0,0.0,0.0,0.0,0.8198019801980198,11.0,11.0,0.0,1.0,1.0,0.004282655246252677,2.0,2.0,1.0,1.0,1.0,0.0,1.0,1.0
Mockito,3,0.0,0.0,0.0,0.10234278668310727,72.0,72.0,0.0,0.0,0.0,0.07398273736128237,54.0,54.0,0.0,0.0,0.0,0.09001233045622688,62.0,62.0,0.0,0.0,0.0,0.11344019728729964,80.0,80.0,0.0,0.0,0.0,0.07644882860665844,55.0,55.0,0.0,0.0,0.0,0.07891491985203453,57.0,57.0,0.0,0.0,0.0,0.013563501849568433,10.0,10.0,0.0,0.0,0.0,0.09124537607891492,65.0,65.0,0.0,0.0,0.0,0.07644882860665844,55.0,55.0,0.0,0.0,0.0,0.04562268803945746,33.0,33.0,0.0,0.0,0.0,0.9334155363748459,149.0,149.0,0.0,0.0,0.0,0.2866666666666667,94.0,94.0,0.0,0.0,0.0,0.9334155363748459,149.0,149.0,0.0,0.0,0.0,0.2866666666666667,94.0,94.0,0.0,0.0,0.0,0.8964241676942046,229.0,229.0
Mockito,4,1.0,1.0,1.0,0.0,1.0,2.3333333333333335,1.0,1.0,1.0,0.0,1.0,3.0,1.0,1.0,1.0,0.0,1.0,2.3333333333333335,0.0,1.0,1.0,0.0013297872340425532,2.0,3.6666666666666665,1.0,1.0,1.0,0.0,1.0,2.6666666666666665,1.0,1.0,1.0,0.0,1.0,2.6666666666666665,0.0,0.0,0.0,0.3125,82.0,87.66666666666667,1.0,1.0,1.0,0.0,1.0,2.3333333333333335,1.0,1.0,1.0,0.0,1.0,2.6666666666666665,0.0,0.0,0.0,0.007978723404255319,7.0,30.666666666666668,0.0,1.0,1.0,0.6289893617021277,2.0,5.333333333333333,1.0,1.0,1.0,0.0,1.0,8.666666666666666,1.0,1.0,1.0,0.0,1.0,5.0,1.0,1.0,1.0,0.0,1.0,8.666666666666666,1.0,1.0,1.0,0.0,1.0,10.666666666666666
Mockito,5,0.0,0.0,0.0,0.09610983981693363,43.0,43.0,0.0,0.0,0.0,0.09458428680396644,42.0,42.0,0.0,0.0,0.0,0.09610983981693363,43.0,43.0,0.0,0.0,0.0,0.09458428680396644,42.0,42.0,0.0,0.0,0.0,0.09610983981693363,43.0,43.0,0.0,0.0,0.0,0.09610983981693363,43.0,43.0,0.0,0.0,0.0,0.429443173150267,50.0,50.0,0.0,0.0,0.0,0.09610983981693363,43.0,43.0,0.0,0.0,0.0,0.09610983981693363,43.0,43.0,0.0,0.0,0.0,0.09610983981693363,43.0,43.0,1.0,1.0,1.0,0.0,1.0,1.0,0.0,0.0,0.0,0.10140148392415499,41.0,41.0,0.0,1.0,1.0,0.2501906941266209,2.0,2.0,0.0,0.0,0.0,0.10140148392415499,41.0,41.0,0.0,0.0,0.0,0.37604881769641496,9.0,9.0
Mockito,6,0.0,1.0,1.0,0.002366863905325444,2.0,44.78947368421053,0.0,1.0,1.0,0.001183431952662722,2.0,74.78947368421052,0.0,1.0,1.0,0.001183431952662722,2.0,47.36842105263158,0.0,1.0,1.0,0.001183431952662722,2.0,46.26315789473684,1.0,1.0,1.0,0.0,1.0,59.73684210526316,1.0,1.0,1.0,0.0,1.0,53.94736842105263,0.0,0.0,0.0,0.36449704142011835,137.0,146.26315789473685,0.0,1.0,1.0,0.002366863905325444,2.0,44.1578947368421,1.0,1.0,1.0,0.0,1.0,59.73684210526316,0.0,0.0,0.0,0.14437869822485208,89.0,124.15789473684211,1.0,1.0,1.0,0.5313609467455621,1.0,5.0,1.0,1.0,1.0,0.0,1.0,65.94736842105263,1.0,1.0,1.0,0.0,1.0,5.526315789473684,0.0,1.0,1.0,0.0025348542458808617,2.0,62.473684210526315,0.0,0.0,1.0,0.015384615384615385,4.0,15.157894736842104
Mockito,7,0.0,0.0,0.0,0.011922503725782414,6.0,6.0,0.0,0.0,0.0,0.011922503725782414,6.0,6.0,0.0,0.0,0.0,0.014903129657228018,6.0,6.0,0.0,0.0,0.0,0.011922503725782414,6.0,6.0,0.0,0.0,0.0,0.011922503725782414,6.0,6.0,0.0,0.0,0.0,0.014903129657228018,6.0,6.0,0.0,0.0,0.0,0.18777943368107303,38.0,38.0,0.0,0.0,0.0,0.014903129657228018,6.0,6.0,0.0,0.0,0.0,0.011922503725782414,6.0,6.0,0.0,0.0,0.0,0.01788375558867362,9.0,9.0,0.0,0.0,0.0,0.6631892697466468,7.0,7.0,0.0,0.0,0.0,0.051364365971107544,14.0,14.0,0.0,0.0,0.0,0.6631892697466468,7.0,7.0,0.0,0.0,0.0,0.051364365971107544,14.0,14.0,0.0,0.0,0.0,0.36959761549925485,17.0,17.0
Mockito,8,0.0,0.0,0.0,0.2641509433962264,8.0,8.0,0.0,0.0,0.0,0.2641509433962264,8.0,8.0,0.0,0.0,0.0,0.2641509433962264,8.0,8.0,0.0,0.0,0.0,0.2641509433962264,8.0,8.0,0.0,0.0,0.0,0.2641509433962264,8.0,8.0,0.0,0.0,0.0,0.2641509433962264,8.0,8.0,0.0,0.0,0.0,0.2641509433962264,8.0,8.0,0.0,0.0,0.0,0.2641509433962264,8.0,8.0,0.0,0.0,0.0,0.2641509433962264,8.0,8.0,0.0,0.0,0.0,0.2641509433962264,8.0,8.0,0.0,0.0,0.0,0.9622641509433962,9.0,9.0,0.0,0.0,0.0,0.32558139534883723,9.0,9.0,0.0,0.0,0.0,0.9622641509433962,9.0,9.0,0.0,0.0,0.0,0.32558139534883723,9.0,9.0,0.0,0.0,0.0,0.9433962264150944,22.0,22.0
Mockito,9,0.0,0.0,0.0,0.01950585175552666,12.0,12.0,0.0,0.0,0.0,0.014304291287386216,9.0,9.0,0.0,0.0,0.0,0.016905071521456438,10.0,10.0,0.0,0.0,0.0,0.010403120936280884,7.0,7.0,0.0,0.0,0.0,0.014304291287386216,9.0,9.0,0.0,0.0,0.0,0.014304291287386216,9.0,9.0,0.0,0.0,0.0,0.14564369310793238,33.0,33.0,0.0,0.0,0.0,0.018205461638491547,10.0,10.0,0.0,0.0,0.0,0.014304291287386216,9.0,9.0,0.0,0.0,1.0,0.0039011703511053317,4.0,4.0,0.0,0.0,0.0,0.7100130039011704,40.0,40.0,0.0,0.0,0.0,0.04155124653739612,16.0,16.0,0.0,0.0,0.0,0.7100130039011704,40.0,40.0,0.0,0.0,0.0,0.04155124653739612,16.0,16.0,0.0,0.0,0.0,0.5045513654096229,62.0,62.0
Mockito,10,0.0,0.0,1.0,0.006230529595015576,5.0,5.0,0.0,0.0,1.0,0.006230529595015576,5.0,5.0,0.0,0.0,1.0,0.006230529595015576,5.0,5.0,0.0,0.0,1.0,0.006230529595015576,5.0,5.0,0.0,0.0,1.0,0.006230529595015576,5.0,5.0,0.0,0.0,1.0,0.006230529595015576,5.0,5.0,0.0,0.0,0.0,0.1573208722741433,29.0,29.0,0.0,0.0,1.0,0.006230529595015576,5.0,5.0,0.0,0.0,1.0,0.006230529595015576,5.0,5.0,0.0,0.0,0.0,0.00778816199376947,6.0,6.0,0.0,0.0,0.0,0.6947040498442367,6.0,6.0,0.0,0.0,0.0,0.038461538461538464,10.0,10.0,0.0,0.0,0.0,0.6900311526479751,6.0,6.0,0.0,0.0,0.0,0.038461538461538464,10.0,10.0,0.0,0.0,0.0,0.4984423676012461,32.0,32.0
Mockito,11,1.0,1.0,1.0,0.0,1.0,33.5,1.0,1.0,1.0,0.0,1.0,33.5,1.0,1.0,1.0,0.0,1.0,33.5,1.0,1.0,1.0,0.0,1.0,33.5,1.0,1.0,1.0,0.0,1.0,33.5,1.0,1.0,1.0,0.0,1.0,33.5,0.0,0.0,0.0,0.29003021148036257,32.0,49.0,1.0,1.0,1.0,0.0,1.0,33.0,1.0,1.0,1.0,0.0,1.0,33.5,1.0,1.0,1.0,0.0,1.0,33.5,1.0,1.0,1.0,0.5015105740181269,1.0,1.5,1.0,1.0,1.0,0.0,1.0,1.0,1.0,1.0,1.0,0.5015105740181269,1.0,1.5,1.0,1.0,1.0,0.0,1.0,1.0,1.0,1.0,1.0,0.0,1.0,1.5
Mockito,12,,,,,,,,,,,,,,,,,,,,,,,,,,,,,,,,,,,,,,,,,,,,,,,,,,,,,,,,,,,,,,,,,,,,,,,,,,,,,,,,,,,,,,,,,,
Mockito,13,,,,,,,,,,,,,,,,,,,,,,,,,,,,,,,,,,,,,,,,,,,,,,,,,,,,,,,,,,,,,,,,,,,,,,,,,,,,,,,,,,,,,,,,,,
Mockito,14,,,,,,,,,,,,,,,,,,,,,,,,,,,,,,,,,,,,,,,,,,,,,,,,,,,,,,,,,,,,,,,,,,,,,,,,,,,,,,,,,,,,,,,,,,
Mockito,15,,,,,,,,,,,,,,,,,,,,,,,,,,,,,,,,,,,,,,,,,,,,,,,,,,,,,,,,,,,,,,,,,,,,,,,,,,,,,,,,,,,,,,,,,,
Mockito,16,,,,,,,,,,,,,,,,,,,,,,,,,,,,,,,,,,,,,,,,,,,,,,,,,,,,,,,,,,,,,,,,,,,,,,,,,,,,,,,,,,,,,,,,,,
Mockito,17,,,,,,,,,,,,,,,,,,,,,,,,,,,,,,,,,,,,,,,,,,,,,,,,,,,,,,,,,,,,,,,,,,,,,,,,,,,,,,,,,,,,,,,,,,
Mockito,18,1.0,1.0,1.0,0.0,1.0,1.0,1.0,1.0,1.0,0.0,1.0,1.0,1.0,1.0,1.0,0.0,1.0,1.0,1.0,1.0,1.0,0.0,1.0,1.0,1.0,1.0,1.0,0.0,1.0,1.0,1.0,1.0,1.0,0.0,1.0,1.0,1.0,1.0,1.0,0.0,1.0,1.0,1.0,1.0,1.0,0.0,1.0,1.0,1.0,1.0,1.0,0.0,1.0,1.0,1.0,1.0,1.0,0.0,1.0,1.0,0.0,0.0,0.0,0.9852507374631269,36.0,36.0,0.0,0.0,0.0,0.3247588424437299,35.0,35.0,0.0,0.0,0.0,0.9852507374631269,36.0,36.0,0.0,0.0,0.0,0.3247588424437299,35.0,35.0,0.0,0.0,0.0,0.9528023598820059,109.0,109.0
Mockito,19,0.0,0.0,0.0,0.01929260450160772,8.0,8.75,0.0,0.0,0.0,0.01929260450160772,8.0,8.75,0.0,0.0,0.0,0.01929260450160772,8.0,8.75,0.0,0.0,0.0,0.01929260450160772,8.0,8.75,0.0,0.0,0.0,0.01929260450160772,8.0,8.75,0.0,0.0,0.0,0.01929260450160772,8.0,8.75,0.0,0.0,0.0,0.01929260450160772,8.0,8.75,0.0,0.0,0.0,0.01929260450160772,8.0,8.75,0.0,0.0,0.0,0.01929260450160772,8.0,8.75,0.0,0.0,0.0,0.01929260450160772,8.0,8.75,0.0,0.0,0.0,0.5562700964630225,9.0,10.0,0.0,0.0,0.0,0.015517241379310345,8.0,9.0,0.0,0.0,0.0,0.5562700964630225,9.0,10.0,0.0,0.0,0.0,0.015517241379310345,8.0,9.0,0.0,0.0,0.0,0.4694533762057878,46.0,48.5
Mockito,20,0.0,0.0,0.0,0.11735330836454431,58.0,58.0,0.0,0.0,0.0,0.019975031210986267,11.0,11.0,0.0,0.0,0.0,0.04744069912609238,21.0,21.0,0.0,0.0,0.0,0.18726591760299627,107.0,107.0,0.0,0.0,0.0,0.019975031210986267,11.0,11.0,0.0,0.0,0.0,0.09612983770287141,38.0,38.0,0.0,1.0,1.0,0.0149812734082397,3.0,3.0,0.0,0.0,0.0,0.04744069912609238,21.0,21.0,0.0,0.0,0.0,0.019975031210986267,11.0,11.0,0.0,0.0,0.0,0.10362047440699126,39.0,39.0,0.0,0.0,0.0,0.9975031210986267,142.0,142.0,0.0,0.0,0.0,0.213986013986014,47.0,47.0,0.0,0.0,0.0,0.9975031210986267,142.0,142.0,0.0,0.0,0.0,0.2153846153846154,48.0,48.0,0.0,0.0,0.0,0.7890137328339576,137.0,137.0
Mockito,21,0.0,1.0,1.0,0.0030959752321981426,2.0,3.0,0.0,1.0,1.0,0.0030959752321981426,2.0,3.0,0.0,1.0,1.0,0.0030959752321981426,2.0,3.0,0.0,1.0,1.0,0.0030959752321981426,2.0,3.0,0.0,1.0,1.0,0.0030959752321981426,2.0,3.0,0.0,1.0,1.0,0.0030959752321981426,2.0,3.0,0.0,0.0,0.0,0.08978328173374613,10.0,11.0,0.0,1.0,1.0,0.0030959752321981426,2.0,3.0,0.0,1.0,1.0,0.0030959752321981426,2.0,3.0,0.0,1.0,1.0,0.0030959752321981426,2.0,3.0,0.0,1.0,1.0,0.6749226006191951,3.0,4.0,0.0,1.0,1.0,0.003355704697986577,2.0,4.0,0.0,1.0,1.0,0.6749226006191951,3.0,4.0,0.0,1.0,1.0,0.003355704697986577,2.0,3.0,0.0,1.0,1.0,0.0030959752321981426,2.0,7.0
Mockito,22,,,,,,,,,,,,,,,,,,,,,,,,,,,,,,,,,,,,,,,,,,,,,,,,,,,,,,,,,,,,,,,,,,,,,,,,,,,,,,,,,,,,,,,,,,
Mockito,23,,,,,,,,,,,,,,,,,,,,,,,,,,,,,,,,,,,,,,,,,,,,,,,,,,,,,,,,,,,,,,,,,,,,,,,,,,,,,,,,,,,,,,,,,,
Mockito,24,,,,,,,,,,,,,,,,,,,,,,,,,,,,,,,,,,,,,,,,,,,,,,,,,,,,,,,,,,,,,,,,,,,,,,,,,,,,,,,,,,,,,,,,,,
Mockito,25,,,,,,,,,,,,,,,,,,,,,,,,,,,,,,,,,,,,,,,,,,,,,,,,,,,,,,,,,,,,,,,,,,,,,,,,,,,,,,,,,,,,,,,,,,
Mockito,26,,,,,,,,,,,,,,,,,,,,,,,,,,,,,,,,,,,,,,,,,,,,,,,,,,,,,,,,,,,,,,,,,,,,,,,,,,,,,,,,,,,,,,,,,,
Mockito,27,,,,,,,,,,,,,,,,,,,,,,,,,,,,,,,,,,,,,,,,,,,,,,,,,,,,,,,,,,,,,,,,,,,,,,,,,,,,,,,,,,,,,,,,,,
Mockito,28,,,,,,,,,,,,,,,,,,,,,,,,,,,,,,,,,,,,,,,,,,,,,,,,,,,,,,,,,,,,,,,,,,,,,,,,,,,,,,,,,,,,,,,,,,
Mockito,29,,,,,,,,,,,,,,,,,,,,,,,,,,,,,,,,,,,,,,,,,,,,,,,,,,,,,,,,,,,,,,,,,,,,,,,,,,,,,,,,,,,,,,,,,,
Mockito,30,,,,,,,,,,,,,,,,,,,,,,,,,,,,,,,,,,,,,,,,,,,,,,,,,,,,,,,,,,,,,,,,,,,,,,,,,,,,,,,,,,,,,,,,,,
Mockito,31,,,,,,,,,,,,,,,,,,,,,,,,,,,,,,,,,,,,,,,,,,,,,,,,,,,,,,,,,,,,,,,,,,,,,,,,,,,,,,,,,,,,,,,,,,
Mockito,32,,,,,,,,,,,,,,,,,,,,,,,,,,,,,,,,,,,,,,,,,,,,,,,,,,,,,,,,,,,,,,,,,,,,,,,,,,,,,,,,,,,,,,,,,,
Mockito,33,,,,,,,,,,,,,,,,,,,,,,,,,,,,,,,,,,,,,,,,,,,,,,,,,,,,,,,,,,,,,,,,,,,,,,,,,,,,,,,,,,,,,,,,,,
Mockito,34,,,,,,,,,,,,,,,,,,,,,,,,,,,,,,,,,,,,,,,,,,,,,,,,,,,,,,,,,,,,,,,,,,,,,,,,,,,,,,,,,,,,,,,,,,
Mockito,35,,,,,,,,,,,,,,,,,,,,,,,,,,,,,,,,,,,,,,,,,,,,,,,,,,,,,,,,,,,,,,,,,,,,,,,,,,,,,,,,,,,,,,,,,,
Mockito,36,,,,,,,,,,,,,,,,,,,,,,,,,,,,,,,,,,,,,,,,,,,,,,,,,,,,,,,,,,,,,,,,,,,,,,,,,,,,,,,,,,,,,,,,,,
Mockito,37,,,,,,,,,,,,,,,,,,,,,,,,,,,,,,,,,,,,,,,,,,,,,,,,,,,,,,,,,,,,,,,,,,,,,,,,,,,,,,,,,,,,,,,,,,
Mockito,38,,,,,,,,,,,,,,,,,,,,,,,,,,,,,,,,,,,,,,,,,,,,,,,,,,,,,,,,,,,,,,,,,,,,,,,,,,,,,,,,,,,,,,,,,,
Time,1,1.0,1.0,1.0,0.0,1.0,2.0,1.0,1.0,1.0,0.0,1.0,2.0,1.0,1.0,1.0,0.0,1.0,2.0,1.0,1.0,1.0,0.0,1.0,2.0,1.0,1.0,1.0,0.0,1.0,2.0,1.0,1.0,1.0,0.0,1.0,2.0,1.0,1.0,1.0,0.0,1.0,2.0,1.0,1.0,1.0,0.0,1.0,2.0,1.0,1.0,1.0,0.0,1.0,2.0,1.0,1.0,1.0,0.0,1.0,2.0,1.0,1.0,1.0,0.0,1.0,1.5,1.0,1.0,1.0,0.0,1.0,2.0,1.0,1.0,1.0,0.0,1.0,1.5,1.0,1.0,1.0,0.0,1.0,2.0,0.0,0.0,1.0,0.3038251366120219,5.0,5.5
Time,2,1.0,1.0,1.0,0.0,1.0,2.0,1.0,1.0,1.0,0.0,1.0,2.0,1.0,1.0,1.0,0.0,1.0,2.0,1.0,1.0,1.0,0.0,1.0,2.0,1.0,1.0,1.0,0.0,1.0,2.0,1.0,1.0,1.0,0.0,1.0,2.0,1.0,1.0,1.0,0.0,1.0,2.0,1.0,1.0,1.0,0.0,1.0,2.0,1.0,1.0,1.0,0.0,1.0,2.0,1.0,1.0,1.0,0.0,1.0,2.0,1.0,1.0,1.0,0.0,1.0,2.0,1.0,1.0,1.0,0.0,1.0,2.0,1.0,1.0,1.0,0.0,1.0,2.0,1.0,1.0,1.0,0.0,1.0,2.0,0.0,0.0,1.0,0.3270893371757925,4.0,13.333333333333334
Time,3,1.0,1.0,1.0,0.0,1.0,74.1,1.0,1.0,1.0,0.0,1.0,75.6,1.0,1.0,1.0,0.0,1.0,74.4,1.0,1.0,1.0,0.0,1.0,76.4,1.0,1.0,1.0,0.0,1.0,75.0,1.0,1.0,1.0,0.0,1.0,75.0,1.0,1.0,1.0,0.0,1.0,164.4,1.0,1.0,1.0,0.0,1.0,74.4,1.0,1.0,1.0,0.0,1.0,75.0,1.0,1.0,1.0,0.0,1.0,134.9,1.0,1.0,1.0,0.0,1.0,1.6,1.0,1.0,1.0,0.0,1.0,72.6,1.0,1.0,1.0,0.0,1.0,1.6,1.0,1.0,1.0,0.0,1.0,72.1,1.0,1.0,1.0,0.0,1.0,3.9
Time,4,0.0,1.0,1.0,0.0011940298507462687,2.0,2.0,0.0,1.0,1.0,0.0005970149253731343,2.0,2.0,0.0,1.0,1.0,0.0011940298507462687,2.0,2.0,0.0,1.0,1.0,0.0005970149253731343,2.0,2.0,0.0,1.0,1.0,0.0011940298507462687,2.0,2.0,0.0,1.0,1.0,0.0011940298507462687,2.0,2.0,0.0,1.0,1.0,0.0011940298507462687,2.0,2.0,0.0,1.0,1.0,0.0011940298507462687,2.0,2.0,0.0,1.0,1.0,0.0011940298507462687,2.0,2.0,0.0,1.0,1.0,0.0011940298507462687,2.0,2.0,0.0,1.0,1.0,0.7486567164179104,2.0,2.0,0.0,1.0,1.0,0.0013540961408259986,2.0,2.0,0.0,1.0,1.0,0.7486567164179104,3.0,3.0,0.0,1.0,1.0,0.0013540961408259986,2.0,2.0,0.0,0.0,0.0,0.5307462686567164,27.0,27.0
Time,5,0.0,1.0,1.0,0.00099601593625498,2.0,2.0,0.0,1.0,1.0,0.00099601593625498,2.0,2.0,0.0,1.0,1.0,0.00099601593625498,2.0,2.0,0.0,1.0,1.0,0.00099601593625498,2.0,2.0,0.0,1.0,1.0,0.00099601593625498,2.0,2.0,0.0,1.0,1.0,0.00099601593625498,2.0,2.0,0.0,1.0,1.0,0.00099601593625498,2.0,2.0,0.0,1.0,1.0,0.00099601593625498,2.0,2.0,0.0,1.0,1.0,0.00099601593625498,2.0,2.0,0.0,1.0,1.0,0.00099601593625498,2.0,2.0,1.0,1.0,1.0,0.0,1.0,1.0,0.0,1.0,1.0,0.0011402508551881414,2.0,2.0,1.0,1.0,1.0,0.0,1.0,1.0,0.0,1.0,1.0,0.0011402508551881414,2.0,2.0,0.0,0.0,0.0,0.3426294820717131,8.0,8.0
Time,6,0.0,0.0,0.0,0.010228166797797011,9.0,23.5,0.0,0.0,0.0,0.007867820613690008,6.0,19.5,0.0,0.0,0.0,0.00944138473642801,8.0,21.5,0.0,1.0,1.0,0.0015735641227380016,3.0,25.5,0.0,0.0,0.0,0.007867820613690008,6.0,19.5,0.0,0.0,0.0,0.007867820613690008,6.0,19.5,0.0,0.0,0.0,0.013375295043273014,8.0,62.0,0.0,0.0,0.0,0.00944138473642801,8.0,21.5,0.0,0.0,0.0,0.007867820613690008,6.0,19.5,0.0,0.0,0.0,0.006294256490952006,9.0,10.0,1.0,1.0,1.0,0.0,1.0,1.0,0.0,0.0,0.0,0.009009009009009009,6.0,43.5,0.0,0.0,1.0,0.00944138473642801,4.0,4.0,0.0,0.0,0.0,0.009009009009009009,6.0,43.5,0.0,0.0,0.0,0.4146341463414634,15.0,16.0
Time,7,0.0,1.0,1.0,0.0012738853503184713,3.0,3.0,0.0,1.0,1.0,0.0006369426751592356,2.0,2.0,0.0,1.0,1.0,0.0012738853503184713,3.0,3.0,0.0,1.0,1.0,0.0006369426751592356,2.0,2.0,0.0,1.0,1.0,0.0012738853503184713,3.0,3.0,0.0,1.0,1.0,0.0012738853503184713,3.0,3.0,0.0,1.0,1.0,0.0012738853503184713,3.0,3.0,0.0,1.0,1.0,0.0012738853503184713,3.0,3.0,0.0,1.0,1.0,0.0012738853503184713,3.0,3.0,0.0,1.0,1.0,0.0012738853503184713,3.0,3.0,0.0,0.0,1.0,0.7063694267515923,4.0,4.0,0.0,1.0,1.0,0.0014545454545454545,3.0,3.0,0.0,0.0,1.0,0.7063694267515923,4.0,4.0,0.0,1.0,1.0,0.0014545454545454545,3.0,3.0,0.0,0.0,0.0,0.5273885350318471,20.0,20.0
Time,8,0.0,1.0,1.0,0.006993006993006993,2.0,2.0,0.0,1.0,1.0,0.006993006993006993,2.0,2.0,0.0,1.0,1.0,0.006993006993006993,2.0,2.0,0.0,1.0,1.0,0.006993006993006993,2.0,2.0,0.0,1.0,1.0,0.006993006993006993,2.0,2.0,0.0,1.0,1.0,0.006993006993006993,2.0,2.0,0.0,1.0,1.0,0.006993006993006993,2.0,2.0,0.0,1.0,1.0,0.006993006993006993,2.0,2.0,0.0,1.0,1.0,0.006993006993006993,2.0,2.0,0.0,1.0,1.0,0.006993006993006993,2.0,2.0,0.0,1.0,1.0,0.8933566433566433,3.0,3.0,0.0,1.0,1.0,0.007936507936507936,2.0,2.0,0.0,1.0,1.0,0.8933566433566433,3.0,3.0,0.0,1.0,1.0,0.007936507936507936,2.0,2.0,0.0,0.0,0.0,0.5559440559440559,35.0,35.0
Time,9,0.0,1.0,1.0,0.006993006993006993,2.0,12.666666666666666,0.0,1.0,1.0,0.006993006993006993,2.0,12.666666666666666,0.0,1.0,1.0,0.006993006993006993,2.0,12.666666666666666,0.0,1.0,1.0,0.006993006993006993,2.0,12.666666666666666,0.0,1.0,1.0,0.006993006993006993,2.0,12.666666666666666,0.0,1.0,1.0,0.006993006993006993,2.0,12.666666666666666,0.0,1.0,1.0,0.006993006993006993,2.0,12.666666666666666,0.0,1.0,1.0,0.006993006993006993,2.0,12.666666666666666,0.0,1.0,1.0,0.006993006993006993,2.0,12.666666666666666,0.0,1.0,1.0,0.006993006993006993,2.0,12.666666666666666,0.0,1.0,1.0,0.8933566433566433,3.0,5.0,0.0,1.0,1.0,0.007936507936507936,2.0,4.666666666666667,0.0,1.0,1.0,0.8933566433566433,3.0,5.0,0.0,1.0,1.0,0.007936507936507936,2.0,4.666666666666667,0.0,0.0,0.0,0.5559440559440559,35.0,43.666666666666664
Time,10,0.0,0.0,1.0,0.0033783783783783786,4.0,4.0,0.0,1.0,1.0,0.0006756756756756757,2.0,2.0,0.0,1.0,1.0,0.002702702702702703,3.0,3.0,0.0,1.0,1.0,0.0006756756756756757,2.0,2.0,0.0,1.0,1.0,0.0006756756756756757,2.0,2.0,0.0,1.0,1.0,0.002027027027027027,3.0,3.0,0.0,1.0,1.0,0.0006756756756756757,2.0,2.0,0.0,0.0,1.0,0.0033783783783783786,4.0,4.0,0.0,1.0,1.0,0.0006756756756756757,2.0,2.0,0.0,1.0,1.0,0.0006756756756756757,2.0,2.0,1.0,1.0,1.0,0.0,1.0,1.0,0.0,1.0,1.0,0.0007524454477050414,2.0,2.0,0.0,1.0,1.0,0.031081081081081083,2.0,2.0,0.0,1.0,1.0,0.002257336343115124,3.0,3.0,0.0,0.0,0.0,0.33716216216216216,8.0,8.0
Time,11,0.0,1.0,1.0,0.0028735632183908046,3.0,3.0,0.0,1.0,1.0,0.0009578544061302681,2.0,2.0,0.0,1.0,1.0,0.0028735632183908046,3.0,3.0,0.0,1.0,1.0,0.0009578544061302681,2.0,2.0,0.0,1.0,1.0,0.0028735632183908046,3.0,3.0,0.0,1.0,1.0,0.0028735632183908046,3.0,3.0,0.0,1.0,1.0,0.0028735632183908046,3.0,3.0,0.0,1.0,1.0,0.0028735632183908046,3.0,3.0,0.0,1.0,1.0,0.0028735632183908046,3.0,3.0,0.0,1.0,1.0,0.0028735632183908046,3.0,3.0,0.0,0.0,1.0,0.7126436781609196,4.0,4.0,0.0,1.0,1.0,0.0032858707557502738,3.0,3.0,0.0,0.0,1.0,0.7126436781609196,4.0,4.0,0.0,1.0,1.0,0.0032858707557502738,3.0,3.0,0.0,0.0,1.0,0.13697318007662834,4.0,4.0
Time,12,1.0,1.0,1.0,0.0,1.0,2.5,0.0,0.0,0.0,0.004891684136967156,6.0,7.5,0.0,1.0,1.0,0.0020964360587002098,3.0,5.0,0.0,0.0,0.0,0.009783368273934312,12.0,12.5,0.0,1.0,1.0,0.0020964360587002098,3.0,5.0,0.0,1.0,1.0,0.0020964360587002098,3.0,5.0,0.0,0.0,0.0,0.2893081761006289,179.0,179.5,1.0,1.0,1.0,0.0,1.0,2.5,0.0,1.0,1.0,0.0020964360587002098,3.0,5.0,0.0,0.0,0.0,0.12089447938504543,114.0,114.5,0.0,1.0,1.0,0.7281621243885394,2.0,2.5,0.0,1.0,1.0,0.0024232633279483036,3.0,5.0,1.0,1.0,1.0,0.0,1.0,2.0,1.0,1.0,1.0,0.0,1.0,4.0,0.0,0.0,1.0,0.002795248078266946,4.0,6.5
Time,13,0.0,0.0,0.0,0.016408386508659983,18.0,18.5,0.0,0.0,0.0,0.016408386508659983,18.0,18.5,0.0,0.0,0.0,0.016408386508659983,18.0,18.5,0.0,0.0,0.0,0.016408386508659983,18.0,18.5,0.0,0.0,0.0,0.016408386508659983,18.0,18.5,0.0,0.0,0.0,0.016408386508659983,18.0,18.5,0.0,0.0,0.0,0.01731996353691887,18.0,18.5,0.0,0.0,0.0,0.016408386508659983,18.0,18.5,0.0,0.0,0.0,0.016408386508659983,18.0,18.5,0.0,0.0,0.0,0.016408386508659983,18.0,18.5,1.0,1.0,1.0,0.5004557885141294,1.0,8.0,0.0,0.0,0.0,0.01964839710444674,18.0,18.5,0.0,1.0,1.0,0.5013673655423884,2.0,8.5,0.0,0.0,0.0,0.01964839710444674,18.0,18.5,0.0,1.0,1.0,0.16773017319963537,3.0,41.5
Time,14,0.0,0.0,1.0,0.003219575016097875,4.0,4.0,0.0,1.0,1.0,0.000643915003219575,2.0,2.0,0.0,1.0,1.0,0.000643915003219575,2.0,2.0,1.0,1.0,1.0,0.0,1.0,1.0,0.0,1.0,1.0,0.000643915003219575,2.0,2.0,0.0,1.0,1.0,0.000643915003219575,2.0,2.0,1.0,1.0,1.0,0.0,1.0,1.0,0.0,1.0,1.0,0.000643915003219575,2.0,2.0,0.0,1.0,1.0,0.000643915003219575,2.0,2.0,1.0,1.0,1.0,0.0,1.0,1.0,1.0,1.0,1.0,0.0,1.0,1.0,0.0,1.0,1.0,0.0007358351729212656,2.0,2.0,0.0,1.0,1.0,0.2498390212491951,2.0,2.0,0.0,1.0,1.0,0.0007358351729212656,2.0,2.0,1.0,1.0,1.0,0.0,1.0,1.0
Time,15,1.0,1.0,1.0,0.0,1.0,1.0,1.0,1.0,1.0,0.0,1.0,1.0,1.0,1.0,1.0,0.0,1.0,1.0,1.0,1.0,1.0,0.0,1.0,1.0,1.0,1.0,1.0,0.0,1.0,1.0,1.0,1.0,1.0,0.0,1.0,1.0,1.0,1.0,1.0,0.0,1.0,1.0,1.0,1.0,1.0,0.0,1.0,1.0,1.0,1.0,1.0,0.0,1.0,1.0,1.0,1.0,1.0,0.0,1.0,1.0,1.0,1.0,1.0,0.0,1.0,1.0,1.0,1.0,1.0,0.0,1.0,1.0,1.0,1.0,1.0,0.0,1.0,1.0,1.0,1.0,1.0,0.0,1.0,1.0,0.0,0.0,0.0,0.7272727272727273,6.0,6.0
Time,16,1.0,1.0,1.0,0.0,1.0,1.0,1.0,1.0,1.0,0.0,1.0,1.0,1.0,1.0,1.0,0.0,1.0,1.0,1.0,1.0,1.0,0.0,1.0,1.0,1.0,1.0,1.0,0.0,1.0,1.0,1.0,1.0,1.0,0.0,1.0,1.0,1.0,1.0,1.0,0.0,1.0,1.0,1.0,1.0,1.0,0.0,1.0,1.0,1.0,1.0,1.0,0.0,1.0,1.0,1.0,1.0,1.0,0.0,1.0,1.0,0.0,1.0,1.0,0.6841768097373478,3.0,3.0,1.0,1.0,1.0,0.0,1.0,1.0,0.0,1.0,1.0,0.6841768097373478,3.0,3.0,1.0,1.0,1.0,0.0,1.0,1.0,1.0,1.0,1.0,0.0,1.0,1.0
Time,17,1.0,1.0,1.0,0.0,1.0,1.0,1.0,1.0,1.0,0.0,1.0,1.0,1.0,1.0,1.0,0.0,1.0,1.0,1.0,1.0,1.0,0.0,1.0,1.0,1.0,1.0,1.0,0.0,1.0,1.0,1.0,1.0,1.0,0.0,1.0,1.0,1.0,1.0,1.0,0.0,1.0,1.0,1.0,1.0,1.0,0.0,1.0,1.0,1.0,1.0,1.0,0.0,1.0,1.0,1.0,1.0,1.0,0.0,1.0,1.0,0.0,1.0,1.0,0.7188434695912264,2.0,2.0,1.0,1.0,1.0,0.0,1.0,1.0,0.0,1.0,1.0,0.7188434695912264,2.0,2.0,1.0,1.0,1.0,0.0,1.0,1.0,1.0,1.0,1.0,0.0,1.0,1.0
Time,18,0.0,1.0,1.0,0.0009250693802035153,2.0,2.0,0.0,1.0,1.0,0.0009250693802035153,2.0,2.0,0.0,1.0,1.0,0.0009250693802035153,2.0,2.0,0.0,1.0,1.0,0.0009250693802035153,2.0,2.0,0.0,1.0,1.0,0.0009250693802035153,2.0,2.0,0.0,1.0,1.0,0.0009250693802035153,2.0,2.0,0.0,0.0,0.0,0.05087881591119334,21.0,21.0,0.0,1.0,1.0,0.0009250693802035153,2.0,2.0,0.0,1.0,1.0,0.0009250693802035153,2.0,2.0,0.0,1.0,1.0,0.0009250693802035153,2.0,2.0,1.0,1.0,1.0,0.0,1.0,1.0,0.0,1.0,1.0,0.0010672358591248667,2.0,2.0,0.0,1.0,1.0,0.24976873265494912,2.0,2.0,0.0,1.0,1.0,0.0010672358591248667,2.0,2.0,0.0,0.0,0.0,0.4884366327474561,18.0,18.0
Time,19,0.0,0.0,0.0,0.0378726833199033,39.0,39.0,0.0,0.0,0.0,0.0378726833199033,39.0,39.0,0.0,0.0,0.0,0.0378726833199033,39.0,39.0,0.0,0.0,0.0,0.0378726833199033,39.0,39.0,0.0,0.0,0.0,0.0378726833199033,39.0,39.0,0.0,0.0,0.0,0.0378726833199033,39.0,39.0,0.0,0.0,0.0,0.07413376309427881,53.0,53.0,0.0,0.0,0.0,0.0378726833199033,39.0,39.0,0.0,0.0,0.0,0.0378726833199033,39.0,39.0,0.0,0.0,0.0,0.0378726833199033,39.0,39.0,0.0,0.0,0.0,0.8775181305398871,67.0,67.0,0.0,0.0,0.0,0.2441016333938294,92.0,92.0,0.0,0.0,0.0,0.8775181305398871,67.0,67.0,0.0,0.0,0.0,0.2441016333938294,92.0,92.0,0.0,0.0,0.0,0.8863819500402901,230.0,230.0
Time,20,0.0,1.0,1.0,0.0016339869281045752,2.0,2.0,0.0,1.0,1.0,0.0016339869281045752,2.0,2.0,0.0,1.0,1.0,0.0016339869281045752,2.0,2.0,0.0,1.0,1.0,0.0024509803921568627,2.0,2.0,0.0,1.0,1.0,0.0016339869281045752,2.0,2.0,0.0,1.0,1.0,0.0016339869281045752,2.0,2.0,0.0,0.0,0.0,0.04084967320261438,17.0,17.0,0.0,1.0,1.0,0.0016339869281045752,2.0,2.0,0.0,1.0,1.0,0.0016339869281045752,2.0,2.0,0.0,1.0,1.0,0.0024509803921568627,2.0,2.0,0.0,1.0,1.0,0.7320261437908496,3.0,3.0,0.0,1.0,1.0,0.0018570102135561746,2.0,2.0,0.0,1.0,1.0,0.7320261437908496,3.0,3.0,0.0,1.0,1.0,0.0018570102135561746,2.0,2.0,0.0,0.0,0.0,0.36356209150326796,8.0,8.0
Time,22,0.0,0.0,0.0,0.015108593012275733,13.0,14.5,0.0,0.0,0.0,0.27101038715769593,103.0,105.5,0.0,0.0,0.0,0.0056657223796034,7.0,12.5,0.0,0.0,1.0,0.003777148253068933,5.0,6.5,0.0,0.0,0.0,0.2776203966005666,106.0,108.0,0.0,0.0,0.0,0.03210576015108593,26.0,35.5,0.0,0.0,0.0,0.28611898016997167,117.0,118.5,0.0,0.0,0.0,0.015108593012275733,13.0,15.0,0.0,0.0,0.0,0.2776203966005666,106.0,108.0,0.0,0.0,0.0,0.24457034938621341,105.0,107.0,1.0,1.0,1.0,0.0,1.0,1.0,0.0,0.0,0.0,0.3157894736842105,106.0,109.0,0.0,1.0,1.0,0.0009442870632672333,2.0,2.0,0.0,0.0,0.0,0.31686358754027927,107.0,110.0,0.0,0.0,0.0,0.32011331444759206,52.0,57.0
Time,23,0.0,0.0,0.0,0.23722627737226276,18.0,18.0,0.0,0.0,0.0,0.040145985401459854,7.0,7.0,0.0,0.0,0.0,0.06204379562043796,11.0,11.0,0.0,0.0,0.0,0.23722627737226276,18.0,18.0,0.0,0.0,0.0,0.040145985401459854,7.0,7.0,0.0,0.0,0.0,0.072992700729927,13.0,13.0,1.0,1.0,1.0,0.0,1.0,1.0,0.0,0.0,0.0,0.06204379562043796,11.0,11.0,0.0,0.0,0.0,0.040145985401459854,7.0,7.0,0.0,0.0,0.0,0.072992700729927,13.0,13.0,0.0,0.0,0.0,0.927007299270073,13.0,13.0,0.0,0.0,1.0,0.14847161572052403,5.0,5.0,0.0,0.0,0.0,0.9343065693430657,13.0,13.0,0.0,0.0,1.0,0.14847161572052403,5.0,5.0,0.0,0.0,1.0,0.12043795620437957,5.0,5.0
Time,24,0.0,0.0,0.0,0.0710093896713615,95.0,95.0,0.0,0.0,0.0,0.0029342723004694834,6.0,6.0,0.0,0.0,0.0,0.017605633802816902,27.0,27.0,0.0,0.0,1.0,0.0029342723004694834,5.0,5.0,0.0,0.0,0.0,0.004694835680751174,9.0,9.0,0.0,0.0,0.0,0.004694835680751174,9.0,9.0,0.0,0.0,0.0,0.028169014084507043,16.0,16.0,0.0,0.0,0.0,0.020539906103286387,31.0,31.0,0.0,0.0,0.0,0.004694835680751174,9.0,9.0,1.0,1.0,1.0,0.0,1.0,1.0,1.0,1.0,1.0,0.0,1.0,1.0,0.0,0.0,0.0,0.028801071667782986,13.0,13.0,0.0,1.0,1.0,0.0005868544600938967,2.0,2.0,0.0,0.0,0.0,0.03415941058271936,21.0,21.0,0.0,0.0,0.0,0.02464788732394366,13.0,13.0
Time,25,0.0,0.0,0.0,0.08780487804878048,87.0,87.0,0.0,0.0,0.0,0.05203252032520325,52.0,52.0,0.0,0.0,0.0,0.06910569105691057,69.0,69.0,0.0,0.0,0.0,0.08699186991869919,86.0,86.0,0.0,0.0,0.0,0.05203252032520325,52.0,52.0,0.0,0.0,0.0,0.052845528455284556,53.0,53.0,0.0,0.0,0.0,0.07154471544715447,50.0,50.0,0.0,0.0,0.0,0.07073170731707316,70.0,70.0,0.0,0.0,0.0,0.05203252032520325,52.0,52.0,0.0,0.0,0.0,0.03902439024390244,40.0,40.0,0.0,0.0,0.0,0.9357723577235773,160.0,160.0,0.0,0.0,0.0,0.2612282309807516,104.0,104.0,0.0,0.0,0.0,0.9357723577235773,160.0,160.0,0.0,0.0,0.0,0.2612282309807516,104.0,104.0,0.0,0.0,0.0,0.23170731707317074,104.0,104.0
Time,26,0.0,0.0,0.0,0.1107217939733707,114.0,262.0,0.0,0.0,0.0,0.3118430273300631,224.0,283.2,0.0,0.0,0.0,0.1730903994393833,182.0,272.4,0.0,0.0,0.0,0.13875262789067974,149.0,269.0,0.0,0.0,0.0,0.314646110721794,228.0,284.8,0.0,0.0,0.0,0.15557112824106517,166.0,272.4,0.0,0.0,0.0,0.2922214435879467,203.0,310.8,0.0,0.0,0.0,0.17589348283111422,179.0,267.8,0.0,0.0,0.0,0.314646110721794,228.0,284.8,0.0,0.0,0.0,0.13524877365101612,143.0,267.0,1.0,1.0,1.0,0.0,1.0,1.0,0.0,0.0,0.0,0.35215686274509805,225.0,281.8,0.0,0.0,0.0,0.00700770847932726,6.0,6.0,0.0,0.0,0.0,0.35294117647058826,226.0,282.0,0.0,0.0,0.0,0.5522074281709881,160.0,205.8
Math,1,1.0,1.0,1.0,0.0,1.0,1.0,0.0,1.0,1.0,0.012269938650306749,2.0,2.0,0.0,1.0,1.0,0.012269938650306749,2.0,2.0,0.0,0.0,0.0,0.03680981595092025,6.0,6.0,0.0,1.0,1.0,0.012269938650306749,2.0,2.0,0.0,1.0,1.0,0.012269938650306749,2.0,2.0,0.0,0.0,0.0,0.06748466257668712,10.0,10.0,1.0,1.0,1.0,0.0,1.0,1.0,0.0,1.0,1.0,0.012269938650306749,2.0,2.0,0.0,0.0,0.0,0.05521472392638037,8.0,8.0,1.0,1.0,1.0,0.0,1.0,1.0,0.0,1.0,1.0,0.013888888888888888,2.0,2.0,1.0,1.0,1.0,0.0,1.0,1.0,1.0,1.0,1.0,0.0,1.0,1.0,0.0,1.0,1.0,0.012269938650306749,2.0,2.0
Math,2,1.0,1.0,1.0,0.0,1.0,1.0,1.0,1.0,1.0,0.0,1.0,1.0,1.0,1.0,1.0,0.0,1.0,1.0,1.0,1.0,1.0,0.0,1.0,1.0,1.0,1.0,1.0,0.0,1.0,1.0,1.0,1.0,1.0,0.0,1.0,1.0,1.0,1.0,1.0,0.0,1.0,1.0,1.0,1.0,1.0,0.0,1.0,1.0,1.0,1.0,1.0,0.0,1.0,1.0,1.0,1.0,1.0,0.0,1.0,1.0,0.0,1.0,1.0,0.9329896907216495,2.0,2.0,1.0,1.0,1.0,0.0,1.0,1.0,0.0,1.0,1.0,0.9329896907216495,2.0,2.0,1.0,1.0,1.0,0.0,1.0,1.0,0.0,0.0,0.0,0.5257731958762887,13.0,13.0
Math,3,1.0,1.0,1.0,0.0,1.0,1.0,1.0,1.0,1.0,0.0,1.0,1.0,1.0,1.0,1.0,0.0,1.0,1.0,1.0,1.0,1.0,0.0,1.0,1.0,1.0,1.0,1.0,0.0,1.0,1.0,1.0,1.0,1.0,0.0,1.0,1.0,1.0,1.0,1.0,0.0,1.0,1.0,1.0,1.0,1.0,0.0,1.0,1.0,1.0,1.0,1.0,0.0,1.0,1.0,1.0,1.0,1.0,0.0,1.0,1.0,1.0,1.0,1.0,0.0,1.0,1.0,1.0,1.0,1.0,0.0,1.0,1.0,1.0,1.0,1.0,0.0,1.0,1.0,1.0,1.0,1.0,0.0,1.0,1.0,0.0,0.0,0.0,0.6140350877192983,10.0,10.0
Math,4,1.0,1.0,1.0,0.0,1.0,1.0,1.0,1.0,1.0,0.0,1.0,1.0,1.0,1.0,1.0,0.0,1.0,1.0,0.0,0.0,1.0,0.03170028818443804,5.0,5.0,1.0,1.0,1.0,0.0,1.0,1.0,1.0,1.0,1.0,0.0,1.0,1.0,0.0,0.0,0.0,0.0345821325648415,6.0,6.0,1.0,1.0,1.0,0.0,1.0,1.0,1.0,1.0,1.0,0.0,1.0,1.0,0.0,0.0,1.0,0.03170028818443804,5.0,5.0,0.0,1.0,1.0,0.8904899135446686,2.0,2.0,1.0,1.0,1.0,0.0,1.0,1.0,0.0,1.0,1.0,0.8904899135446686,2.0,2.0,1.0,1.0,1.0,0.0,1.0,1.0,0.0,0.0,1.0,0.43515850144092216,5.0,5.0
Math,5,0.0,1.0,1.0,0.020833333333333332,2.0,2.0,1.0,1.0,1.0,0.0,1.0,1.0,0.0,1.0,1.0,0.020833333333333332,2.0,2.0,1.0,1.0,1.0,0.0,1.0,1.0,0.0,1.0,1.0,0.020833333333333332,2.0,2.0,0.0,1.0,1.0,0.020833333333333332,2.0,2.0,0.0,1.0,1.0,0.020833333333333332,2.0,2.0,0.0,1.0,1.0,0.020833333333333332,2.0,2.0,0.0,1.0,1.0,0.020833333333333332,2.0,2.0,0.0,1.0,1.0,0.020833333333333332,2.0,2.0,0.0,1.0,1.0,0.9375,3.0,3.0,0.0,1.0,1.0,0.021739130434782608,2.0,2.0,0.0,1.0,1.0,0.9375,3.0,3.0,0.0,1.0,1.0,0.021739130434782608,2.0,2.0,0.0,0.0,1.0,0.16666666666666666,5.0,5.0
Math,6,0.0,1.0,1.0,0.027190332326283987,3.0,56.285714285714285,1.0,1.0,1.0,0.023162134944612285,1.0,104.57142857142857,0.0,1.0,1.0,0.027190332326283987,2.0,90.71428571428571,0.0,0.0,0.0,0.028197381671701913,22.0,80.28571428571429,0.0,1.0,1.0,0.027190332326283987,2.0,103.85714285714286,0.0,1.0,1.0,0.02416918429003021,2.0,103.71428571428571,0.0,0.0,0.0,0.01812688821752266,14.0,128.42857142857142,0.0,1.0,1.0,0.025176233635448138,2.0,73.28571428571429,0.0,1.0,1.0,0.027190332326283987,2.0,103.85714285714286,0.0,0.0,0.0,0.016112789526686808,14.0,124.0,0.0,0.0,1.0,0.6787512588116817,5.0,53.857142857142854,0.0,1.0,1.0,0.026519337016574586,2.0,104.85714285714286,0.0,1.0,1.0,0.027190332326283987,2.0,49.0,0.0,0.0,1.0,0.039779005524861875,5.0,106.42857142857143,0.0,0.0,0.0,0.02416918429003021,20.0,94.85714285714286
Math,7,0.0,0.0,0.0,0.20430107526881722,30.0,30.0,0.0,0.0,0.0,0.20430107526881722,30.0,30.0,0.0,0.0,0.0,0.20430107526881722,30.0,30.0,0.0,0.0,0.0,0.20430107526881722,30.0,30.0,0.0,0.0,0.0,0.20430107526881722,30.0,30.0,0.0,0.0,0.0,0.20430107526881722,30.0,30.0,0.0,0.0,0.0,0.20430107526881722,30.0,30.0,0.0,0.0,0.0,0.20430107526881722,30.0,30.0,0.0,0.0,0.0,0.20430107526881722,30.0,30.0,0.0,0.0,0.0,0.20430107526881722,30.0,30.0,0.0,0.0,0.0,0.7741935483870968,27.0,27.0,0.0,0.0,0.0,0.22529644268774704,30.0,30.0,0.0,0.0,0.0,0.7741935483870968,27.0,27.0,0.0,0.0,0.0,0.22529644268774704,30.0,30.0,0.0,0.0,0.0,0.7275985663082437,72.0,72.0
Math,8,1.0,1.0,1.0,0.0,1.0,1.0,1.0,1.0,1.0,0.0,1.0,1.0,1.0,1.0,1.0,0.0,1.0,1.0,1.0,1.0,1.0,0.0,1.0,1.0,1.0,1.0,1.0,0.0,1.0,1.0,1.0,1.0,1.0,0.0,1.0,1.0,1.0,1.0,1.0,0.0,1.0,1.0,1.0,1.0,1.0,0.0,1.0,1.0,1.0,1.0,1.0,0.0,1.0,1.0,1.0,1.0,1.0,0.0,1.0,1.0,0.0,1.0,1.0,0.9457831325301205,2.0,2.0,1.0,1.0,1.0,0.0,1.0,1.0,1.0,1.0,1.0,0.0,1.0,1.0,1.0,1.0,1.0,0.0,1.0,1.0,1.0,1.0,1.0,0.0,1.0,1.0
Math,9,1.0,1.0,1.0,0.0,1.0,1.0,0.0,0.0,0.0,0.10062893081761007,13.0,13.0,1.0,1.0,1.0,0.0,1.0,1.0,0.0,0.0,0.0,0.10062893081761007,13.0,13.0,1.0,1.0,1.0,0.0,1.0,1.0,1.0,1.0,1.0,0.0,1.0,1.0,1.0,1.0,1.0,0.0,1.0,1.0,1.0,1.0,1.0,0.0,1.0,1.0,1.0,1.0,1.0,0.0,1.0,1.0,1.0,1.0,1.0,0.0,1.0,1.0,0.0,1.0,1.0,0.9433962264150944,2.0,2.0,1.0,1.0,1.0,0.0,1.0,1.0,1.0,1.0,1.0,0.0,1.0,1.0,1.0,1.0,1.0,0.0,1.0,1.0,1.0,1.0,1.0,0.0,1.0,1.0
Math,10,1.0,1.0,1.0,0.0,1.0,1.0,1.0,1.0,1.0,0.0,1.0,1.0,1.0,1.0,1.0,0.0,1.0,1.0,1.0,1.0,1.0,0.0,1.0,1.0,1.0,1.0,1.0,0.0,1.0,1.0,1.0,1.0,1.0,0.0,1.0,1.0,1.0,1.0,1.0,0.0,1.0,1.0,1.0,1.0,1.0,0.0,1.0,1.0,1.0,1.0,1.0,0.0,1.0,1.0,1.0,1.0,1.0,0.0,1.0,1.0,0.0,1.0,1.0,0.8705882352941177,2.0,2.0,1.0,1.0,1.0,0.0,1.0,1.0,0.0,1.0,1.0,0.8705882352941177,2.0,2.0,1.0,1.0,1.0,0.0,1.0,1.0,1.0,1.0,1.0,0.0,1.0,1.0
Math,11,1.0,1.0,1.0,0.0,1.0,1.0,1.0,1.0,1.0,0.0,1.0,1.0,1.0,1.0,1.0,0.0,1.0,1.0,1.0,1.0,1.0,0.0,1.0,1.0,1.0,1.0,1.0,0.0,1.0,1.0,1.0,1.0,1.0,0.0,1.0,1.0,1.0,1.0,1.0,0.0,1.0,1.0,1.0,1.0,1.0,0.0,1.0,1.0,1.0,1.0,1.0,0.0,1.0,1.0,1.0,1.0,1.0,0.0,1.0,1.0,0.0,1.0,1.0,0.8993464052287582,2.0,2.0,1.0,1.0,1.0,0.0,1.0,1.0,0.0,1.0,1.0,0.8993464052287582,2.0,2.0,1.0,1.0,1.0,0.0,1.0,1.0,1.0,1.0,1.0,0.0,1.0,1.0
Math,12,0.0,0.0,0.0,,,,0.0,0.0,0.0,,,,0.0,0.0,0.0,,,,0.0,0.0,0.0,,,,0.0,0.0,0.0,,,,0.0,0.0,0.0,,,,0.0,0.0,0.0,,,,0.0,0.0,0.0,,,,0.0,0.0,0.0,,,,0.0,0.0,0.0,,,,0.0,0.0,0.0,,,,0.0,0.0,0.0,,,,0.0,0.0,0.0,,,,0.0,0.0,0.0,,,,0.0,0.0,0.0,,,
Math,13,1.0,1.0,1.0,0.0,1.0,1.0,1.0,1.0,1.0,0.0,1.0,1.0,1.0,1.0,1.0,0.0,1.0,1.0,1.0,1.0,1.0,0.0,1.0,1.0,1.0,1.0,1.0,0.0,1.0,1.0,1.0,1.0,1.0,0.0,1.0,1.0,0.0,0.0,0.0,0.6230677764565993,8.0,8.0,1.0,1.0,1.0,0.0,1.0,1.0,1.0,1.0,1.0,0.0,1.0,1.0,1.0,1.0,1.0,0.0,1.0,1.0,1.0,1.0,1.0,0.0,1.0,1.0,0.0,0.0,0.0,,,,1.0,1.0,1.0,0.0,1.0,1.0,0.0,0.0,0.0,,,,0.0,0.0,0.0,0.6230677764565993,8.0,8.0
Math,14,1.0,1.0,1.0,0.0,1.0,1.0,1.0,1.0,1.0,0.0,1.0,1.0,1.0,1.0,1.0,0.0,1.0,1.0,1.0,1.0,1.0,0.0,1.0,1.0,1.0,1.0,1.0,0.0,1.0,1.0,1.0,1.0,1.0,0.0,1.0,1.0,1.0,1.0,1.0,0.0,1.0,6.0,1.0,1.0,1.0,0.0,1.0,1.0,1.0,1.0,1.0,0.0,1.0,1.0,1.0,1.0,1.0,0.0,1.0,1.0,1.0,1.0,1.0,0.0,1.0,1.0,0.0,0.0,0.0,,,,1.0,1.0,1.0,0.0,1.0,1.0,0.0,0.0,0.0,,,,1.0,1.0,1.0,0.0,1.0,6.0
Math,15,0.0,0.0,0.0,0.24022346368715083,6.0,6.0,0.0,0.0,0.0,0.24022346368715083,6.0,6.0,0.0,0.0,0.0,0.24022346368715083,6.0,6.0,0.0,0.0,0.0,0.24022346368715083,6.0,6.0,0.0,0.0,0.0,0.24022346368715083,6.0,6.0,0.0,0.0,0.0,0.24022346368715083,6.0,6.0,0.0,0.0,0.0,0.24022346368715083,6.0,6.0,0.0,0.0,0.0,0.24022346368715083,6.0,6.0,0.0,0.0,0.0,0.24022346368715083,6.0,6.0,0.0,0.0,0.0,0.24022346368715083,6.0,6.0,1.0,1.0,1.0,0.0,1.0,1.0,0.0,0.0,0.0,0.275,7.0,7.0,1.0,1.0,1.0,0.0,1.0,1.0,0.0,0.0,0.0,0.275,7.0,7.0,0.0,0.0,0.0,0.8268156424581006,40.0,40.0
Math,16,1.0,1.0,1.0,0.0,1.0,8.0,1.0,1.0,1.0,0.0,1.0,8.0,1.0,1.0,1.0,0.0,1.0,8.0,1.0,1.0,1.0,0.0,1.0,8.0,1.0,1.0,1.0,0.0,1.0,8.0,1.0,1.0,1.0,0.0,1.0,8.0,1.0,1.0,1.0,0.0,1.0,19.0,1.0,1.0,1.0,0.0,1.0,8.0,1.0,1.0,1.0,0.0,1.0,8.0,1.0,1.0,1.0,0.0,1.0,8.0,1.0,1.0,1.0,0.5027932960893855,1.0,1.5,1.0,1.0,1.0,0.0,1.0,8.0,1.0,1.0,1.0,0.5027932960893855,1.0,1.5,1.0,1.0,1.0,0.0,1.0,8.0,0.0,0.0,0.0,0.43575418994413406,18.0,21.0
Math,17,0.0,1.0,1.0,0.011235955056179775,2.0,2.0,0.0,1.0,1.0,0.011235955056179775,2.0,2.0,0.0,1.0,1.0,0.011235955056179775,2.0,2.0,0.0,1.0,1.0,0.011235955056179775,2.0,2.0,0.0,1.0,1.0,0.011235955056179775,2.0,2.0,0.0,1.0,1.0,0.011235955056179775,2.0,2.0,0.0,1.0,1.0,0.011235955056179775,2.0,2.0,0.0,1.0,1.0,0.011235955056179775,2.0,2.0,0.0,1.0,1.0,0.011235955056179775,2.0,2.0,0.0,1.0,1.0,0.011235955056179775,2.0,2.0,0.0,1.0,1.0,0.7415730337078652,2.0,2.0,1.0,1.0,1.0,0.0,1.0,1.0,1.0,1.0,1.0,0.0,1.0,1.0,1.0,1.0,1.0,0.0,1.0,1.0,1.0,1.0,1.0,0.0,1.0,1.0
Math,18,0.0,1.0,1.0,0.005369127516778523,3.0,35.666666666666664,0.0,1.0,1.0,0.004026845637583893,2.0,34.666666666666664,0.0,1.0,1.0,0.005369127516778523,3.0,35.666666666666664,0.0,1.0,1.0,0.004026845637583893,2.0,34.666666666666664,0.0,1.0,1.0,0.005369127516778523,3.0,35.666666666666664,0.0,1.0,1.0,0.005369127516778523,3.0,35.666666666666664,0.0,1.0,1.0,0.005369127516778523,3.0,35.666666666666664,0.0,1.0,1.0,0.005369127516778523,3.0,35.666666666666664,0.0,1.0,1.0,0.005369127516778523,3.0,35.666666666666664,0.0,1.0,1.0,0.005369127516778523,3.0,35.666666666666664,1.0,1.0,1.0,0.5838926174496645,1.0,3.0,0.0,1.0,1.0,0.005943536404160475,3.0,3.0,0.0,1.0,1.0,0.5852348993288591,2.0,3.3333333333333335,0.0,1.0,1.0,0.005943536404160475,3.0,3.0,0.0,1.0,1.0,0.11812080536912752,3.0,10.333333333333334
Math,19,0.0,0.0,0.0,0.10434782608695652,9.0,9.0,0.0,0.0,0.0,0.10434782608695652,9.0,9.0,0.0,0.0,0.0,0.10434782608695652,9.0,9.0,0.0,0.0,0.0,0.10434782608695652,9.0,9.0,0.0,0.0,0.0,0.10434782608695652,9.0,9.0,0.0,0.0,0.0,0.10434782608695652,9.0,9.0,0.0,0.0,0.0,0.10869565217391304,9.0,9.0,0.0,0.0,0.0,0.10434782608695652,9.0,9.0,0.0,0.0,0.0,0.10434782608695652,9.0,9.0,0.0,0.0,0.0,0.10434782608695652,9.0,9.0,0.0,0.0,0.0,0.8739130434782608,6.0,6.0,0.0,0.0,0.0,0.12195121951219512,9.0,9.0,0.0,0.0,0.0,0.8739130434782608,7.0,7.0,0.0,0.0,0.0,0.12195121951219512,9.0,9.0,0.0,0.0,0.0,0.5739130434782609,21.0,21.0
Math,20,0.0,1.0,1.0,0.026881720430107527,3.0,3.0,0.0,1.0,1.0,0.002688172043010753,2.0,2.0,0.0,1.0,1.0,0.026881720430107527,3.0,3.0,0.0,1.0,1.0,0.002688172043010753,2.0,2.0,0.0,1.0,1.0,0.026881720430107527,3.0,3.0,0.0,1.0,1.0,0.026881720430107527,3.0,3.0,0.0,1.0,1.0,0.025537634408602152,3.0,3.0,0.0,1.0,1.0,0.026881720430107527,3.0,3.0,0.0,1.0,1.0,0.026881720430107527,3.0,3.0,0.0,1.0,1.0,0.026881720430107527,3.0,3.0,0.0,1.0,1.0,0.8521505376344086,3.0,3.0,0.0,1.0,1.0,0.02976190476190476,3.0,3.0,0.0,0.0,1.0,0.8521505376344086,4.0,4.0,0.0,1.0,1.0,0.02976190476190476,3.0,3.0,0.0,0.0,0.0,0.5672043010752689,13.0,13.0
Math,21,1.0,1.0,1.0,0.0,1.0,1.0,1.0,1.0,1.0,0.0,1.0,1.0,1.0,1.0,1.0,0.0,1.0,1.0,1.0,1.0,1.0,0.0,1.0,1.0,1.0,1.0,1.0,0.0,1.0,1.0,1.0,1.0,1.0,0.0,1.0,1.0,1.0,1.0,1.0,0.0,1.0,1.0,1.0,1.0,1.0,0.0,1.0,1.0,1.0,1.0,1.0,0.0,1.0,1.0,1.0,1.0,1.0,0.0,1.0,1.0,0.0,1.0,1.0,0.933579335793358,3.0,3.0,1.0,1.0,1.0,0.0,1.0,1.0,0.0,1.0,1.0,0.933579335793358,3.0,3.0,1.0,1.0,1.0,0.0,1.0,1.0,1.0,1.0,1.0,0.0,1.0,1.0
Math,22,1.0,1.0,1.0,0.0,1.0,1.0,1.0,1.0,1.0,0.0,1.0,1.0,1.0,1.0,1.0,0.0,1.0,1.0,1.0,1.0,1.0,0.0,1.0,1.0,1.0,1.0,1.0,0.0,1.0,1.0,1.0,1.0,1.0,0.0,1.0,1.0,0.0,0.0,0.0,0.034334763948497854,6.0,6.0,1.0,1.0,1.0,0.0,1.0,1.0,1.0,1.0,1.0,0.0,1.0,1.0,0.0,0.0,0.0,0.034334763948497854,6.0,6.0,0.0,1.0,1.0,0.8841201716738197,2.0,2.0,1.0,1.0,1.0,0.0,1.0,1.0,1.0,1.0,1.0,0.0,1.0,1.0,1.0,1.0,1.0,0.0,1.0,1.0,1.0,1.0,1.0,0.0,1.0,1.0
Math,23,0.0,0.0,0.0,0.055248618784530384,7.0,7.0,0.0,0.0,0.0,0.055248618784530384,7.0,7.0,0.0,0.0,0.0,0.055248618784530384,7.0,7.0,0.0,0.0,0.0,0.055248618784530384,7.0,7.0,0.0,0.0,0.0,0.055248618784530384,7.0,7.0,0.0,0.0,0.0,0.055248618784530384,7.0,7.0,0.0,0.0,0.0,0.08287292817679558,7.0,7.0,0.0,0.0,0.0,0.055248618784530384,7.0,7.0,0.0,0.0,0.0,0.055248618784530384,7.0,7.0,0.0,0.0,0.0,0.055248618784530384,7.0,7.0,0.0,0.0,0.0,0.8674033149171271,8.0,8.0,0.0,0.0,0.0,0.06134969325153374,7.0,7.0,0.0,0.0,0.0,0.8674033149171271,8.0,8.0,0.0,0.0,0.0,0.06134969325153374,7.0,7.0,0.0,0.0,0.0,0.6022099447513812,20.0,20.0
Math,24,0.0,0.0,0.0,0.049723756906077346,8.0,8.0,0.0,0.0,0.0,0.049723756906077346,8.0,8.0,0.0,0.0,0.0,0.049723756906077346,8.0,8.0,0.0,0.0,0.0,0.049723756906077346,8.0,8.0,0.0,0.0,0.0,0.049723756906077346,8.0,8.0,0.0,0.0,0.0,0.049723756906077346,8.0,8.0,0.0,0.0,0.0,0.0718232044198895,8.0,8.0,0.0,0.0,0.0,0.049723756906077346,8.0,8.0,0.0,0.0,0.0,0.049723756906077346,8.0,8.0,0.0,0.0,0.0,0.049723756906077346,8.0,8.0,0.0,0.0,0.0,0.8674033149171271,9.0,9.0,0.0,0.0,0.0,0.08024691358024691,8.0,8.0,0.0,0.0,0.0,0.8674033149171271,9.0,9.0,0.0,0.0,0.0,0.08024691358024691,8.0,8.0,0.0,0.0,0.0,0.6022099447513812,20.0,20.0
Math,25,1.0,1.0,1.0,0.0,1.0,1.0,1.0,1.0,1.0,0.0,1.0,1.0,1.0,1.0,1.0,0.0,1.0,1.0,1.0,1.0,1.0,0.0,1.0,1.0,1.0,1.0,1.0,0.0,1.0,1.0,1.0,1.0,1.0,0.0,1.0,1.0,1.0,1.0,1.0,0.0,1.0,1.0,1.0,1.0,1.0,0.0,1.0,1.0,1.0,1.0,1.0,0.0,1.0,1.0,1.0,1.0,1.0,0.0,1.0,1.0,0.0,1.0,1.0,0.8936170212765957,2.0,2.0,1.0,1.0,1.0,0.0,1.0,1.0,0.0,1.0,1.0,0.8936170212765957,2.0,2.0,1.0,1.0,1.0,0.0,1.0,1.0,0.0,1.0,1.0,0.2978723404255319,3.0,3.0
Math,26,0.0,0.0,1.0,0.027586206896551724,5.0,5.0,0.0,0.0,1.0,0.027586206896551724,5.0,5.0,0.0,0.0,1.0,0.027586206896551724,5.0,5.0,0.0,0.0,1.0,0.027586206896551724,5.0,5.0,0.0,0.0,1.0,0.027586206896551724,5.0,5.0,0.0,0.0,1.0,0.027586206896551724,5.0,5.0,0.0,0.0,1.0,0.027586206896551724,5.0,5.0,0.0,0.0,1.0,0.027586206896551724,5.0,5.0,0.0,0.0,1.0,0.027586206896551724,5.0,5.0,0.0,0.0,1.0,0.027586206896551724,5.0,5.0,1.0,1.0,1.0,0.0,1.0,1.0,0.0,0.0,1.0,0.03007518796992481,5.0,5.0,1.0,1.0,1.0,0.0,1.0,1.0,0.0,0.0,1.0,0.03007518796992481,5.0,5.0,0.0,0.0,1.0,0.296551724137931,4.0,4.0
Math,27,1.0,1.0,1.0,0.0,1.0,1.0,1.0,1.0,1.0,0.0,1.0,1.0,1.0,1.0,1.0,0.0,1.0,1.0,1.0,1.0,1.0,0.0,1.0,1.0,1.0,1.0,1.0,0.0,1.0,1.0,1.0,1.0,1.0,0.0,1.0,1.0,1.0,1.0,1.0,0.0,1.0,1.0,1.0,1.0,1.0,0.0,1.0,1.0,1.0,1.0,1.0,0.0,1.0,1.0,1.0,1.0,1.0,0.0,1.0,1.0,0.0,1.0,1.0,0.959349593495935,2.0,2.0,1.0,1.0,1.0,0.0,1.0,1.0,1.0,1.0,1.0,0.0,1.0,1.0,1.0,1.0,1.0,0.0,1.0,1.0,1.0,1.0,1.0,0.0,1.0,1.0
Math,28,0.0,1.0,1.0,0.009202453987730062,3.0,3.0,0.0,1.0,1.0,0.009202453987730062,3.0,3.0,0.0,1.0,1.0,0.009202453987730062,3.0,3.0,0.0,1.0,1.0,0.009202453987730062,3.0,3.0,0.0,1.0,1.0,0.009202453987730062,3.0,3.0,0.0,1.0,1.0,0.009202453987730062,3.0,3.0,0.0,1.0,1.0,0.003067484662576687,3.0,3.0,0.0,1.0,1.0,0.009202453987730062,3.0,3.0,0.0,1.0,1.0,0.009202453987730062,3.0,3.0,0.0,1.0,1.0,0.009202453987730062,3.0,3.0,0.0,0.0,1.0,0.8834355828220859,4.0,4.0,0.0,1.0,1.0,0.003367003367003367,3.0,3.0,0.0,0.0,1.0,0.8834355828220859,4.0,4.0,0.0,1.0,1.0,0.003367003367003367,3.0,3.0,0.0,0.0,0.0,0.6595092024539877,24.0,24.0
Math,29,1.0,1.0,1.0,0.0,1.0,1.5,1.0,1.0,1.0,0.0,1.0,6.5,1.0,1.0,1.0,0.0,1.0,1.5,0.0,0.0,0.0,0.06451612903225806,18.0,19.5,1.0,1.0,1.0,0.0,1.0,3.0,1.0,1.0,1.0,0.0,1.0,3.0,0.0,0.0,0.0,0.0913978494623656,26.0,26.5,1.0,1.0,1.0,0.0,1.0,1.5,1.0,1.0,1.0,0.0,1.0,3.0,0.0,0.0,0.0,0.08064516129032258,22.0,24.0,0.0,1.0,1.0,0.9139784946236559,2.0,2.5,1.0,1.0,1.0,0.0,1.0,3.5,1.0,1.0,1.0,0.0,1.0,2.0,1.0,1.0,1.0,0.0,1.0,1.5,1.0,1.0,1.0,0.0,1.0,1.5
Math,30,1.0,1.0,1.0,0.0,1.0,1.0,1.0,1.0,1.0,0.0,1.0,1.0,1.0,1.0,1.0,0.0,1.0,1.0,1.0,1.0,1.0,0.0,1.0,1.0,1.0,1.0,1.0,0.0,1.0,1.0,1.0,1.0,1.0,0.0,1.0,1.0,1.0,1.0,1.0,0.0,1.0,1.0,1.0,1.0,1.0,0.0,1.0,1.0,1.0,1.0,1.0,0.0,1.0,1.0,1.0,1.0,1.0,0.0,1.0,1.0,0.0,1.0,1.0,0.8242677824267782,2.0,2.0,1.0,1.0,1.0,0.0,1.0,1.0,1.0,1.0,1.0,0.0,1.0,1.0,1.0,1.0,1.0,0.0,1.0,1.0,1.0,1.0,1.0,0.0,1.0,1.0
Math,31,0.0,0.0,0.0,0.13013698630136986,26.0,26.0,0.0,0.0,0.0,0.0958904109589041,16.0,16.0,0.0,0.0,0.0,0.1267123287671233,24.0,24.0,0.0,0.0,0.0,0.15753424657534246,33.0,33.0,0.0,0.0,0.0,0.0958904109589041,16.0,16.0,0.0,0.0,0.0,0.0958904109589041,16.0,16.0,0.0,0.0,0.0,0.023972602739726026,6.0,6.0,0.0,0.0,0.0,0.1267123287671233,25.0,25.0,0.0,0.0,0.0,0.0958904109589041,16.0,16.0,0.0,0.0,0.0,0.0273972602739726,6.0,6.0,1.0,1.0,1.0,0.0,1.0,1.0,0.0,0.0,0.0,0.09774436090225563,15.0,15.0,1.0,1.0,1.0,0.0,1.0,1.0,0.0,0.0,0.0,0.09774436090225563,15.0,15.0,0.0,1.0,1.0,0.003424657534246575,2.0,2.0
Math,32,0.0,0.0,1.0,0.04487179487179487,4.0,4.0,0.0,1.0,1.0,0.04487179487179487,3.0,3.0,0.0,0.0,1.0,0.04487179487179487,4.0,4.0,0.0,1.0,1.0,0.04487179487179487,3.0,3.0,0.0,0.0,1.0,0.04487179487179487,4.0,4.0,0.0,0.0,1.0,0.04487179487179487,4.0,4.0,0.0,0.0,1.0,0.04487179487179487,4.0,4.0,0.0,0.0,1.0,0.04487179487179487,4.0,4.0,0.0,0.0,1.0,0.04487179487179487,4.0,4.0,0.0,0.0,1.0,0.04487179487179487,4.0,4.0,0.0,0.0,1.0,0.6111111111111112,4.0,4.0,0.0,0.0,1.0,0.05454545454545454,4.0,4.0,0.0,0.0,1.0,0.6111111111111112,5.0,5.0,0.0,0.0,1.0,0.05454545454545454,4.0,4.0,0.0,0.0,0.0,0.4594017094017094,8.0,8.0
Math,33,0.0,0.0,1.0,0.014423076923076924,4.0,4.0,0.0,0.0,1.0,0.014423076923076924,4.0,4.0,0.0,0.0,1.0,0.014423076923076924,4.0,4.0,0.0,0.0,1.0,0.014423076923076924,4.0,4.0,0.0,0.0,1.0,0.014423076923076924,4.0,4.0,0.0,0.0,1.0,0.014423076923076924,4.0,4.0,0.0,0.0,1.0,0.008012820512820512,4.0,4.0,0.0,0.0,1.0,0.014423076923076924,4.0,4.0,0.0,0.0,1.0,0.014423076923076924,4.0,4.0,0.0,0.0,1.0,0.014423076923076924,4.0,4.0,0.0,0.0,1.0,0.8766025641025641,5.0,5.0,0.0,0.0,1.0,0.008756567425569177,4.0,4.0,0.0,0.0,1.0,0.8766025641025641,5.0,5.0,0.0,0.0,1.0,0.008756567425569177,4.0,4.0,0.0,0.0,0.0,0.6939102564102564,23.0,23.0
Math,34,1.0,1.0,1.0,0.0,1.0,1.0,1.0,1.0,1.0,0.0,1.0,1.0,1.0,1.0,1.0,0.0,1.0,1.0,1.0,1.0,1.0,0.0,1.0,1.0,1.0,1.0,1.0,0.0,1.0,1.0,1.0,1.0,1.0,0.0,1.0,1.0,1.0,1.0,1.0,0.0,1.0,1.0,1.0,1.0,1.0,0.0,1.0,1.0,1.0,1.0,1.0,0.0,1.0,1.0,1.0,1.0,1.0,0.0,1.0,1.0,0.0,1.0,1.0,0.8448275862068966,2.0,2.0,1.0,1.0,1.0,0.0,1.0,1.0,1.0,1.0,1.0,0.0,1.0,1.0,1.0,1.0,1.0,0.0,1.0,1.0,1.0,1.0,1.0,0.0,1.0,1.0
Math,35,1.0,1.0,1.0,0.0,1.0,1.0,1.0,1.0,1.0,0.0,1.0,1.0,1.0,1.0,1.0,0.0,1.0,1.0,1.0,1.0,1.0,0.0,1.0,1.0,1.0,1.0,1.0,0.0,1.0,1.0,1.0,1.0,1.0,0.0,1.0,1.0,1.0,1.0,1.0,0.0,1.0,1.0,1.0,1.0,1.0,0.0,1.0,1.0,1.0,1.0,1.0,0.0,1.0,1.0,1.0,1.0,1.0,0.0,1.0,1.0,0.0,1.0,1.0,0.9655172413793104,2.0,2.0,1.0,1.0,1.0,0.0,1.0,1.0,0.0,1.0,1.0,0.9655172413793104,2.0,2.0,1.0,1.0,1.0,0.0,1.0,1.0,1.0,1.0,1.0,0.0,1.0,1.0
Math,36,1.0,1.0,1.0,0.0,1.0,1.5,1.0,1.0,1.0,0.0,1.0,2.5,1.0,1.0,1.0,0.0,1.0,2.5,1.0,1.0,1.0,0.0,1.0,1.5,1.0,1.0,1.0,0.0,1.0,2.5,1.0,1.0,1.0,0.0,1.0,2.5,0.0,0.0,1.0,0.0847457627118644,4.0,4.5,1.0,1.0,1.0,0.0,1.0,2.5,1.0,1.0,1.0,0.0,1.0,2.5,0.0,1.0,1.0,0.05084745762711865,3.0,3.5,0.0,1.0,1.0,0.9152542372881356,2.0,2.5,1.0,1.0,1.0,0.0,1.0,2.5,1.0,1.0,1.0,0.0,1.0,2.0,1.0,1.0,1.0,0.0,1.0,2.5,1.0,1.0,1.0,0.0,1.0,9.0
Math,37,0.0,1.0,1.0,0.009009009009009009,2.0,2.0,0.0,1.0,1.0,0.009009009009009009,2.0,2.0,0.0,1.0,1.0,0.009009009009009009,2.0,2.0,0.0,1.0,1.0,0.02702702702702703,3.0,3.0,0.0,1.0,1.0,0.009009009009009009,2.0,2.0,0.0,1.0,1.0,0.009009009009009009,2.0,2.0,0.0,0.0,0.0,0.2072072072072072,17.0,17.0,0.0,1.0,1.0,0.009009009009009009,2.0,2.0,0.0,1.0,1.0,0.009009009009009009,2.0,2.0,0.0,0.0,0.0,0.13513513513513514,13.0,13.0,0.0,1.0,1.0,0.7927927927927928,2.0,2.0,0.0,1.0,1.0,0.009900990099009901,2.0,2.0,0.0,1.0,1.0,0.009009009009009009,2.0,2.0,0.0,1.0,1.0,0.009900990099009901,2.0,2.0,0.0,1.0,1.0,0.009009009009009009,2.0,2.0
Math,38,0.0,1.0,1.0,0.005813953488372093,2.0,2.0,1.0,1.0,1.0,0.0,1.0,1.0,0.0,1.0,1.0,0.005813953488372093,2.0,2.0,1.0,1.0,1.0,0.0,1.0,1.0,0.0,1.0,1.0,0.005813953488372093,2.0,2.0,0.0,1.0,1.0,0.005813953488372093,2.0,2.0,0.0,1.0,1.0,0.005813953488372093,2.0,2.0,0.0,1.0,1.0,0.005813953488372093,2.0,2.0,0.0,1.0,1.0,0.005813953488372093,2.0,2.0,0.0,1.0,1.0,0.005813953488372093,2.0,2.0,0.0,1.0,1.0,0.9302325581395349,3.0,3.0,0.0,1.0,1.0,0.006237006237006237,2.0,2.0,0.0,1.0,1.0,0.9341085271317829,3.0,3.0,0.0,1.0,1.0,0.006237006237006237,2.0,2.0,0.0,0.0,0.0,0.6356589147286822,13.0,13.0
Math,39,0.0,0.0,0.0,0.05365853658536585,6.0,6.0,0.0,0.0,0.0,0.05365853658536585,6.0,6.0,0.0,0.0,0.0,0.05365853658536585,6.0,6.0,0.0,0.0,0.0,0.05365853658536585,6.0,6.0,0.0,0.0,0.0,0.05365853658536585,6.0,6.0,0.0,0.0,0.0,0.05365853658536585,6.0,6.0,0.0,0.0,0.0,0.05365853658536585,6.0,6.0,0.0,0.0,0.0,0.05365853658536585,6.0,6.0,0.0,0.0,0.0,0.05365853658536585,6.0,6.0,0.0,0.0,0.0,0.05365853658536585,6.0,6.0,0.0,0.0,1.0,0.7365853658536585,4.0,4.0,0.0,0.0,0.0,0.0582010582010582,6.0,6.0,0.0,0.0,1.0,0.7365853658536585,4.0,4.0,0.0,0.0,0.0,0.0582010582010582,6.0,6.0,0.0,0.0,0.0,0.5951219512195122,32.0,32.0
Math,40,0.0,0.0,0.0,0.06164383561643835,9.0,9.0,0.0,0.0,0.0,0.06164383561643835,9.0,9.0,0.0,0.0,0.0,0.06164383561643835,9.0,9.0,0.0,0.0,0.0,0.06164383561643835,9.0,9.0,0.0,0.0,0.0,0.06164383561643835,9.0,9.0,0.0,0.0,0.0,0.06164383561643835,9.0,9.0,0.0,0.0,0.0,0.06164383561643835,9.0,9.0,0.0,0.0,0.0,0.06164383561643835,9.0,9.0,0.0,0.0,0.0,0.06164383561643835,9.0,9.0,0.0,0.0,0.0,0.06164383561643835,9.0,9.0,0.0,0.0,0.0,0.863013698630137,8.0,8.0,0.0,0.0,0.0,0.06976744186046512,9.0,9.0,0.0,0.0,0.0,0.863013698630137,9.0,9.0,0.0,0.0,0.0,0.06976744186046512,9.0,9.0,0.0,0.0,0.0,0.636986301369863,25.0,25.0
Math,41,1.0,1.0,1.0,0.0,1.0,1.0,1.0,1.0,1.0,0.0,1.0,1.0,1.0,1.0,1.0,0.0,1.0,1.0,1.0,1.0,1.0,0.0,1.0,1.0,1.0,1.0,1.0,0.0,1.0,1.0,1.0,1.0,1.0,0.0,1.0,1.0,1.0,1.0,1.0,0.0,1.0,1.0,1.0,1.0,1.0,0.0,1.0,1.0,1.0,1.0,1.0,0.0,1.0,1.0,1.0,1.0,1.0,0.0,1.0,1.0,1.0,1.0,1.0,0.0,1.0,1.0,1.0,1.0,1.0,0.0,1.0,1.0,1.0,1.0,1.0,0.0,1.0,1.0,1.0,1.0,1.0,0.0,1.0,1.0,1.0,1.0,1.0,0.0,1.0,1.0
Math,42,1.0,1.0,1.0,0.0,1.0,1.0,1.0,1.0,1.0,0.0,1.0,1.0,1.0,1.0,1.0,0.0,1.0,1.0,1.0,1.0,1.0,0.0,1.0,1.0,1.0,1.0,1.0,0.0,1.0,1.0,1.0,1.0,1.0,0.0,1.0,1.0,1.0,1.0,1.0,0.0,1.0,1.0,1.0,1.0,1.0,0.0,1.0,1.0,1.0,1.0,1.0,0.0,1.0,1.0,1.0,1.0,1.0,0.0,1.0,1.0,0.0,1.0,1.0,0.8859934853420195,2.0,2.0,1.0,1.0,1.0,0.0,1.0,1.0,0.0,1.0,1.0,0.8859934853420195,2.0,2.0,1.0,1.0,1.0,0.0,1.0,1.0,0.0,0.0,0.0,0.6726384364820847,17.0,17.0
Math,43,0.0,0.0,0.0,0.04219409282700422,8.0,8.0,0.0,0.0,1.0,0.016877637130801686,4.0,4.0,0.0,0.0,0.0,0.03375527426160337,7.0,7.0,0.0,1.0,1.0,0.004219409282700422,2.0,2.0,0.0,0.0,1.0,0.016877637130801686,4.0,4.0,0.0,0.0,1.0,0.016877637130801686,4.0,4.0,0.0,1.0,1.0,0.004219409282700422,2.0,2.0,0.0,0.0,0.0,0.03375527426160337,7.0,7.0,0.0,0.0,1.0,0.016877637130801686,4.0,4.0,0.0,1.0,1.0,0.004219409282700422,2.0,2.0,0.0,0.0,0.0,0.9367088607594937,19.0,19.0,0.0,0.0,1.0,0.01904761904761905,4.0,4.0,0.0,0.0,0.0,0.9367088607594937,19.0,19.0,0.0,0.0,1.0,0.02857142857142857,5.0,5.0,0.0,0.0,0.0,0.7637130801687764,37.0,37.0
Math,44,0.0,0.0,0.0,0.1890909090909091,24.0,24.0,0.0,0.0,0.0,0.1890909090909091,24.0,24.0,0.0,0.0,0.0,0.1890909090909091,24.0,24.0,0.0,0.0,0.0,0.1890909090909091,24.0,24.0,0.0,0.0,0.0,0.1890909090909091,24.0,24.0,0.0,0.0,0.0,0.1890909090909091,24.0,24.0,0.0,0.0,0.0,0.1890909090909091,24.0,24.0,0.0,0.0,0.0,0.1890909090909091,24.0,24.0,0.0,0.0,0.0,0.1890909090909091,24.0,24.0,0.0,0.0,0.0,0.1890909090909091,24.0,24.0,0.0,0.0,0.0,0.7927272727272727,22.0,22.0,0.0,0.0,0.0,0.20883534136546184,24.0,24.0,0.0,0.0,0.0,0.7927272727272727,22.0,22.0,0.0,0.0,0.0,0.20883534136546184,24.0,24.0,0.0,0.0,0.0,0.7490909090909091,63.0,63.0
Math,45,1.0,1.0,1.0,0.0,1.0,1.0,1.0,1.0,1.0,0.0,1.0,1.0,1.0,1.0,1.0,0.0,1.0,1.0,1.0,1.0,1.0,0.0,1.0,1.0,1.0,1.0,1.0,0.0,1.0,1.0,1.0,1.0,1.0,0.0,1.0,1.0,1.0,1.0,1.0,0.0,1.0,1.0,1.0,1.0,1.0,0.0,1.0,1.0,1.0,1.0,1.0,0.0,1.0,1.0,1.0,1.0,1.0,0.0,1.0,1.0,1.0,1.0,1.0,0.0,1.0,1.0,1.0,1.0,1.0,0.0,1.0,1.0,1.0,1.0,1.0,0.0,1.0,1.0,1.0,1.0,1.0,0.0,1.0,1.0,0.0,0.0,0.0,0.7,10.0,10.0
Math,46,0.0,1.0,1.0,0.011904761904761904,3.0,3.0,0.0,1.0,1.0,0.005952380952380952,2.0,2.0,0.0,1.0,1.0,0.011904761904761904,3.0,3.0,1.0,1.0,1.0,0.0,1.0,1.0,0.0,1.0,1.0,0.011904761904761904,3.0,3.0,0.0,1.0,1.0,0.011904761904761904,3.0,3.0,1.0,1.0,1.0,0.0,1.0,1.0,0.0,1.0,1.0,0.011904761904761904,3.0,3.0,0.0,1.0,1.0,0.011904761904761904,3.0,3.0,1.0,1.0,1.0,0.0,1.0,1.0,1.0,1.0,1.0,0.0,1.0,1.0,0.0,1.0,1.0,0.01282051282051282,3.0,3.0,0.0,1.0,1.0,0.005952380952380952,2.0,2.0,0.0,1.0,1.0,0.01282051282051282,3.0,3.0,0.0,0.0,0.0,0.44642857142857145,7.0,7.0
Math,47,0.0,1.0,1.0,0.011904761904761904,3.0,8.5,1.0,1.0,1.0,0.0,1.0,5.5,0.0,1.0,1.0,0.011904761904761904,3.0,8.5,1.0,1.0,1.0,0.0,1.0,7.0,0.0,1.0,1.0,0.011904761904761904,3.0,7.0,0.0,1.0,1.0,0.011904761904761904,3.0,7.0,0.0,1.0,1.0,0.005952380952380952,2.0,3.5,0.0,1.0,1.0,0.011904761904761904,3.0,8.5,0.0,1.0,1.0,0.011904761904761904,3.0,7.0,0.0,1.0,1.0,0.005952380952380952,2.0,3.5,1.0,1.0,1.0,0.0,1.0,1.0,0.0,1.0,1.0,0.01282051282051282,3.0,6.5,0.0,1.0,1.0,0.005952380952380952,2.0,2.0,0.0,1.0,1.0,0.01282051282051282,3.0,7.0,0.0,0.0,0.0,0.44642857142857145,7.0,12.0
Math,48,0.0,0.0,0.0,0.07177033492822966,12.0,12.0,0.0,0.0,0.0,0.07177033492822966,12.0,12.0,0.0,0.0,0.0,0.07177033492822966,12.0,12.0,0.0,0.0,0.0,0.07177033492822966,12.0,12.0,0.0,0.0,0.0,0.07177033492822966,12.0,12.0,0.0,0.0,0.0,0.07177033492822966,12.0,12.0,0.0,0.0,0.0,0.07655502392344497,12.0,12.0,0.0,0.0,0.0,0.07177033492822966,12.0,12.0,0.0,0.0,0.0,0.07177033492822966,12.0,12.0,0.0,0.0,0.0,0.07177033492822966,12.0,12.0,0.0,0.0,0.0,0.8229665071770335,8.0,8.0,0.0,0.0,0.0,0.08333333333333333,12.0,12.0,0.0,0.0,0.0,0.8229665071770335,8.0,8.0,0.0,0.0,0.0,0.08333333333333333,12.0,12.0,0.0,0.0,0.0,0.645933014354067,28.0,28.0
Math,49,1.0,1.0,1.0,0.0,1.0,10.5,1.0,1.0,1.0,0.0,1.0,10.5,1.0,1.0,1.0,0.0,1.0,10.5,1.0,1.0,1.0,0.0,1.0,10.5,1.0,1.0,1.0,0.0,1.0,10.5,1.0,1.0,1.0,0.0,1.0,10.5,1.0,1.0,1.0,0.0,1.0,10.5,1.0,1.0,1.0,0.0,1.0,10.5,1.0,1.0,1.0,0.0,1.0,10.5,1.0,1.0,1.0,0.0,1.0,10.5,1.0,1.0,1.0,0.0,1.0,1.0,1.0,1.0,1.0,0.0,1.0,10.5,1.0,1.0,1.0,0.0,1.0,1.5,1.0,1.0,1.0,0.0,1.0,10.5,1.0,1.0,1.0,0.0,1.0,1.5
Math,50,0.0,0.0,1.0,0.02403846153846154,5.0,5.0,0.0,0.0,1.0,0.02403846153846154,5.0,5.0,0.0,0.0,1.0,0.02403846153846154,5.0,5.0,0.0,0.0,1.0,0.02403846153846154,5.0,5.0,0.0,0.0,1.0,0.02403846153846154,5.0,5.0,0.0,0.0,1.0,0.02403846153846154,5.0,5.0,0.0,0.0,1.0,0.02403846153846154,5.0,5.0,0.0,0.0,1.0,0.02403846153846154,5.0,5.0,0.0,0.0,1.0,0.02403846153846154,5.0,5.0,0.0,0.0,1.0,0.02403846153846154,5.0,5.0,0.0,1.0,1.0,0.8461538461538461,3.0,3.0,0.0,0.0,1.0,0.020942408376963352,5.0,5.0,0.0,1.0,1.0,0.8461538461538461,3.0,3.0,0.0,0.0,1.0,0.020942408376963352,5.0,5.0,0.0,0.0,0.0,0.6490384615384616,26.0,26.0
Math,51,0.0,0.0,0.0,0.053475935828877004,9.0,9.0,0.0,0.0,0.0,0.053475935828877004,9.0,9.0,0.0,0.0,0.0,0.053475935828877004,9.0,9.0,0.0,0.0,0.0,0.053475935828877004,9.0,9.0,0.0,0.0,0.0,0.053475935828877004,9.0,9.0,0.0,0.0,0.0,0.053475935828877004,9.0,9.0,0.0,0.0,0.0,0.053475935828877004,9.0,9.0,0.0,0.0,0.0,0.053475935828877004,9.0,9.0,0.0,0.0,0.0,0.053475935828877004,9.0,9.0,0.0,0.0,0.0,0.053475935828877004,9.0,9.0,0.0,0.0,0.0,0.8288770053475936,6.0,6.0,0.0,0.0,0.0,0.06395348837209303,9.0,9.0,0.0,0.0,0.0,0.8288770053475936,6.0,6.0,0.0,0.0,0.0,0.06395348837209303,9.0,9.0,0.0,0.0,0.0,0.6363636363636364,27.0,27.0
Math,52,1.0,1.0,1.0,0.0,1.0,1.0,1.0,1.0,1.0,0.0,1.0,1.0,1.0,1.0,1.0,0.0,1.0,1.0,1.0,1.0,1.0,0.0,1.0,1.0,1.0,1.0,1.0,0.0,1.0,1.0,1.0,1.0,1.0,0.0,1.0,1.0,1.0,1.0,1.0,0.0,1.0,1.0,1.0,1.0,1.0,0.0,1.0,1.0,1.0,1.0,1.0,0.0,1.0,1.0,1.0,1.0,1.0,0.0,1.0,1.0,1.0,1.0,1.0,0.0,1.0,1.0,1.0,1.0,1.0,0.0,1.0,1.0,1.0,1.0,1.0,0.0,1.0,1.0,1.0,1.0,1.0,0.0,1.0,1.0,1.0,1.0,1.0,0.0,1.0,1.0
Math,53,1.0,1.0,1.0,0.0,1.0,1.0,1.0,1.0,1.0,0.0,1.0,1.0,1.0,1.0,1.0,0.0,1.0,1.0,1.0,1.0,1.0,0.0,1.0,1.0,1.0,1.0,1.0,0.0,1.0,1.0,1.0,1.0,1.0,0.0,1.0,1.0,1.0,1.0,1.0,0.0,1.0,1.0,1.0,1.0,1.0,0.0,1.0,1.0,1.0,1.0,1.0,0.0,1.0,1.0,1.0,1.0,1.0,0.0,1.0,1.0,0.0,1.0,1.0,0.9223300970873787,2.0,2.0,1.0,1.0,1.0,0.0,1.0,1.0,0.0,1.0,1.0,0.9223300970873787,2.0,2.0,1.0,1.0,1.0,0.0,1.0,1.0,0.0,0.0,0.0,0.7669902912621359,16.0,16.0
Math,54,1.0,1.0,1.0,0.0,1.0,2.5,1.0,1.0,1.0,0.0,1.0,2.5,1.0,1.0,1.0,0.0,1.0,2.5,1.0,1.0,1.0,0.0,1.0,2.5,1.0,1.0,1.0,0.0,1.0,2.5,1.0,1.0,1.0,0.0,1.0,2.5,1.0,1.0,1.0,0.0,1.0,2.5,1.0,1.0,1.0,0.0,1.0,2.5,1.0,1.0,1.0,0.0,1.0,2.5,1.0,1.0,1.0,0.0,1.0,2.5,1.0,1.0,1.0,0.0,1.0,1.5,1.0,1.0,1.0,0.0,1.0,2.5,1.0,1.0,1.0,0.0,1.0,1.5,1.0,1.0,1.0,0.0,1.0,2.5,0.0,1.0,1.0,0.2198581560283688,3.0,9.0
Math,55,1.0,1.0,1.0,0.0,1.0,1.0,1.0,1.0,1.0,0.0,1.0,1.0,1.0,1.0,1.0,0.0,1.0,1.0,1.0,1.0,1.0,0.0,1.0,1.0,1.0,1.0,1.0,0.0,1.0,1.0,1.0,1.0,1.0,0.0,1.0,1.0,1.0,1.0,1.0,0.0,1.0,1.0,1.0,1.0,1.0,0.0,1.0,1.0,1.0,1.0,1.0,0.0,1.0,1.0,1.0,1.0,1.0,0.0,1.0,1.0,0.0,1.0,1.0,0.9512195121951219,2.0,2.0,1.0,1.0,1.0,0.0,1.0,1.0,0.0,1.0,1.0,0.9512195121951219,2.0,2.0,1.0,1.0,1.0,0.0,1.0,1.0,0.0,1.0,1.0,0.0975609756097561,2.0,2.0
Math,56,0.0,1.0,1.0,0.01935483870967742,2.0,2.0,1.0,1.0,1.0,0.0,1.0,1.0,0.0,1.0,1.0,0.01935483870967742,2.0,2.0,1.0,1.0,1.0,0.0,1.0,1.0,0.0,1.0,1.0,0.01935483870967742,2.0,2.0,0.0,1.0,1.0,0.01935483870967742,2.0,2.0,0.0,1.0,1.0,0.03225806451612903,2.0,2.0,0.0,1.0,1.0,0.01935483870967742,2.0,2.0,0.0,1.0,1.0,0.01935483870967742,2.0,2.0,0.0,1.0,1.0,0.01935483870967742,2.0,2.0,0.0,1.0,1.0,0.8709677419354839,3.0,3.0,0.0,1.0,1.0,0.020134228187919462,2.0,2.0,0.0,1.0,1.0,0.01935483870967742,2.0,2.0,0.0,1.0,1.0,0.020134228187919462,2.0,2.0,0.0,1.0,1.0,0.01935483870967742,2.0,2.0
Math,57,0.0,1.0,1.0,0.006172839506172839,2.0,2.0,0.0,1.0,1.0,0.006172839506172839,2.0,2.0,0.0,1.0,1.0,0.006172839506172839,2.0,2.0,0.0,1.0,1.0,0.006172839506172839,2.0,2.0,0.0,1.0,1.0,0.006172839506172839,2.0,2.0,0.0,1.0,1.0,0.006172839506172839,2.0,2.0,0.0,1.0,1.0,0.030864197530864196,2.0,2.0,0.0,1.0,1.0,0.006172839506172839,2.0,2.0,0.0,1.0,1.0,0.006172839506172839,2.0,2.0,0.0,1.0,1.0,0.006172839506172839,2.0,2.0,0.0,1.0,1.0,0.8271604938271605,3.0,3.0,0.0,1.0,1.0,0.00641025641025641,2.0,2.0,0.0,1.0,1.0,0.8271604938271605,3.0,3.0,0.0,1.0,1.0,0.00641025641025641,2.0,2.0,0.0,1.0,1.0,0.06790123456790123,3.0,3.0
Math,58,0.0,0.0,1.0,0.06285714285714286,4.0,4.0,0.0,0.0,1.0,0.06285714285714286,4.0,4.0,0.0,0.0,1.0,0.06285714285714286,4.0,4.0,0.0,0.0,1.0,0.06285714285714286,4.0,4.0,0.0,0.0,1.0,0.06285714285714286,4.0,4.0,0.0,0.0,1.0,0.06285714285714286,4.0,4.0,0.0,0.0,1.0,0.05714285714285714,4.0,4.0,0.0,0.0,1.0,0.06285714285714286,4.0,4.0,0.0,0.0,1.0,0.06285714285714286,4.0,4.0,0.0,0.0,1.0,0.06285714285714286,4.0,4.0,1.0,1.0,1.0,0.0,1.0,1.0,0.0,0.0,1.0,0.06666666666666667,4.0,4.0,1.0,1.0,1.0,0.0,1.0,1.0,0.0,0.0,1.0,0.06666666666666667,4.0,4.0,0.0,1.0,1.0,0.005714285714285714,2.0,2.0
Math,59,1.0,1.0,1.0,0.0,1.0,1.0,0.0,0.0,1.0,0.26875,5.0,5.0,1.0,1.0,1.0,0.0,1.0,1.0,0.0,0.0,1.0,0.26875,5.0,5.0,1.0,1.0,1.0,0.0,1.0,1.0,1.0,1.0,1.0,0.0,1.0,1.0,1.0,1.0,1.0,0.0,1.0,1.0,1.0,1.0,1.0,0.0,1.0,1.0,1.0,1.0,1.0,0.0,1.0,1.0,1.0,1.0,1.0,0.0,1.0,1.0,1.0,1.0,1.0,0.0,1.0,1.0,1.0,1.0,1.0,0.0,1.0,1.0,1.0,1.0,1.0,0.0,1.0,1.0,1.0,1.0,1.0,0.0,1.0,1.0,1.0,1.0,1.0,0.0,1.0,1.0
Math,60,0.0,1.0,1.0,0.006711409395973154,2.0,2.0,0.0,1.0,1.0,0.006711409395973154,2.0,2.0,0.0,1.0,1.0,0.006711409395973154,2.0,2.0,0.0,1.0,1.0,0.006711409395973154,2.0,2.0,0.0,1.0,1.0,0.006711409395973154,2.0,2.0,0.0,1.0,1.0,0.006711409395973154,2.0,2.0,0.0,1.0,1.0,0.006711409395973154,2.0,2.0,0.0,1.0,1.0,0.006711409395973154,2.0,2.0,0.0,1.0,1.0,0.006711409395973154,2.0,2.0,0.0,1.0,1.0,0.006711409395973154,2.0,2.0,0.0,1.0,1.0,0.825503355704698,3.0,3.0,0.0,1.0,1.0,0.007407407407407408,2.0,2.0,0.0,1.0,1.0,0.825503355704698,3.0,3.0,0.0,1.0,1.0,0.007407407407407408,2.0,2.0,0.0,0.0,0.0,0.46308724832214765,7.0,7.0
Math,61,0.0,1.0,1.0,0.010362694300518135,3.0,3.0,0.0,1.0,1.0,0.010362694300518135,3.0,3.0,0.0,1.0,1.0,0.010362694300518135,3.0,3.0,0.0,1.0,1.0,0.010362694300518135,3.0,3.0,0.0,1.0,1.0,0.010362694300518135,3.0,3.0,0.0,1.0,1.0,0.010362694300518135,3.0,3.0,0.0,1.0,1.0,0.010362694300518135,3.0,3.0,0.0,1.0,1.0,0.010362694300518135,3.0,3.0,0.0,1.0,1.0,0.010362694300518135,3.0,3.0,0.0,1.0,1.0,0.010362694300518135,3.0,3.0,1.0,1.0,1.0,0.0,1.0,1.0,0.0,1.0,1.0,0.0125,3.0,3.0,0.0,1.0,1.0,0.24870466321243523,2.0,2.0,0.0,1.0,1.0,0.0125,3.0,3.0,0.0,1.0,1.0,0.0051813471502590676,2.0,2.0
Math,62,1.0,1.0,1.0,0.0,1.0,1.0,1.0,1.0,1.0,0.0,1.0,1.0,1.0,1.0,1.0,0.0,1.0,1.0,1.0,1.0,1.0,0.0,1.0,1.0,1.0,1.0,1.0,0.0,1.0,1.0,1.0,1.0,1.0,0.0,1.0,1.0,1.0,1.0,1.0,0.0,1.0,1.0,1.0,1.0,1.0,0.0,1.0,1.0,1.0,1.0,1.0,0.0,1.0,1.0,1.0,1.0,1.0,0.0,1.0,1.0,0.0,1.0,1.0,0.7391304347826086,2.0,2.0,1.0,1.0,1.0,0.0,1.0,1.0,1.0,1.0,1.0,0.0,1.0,1.0,1.0,1.0,1.0,0.0,1.0,1.0,1.0,1.0,1.0,0.0,1.0,1.0
Math,63,1.0,1.0,1.0,0.0,1.0,1.0,0.0,1.0,1.0,0.12745098039215685,2.0,2.0,1.0,1.0,1.0,0.0,1.0,1.0,0.0,1.0,1.0,0.12745098039215685,2.0,2.0,1.0,1.0,1.0,0.0,1.0,1.0,1.0,1.0,1.0,0.0,1.0,1.0,1.0,1.0,1.0,0.0,1.0,1.0,1.0,1.0,1.0,0.0,1.0,1.0,1.0,1.0,1.0,0.0,1.0,1.0,1.0,1.0,1.0,0.0,1.0,1.0,1.0,1.0,1.0,0.0,1.0,1.0,1.0,1.0,1.0,0.0,1.0,1.0,1.0,1.0,1.0,0.0,1.0,1.0,1.0,1.0,1.0,0.0,1.0,1.0,1.0,1.0,1.0,0.0,1.0,1.0
Math,64,0.0,0.0,1.0,0.06818181818181818,5.0,5.0,0.0,0.0,1.0,0.06818181818181818,5.0,5.0,0.0,0.0,1.0,0.06818181818181818,5.0,5.0,0.0,0.0,1.0,0.06818181818181818,5.0,5.0,0.0,0.0,1.0,0.06818181818181818,5.0,5.0,0.0,0.0,1.0,0.06818181818181818,5.0,5.0,0.0,0.0,1.0,0.07954545454545454,5.0,5.0,0.0,0.0,1.0,0.06818181818181818,5.0,5.0,0.0,0.0,1.0,0.06818181818181818,5.0,5.0,0.0,0.0,1.0,0.06818181818181818,5.0,5.0,0.0,0.0,0.0,0.8295454545454546,6.0,6.0,0.0,0.0,1.0,0.09836065573770492,5.0,5.0,0.0,0.0,0.0,0.8295454545454546,6.0,6.0,0.0,0.0,1.0,0.09836065573770492,5.0,5.0,0.0,0.0,0.0,0.8295454545454546,18.0,18.0
Math,65,1.0,1.0,1.0,0.0,1.0,4.0,0.0,0.0,0.0,0.019337016574585635,6.0,16.5,1.0,1.0,1.0,0.0,1.0,4.0,0.0,0.0,0.0,0.019337016574585635,6.0,16.5,1.0,1.0,1.0,0.0,1.0,4.0,1.0,1.0,1.0,0.0,1.0,4.0,1.0,1.0,1.0,0.0,1.0,4.0,1.0,1.0,1.0,0.0,1.0,4.0,1.0,1.0,1.0,0.0,1.0,4.0,1.0,1.0,1.0,0.0,1.0,4.0,0.0,1.0,1.0,0.8867403314917127,2.0,4.5,1.0,1.0,1.0,0.0,1.0,4.0,1.0,1.0,1.0,0.0,1.0,4.0,1.0,1.0,1.0,0.0,1.0,4.0,1.0,1.0,1.0,0.0,1.0,19.0
Math,66,0.0,1.0,1.0,0.05161290322580645,2.0,12.75,0.0,1.0,1.0,0.0032258064516129032,2.0,12.5,0.0,1.0,1.0,0.025806451612903226,3.0,13.75,1.0,1.0,1.0,0.0,1.0,11.75,0.0,1.0,1.0,0.041935483870967745,3.0,13.25,0.0,1.0,1.0,0.041935483870967745,3.0,13.25,1.0,1.0,1.0,0.0,1.0,11.75,0.0,1.0,1.0,0.05161290322580645,2.0,12.75,0.0,1.0,1.0,0.041935483870967745,3.0,13.25,1.0,1.0,1.0,0.0,1.0,11.75,1.0,1.0,1.0,0.25161290322580643,1.0,12.25,0.0,1.0,1.0,0.05,3.0,3.0,0.0,0.0,1.0,0.05161290322580645,4.0,8.75,0.0,0.0,1.0,0.06153846153846154,4.0,4.666666666666667,1.0,1.0,1.0,0.0,1.0,2.25
Math,67,1.0,1.0,1.0,0.0,1.0,8.5,0.0,0.0,0.0,0.47115384615384615,15.0,15.0,1.0,1.0,1.0,0.0,1.0,8.5,0.0,0.0,0.0,0.47115384615384615,15.0,15.0,1.0,1.0,1.0,0.0,1.0,8.5,1.0,1.0,1.0,0.0,1.0,8.5,1.0,1.0,1.0,0.0,1.0,8.5,1.0,1.0,1.0,0.0,1.0,8.5,1.0,1.0,1.0,0.0,1.0,8.5,1.0,1.0,1.0,0.0,1.0,8.5,1.0,1.0,1.0,0.0,1.0,1.5,1.0,1.0,1.0,0.0,1.0,1.0,1.0,1.0,1.0,0.038461538461538464,1.0,2.0,1.0,1.0,1.0,0.0,1.0,1.0,1.0,1.0,1.0,0.0,1.0,2.5
Math,68,0.0,0.0,1.0,0.045454545454545456,4.0,4.0,0.0,0.0,1.0,0.045454545454545456,4.0,4.0,0.0,0.0,1.0,0.045454545454545456,4.0,4.0,0.0,0.0,1.0,0.045454545454545456,4.0,4.0,0.0,0.0,1.0,0.045454545454545456,4.0,4.0,0.0,0.0,1.0,0.045454545454545456,4.0,4.0,0.0,0.0,1.0,0.045454545454545456,4.0,4.0,0.0,0.0,1.0,0.045454545454545456,4.0,4.0,0.0,0.0,1.0,0.045454545454545456,4.0,4.0,0.0,0.0,1.0,0.045454545454545456,4.0,4.0,0.0,0.0,1.0,0.875,5.0,5.0,0.0,0.0,1.0,0.06557377049180328,4.0,4.0,0.0,0.0,1.0,0.875,5.0,5.0,0.0,0.0,1.0,0.06557377049180328,4.0,4.0,0.0,0.0,0.0,0.875,20.0,20.0
Math,69,0.0,1.0,1.0,0.0026954177897574125,2.0,2.0,1.0,1.0,1.0,0.0,1.0,1.0,0.0,1.0,1.0,0.0026954177897574125,2.0,2.0,1.0,1.0,1.0,0.0,1.0,1.0,0.0,1.0,1.0,0.0026954177897574125,2.0,2.0,0.0,1.0,1.0,0.0026954177897574125,2.0,2.0,0.0,1.0,1.0,0.0026954177897574125,2.0,2.0,0.0,1.0,1.0,0.0026954177897574125,2.0,2.0,0.0,1.0,1.0,0.0026954177897574125,2.0,2.0,0.0,1.0,1.0,0.0026954177897574125,2.0,2.0,0.0,1.0,1.0,0.9137466307277629,2.0,2.0,0.0,1.0,1.0,0.0030864197530864196,2.0,2.0,0.0,1.0,1.0,0.9137466307277629,3.0,3.0,0.0,1.0,1.0,0.0030864197530864196,2.0,2.0,0.0,1.0,1.0,0.0026954177897574125,2.0,2.0
Math,70,1.0,1.0,1.0,0.0,1.0,1.0,1.0,1.0,1.0,0.0,1.0,1.0,1.0,1.0,1.0,0.0,1.0,1.0,1.0,1.0,1.0,0.0,1.0,1.0,1.0,1.0,1.0,0.0,1.0,1.0,1.0,1.0,1.0,0.0,1.0,1.0,1.0,1.0,1.0,0.0,1.0,1.0,1.0,1.0,1.0,0.0,1.0,1.0,1.0,1.0,1.0,0.0,1.0,1.0,1.0,1.0,1.0,0.0,1.0,1.0,1.0,1.0,1.0,0.0,1.0,1.0,1.0,1.0,1.0,0.0,1.0,1.0,1.0,1.0,1.0,0.0,1.0,1.0,1.0,1.0,1.0,0.0,1.0,1.0,1.0,1.0,1.0,0.0,1.0,1.0
Math,71,0.0,0.0,0.0,0.09868421052631579,11.0,18.5,0.0,0.0,0.0,0.3815789473684211,33.0,34.5,0.0,0.0,0.0,0.16447368421052633,15.0,20.0,0.0,0.0,0.0,0.09210526315789473,10.0,11.5,0.0,0.0,0.0,0.3815789473684211,34.0,35.5,0.0,0.0,0.0,0.34868421052631576,30.0,32.5,0.0,0.0,0.0,0.3815789473684211,35.0,36.5,0.0,0.0,0.0,0.1513157894736842,15.0,21.0,0.0,0.0,0.0,0.3815789473684211,34.0,35.5,0.0,0.0,0.0,0.375,34.0,36.0,0.0,0.0,0.0,0.6710526315789473,6.0,7.0,0.0,0.0,0.0,0.3918918918918919,35.0,36.5,0.0,0.0,0.0,0.6710526315789473,6.0,7.0,0.0,0.0,0.0,0.3918918918918919,35.0,36.5,0.0,0.0,0.0,0.6118421052631579,31.0,33.0
Math,72,1.0,1.0,1.0,0.0,1.0,1.0,1.0,1.0,1.0,0.0,1.0,1.0,1.0,1.0,1.0,0.0,1.0,1.0,1.0,1.0,1.0,0.0,1.0,1.0,1.0,1.0,1.0,0.0,1.0,1.0,1.0,1.0,1.0,0.0,1.0,1.0,1.0,1.0,1.0,0.0,1.0,1.0,1.0,1.0,1.0,0.0,1.0,1.0,1.0,1.0,1.0,0.0,1.0,1.0,1.0,1.0,1.0,0.0,1.0,1.0,1.0,1.0,1.0,0.0,1.0,1.0,1.0,1.0,1.0,0.0,1.0,1.0,1.0,1.0,1.0,0.0,1.0,1.0,1.0,1.0,1.0,0.0,1.0,1.0,1.0,1.0,1.0,0.0,1.0,1.0
Math,73,1.0,1.0,1.0,0.0,1.0,1.0,1.0,1.0,1.0,0.0,1.0,1.0,1.0,1.0,1.0,0.0,1.0,1.0,1.0,1.0,1.0,0.0,1.0,1.0,1.0,1.0,1.0,0.0,1.0,1.0,1.0,1.0,1.0,0.0,1.0,1.0,1.0,1.0,1.0,0.0,1.0,1.0,1.0,1.0,1.0,0.0,1.0,1.0,1.0,1.0,1.0,0.0,1.0,1.0,1.0,1.0,1.0,0.0,1.0,1.0,1.0,1.0,1.0,0.0,1.0,1.0,1.0,1.0,1.0,0.0,1.0,1.0,1.0,1.0,1.0,0.0,1.0,1.0,1.0,1.0,1.0,0.0,1.0,1.0,1.0,1.0,1.0,0.0,1.0,1.0
Math,74,0.0,0.0,0.0,0.17765567765567766,31.0,31.0,0.0,0.0,0.0,0.17765567765567766,31.0,31.0,0.0,0.0,0.0,0.17765567765567766,31.0,31.0,0.0,0.0,0.0,0.17765567765567766,31.0,31.0,0.0,0.0,0.0,0.17765567765567766,31.0,31.0,0.0,0.0,0.0,0.17765567765567766,31.0,31.0,0.0,0.0,0.0,0.17765567765567766,31.0,31.0,0.0,0.0,0.0,0.17765567765567766,31.0,31.0,0.0,0.0,0.0,0.17765567765567766,31.0,31.0,0.0,0.0,0.0,0.17765567765567766,31.0,31.0,0.0,0.0,0.0,0.8864468864468864,29.0,29.0,0.0,0.0,0.0,0.1987704918032787,31.0,31.0,0.0,0.0,0.0,0.8864468864468864,29.0,29.0,0.0,0.0,0.0,0.1987704918032787,31.0,31.0,0.0,0.0,0.0,0.826007326007326,69.0,69.0
Math,75,1.0,1.0,1.0,0.0,1.0,1.0,1.0,1.0,1.0,0.0,1.0,1.0,1.0,1.0,1.0,0.0,1.0,1.0,1.0,1.0,1.0,0.0,1.0,1.0,1.0,1.0,1.0,0.0,1.0,1.0,1.0,1.0,1.0,0.0,1.0,1.0,1.0,1.0,1.0,0.0,1.0,1.0,1.0,1.0,1.0,0.0,1.0,1.0,1.0,1.0,1.0,0.0,1.0,1.0,1.0,1.0,1.0,0.0,1.0,1.0,1.0,1.0,1.0,0.0,1.0,1.0,1.0,1.0,1.0,0.0,1.0,1.0,1.0,1.0,1.0,0.0,1.0,1.0,1.0,1.0,1.0,0.0,1.0,1.0,1.0,1.0,1.0,0.0,1.0,1.0
Math,76,0.0,0.0,1.0,0.007054673721340388,5.0,5.5,0.0,0.0,1.0,0.005291005291005291,4.0,4.5,0.0,0.0,1.0,0.005291005291005291,4.0,4.5,0.0,0.0,1.0,0.005291005291005291,4.0,4.5,0.0,0.0,1.0,0.005291005291005291,4.0,4.5,0.0,0.0,1.0,0.005291005291005291,4.0,4.5,0.0,0.0,1.0,0.005291005291005291,4.0,4.5,0.0,0.0,1.0,0.007054673721340388,5.0,5.5,0.0,0.0,1.0,0.005291005291005291,4.0,4.5,0.0,0.0,1.0,0.005291005291005291,4.0,4.5,0.0,0.0,0.0,0.9065255731922398,8.0,8.5,0.0,0.0,1.0,0.006048387096774193,4.0,4.5,0.0,0.0,0.0,0.9065255731922398,8.0,8.5,0.0,0.0,1.0,0.006048387096774193,4.0,4.5,0.0,0.0,0.0,0.5485008818342152,8.0,9.0
Math,77,1.0,1.0,1.0,0.0,1.0,1.0,1.0,1.0,1.0,0.0,1.0,1.0,1.0,1.0,1.0,0.0,1.0,1.0,1.0,1.0,1.0,0.0,1.0,1.0,1.0,1.0,1.0,0.0,1.0,1.0,1.0,1.0,1.0,0.0,1.0,1.0,0.0,1.0,1.0,0.0032414910858995136,2.0,2.0,1.0,1.0,1.0,0.0,1.0,1.0,1.0,1.0,1.0,0.0,1.0,1.0,0.0,1.0,1.0,0.0016207455429497568,2.0,2.0,0.0,1.0,1.0,0.9594813614262561,2.0,2.0,1.0,1.0,1.0,0.0,1.0,1.0,1.0,1.0,1.0,0.0,1.0,1.0,1.0,1.0,1.0,0.0,1.0,1.0,1.0,1.0,1.0,0.0,1.0,1.0
Math,78,0.0,0.0,0.0,0.06756756756756757,6.0,6.0,0.0,0.0,0.0,0.06756756756756757,6.0,6.0,0.0,0.0,0.0,0.06756756756756757,6.0,6.0,0.0,0.0,0.0,0.06756756756756757,6.0,6.0,0.0,0.0,0.0,0.06756756756756757,6.0,6.0,0.0,0.0,0.0,0.06756756756756757,6.0,6.0,0.0,0.0,0.0,0.06756756756756757,6.0,6.0,0.0,0.0,0.0,0.06756756756756757,6.0,6.0,0.0,0.0,0.0,0.06756756756756757,6.0,6.0,0.0,0.0,0.0,0.06756756756756757,6.0,6.0,0.0,0.0,1.0,0.8243243243243243,5.0,5.0,0.0,0.0,0.0,0.0821917808219178,6.0,6.0,0.0,0.0,1.0,0.8243243243243243,5.0,5.0,0.0,0.0,0.0,0.0821917808219178,6.0,6.0,0.0,0.0,0.0,0.7837837837837838,27.0,27.0
Math,79,0.0,1.0,1.0,0.16666666666666666,3.0,3.0,0.0,1.0,1.0,0.16666666666666666,3.0,3.0,0.0,1.0,1.0,0.16666666666666666,3.0,3.0,0.0,1.0,1.0,0.16666666666666666,3.0,3.0,0.0,1.0,1.0,0.16666666666666666,3.0,3.0,0.0,1.0,1.0,0.16666666666666666,3.0,3.0,0.0,1.0,1.0,0.16666666666666666,3.0,3.0,0.0,1.0,1.0,0.16666666666666666,3.0,3.0,0.0,1.0,1.0,0.16666666666666666,3.0,3.0,0.0,1.0,1.0,0.16666666666666666,3.0,3.0,1.0,1.0,1.0,0.0,1.0,1.0,0.0,1.0,1.0,0.17777777777777778,3.0,3.0,0.0,1.0,1.0,0.14583333333333334,2.0,2.0,0.0,1.0,1.0,0.17777777777777778,3.0,3.0,0.0,0.0,1.0,0.22916666666666666,4.0,4.0
Math,80,0.0,0.0,1.0,0.010940919037199124,5.0,5.0,0.0,0.0,1.0,0.010940919037199124,5.0,5.0,0.0,0.0,1.0,0.010940919037199124,5.0,5.0,0.0,0.0,1.0,0.010940919037199124,5.0,5.0,0.0,0.0,1.0,0.010940919037199124,5.0,5.0,0.0,0.0,1.0,0.010940919037199124,5.0,5.0,0.0,0.0,1.0,0.024070021881838075,5.0,5.0,0.0,0.0,1.0,0.010940919037199124,5.0,5.0,0.0,0.0,1.0,0.010940919037199124,5.0,5.0,0.0,0.0,1.0,0.010940919037199124,5.0,5.0,0.0,0.0,0.0,0.9168490153172867,6.0,6.0,0.0,0.0,1.0,0.02444987775061125,5.0,5.0,0.0,0.0,0.0,0.9168490153172867,6.0,6.0,0.0,0.0,1.0,0.02444987775061125,5.0,5.0,0.0,0.0,0.0,0.7330415754923414,18.0,18.0
Math,81,1.0,1.0,1.0,0.0,1.0,1.3333333333333333,1.0,1.0,1.0,0.0,1.0,1.3333333333333333,1.0,1.0,1.0,0.0,1.0,1.3333333333333333,1.0,1.0,1.0,0.0,1.0,1.3333333333333333,1.0,1.0,1.0,0.0,1.0,1.3333333333333333,1.0,1.0,1.0,0.0,1.0,1.3333333333333333,1.0,1.0,1.0,0.0,1.0,1.3333333333333333,1.0,1.0,1.0,0.0,1.0,1.3333333333333333,1.0,1.0,1.0,0.0,1.0,1.3333333333333333,1.0,1.0,1.0,0.0,1.0,1.3333333333333333,0.0,1.0,1.0,0.9343544857768052,2.0,2.3333333333333335,1.0,1.0,1.0,0.0,1.0,1.3333333333333333,0.0,1.0,1.0,0.9343544857768052,2.0,2.3333333333333335,1.0,1.0,1.0,0.0,1.0,1.3333333333333333,0.0,0.0,0.0,0.7089715536105032,14.0,19.666666666666668
Math,82,0.0,1.0,1.0,0.0364741641337386,3.0,3.0,0.0,1.0,1.0,0.0364741641337386,3.0,3.0,0.0,1.0,1.0,0.0364741641337386,3.0,3.0,0.0,1.0,1.0,0.0364741641337386,3.0,3.0,0.0,1.0,1.0,0.0364741641337386,3.0,3.0,0.0,1.0,1.0,0.0364741641337386,3.0,3.0,0.0,1.0,1.0,0.0182370820668693,3.0,3.0,0.0,1.0,1.0,0.0364741641337386,3.0,3.0,0.0,1.0,1.0,0.0364741641337386,3.0,3.0,0.0,1.0,1.0,0.0364741641337386,3.0,3.0,0.0,0.0,1.0,0.8753799392097265,4.0,4.0,0.0,1.0,1.0,0.0410958904109589,3.0,3.0,0.0,0.0,1.0,0.8753799392097265,4.0,4.0,0.0,1.0,1.0,0.0410958904109589,3.0,3.0,0.0,0.0,0.0,0.6474164133738601,13.0,13.0
Math,83,1.0,1.0,1.0,0.0121580547112462,1.0,3.5,1.0,1.0,1.0,0.0121580547112462,1.0,3.5,1.0,1.0,1.0,0.0121580547112462,1.0,3.5,1.0,1.0,1.0,0.0121580547112462,1.0,3.5,1.0,1.0,1.0,0.0121580547112462,1.0,3.5,1.0,1.0,1.0,0.0121580547112462,1.0,3.5,1.0,1.0,1.0,0.0121580547112462,1.0,3.5,1.0,1.0,1.0,0.0121580547112462,1.0,3.5,1.0,1.0,1.0,0.0121580547112462,1.0,3.5,1.0,1.0,1.0,0.0121580547112462,1.0,3.5,0.0,1.0,1.0,0.8297872340425532,2.0,4.0,1.0,1.0,1.0,0.0,1.0,3.5,0.0,1.0,1.0,0.8297872340425532,2.0,4.0,1.0,1.0,1.0,0.0,1.0,3.5,0.0,0.0,0.0,0.6352583586626139,9.0,13.0
Math,84,1.0,1.0,1.0,0.0,1.0,1.0,1.0,1.0,1.0,0.0,1.0,1.0,1.0,1.0,1.0,0.0,1.0,1.0,1.0,1.0,1.0,0.0,1.0,1.0,1.0,1.0,1.0,0.0,1.0,1.0,1.0,1.0,1.0,0.0,1.0,1.0,1.0,1.0,1.0,0.0,1.0,1.0,1.0,1.0,1.0,0.0,1.0,1.0,1.0,1.0,1.0,0.0,1.0,1.0,1.0,1.0,1.0,0.0,1.0,1.0,0.0,0.0,1.0,0.4772727272727273,4.0,4.0,1.0,1.0,1.0,0.0,1.0,1.0,1.0,1.0,1.0,0.0,1.0,1.0,1.0,1.0,1.0,0.0,1.0,1.0,1.0,1.0,1.0,0.0,1.0,1.0
Math,85,0.0,0.0,0.0,0.12941176470588237,8.0,8.0,0.0,0.0,0.0,0.12941176470588237,8.0,8.0,0.0,0.0,0.0,0.12941176470588237,8.0,8.0,0.0,0.0,0.0,0.12941176470588237,8.0,8.0,0.0,0.0,0.0,0.12941176470588237,8.0,8.0,0.0,0.0,0.0,0.12941176470588237,8.0,8.0,0.0,0.0,0.0,0.12941176470588237,8.0,8.0,0.0,0.0,0.0,0.12941176470588237,8.0,8.0,0.0,0.0,0.0,0.12941176470588237,8.0,8.0,0.0,0.0,0.0,0.12941176470588237,8.0,8.0,0.0,0.0,0.0,0.8588235294117647,8.0,8.0,0.0,0.0,0.0,0.1375,8.0,8.0,0.0,0.0,0.0,0.8588235294117647,8.0,8.0,0.0,0.0,0.0,0.1375,8.0,8.0,0.0,0.0,0.0,0.6,19.0,19.0
Math,86,0.0,1.0,1.0,0.017045454545454544,3.0,3.0,1.0,1.0,1.0,0.0,1.0,1.0,0.0,1.0,1.0,0.005681818181818182,2.0,2.0,1.0,1.0,1.0,0.0,1.0,1.0,1.0,1.0,1.0,0.0,1.0,1.0,1.0,1.0,1.0,0.0,1.0,1.0,1.0,1.0,1.0,0.0,1.0,1.0,0.0,1.0,1.0,0.005681818181818182,2.0,2.0,1.0,1.0,1.0,0.0,1.0,1.0,1.0,1.0,1.0,0.0,1.0,1.0,0.0,0.0,1.0,0.9204545454545454,4.0,4.0,1.0,1.0,1.0,0.0,1.0,1.0,0.0,0.0,1.0,0.9204545454545454,4.0,4.0,1.0,1.0,1.0,0.0,1.0,1.0,0.0,0.0,0.0,0.5795454545454546,7.0,7.0
Math,87,0.0,0.0,0.0,0.07668711656441718,6.0,6.0,0.0,0.0,0.0,0.07668711656441718,6.0,6.0,0.0,0.0,0.0,0.07668711656441718,6.0,6.0,0.0,0.0,0.0,0.07668711656441718,6.0,6.0,0.0,0.0,0.0,0.07668711656441718,6.0,6.0,0.0,0.0,0.0,0.07668711656441718,6.0,6.0,0.0,0.0,0.0,0.0736196319018405,6.0,6.0,0.0,0.0,0.0,0.07668711656441718,6.0,6.0,0.0,0.0,0.0,0.07668711656441718,6.0,6.0,0.0,0.0,0.0,0.07668711656441718,6.0,6.0,0.0,0.0,0.0,0.8987730061349694,6.0,6.0,0.0,0.0,0.0,0.08680555555555555,6.0,6.0,0.0,0.0,0.0,0.8987730061349694,6.0,6.0,0.0,0.0,0.0,0.08680555555555555,6.0,6.0,0.0,0.0,0.0,0.7576687116564417,16.0,16.0
Math,88,1.0,1.0,1.0,0.0,1.0,1.0,1.0,1.0,1.0,0.0,1.0,1.0,1.0,1.0,1.0,0.0,1.0,1.0,1.0,1.0,1.0,0.0,1.0,1.0,1.0,1.0,1.0,0.0,1.0,1.0,1.0,1.0,1.0,0.0,1.0,1.0,1.0,1.0,1.0,0.0,1.0,1.0,1.0,1.0,1.0,0.0,1.0,1.0,1.0,1.0,1.0,0.0,1.0,1.0,1.0,1.0,1.0,0.0,1.0,1.0,0.0,1.0,1.0,0.8251533742331288,2.0,2.0,1.0,1.0,1.0,0.0,1.0,1.0,0.0,1.0,1.0,0.8251533742331288,2.0,2.0,1.0,1.0,1.0,0.0,1.0,1.0,0.0,0.0,0.0,0.6441717791411042,7.0,7.0
Math,89,1.0,1.0,1.0,0.0,1.0,1.0,1.0,1.0,1.0,0.0,1.0,1.0,1.0,1.0,1.0,0.0,1.0,1.0,1.0,1.0,1.0,0.0,1.0,1.0,1.0,1.0,1.0,0.0,1.0,1.0,1.0,1.0,1.0,0.0,1.0,1.0,1.0,1.0,1.0,0.0,1.0,1.0,1.0,1.0,1.0,0.0,1.0,1.0,1.0,1.0,1.0,0.0,1.0,1.0,1.0,1.0,1.0,0.0,1.0,1.0,1.0,1.0,1.0,0.0,1.0,1.0,1.0,1.0,1.0,0.0,1.0,1.0,1.0,1.0,1.0,0.0,1.0,1.0,1.0,1.0,1.0,0.0,1.0,1.0,1.0,1.0,1.0,0.0,1.0,1.0
Math,90,1.0,1.0,1.0,0.0,1.0,1.0,1.0,1.0,1.0,0.0,1.0,1.0,1.0,1.0,1.0,0.0,1.0,1.0,1.0,1.0,1.0,0.0,1.0,1.0,1.0,1.0,1.0,0.0,1.0,1.0,1.0,1.0,1.0,0.0,1.0,1.0,1.0,1.0,1.0,0.0,1.0,1.0,1.0,1.0,1.0,0.0,1.0,1.0,1.0,1.0,1.0,0.0,1.0,1.0,1.0,1.0,1.0,0.0,1.0,1.0,1.0,1.0,1.0,0.0,1.0,1.0,0.0,1.0,1.0,0.08333333333333333,2.0,2.0,0.0,1.0,1.0,0.08333333333333333,2.0,2.0,0.0,1.0,1.0,0.08333333333333333,2.0,2.0,0.0,1.0,1.0,0.08333333333333333,2.0,2.0
Math,91,1.0,1.0,1.0,0.0,1.0,1.0,0.0,0.0,1.0,0.08771929824561403,5.0,5.0,1.0,1.0,1.0,0.0,1.0,1.0,0.0,0.0,1.0,0.08771929824561403,5.0,5.0,1.0,1.0,1.0,0.0,1.0,1.0,1.0,1.0,1.0,0.0,1.0,1.0,1.0,1.0,1.0,0.0,1.0,1.0,1.0,1.0,1.0,0.0,1.0,1.0,1.0,1.0,1.0,0.0,1.0,1.0,1.0,1.0,1.0,0.0,1.0,1.0,0.0,1.0,1.0,0.9122807017543859,2.0,2.0,1.0,1.0,1.0,0.0,1.0,1.0,1.0,1.0,1.0,0.0,1.0,1.0,1.0,1.0,1.0,0.0,1.0,1.0,1.0,1.0,1.0,0.0,1.0,1.0
Math,92,0.0,1.0,1.0,0.04,2.0,3.0,0.0,1.0,1.0,0.04,2.0,3.0,0.0,1.0,1.0,0.04,2.0,3.0,0.0,1.0,1.0,0.04,2.0,3.0,0.0,1.0,1.0,0.04,2.0,3.0,0.0,1.0,1.0,0.04,2.0,3.0,0.0,1.0,1.0,0.04,2.0,3.0,0.0,1.0,1.0,0.04,2.0,3.0,0.0,1.0,1.0,0.04,2.0,3.0,0.0,1.0,1.0,0.04,2.0,3.0,0.0,1.0,1.0,0.88,3.0,4.0,0.0,1.0,1.0,0.08333333333333333,3.0,4.0,0.0,1.0,1.0,0.88,3.0,4.0,0.0,1.0,1.0,0.08333333333333333,3.0,4.0,0.0,0.0,1.0,0.16,4.0,8.0
Math,93,1.0,1.0,1.0,0.0,1.0,1.6666666666666667,1.0,1.0,1.0,0.0,1.0,1.6666666666666667,1.0,1.0,1.0,0.0,1.0,1.6666666666666667,1.0,1.0,1.0,0.0,1.0,1.6666666666666667,1.0,1.0,1.0,0.0,1.0,1.6666666666666667,1.0,1.0,1.0,0.0,1.0,1.6666666666666667,1.0,1.0,1.0,0.0,1.0,1.6666666666666667,1.0,1.0,1.0,0.0,1.0,1.6666666666666667,1.0,1.0,1.0,0.0,1.0,1.6666666666666667,1.0,1.0,1.0,0.0,1.0,1.6666666666666667,0.0,1.0,1.0,0.88,2.0,2.6666666666666665,1.0,1.0,1.0,0.0,1.0,1.6666666666666667,1.0,1.0,1.0,0.0,1.0,2.3333333333333335,1.0,1.0,1.0,0.0,1.0,1.6666666666666667,1.0,1.0,1.0,0.0,1.0,1.6666666666666667
Math,94,1.0,1.0,1.0,0.0,1.0,1.0,1.0,1.0,1.0,0.0,1.0,1.0,1.0,1.0,1.0,0.0,1.0,1.0,1.0,1.0,1.0,0.0,1.0,1.0,1.0,1.0,1.0,0.0,1.0,1.0,1.0,1.0,1.0,0.0,1.0,1.0,1.0,1.0,1.0,0.0,1.0,1.0,1.0,1.0,1.0,0.0,1.0,1.0,1.0,1.0,1.0,0.0,1.0,1.0,1.0,1.0,1.0,0.0,1.0,1.0,0.0,1.0,1.0,0.9583333333333334,2.0,2.0,1.0,1.0,1.0,0.0,1.0,1.0,0.0,1.0,1.0,0.9583333333333334,2.0,2.0,1.0,1.0,1.0,0.0,1.0,1.0,0.0,0.0,0.0,0.9583333333333334,10.0,10.0
Math,95,1.0,1.0,1.0,0.0,1.0,1.0,1.0,1.0,1.0,0.0,1.0,1.0,1.0,1.0,1.0,0.0,1.0,1.0,1.0,1.0,1.0,0.0,1.0,1.0,1.0,1.0,1.0,0.0,1.0,1.0,1.0,1.0,1.0,0.0,1.0,1.0,1.0,1.0,1.0,0.0,1.0,1.0,1.0,1.0,1.0,0.0,1.0,1.0,1.0,1.0,1.0,0.0,1.0,1.0,1.0,1.0,1.0,0.0,1.0,1.0,0.0,1.0,1.0,0.7777777777777778,2.0,2.0,1.0,1.0,1.0,0.0,1.0,1.0,0.0,1.0,1.0,0.7777777777777778,2.0,2.0,1.0,1.0,1.0,0.0,1.0,1.0,1.0,1.0,1.0,0.0,1.0,1.0
Math,96,0.0,1.0,1.0,0.06666666666666667,3.0,3.0,0.0,1.0,1.0,0.06666666666666667,3.0,3.0,0.0,1.0,1.0,0.06666666666666667,3.0,3.0,0.0,1.0,1.0,0.06666666666666667,3.0,3.0,0.0,1.0,1.0,0.06666666666666667,3.0,3.0,0.0,1.0,1.0,0.06666666666666667,3.0,3.0,0.0,1.0,1.0,0.06666666666666667,3.0,3.0,0.0,1.0,1.0,0.06666666666666667,3.0,3.0,0.0,1.0,1.0,0.06666666666666667,3.0,3.0,0.0,1.0,1.0,0.06666666666666667,3.0,3.0,0.0,0.0,1.0,0.9,5.0,5.0,0.0,0.0,1.0,0.16666666666666666,4.0,4.0,0.0,0.0,1.0,0.9,5.0,5.0,0.0,0.0,1.0,0.16666666666666666,4.0,4.0,0.0,0.0,0.0,0.9,17.0,17.0
Math,97,0.0,1.0,1.0,0.027777777777777776,2.0,2.0,0.0,1.0,1.0,0.027777777777777776,2.0,2.0,0.0,1.0,1.0,0.027777777777777776,2.0,2.0,0.0,1.0,1.0,0.027777777777777776,2.0,2.0,0.0,1.0,1.0,0.027777777777777776,2.0,2.0,0.0,1.0,1.0,0.027777777777777776,2.0,2.0,0.0,1.0,1.0,0.027777777777777776,2.0,2.0,0.0,1.0,1.0,0.027777777777777776,2.0,2.0,0.0,1.0,1.0,0.027777777777777776,2.0,2.0,0.0,1.0,1.0,0.027777777777777776,2.0,2.0,1.0,1.0,1.0,0.0,1.0,1.0,0.0,1.0,1.0,0.027777777777777776,2.0,2.0,1.0,1.0,1.0,0.0,1.0,1.0,0.0,1.0,1.0,0.027777777777777776,2.0,2.0,0.0,1.0,1.0,0.027777777777777776,2.0,2.0
Math,98,1.0,1.0,1.0,0.0,1.0,1.0,1.0,1.0,1.0,0.0,1.0,1.0,1.0,1.0,1.0,0.0,1.0,1.0,1.0,1.0,1.0,0.0,1.0,1.0,1.0,1.0,1.0,0.0,1.0,1.0,1.0,1.0,1.0,0.0,1.0,1.0,1.0,1.0,1.0,0.0,1.0,1.0,1.0,1.0,1.0,0.0,1.0,1.0,1.0,1.0,1.0,0.0,1.0,1.0,1.0,1.0,1.0,0.0,1.0,1.0,1.0,1.0,1.0,0.0,1.0,1.5,1.0,1.0,1.0,0.0,1.0,1.0,1.0,1.0,1.0,0.0,1.0,1.5,1.0,1.0,1.0,0.0,1.0,1.0,1.0,1.0,1.0,0.0,1.0,1.0
Math,99,1.0,1.0,1.0,0.0,1.0,2.0,1.0,1.0,1.0,0.0,1.0,1.5,1.0,1.0,1.0,0.0,1.0,2.0,1.0,1.0,1.0,0.0,1.0,2.0,1.0,1.0,1.0,0.0,1.0,1.5,1.0,1.0,1.0,0.0,1.0,1.5,1.0,1.0,1.0,0.0,1.0,2.0,1.0,1.0,1.0,0.0,1.0,2.0,1.0,1.0,1.0,0.0,1.0,1.5,1.0,1.0,1.0,0.0,1.0,1.5,0.0,1.0,1.0,0.9411764705882353,2.0,2.5,1.0,1.0,1.0,0.0,1.0,1.5,1.0,1.0,1.0,0.0,1.0,2.0,1.0,1.0,1.0,0.0,1.0,1.5,1.0,1.0,1.0,0.0,1.0,7.0
Math,100,0.0,1.0,1.0,0.021739130434782608,2.0,14.0,0.0,1.0,1.0,0.021739130434782608,2.0,14.0,0.0,1.0,1.0,0.021739130434782608,2.0,14.0,0.0,1.0,1.0,0.021739130434782608,2.0,14.0,0.0,1.0,1.0,0.021739130434782608,2.0,14.0,0.0,1.0,1.0,0.021739130434782608,2.0,14.0,0.0,1.0,1.0,0.021739130434782608,2.0,15.0,0.0,1.0,1.0,0.021739130434782608,2.0,14.0,0.0,1.0,1.0,0.021739130434782608,2.0,14.0,0.0,1.0,1.0,0.021739130434782608,2.0,14.0,1.0,1.0,1.0,0.13043478260869565,1.0,2.0,0.0,1.0,1.0,0.022222222222222223,2.0,14.0,0.0,1.0,1.0,0.5217391304347826,2.0,2.5,0.0,1.0,1.0,0.022222222222222223,2.0,14.0,0.0,1.0,1.0,0.021739130434782608,2.0,3.5
Math,101,0.0,1.0,1.0,0.1111111111111111,2.0,2.0,0.0,1.0,1.0,0.1111111111111111,2.0,2.0,0.0,1.0,1.0,0.1111111111111111,2.0,2.0,0.0,1.0,1.0,0.1111111111111111,2.0,2.0,0.0,1.0,1.0,0.1111111111111111,2.0,2.0,0.0,1.0,1.0,0.1111111111111111,2.0,2.0,0.0,1.0,1.0,0.1111111111111111,2.0,2.0,0.0,1.0,1.0,0.1111111111111111,2.0,2.0,0.0,1.0,1.0,0.1111111111111111,2.0,2.0,0.0,1.0,1.0,0.1111111111111111,2.0,2.0,1.0,1.0,1.0,0.0,1.0,1.0,0.0,1.0,1.0,0.4117647058823529,3.0,3.0,0.0,1.0,1.0,0.6111111111111112,2.0,2.0,0.0,1.0,1.0,0.4117647058823529,3.0,3.0,0.0,1.0,1.0,0.3888888888888889,2.0,2.0
Math,102,0.0,0.0,0.0,0.05128205128205128,9.0,9.0,0.0,0.0,0.0,0.02564102564102564,6.0,6.0,0.0,0.0,0.0,0.046153846153846156,9.0,9.0,0.0,0.0,0.0,0.02564102564102564,6.0,6.0,0.0,0.0,0.0,0.035897435897435895,8.0,8.0,0.0,0.0,0.0,0.041025641025641026,9.0,9.0,0.0,0.0,0.0,0.03076923076923077,7.0,7.0,0.0,0.0,0.0,0.05641025641025641,9.0,9.0,0.0,0.0,0.0,0.035897435897435895,8.0,8.0,0.0,0.0,0.0,0.035897435897435895,7.0,7.0,1.0,1.0,1.0,0.0,1.0,1.0,0.0,0.0,0.0,0.04142011834319527,8.0,8.0,0.0,0.0,1.0,0.015384615384615385,4.0,4.0,0.0,0.0,0.0,0.05325443786982249,9.0,9.0,0.0,0.0,0.0,0.03076923076923077,7.0,7.0
Math,103,0.0,1.0,1.0,0.07894736842105263,3.0,3.0,0.0,1.0,1.0,0.07894736842105263,3.0,3.0,0.0,1.0,1.0,0.07894736842105263,3.0,3.0,0.0,1.0,1.0,0.07894736842105263,3.0,3.0,0.0,1.0,1.0,0.07894736842105263,3.0,3.0,0.0,1.0,1.0,0.07894736842105263,3.0,3.0,0.0,1.0,1.0,0.07894736842105263,3.0,3.0,0.0,1.0,1.0,0.07894736842105263,3.0,3.0,0.0,1.0,1.0,0.07894736842105263,3.0,3.0,0.0,1.0,1.0,0.07894736842105263,3.0,3.0,0.0,1.0,1.0,0.6842105263157895,2.0,2.0,0.0,1.0,1.0,0.08333333333333333,3.0,3.0,0.0,1.0,1.0,0.6842105263157895,3.0,3.0,0.0,1.0,1.0,0.08333333333333333,3.0,3.0,0.0,0.0,1.0,0.3157894736842105,5.0,5.0
Math,104,0.0,0.0,0.0,,,,0.0,0.0,0.0,,,,0.0,0.0,0.0,,,,0.0,0.0,0.0,,,,0.0,0.0,0.0,,,,0.0,0.0,0.0,,,,0.0,0.0,0.0,,,,0.0,0.0,0.0,,,,0.0,0.0,0.0,,,,0.0,0.0,0.0,,,,0.0,0.0,0.0,,,,0.0,0.0,0.0,,,,0.0,0.0,0.0,,,,0.0,0.0,0.0,,,,0.0,0.0,0.0,,,
Math,105,1.0,1.0,1.0,0.0,1.0,1.0,1.0,1.0,1.0,0.0,1.0,1.0,1.0,1.0,1.0,0.0,1.0,1.0,1.0,1.0,1.0,0.0,1.0,1.0,1.0,1.0,1.0,0.0,1.0,1.0,1.0,1.0,1.0,0.0,1.0,1.0,1.0,1.0,1.0,0.0,1.0,1.0,1.0,1.0,1.0,0.0,1.0,1.0,1.0,1.0,1.0,0.0,1.0,1.0,1.0,1.0,1.0,0.0,1.0,1.0,0.0,1.0,1.0,0.9444444444444444,2.0,2.0,1.0,1.0,1.0,0.0,1.0,1.0,1.0,1.0,1.0,0.0,1.0,1.0,1.0,1.0,1.0,0.0,1.0,1.0,1.0,1.0,1.0,0.0,1.0,1.0
Math,106,1.0,1.0,1.0,0.0,1.0,1.0,1.0,1.0,1.0,0.0,1.0,1.0,1.0,1.0,1.0,0.0,1.0,1.0,1.0,1.0,1.0,0.0,1.0,1.0,1.0,1.0,1.0,0.0,1.0,1.0,1.0,1.0,1.0,0.0,1.0,1.0,1.0,1.0,1.0,0.0,1.0,1.0,1.0,1.0,1.0,0.0,1.0,1.0,1.0,1.0,1.0,0.0,1.0,1.0,1.0,1.0,1.0,0.0,1.0,1.0,0.0,1.0,1.0,0.68,2.0,2.0,1.0,1.0,1.0,0.0,1.0,1.0,0.0,1.0,1.0,0.68,2.0,2.0,1.0,1.0,1.0,0.0,1.0,1.0,0.0,1.0,1.0,0.68,3.0,3.0
Collections,25,1.0,1.0,1.0,0.0,1.0,1.0,0.0,0.0,0.0,0.30434782608695654,14.0,14.0,1.0,1.0,1.0,0.0,1.0,1.0,0.0,0.0,0.0,0.30434782608695654,14.0,14.0,1.0,1.0,1.0,0.0,1.0,1.0,1.0,1.0,1.0,0.0,1.0,1.0,1.0,1.0,1.0,0.0,1.0,1.0,1.0,1.0,1.0,0.0,1.0,1.0,1.0,1.0,1.0,0.0,1.0,1.0,1.0,1.0,1.0,0.0,1.0,1.0,1.0,1.0,1.0,0.0,1.0,1.0,1.0,1.0,1.0,0.0,1.0,1.0,1.0,1.0,1.0,0.0,1.0,1.0,1.0,1.0,1.0,0.0,1.0,1.0,1.0,1.0,1.0,0.0,1.0,1.0
Collections,26,0.0,0.0,1.0,0.3333333333333333,4.0,4.0,0.0,0.0,1.0,0.3333333333333333,4.0,4.0,0.0,0.0,1.0,0.3333333333333333,4.0,4.0,0.0,0.0,1.0,0.3333333333333333,4.0,4.0,0.0,0.0,1.0,0.3333333333333333,4.0,4.0,0.0,0.0,1.0,0.3333333333333333,4.0,4.0,0.0,0.0,1.0,0.3333333333333333,4.0,4.0,0.0,0.0,1.0,0.3333333333333333,4.0,4.0,0.0,0.0,1.0,0.3333333333333333,4.0,4.0,0.0,0.0,1.0,0.3333333333333333,4.0,4.0,1.0,1.0,1.0,0.0,1.0,1.0,0.0,0.0,1.0,0.3333333333333333,4.0,4.0,0.0,1.0,1.0,0.1111111111111111,2.0,2.0,0.0,0.0,1.0,0.3333333333333333,4.0,4.0,0.0,1.0,1.0,0.2222222222222222,3.0,3.0
Collections,27,0.0,0.0,0.0,,,,0.0,0.0,0.0,,,,0.0,0.0,0.0,,,,0.0,0.0,0.0,,,,0.0,0.0,0.0,,,,0.0,0.0,0.0,,,,0.0,0.0,0.0,,,,0.0,0.0,0.0,,,,0.0,0.0,0.0,,,,0.0,0.0,0.0,,,,0.0,0.0,0.0,,,,0.0,0.0,0.0,,,,0.0,0.0,0.0,,,,0.0,0.0,0.0,,,,0.0,0.0,0.0,,,
Collections,28,0.0,0.0,0.0,,,,0.0,0.0,0.0,,,,0.0,0.0,0.0,,,,0.0,0.0,0.0,,,,0.0,0.0,0.0,,,,0.0,0.0,0.0,,,,0.0,0.0,0.0,,,,0.0,0.0,0.0,,,,0.0,0.0,0.0,,,,0.0,0.0,0.0,,,,0.0,0.0,0.0,,,,0.0,0.0,0.0,,,,0.0,0.0,0.0,,,,0.0,0.0,0.0,,,,0.0,0.0,0.0,,,
Codec,1,0.0,1.0,1.0,0.025,3.0,5.666666666666667,0.0,1.0,1.0,0.025,3.0,4.333333333333333,0.0,1.0,1.0,0.025,3.0,5.333333333333333,0.0,1.0,1.0,0.025,3.0,8.0,0.0,1.0,1.0,0.025,3.0,5.333333333333333,0.0,1.0,1.0,0.025,3.0,5.333333333333333,0.0,1.0,1.0,0.0125,2.0,3.6666666666666665,0.0,1.0,1.0,0.025,2.0,4.666666666666667,0.0,1.0,1.0,0.025,3.0,5.333333333333333,0.0,1.0,1.0,0.0125,2.0,3.6666666666666665,0.0,1.0,1.0,0.775,2.0,7.0,0.0,1.0,1.0,0.025974025974025976,3.0,4.666666666666667,0.0,0.0,1.0,0.7875,4.0,9.0,0.0,1.0,1.0,0.025974025974025976,3.0,5.0,0.0,0.0,1.0,0.0625,4.0,16.0
Codec,2,0.0,1.0,1.0,0.21875,3.0,3.0,0.0,1.0,1.0,0.21875,3.0,3.0,0.0,1.0,1.0,0.21875,3.0,3.0,0.0,1.0,1.0,0.21875,3.0,3.0,0.0,1.0,1.0,0.21875,3.0,3.0,0.0,1.0,1.0,0.21875,3.0,3.0,0.0,1.0,1.0,0.03125,2.0,2.0,0.0,1.0,1.0,0.21875,3.0,3.0,0.0,1.0,1.0,0.21875,3.0,3.0,0.0,1.0,1.0,0.03125,2.0,2.0,1.0,1.0,1.0,0.0,1.0,1.0,0.0,1.0,1.0,0.23333333333333334,3.0,3.0,1.0,1.0,1.0,0.0,1.0,1.0,0.0,1.0,1.0,0.23333333333333334,3.0,3.0,0.0,0.0,1.0,0.28125,4.0,4.0
Codec,4,0.0,1.0,1.0,0.10344827586206896,3.0,3.0,0.0,1.0,1.0,0.10344827586206896,3.0,3.0,0.0,1.0,1.0,0.10344827586206896,3.0,3.0,0.0,1.0,1.0,0.10344827586206896,3.0,3.0,0.0,1.0,1.0,0.10344827586206896,3.0,3.0,0.0,1.0,1.0,0.10344827586206896,3.0,3.0,0.0,1.0,1.0,0.10344827586206896,3.0,3.0,0.0,1.0,1.0,0.10344827586206896,3.0,3.0,0.0,1.0,1.0,0.10344827586206896,3.0,3.0,0.0,1.0,1.0,0.10344827586206896,3.0,3.0,1.0,1.0,1.0,0.0,1.0,1.0,0.0,1.0,1.0,0.10344827586206896,3.0,3.0,1.0,1.0,1.0,0.0,1.0,1.0,0.0,1.0,1.0,0.10344827586206896,3.0,3.0,0.0,1.0,1.0,0.27586206896551724,3.0,3.0
Codec,5,0.0,0.0,0.0,0.17307692307692307,6.0,6.0,0.0,0.0,0.0,0.17307692307692307,6.0,6.0,0.0,0.0,0.0,0.17307692307692307,6.0,6.0,0.0,0.0,0.0,0.19230769230769232,7.0,7.0,0.0,0.0,1.0,0.17307692307692307,5.0,5.0,0.0,0.0,0.0,0.17307692307692307,6.0,6.0,0.0,1.0,1.0,0.038461538461538464,3.0,3.0,0.0,0.0,0.0,0.17307692307692307,6.0,6.0,0.0,0.0,1.0,0.17307692307692307,5.0,5.0,0.0,1.0,1.0,0.038461538461538464,3.0,3.0,1.0,1.0,1.0,0.0,1.0,1.0,0.0,0.0,0.0,0.17307692307692307,6.0,6.0,1.0,1.0,1.0,0.0,1.0,1.0,0.0,0.0,0.0,0.17307692307692307,6.0,6.0,0.0,0.0,1.0,0.5384615384615384,5.0,5.0
Codec,6,0.0,1.0,1.0,0.041666666666666664,2.0,2.0,0.0,1.0,1.0,0.041666666666666664,2.0,2.0,0.0,1.0,1.0,0.041666666666666664,2.0,2.0,0.0,1.0,1.0,0.041666666666666664,2.0,2.0,0.0,1.0,1.0,0.041666666666666664,2.0,2.0,0.0,1.0,1.0,0.041666666666666664,2.0,2.0,0.0,1.0,1.0,0.041666666666666664,2.0,2.0,0.0,1.0,1.0,0.041666666666666664,2.0,2.0,0.0,1.0,1.0,0.041666666666666664,2.0,2.0,0.0,1.0,1.0,0.041666666666666664,2.0,2.0,1.0,1.0,1.0,0.0,1.0,1.0,0.0,1.0,1.0,0.041666666666666664,2.0,2.0,1.0,1.0,1.0,0.0,1.0,1.0,0.0,1.0,1.0,0.041666666666666664,2.0,2.0,0.0,0.0,1.0,0.4791666666666667,5.0,5.0
Codec,7,0.0,1.0,1.0,0.01818181818181818,2.0,2.0,1.0,1.0,1.0,0.0,1.0,1.0,1.0,1.0,1.0,0.0,1.0,1.0,1.0,1.0,1.0,0.0,1.0,1.0,1.0,1.0,1.0,0.0,1.0,1.0,0.0,1.0,1.0,0.01818181818181818,2.0,2.0,1.0,1.0,1.0,0.0,1.0,1.0,0.0,1.0,1.0,0.01818181818181818,2.0,2.0,1.0,1.0,1.0,0.0,1.0,1.0,1.0,1.0,1.0,0.0,1.0,1.0,0.0,0.0,1.0,0.7636363636363637,5.0,5.0,1.0,1.0,1.0,0.0,1.0,1.0,0.0,1.0,1.0,0.01818181818181818,2.0,2.0,0.0,1.0,1.0,0.018518518518518517,2.0,2.0,1.0,1.0,1.0,0.0,1.0,1.0
Codec,8,1.0,1.0,1.0,0.0,1.0,1.5,1.0,1.0,1.0,0.0,1.0,1.5,1.0,1.0,1.0,0.0,1.0,1.5,1.0,1.0,1.0,0.0,1.0,1.5,1.0,1.0,1.0,0.0,1.0,1.5,1.0,1.0,1.0,0.0,1.0,1.5,1.0,1.0,1.0,0.0,1.0,1.5,1.0,1.0,1.0,0.0,1.0,1.5,1.0,1.0,1.0,0.0,1.0,1.5,1.0,1.0,1.0,0.0,1.0,1.5,0.0,1.0,1.0,0.71875,2.0,2.5,1.0,1.0,1.0,0.0,1.0,1.5,0.0,1.0,1.0,0.71875,2.0,2.5,1.0,1.0,1.0,0.0,1.0,1.5,0.0,1.0,1.0,0.21875,2.0,3.0
Codec,9,1.0,1.0,1.0,0.0,1.0,1.0,1.0,1.0,1.0,0.0,1.0,1.0,1.0,1.0,1.0,0.0,1.0,1.0,1.0,1.0,1.0,0.0,1.0,1.0,1.0,1.0,1.0,0.0,1.0,1.0,1.0,1.0,1.0,0.0,1.0,1.0,1.0,1.0,1.0,0.0,1.0,1.0,1.0,1.0,1.0,0.0,1.0,1.0,1.0,1.0,1.0,0.0,1.0,1.0,1.0,1.0,1.0,0.0,1.0,1.0,0.0,1.0,1.0,0.7142857142857143,2.0,2.0,1.0,1.0,1.0,0.0,1.0,1.0,0.0,1.0,1.0,0.7142857142857143,2.0,2.0,1.0,1.0,1.0,0.0,1.0,1.0,0.0,0.0,0.0,0.6785714285714286,8.0,8.0
Codec,10,0.0,1.0,1.0,0.2,2.0,2.0,0.0,1.0,1.0,0.2,2.0,2.0,0.0,1.0,1.0,0.2,2.0,2.0,0.0,1.0,1.0,0.2,2.0,2.0,0.0,1.0,1.0,0.2,2.0,2.0,0.0,1.0,1.0,0.2,2.0,2.0,0.0,1.0,1.0,0.2,2.0,2.0,0.0,1.0,1.0,0.2,2.0,2.0,0.0,1.0,1.0,0.2,2.0,2.0,0.0,1.0,1.0,0.2,2.0,2.0,0.0,1.0,1.0,0.6,2.0,2.0,0.0,1.0,1.0,0.2,2.0,2.0,0.0,1.0,1.0,0.6,2.0,2.0,0.0,1.0,1.0,0.2,2.0,2.0,0.0,1.0,1.0,0.6,3.0,3.0
Codec,11,0.0,0.0,1.0,0.14814814814814814,5.0,6.0,0.0,1.0,1.0,0.07407407407407407,3.0,5.333333333333333,0.0,0.0,1.0,0.1111111111111111,4.0,5.333333333333333,0.0,1.0,1.0,0.07407407407407407,3.0,5.0,0.0,1.0,1.0,0.07407407407407407,3.0,5.333333333333333,0.0,0.0,1.0,0.1111111111111111,4.0,5.666666666666667,0.0,1.0,1.0,0.07407407407407407,3.0,5.666666666666667,0.0,0.0,1.0,0.14814814814814814,5.0,6.0,0.0,1.0,1.0,0.07407407407407407,3.0,5.333333333333333,0.0,1.0,1.0,0.07407407407407407,3.0,5.666666666666667,0.0,1.0,1.0,0.6296296296296297,2.0,5.333333333333333,0.0,1.0,1.0,0.07407407407407407,3.0,5.666666666666667,0.0,1.0,1.0,0.6296296296296297,2.0,5.333333333333333,0.0,0.0,1.0,0.1111111111111111,4.0,5.666666666666667,0.0,1.0,1.0,0.07407407407407407,3.0,5.666666666666667
Codec,12,0.0,0.0,0.0,,,,0.0,0.0,0.0,,,,0.0,0.0,0.0,,,,0.0,0.0,0.0,,,,0.0,0.0,0.0,,,,0.0,0.0,0.0,,,,0.0,0.0,0.0,,,,0.0,0.0,0.0,,,,0.0,0.0,0.0,,,,0.0,0.0,0.0,,,,0.0,0.0,0.0,,,,0.0,0.0,0.0,,,,0.0,0.0,0.0,,,,0.0,0.0,0.0,,,,0.0,0.0,0.0,,,
Codec,13,1.0,1.0,1.0,0.0,1.0,1.0,1.0,1.0,1.0,0.0,1.0,1.0,1.0,1.0,1.0,0.0,1.0,1.0,1.0,1.0,1.0,0.0,1.0,1.0,1.0,1.0,1.0,0.0,1.0,1.0,1.0,1.0,1.0,0.0,1.0,1.0,1.0,1.0,1.0,0.0,1.0,1.0,1.0,1.0,1.0,0.0,1.0,1.0,1.0,1.0,1.0,0.0,1.0,1.0,1.0,1.0,1.0,0.0,1.0,1.0,1.0,1.0,1.0,0.0,1.0,1.0,1.0,1.0,1.0,0.0,1.0,1.0,1.0,1.0,1.0,0.0,1.0,1.0,1.0,1.0,1.0,0.0,1.0,1.0,1.0,1.0,1.0,0.0,1.0,1.0
Codec,14,0.0,0.0,0.0,0.25,6.0,11.5,0.0,0.0,1.0,0.2980769230769231,5.0,9.5,0.0,0.0,1.0,0.28846153846153844,5.0,10.0,0.0,0.0,0.0,0.3076923076923077,6.0,11.5,0.0,0.0,1.0,0.2980769230769231,5.0,9.5,0.0,0.0,1.0,0.28846153846153844,5.0,11.0,0.0,0.0,1.0,0.2980769230769231,5.0,9.0,0.0,0.0,1.0,0.2403846153846154,5.0,10.5,0.0,0.0,1.0,0.2980769230769231,5.0,9.5,0.0,0.0,1.0,0.28846153846153844,5.0,11.0,0.0,0.0,0.0,0.47115384615384615,8.0,10.5,0.0,1.0,1.0,0.13414634146341464,2.0,4.5,0.0,0.0,0.0,0.46153846153846156,7.0,10.0,0.0,1.0,1.0,0.13414634146341464,2.0,4.5,0.0,1.0,1.0,0.07692307692307693,2.0,4.5
Codec,15,0.0,1.0,1.0,0.06666666666666667,2.0,2.0,0.0,1.0,1.0,0.06666666666666667,2.0,2.0,0.0,1.0,1.0,0.06666666666666667,2.0,2.0,0.0,1.0,1.0,0.06666666666666667,2.0,2.0,0.0,1.0,1.0,0.06666666666666667,2.0,2.0,0.0,1.0,1.0,0.06666666666666667,2.0,2.0,0.0,1.0,1.0,0.06666666666666667,2.0,2.0,0.0,1.0,1.0,0.06666666666666667,2.0,2.0,0.0,1.0,1.0,0.06666666666666667,2.0,2.0,0.0,1.0,1.0,0.06666666666666667,2.0,2.0,0.0,1.0,1.0,0.6,2.0,2.0,0.0,1.0,1.0,0.07692307692307693,2.0,2.0,0.0,1.0,1.0,0.6,2.0,2.0,0.0,1.0,1.0,0.07692307692307693,2.0,2.0,0.0,0.0,1.0,0.6,5.0,5.0
Codec,16,0.0,1.0,1.0,0.041666666666666664,2.0,2.0,0.0,1.0,1.0,0.041666666666666664,2.0,2.0,0.0,1.0,1.0,0.041666666666666664,2.0,2.0,0.0,1.0,1.0,0.041666666666666664,2.0,2.0,0.0,1.0,1.0,0.041666666666666664,2.0,2.0,0.0,1.0,1.0,0.041666666666666664,2.0,2.0,0.0,1.0,1.0,0.041666666666666664,2.0,2.0,0.0,1.0,1.0,0.041666666666666664,2.0,2.0,0.0,1.0,1.0,0.041666666666666664,2.0,2.0,0.0,1.0,1.0,0.041666666666666664,2.0,2.0,0.0,1.0,1.0,0.9583333333333334,2.0,2.0,0.0,1.0,1.0,0.043478260869565216,2.0,2.0,0.0,1.0,1.0,0.9583333333333334,3.0,3.0,0.0,1.0,1.0,0.043478260869565216,2.0,2.0,0.0,0.0,0.0,0.5,9.0,9.0
Codec,17,1.0,1.0,1.0,0.0,1.0,1.0,1.0,1.0,1.0,0.0,1.0,1.0,1.0,1.0,1.0,0.0,1.0,1.0,1.0,1.0,1.0,0.0,1.0,1.0,1.0,1.0,1.0,0.0,1.0,1.0,1.0,1.0,1.0,0.0,1.0,1.0,1.0,1.0,1.0,0.0,1.0,1.0,1.0,1.0,1.0,0.0,1.0,1.0,1.0,1.0,1.0,0.0,1.0,1.0,1.0,1.0,1.0,0.0,1.0,1.0,0.0,1.0,1.0,0.8695652173913043,2.0,2.0,1.0,1.0,1.0,0.0,1.0,1.0,1.0,1.0,1.0,0.0,1.0,1.0,1.0,1.0,1.0,0.0,1.0,1.0,1.0,1.0,1.0,0.0,1.0,1.0
Codec,18,0.0,1.0,1.0,0.045454545454545456,2.0,2.0,1.0,1.0,1.0,0.0,1.0,1.0,0.0,1.0,1.0,0.045454545454545456,2.0,2.0,1.0,1.0,1.0,0.0,1.0,1.0,0.0,1.0,1.0,0.045454545454545456,2.0,2.0,0.0,1.0,1.0,0.045454545454545456,2.0,2.0,0.0,1.0,1.0,0.045454545454545456,2.0,2.0,0.0,1.0,1.0,0.045454545454545456,2.0,2.0,0.0,1.0,1.0,0.045454545454545456,2.0,2.0,0.0,1.0,1.0,0.045454545454545456,2.0,2.0,0.0,1.0,1.0,0.9545454545454546,3.0,3.0,0.0,1.0,1.0,0.047619047619047616,2.0,2.0,0.0,1.0,1.0,0.9545454545454546,3.0,3.0,0.0,1.0,1.0,0.047619047619047616,2.0,2.0,0.0,0.0,1.0,0.5909090909090909,5.0,5.0
Csv,1,0.0,0.0,0.0,0.391304347826087,10.0,10.0,0.0,0.0,0.0,0.391304347826087,10.0,10.0,0.0,0.0,0.0,0.391304347826087,10.0,10.0,0.0,0.0,0.0,0.391304347826087,10.0,10.0,0.0,0.0,0.0,0.391304347826087,10.0,10.0,0.0,0.0,0.0,0.391304347826087,10.0,10.0,0.0,0.0,0.0,0.391304347826087,10.0,10.0,0.0,0.0,0.0,0.391304347826087,10.0,10.0,0.0,0.0,0.0,0.391304347826087,10.0,10.0,0.0,0.0,0.0,0.391304347826087,10.0,10.0,1.0,1.0,1.0,0.0,1.0,1.0,0.0,0.0,0.0,0.36923076923076925,10.0,10.0,1.0,1.0,1.0,0.0,1.0,1.0,0.0,0.0,0.0,0.36923076923076925,10.0,10.0,0.0,0.0,1.0,0.2608695652173913,5.0,5.0
Csv,2,1.0,1.0,1.0,0.0,1.0,1.0,1.0,1.0,1.0,0.0,1.0,1.0,1.0,1.0,1.0,0.0,1.0,1.0,1.0,1.0,1.0,0.0,1.0,1.0,1.0,1.0,1.0,0.0,1.0,1.0,1.0,1.0,1.0,0.0,1.0,1.0,1.0,1.0,1.0,0.0,1.0,1.0,1.0,1.0,1.0,0.0,1.0,1.0,1.0,1.0,1.0,0.0,1.0,1.0,1.0,1.0,1.0,0.0,1.0,1.0,1.0,1.0,1.0,0.0,1.0,1.0,0.0,1.0,1.0,0.16666666666666666,2.0,2.0,0.0,1.0,1.0,0.16666666666666666,2.0,2.0,0.0,1.0,1.0,0.16666666666666666,2.0,2.0,0.0,0.0,1.0,0.6666666666666666,4.0,4.0
Csv,3,1.0,1.0,1.0,0.0,1.0,1.0,1.0,1.0,1.0,0.0,1.0,1.0,1.0,1.0,1.0,0.0,1.0,1.0,1.0,1.0,1.0,0.0,1.0,1.0,1.0,1.0,1.0,0.0,1.0,1.0,1.0,1.0,1.0,0.0,1.0,1.0,1.0,1.0,1.0,0.0,1.0,1.0,1.0,1.0,1.0,0.0,1.0,1.0,1.0,1.0,1.0,0.0,1.0,1.0,1.0,1.0,1.0,0.0,1.0,1.0,0.0,0.0,0.0,0.6063829787234043,11.0,11.0,1.0,1.0,1.0,0.0,1.0,1.0,0.0,0.0,0.0,0.6063829787234043,11.0,11.0,1.0,1.0,1.0,0.0,1.0,1.0,1.0,1.0,1.0,0.0,1.0,1.0
Csv,4,1.0,1.0,1.0,0.0,1.0,1.0,1.0,1.0,1.0,0.0,1.0,1.0,1.0,1.0,1.0,0.0,1.0,1.0,1.0,1.0,1.0,0.0,1.0,1.0,1.0,1.0,1.0,0.0,1.0,1.0,1.0,1.0,1.0,0.0,1.0,1.0,1.0,1.0,1.0,0.0,1.0,1.0,1.0,1.0,1.0,0.0,1.0,1.0,1.0,1.0,1.0,0.0,1.0,1.0,1.0,1.0,1.0,0.0,1.0,1.0,0.0,1.0,1.0,0.6813186813186813,2.0,2.0,1.0,1.0,1.0,0.0,1.0,1.0,1.0,1.0,1.0,0.0,1.0,1.0,1.0,1.0,1.0,0.0,1.0,1.0,1.0,1.0,1.0,0.0,1.0,1.0
Csv,5,0.0,0.0,0.0,0.1111111111111111,6.0,6.0,0.0,0.0,0.0,0.1111111111111111,6.0,6.0,0.0,0.0,0.0,0.1111111111111111,6.0,6.0,0.0,0.0,0.0,0.1111111111111111,6.0,6.0,0.0,0.0,0.0,0.1111111111111111,6.0,6.0,0.0,0.0,0.0,0.1111111111111111,6.0,6.0,0.0,0.0,0.0,0.1111111111111111,6.0,6.0,0.0,0.0,0.0,0.1111111111111111,6.0,6.0,0.0,0.0,0.0,0.1111111111111111,6.0,6.0,0.0,0.0,0.0,0.1111111111111111,6.0,6.0,0.0,0.0,0.0,0.8148148148148148,8.0,8.0,0.0,0.0,0.0,0.3076923076923077,7.0,7.0,0.0,0.0,0.0,0.8148148148148148,8.0,8.0,0.0,0.0,0.0,0.3076923076923077,7.0,7.0,0.0,0.0,0.0,0.5925925925925926,15.0,15.0
Csv,6,0.0,1.0,1.0,0.009433962264150943,2.0,2.0,0.0,1.0,1.0,0.009433962264150943,2.0,2.0,0.0,1.0,1.0,0.009433962264150943,2.0,2.0,0.0,1.0,1.0,0.009433962264150943,2.0,2.0,0.0,1.0,1.0,0.009433962264150943,2.0,2.0,0.0,1.0,1.0,0.009433962264150943,2.0,2.0,0.0,1.0,1.0,0.009433962264150943,2.0,2.0,0.0,1.0,1.0,0.009433962264150943,2.0,2.0,0.0,1.0,1.0,0.009433962264150943,2.0,2.0,0.0,1.0,1.0,0.009433962264150943,2.0,2.0,0.0,1.0,1.0,0.49056603773584906,3.0,3.0,0.0,1.0,1.0,0.009708737864077669,2.0,2.0,0.0,1.0,1.0,0.49056603773584906,3.0,3.0,0.0,1.0,1.0,0.009708737864077669,2.0,2.0,0.0,1.0,1.0,0.03773584905660377,3.0,3.0
Csv,7,0.0,0.0,0.0,0.07547169811320754,6.0,6.0,0.0,0.0,0.0,0.07547169811320754,6.0,6.0,0.0,0.0,0.0,0.07547169811320754,6.0,6.0,0.0,0.0,0.0,0.07547169811320754,6.0,6.0,0.0,0.0,0.0,0.07547169811320754,6.0,6.0,0.0,0.0,0.0,0.07547169811320754,6.0,6.0,0.0,0.0,0.0,0.0660377358490566,6.0,6.0,0.0,0.0,0.0,0.07547169811320754,6.0,6.0,0.0,0.0,0.0,0.07547169811320754,6.0,6.0,0.0,0.0,0.0,0.07547169811320754,6.0,6.0,0.0,0.0,0.0,0.7075471698113207,7.0,7.0,0.0,0.0,0.0,0.1650485436893204,7.0,7.0,0.0,0.0,0.0,0.7075471698113207,7.0,7.0,0.0,0.0,0.0,0.1650485436893204,7.0,7.0,0.0,0.0,0.0,0.7075471698113207,32.0,32.0
Csv,8,0.0,1.0,1.0,0.02631578947368421,2.0,2.5,0.0,1.0,1.0,0.02631578947368421,2.0,2.5,0.0,1.0,1.0,0.02631578947368421,2.0,2.5,0.0,1.0,1.0,0.02631578947368421,2.0,2.5,0.0,1.0,1.0,0.02631578947368421,2.0,2.5,0.0,1.0,1.0,0.02631578947368421,2.0,2.5,0.0,1.0,1.0,0.02631578947368421,2.0,2.5,0.0,1.0,1.0,0.02631578947368421,2.0,2.5,0.0,1.0,1.0,0.02631578947368421,2.0,2.5,0.0,1.0,1.0,0.02631578947368421,2.0,2.5,0.0,1.0,1.0,0.8421052631578947,2.0,3.0,1.0,1.0,1.0,0.0,1.0,2.0,1.0,1.0,1.0,0.0,1.0,2.5,1.0,1.0,1.0,0.0,1.0,2.0,1.0,1.0,1.0,0.0,1.0,11.0
Csv,9,0.0,1.0,1.0,0.009433962264150943,2.0,2.0,0.0,1.0,1.0,0.009433962264150943,2.0,2.0,0.0,1.0,1.0,0.009433962264150943,2.0,2.0,0.0,1.0,1.0,0.009433962264150943,2.0,2.0,0.0,1.0,1.0,0.009433962264150943,2.0,2.0,0.0,1.0,1.0,0.009433962264150943,2.0,2.0,0.0,1.0,1.0,0.009433962264150943,2.0,2.0,0.0,1.0,1.0,0.009433962264150943,2.0,2.0,0.0,1.0,1.0,0.009433962264150943,2.0,2.0,0.0,1.0,1.0,0.009433962264150943,2.0,2.0,0.0,1.0,1.0,0.5,3.0,3.0,0.0,1.0,1.0,0.009708737864077669,2.0,2.0,0.0,1.0,1.0,0.5,3.0,3.0,0.0,1.0,1.0,0.009708737864077669,2.0,2.0,0.0,0.0,1.0,0.0660377358490566,4.0,4.0
Csv,10,0.0,0.0,1.0,0.09090909090909091,5.0,5.0,0.0,0.0,1.0,0.09090909090909091,5.0,5.0,0.0,0.0,1.0,0.09090909090909091,5.0,5.0,0.0,0.0,1.0,0.09090909090909091,5.0,5.0,0.0,0.0,1.0,0.09090909090909091,5.0,5.0,0.0,0.0,1.0,0.09090909090909091,5.0,5.0,0.0,0.0,1.0,0.09090909090909091,5.0,5.0,0.0,0.0,1.0,0.09090909090909091,5.0,5.0,0.0,0.0,1.0,0.09090909090909091,5.0,5.0,0.0,0.0,1.0,0.09090909090909091,5.0,5.0,0.0,0.0,0.0,0.8545454545454545,6.0,6.0,0.0,0.0,0.0,0.2830188679245283,6.0,6.0,0.0,0.0,0.0,0.8545454545454545,6.0,6.0,0.0,0.0,0.0,0.2830188679245283,6.0,6.0,0.0,0.0,0.0,0.7272727272727273,20.0,20.0
Csv,11,0.0,0.0,0.0,0.08256880733944955,8.0,8.0,0.0,0.0,0.0,0.08256880733944955,8.0,8.0,0.0,0.0,0.0,0.08256880733944955,8.0,8.0,0.0,0.0,0.0,0.08256880733944955,8.0,8.0,0.0,0.0,0.0,0.08256880733944955,8.0,8.0,0.0,0.0,0.0,0.08256880733944955,8.0,8.0,0.0,0.0,0.0,0.09174311926605505,8.0,8.0,0.0,0.0,0.0,0.08256880733944955,8.0,8.0,0.0,0.0,0.0,0.08256880733944955,8.0,8.0,0.0,0.0,0.0,0.08256880733944955,8.0,8.0,0.0,0.0,0.0,0.7431192660550459,10.0,10.0,0.0,0.0,0.0,0.20754716981132076,9.0,9.0,0.0,0.0,0.0,0.7431192660550459,10.0,10.0,0.0,0.0,0.0,0.20754716981132076,9.0,9.0,0.0,0.0,0.0,0.7431192660550459,35.0,35.0
Csv,12,0.0,0.0,0.0,0.3853211009174312,24.0,24.0,0.0,0.0,0.0,0.3853211009174312,24.0,24.0,0.0,0.0,0.0,0.3853211009174312,24.0,24.0,0.0,0.0,0.0,0.3853211009174312,24.0,24.0,0.0,0.0,0.0,0.3853211009174312,24.0,24.0,0.0,0.0,0.0,0.3853211009174312,24.0,24.0,0.0,0.0,0.0,0.41284403669724773,24.0,24.0,0.0,0.0,0.0,0.3853211009174312,24.0,24.0,0.0,0.0,0.0,0.3853211009174312,24.0,24.0,0.0,0.0,0.0,0.3853211009174312,24.0,24.0,0.0,0.0,1.0,0.6055045871559633,5.0,5.0,0.0,0.0,1.0,0.02830188679245283,4.0,4.0,0.0,0.0,1.0,0.6055045871559633,5.0,5.0,0.0,0.0,1.0,0.02830188679245283,4.0,4.0,0.0,0.0,0.0,0.5229357798165137,25.0,25.0
Csv,13,0.0,0.0,0.0,0.07462686567164178,10.0,10.0,0.0,0.0,0.0,0.1791044776119403,11.0,11.0,0.0,0.0,0.0,0.07462686567164178,10.0,10.0,0.0,0.0,0.0,0.05970149253731343,8.0,8.0,0.0,0.0,0.0,0.1791044776119403,11.0,11.0,0.0,0.0,0.0,0.07462686567164178,10.0,10.0,0.0,0.0,0.0,0.1791044776119403,10.0,10.0,0.0,0.0,0.0,0.07462686567164178,10.0,10.0,0.0,0.0,0.0,0.1791044776119403,11.0,11.0,0.0,0.0,0.0,0.07462686567164178,10.0,10.0,0.0,0.0,0.0,0.8208955223880597,8.0,8.0,0.0,0.0,0.0,0.18604651162790697,10.0,10.0,0.0,0.0,0.0,0.8208955223880597,8.0,8.0,0.0,0.0,0.0,0.18604651162790697,10.0,10.0,0.0,0.0,0.0,0.6865671641791045,33.0,33.0
Csv,14,0.0,1.0,1.0,0.02702702702702703,3.0,3.0,0.0,1.0,1.0,0.013513513513513514,2.0,2.0,0.0,1.0,1.0,0.013513513513513514,2.0,2.0,0.0,1.0,1.0,0.02702702702702703,3.0,3.0,0.0,1.0,1.0,0.013513513513513514,2.0,2.0,0.0,1.0,1.0,0.013513513513513514,2.0,2.0,0.0,1.0,1.0,0.013513513513513514,2.0,2.0,0.0,1.0,1.0,0.013513513513513514,2.0,2.0,0.0,1.0,1.0,0.013513513513513514,2.0,2.0,0.0,1.0,1.0,0.013513513513513514,2.0,2.0,0.0,0.0,1.0,0.8378378378378378,5.0,5.0,0.0,1.0,1.0,0.2361111111111111,3.0,3.0,0.0,0.0,1.0,0.8378378378378378,4.0,4.0,0.0,1.0,1.0,0.2361111111111111,3.0,3.0,0.0,1.0,1.0,0.22972972972972974,3.0,3.0
Csv,15,0.0,1.0,1.0,0.03896103896103896,3.0,3.0,0.0,1.0,1.0,0.03896103896103896,3.0,3.0,0.0,1.0,1.0,0.03896103896103896,3.0,3.0,0.0,1.0,1.0,0.03896103896103896,3.0,3.0,0.0,1.0,1.0,0.03896103896103896,3.0,3.0,0.0,1.0,1.0,0.03896103896103896,3.0,3.0,0.0,1.0,1.0,0.03896103896103896,3.0,3.0,0.0,1.0,1.0,0.03896103896103896,3.0,3.0,0.0,1.0,1.0,0.03896103896103896,3.0,3.0,0.0,1.0,1.0,0.03896103896103896,3.0,3.0,0.0,0.0,1.0,0.8181818181818182,5.0,5.0,0.0,0.0,1.0,0.26666666666666666,4.0,4.0,0.0,0.0,1.0,0.8181818181818182,5.0,5.0,0.0,0.0,1.0,0.26666666666666666,4.0,4.0,0.0,0.0,0.0,0.7532467532467533,22.0,22.0
Csv,16,0.0,0.0,1.0,0.05714285714285714,5.0,7.0,0.0,0.0,1.0,0.05714285714285714,5.0,7.0,0.0,0.0,1.0,0.05714285714285714,5.0,7.0,0.0,0.0,1.0,0.05714285714285714,5.0,7.0,0.0,0.0,1.0,0.05714285714285714,5.0,7.0,0.0,0.0,1.0,0.05714285714285714,5.0,7.0,0.0,0.0,1.0,0.05714285714285714,5.0,7.0,0.0,0.0,1.0,0.05714285714285714,5.0,7.0,0.0,0.0,1.0,0.05714285714285714,5.0,7.0,0.0,0.0,1.0,0.05714285714285714,5.0,7.0,0.0,0.0,1.0,0.7285714285714285,5.0,7.0,0.0,0.0,1.0,0.2,5.0,7.0,0.0,0.0,1.0,0.7285714285714285,5.0,7.0,0.0,0.0,1.0,0.2,5.0,7.0,0.0,0.0,0.0,0.6071428571428571,23.0,29.0
Cli,1,0.0,1.0,1.0,0.020833333333333332,2.0,26.166666666666668,0.0,1.0,1.0,0.03125,3.0,26.833333333333332,0.0,1.0,1.0,0.020833333333333332,2.0,26.666666666666668,0.0,1.0,1.0,0.03125,3.0,24.333333333333332,0.0,1.0,1.0,0.03125,3.0,26.833333333333332,0.0,1.0,1.0,0.03125,3.0,25.166666666666668,0.0,0.0,0.0,0.2604166666666667,15.0,29.166666666666668,0.0,1.0,1.0,0.020833333333333332,2.0,26.666666666666668,0.0,1.0,1.0,0.03125,3.0,26.833333333333332,0.0,0.0,0.0,0.15625,6.0,22.833333333333332,1.0,1.0,1.0,0.125,1.0,2.8333333333333335,0.0,0.0,0.0,0.14942528735632185,9.0,25.0,0.0,1.0,1.0,0.2604166666666667,2.0,3.8333333333333335,0.0,0.0,0.0,0.13793103448275862,8.0,24.8,0.0,0.0,1.0,0.16666666666666666,5.0,10.666666666666666
Cli,2,0.0,0.0,0.0,0.07216494845360824,7.0,7.0,0.0,0.0,0.0,0.18556701030927836,10.0,10.0,0.0,0.0,0.0,0.07216494845360824,6.0,6.0,0.0,0.0,0.0,0.07216494845360824,7.0,7.0,0.0,0.0,0.0,0.18556701030927836,8.0,8.0,0.0,0.0,0.0,0.07216494845360824,7.0,7.0,0.0,0.0,0.0,0.28865979381443296,18.0,18.0,0.0,0.0,0.0,0.07216494845360824,7.0,7.0,0.0,0.0,0.0,0.18556701030927836,8.0,8.0,0.0,0.0,0.0,0.18556701030927836,9.0,9.0,0.0,0.0,0.0,0.5463917525773195,7.0,7.0,0.0,0.0,0.0,0.3181818181818182,16.0,16.0,0.0,0.0,0.0,0.5670103092783505,9.0,9.0,0.0,0.0,0.0,0.3181818181818182,16.0,16.0,0.0,0.0,0.0,0.4948453608247423,22.0,22.0
Cli,3,1.0,1.0,1.0,0.0,1.0,1.0,1.0,1.0,1.0,0.0,1.0,1.0,1.0,1.0,1.0,0.0,1.0,1.0,1.0,1.0,1.0,0.0,1.0,1.0,1.0,1.0,1.0,0.0,1.0,1.0,1.0,1.0,1.0,0.0,1.0,1.0,0.0,0.0,0.0,0.21428571428571427,15.0,15.0,1.0,1.0,1.0,0.0,1.0,1.0,1.0,1.0,1.0,0.0,1.0,1.0,0.0,0.0,1.0,0.10714285714285714,4.0,4.0,0.0,1.0,1.0,0.42857142857142855,2.0,2.0,1.0,1.0,1.0,0.0,1.0,1.0,1.0,1.0,1.0,0.0,1.0,1.0,1.0,1.0,1.0,0.0,1.0,1.0,0.0,1.0,1.0,0.07142857142857142,3.0,3.0
Cli,4,0.0,0.0,0.0,0.3263157894736842,20.0,20.0,0.0,0.0,0.0,0.3263157894736842,19.0,19.0,0.0,0.0,0.0,0.3263157894736842,20.0,20.0,0.0,0.0,0.0,0.24210526315789474,14.0,14.0,0.0,0.0,0.0,0.3263157894736842,17.0,17.0,0.0,0.0,0.0,0.24210526315789474,13.0,13.0,0.0,0.0,0.0,0.29473684210526313,16.0,16.0,0.0,0.0,0.0,0.3263157894736842,20.0,20.0,0.0,0.0,0.0,0.3263157894736842,17.0,17.0,0.0,0.0,0.0,0.24210526315789474,13.0,13.0,0.0,0.0,0.0,0.7789473684210526,13.0,13.0,0.0,0.0,0.0,0.3522727272727273,18.0,18.0,0.0,0.0,0.0,0.8105263157894737,16.0,16.0,0.0,0.0,0.0,0.3522727272727273,18.0,18.0,0.0,0.0,0.0,0.7052631578947368,32.0,32.0
Cli,5,0.0,0.0,1.0,0.03571428571428571,4.0,4.0,0.0,0.0,1.0,0.03571428571428571,4.0,4.0,0.0,0.0,1.0,0.03571428571428571,4.0,4.0,0.0,0.0,0.0,0.2261904761904762,12.0,12.0,0.0,0.0,1.0,0.03571428571428571,4.0,4.0,0.0,0.0,0.0,0.10714285714285714,7.0,7.0,0.0,1.0,1.0,0.011904761904761904,2.0,2.0,0.0,0.0,1.0,0.03571428571428571,4.0,4.0,0.0,0.0,1.0,0.03571428571428571,4.0,4.0,0.0,0.0,0.0,0.13095238095238096,8.0,8.0,0.0,0.0,0.0,0.9880952380952381,22.0,22.0,0.0,0.0,0.0,0.14473684210526316,9.0,9.0,0.0,0.0,0.0,0.9880952380952381,22.0,22.0,0.0,0.0,0.0,0.14473684210526316,9.0,9.0,0.0,0.0,0.0,0.4642857142857143,17.0,17.0
Cli,7,0.0,0.0,0.0,,,,0.0,0.0,0.0,,,,0.0,0.0,0.0,,,,0.0,0.0,0.0,,,,0.0,0.0,0.0,,,,0.0,0.0,0.0,,,,0.0,0.0,0.0,,,,0.0,0.0,0.0,,,,0.0,0.0,0.0,,,,0.0,0.0,0.0,,,,0.0,0.0,0.0,,,,0.0,0.0,0.0,,,,0.0,0.0,0.0,,,,0.0,0.0,0.0,,,,0.0,0.0,0.0,,,
Cli,8,0.0,0.0,1.0,0.16666666666666666,5.0,5.0,0.0,1.0,1.0,0.1,2.0,2.0,0.0,1.0,1.0,0.13333333333333333,3.0,3.0,0.0,0.0,0.0,0.2,6.0,6.0,0.0,1.0,1.0,0.1,3.0,3.0,0.0,0.0,1.0,0.16666666666666666,5.0,5.0,0.0,1.0,1.0,0.03333333333333333,2.0,2.0,0.0,0.0,1.0,0.13333333333333333,4.0,4.0,0.0,1.0,1.0,0.1,3.0,3.0,0.0,0.0,1.0,0.23333333333333334,5.0,5.0,0.0,0.0,0.0,0.9333333333333333,7.0,7.0,0.0,1.0,1.0,0.14285714285714285,2.0,2.0,0.0,0.0,1.0,0.3333333333333333,4.0,4.0,0.0,0.0,1.0,0.35714285714285715,4.0,4.0,0.0,1.0,1.0,0.06666666666666667,2.0,2.0
Cli,9,0.0,0.0,0.0,0.3106796116504854,22.0,22.0,0.0,0.0,0.0,0.3106796116504854,21.0,21.0,0.0,0.0,0.0,0.32038834951456313,21.0,21.0,0.0,0.0,0.0,0.2815533980582524,21.0,21.0,0.0,0.0,0.0,0.3106796116504854,22.0,22.0,0.0,0.0,0.0,0.22330097087378642,16.0,16.0,0.0,0.0,0.0,0.30097087378640774,20.0,20.0,0.0,0.0,0.0,0.32038834951456313,22.0,22.0,0.0,0.0,0.0,0.3106796116504854,22.0,22.0,0.0,0.0,0.0,0.24271844660194175,16.0,16.0,0.0,0.0,0.0,0.7961165048543689,21.0,21.0,0.0,0.0,0.0,0.3684210526315789,21.0,21.0,0.0,0.0,0.0,0.8058252427184466,22.0,22.0,0.0,0.0,0.0,0.3684210526315789,21.0,21.0,0.0,0.0,0.0,0.7281553398058253,36.0,36.0
Cli,10,0.0,0.0,0.0,0.4339622641509434,28.0,28.0,0.0,0.0,0.0,0.4339622641509434,28.0,28.0,0.0,0.0,0.0,0.4339622641509434,27.0,27.0,0.0,0.0,0.0,0.36792452830188677,21.0,21.0,0.0,0.0,0.0,0.4339622641509434,28.0,28.0,0.0,0.0,0.0,0.41509433962264153,26.0,26.0,0.0,0.0,0.0,0.4339622641509434,28.0,28.0,0.0,0.0,0.0,0.4339622641509434,28.0,28.0,0.0,0.0,0.0,0.4339622641509434,28.0,28.0,0.0,0.0,0.0,0.4056603773584906,23.0,23.0,0.0,0.0,0.0,0.6415094339622641,6.0,6.0,0.0,0.0,0.0,0.3877551020408163,21.0,21.0,0.0,0.0,0.0,0.660377358490566,8.0,8.0,0.0,0.0,0.0,0.3877551020408163,21.0,21.0,0.0,0.0,0.0,0.6320754716981132,29.0,29.0
Cli,11,0.0,0.0,0.0,0.17647058823529413,9.0,9.0,0.0,0.0,0.0,0.17647058823529413,9.0,9.0,0.0,0.0,0.0,0.17647058823529413,7.0,7.0,0.0,0.0,0.0,0.17647058823529413,9.0,9.0,0.0,0.0,0.0,0.17647058823529413,9.0,9.0,0.0,0.0,0.0,0.17647058823529413,9.0,9.0,0.0,0.0,0.0,0.32941176470588235,20.0,20.0,0.0,0.0,0.0,0.17647058823529413,7.0,7.0,0.0,0.0,0.0,0.17647058823529413,9.0,9.0,0.0,0.0,0.0,0.18823529411764706,10.0,10.0,0.0,0.0,0.0,0.6823529411764706,6.0,6.0,0.0,0.0,0.0,0.3880597014925373,17.0,17.0,0.0,0.0,0.0,0.6823529411764706,6.0,6.0,0.0,0.0,0.0,0.3880597014925373,17.0,17.0,0.0,0.0,0.0,0.5764705882352941,15.0,15.0
Cli,12,0.0,0.0,1.0,0.05154639175257732,4.0,4.0,0.0,1.0,1.0,0.010309278350515464,2.0,2.0,0.0,1.0,1.0,0.010309278350515464,2.0,2.0,0.0,1.0,1.0,0.010309278350515464,2.0,2.0,0.0,1.0,1.0,0.010309278350515464,2.0,2.0,0.0,1.0,1.0,0.010309278350515464,2.0,2.0,0.0,0.0,0.0,0.26804123711340205,17.0,17.0,0.0,1.0,1.0,0.041237113402061855,3.0,3.0,0.0,1.0,1.0,0.010309278350515464,2.0,2.0,0.0,1.0,1.0,0.010309278350515464,2.0,2.0,0.0,0.0,0.0,0.6597938144329897,15.0,15.0,0.0,0.0,0.0,0.13186813186813187,9.0,9.0,0.0,0.0,0.0,0.5154639175257731,8.0,8.0,0.0,0.0,0.0,0.15384615384615385,10.0,10.0,0.0,0.0,0.0,0.28865979381443296,11.0,11.0
Cli,13,0.0,0.0,0.0,0.15757575757575756,17.0,17.0,0.0,0.0,0.0,0.15757575757575756,17.0,17.0,0.0,0.0,0.0,0.15757575757575756,17.0,17.0,0.0,0.0,0.0,0.15757575757575756,17.0,17.0,0.0,0.0,0.0,0.15757575757575756,17.0,17.0,0.0,0.0,0.0,0.15757575757575756,17.0,17.0,0.0,0.0,0.0,0.15757575757575756,17.0,17.0,0.0,0.0,0.0,0.15757575757575756,17.0,17.0,0.0,0.0,0.0,0.15757575757575756,17.0,17.0,0.0,0.0,0.0,0.15757575757575756,17.0,17.0,0.0,0.0,0.0,0.7454545454545455,18.0,18.0,0.0,0.0,0.0,0.16049382716049382,17.0,17.0,0.0,0.0,0.0,0.7454545454545455,18.0,18.0,0.0,0.0,0.0,0.16049382716049382,17.0,17.0,0.0,0.0,0.0,0.703030303030303,46.0,46.0
Cli,14,0.0,0.0,0.0,0.10576923076923077,15.0,15.0,0.0,0.0,0.0,0.10576923076923077,15.0,15.0,0.0,0.0,0.0,0.10576923076923077,15.0,15.0,0.0,0.0,0.0,0.10576923076923077,15.0,15.0,0.0,0.0,0.0,0.10576923076923077,15.0,15.0,0.0,0.0,0.0,0.10576923076923077,15.0,15.0,0.0,0.0,0.0,0.10576923076923077,15.0,15.0,0.0,0.0,0.0,0.10576923076923077,15.0,15.0,0.0,0.0,0.0,0.10576923076923077,15.0,15.0,0.0,0.0,0.0,0.10576923076923077,15.0,15.0,0.0,0.0,0.0,0.7115384615384616,15.0,15.0,0.0,0.0,0.0,0.1073170731707317,15.0,15.0,0.0,0.0,0.0,0.7115384615384616,15.0,15.0,0.0,0.0,0.0,0.1073170731707317,15.0,15.0,0.0,0.0,0.0,0.6730769230769231,47.0,47.0
Cli,15,0.0,0.0,0.0,0.20418848167539266,30.0,30.0,0.0,0.0,0.0,0.20418848167539266,30.0,30.0,0.0,0.0,0.0,0.20418848167539266,30.0,30.0,0.0,0.0,0.0,0.20418848167539266,30.0,30.0,0.0,0.0,0.0,0.20418848167539266,30.0,30.0,0.0,0.0,0.0,0.20418848167539266,30.0,30.0,0.0,0.0,0.0,0.193717277486911,28.0,28.0,0.0,0.0,0.0,0.20418848167539266,30.0,30.0,0.0,0.0,0.0,0.20418848167539266,30.0,30.0,0.0,0.0,0.0,0.193717277486911,28.0,28.0,0.0,0.0,0.0,0.8115183246073299,29.0,29.0,0.0,0.0,0.0,0.22340425531914893,30.0,30.0,0.0,0.0,0.0,0.8115183246073299,29.0,29.0,0.0,0.0,0.0,0.22340425531914893,30.0,30.0,0.0,0.0,0.0,0.806282722513089,67.0,67.0
Cli,16,0.0,0.0,0.0,0.3235294117647059,56.0,66.0,0.0,0.0,0.0,0.23949579831932774,39.0,48.5,0.0,0.0,0.0,0.2773109243697479,46.0,56.5,0.0,0.0,0.0,0.36554621848739494,62.0,69.0,0.0,0.0,0.0,0.25210084033613445,43.0,52.0,0.0,0.0,0.0,0.2689075630252101,47.0,56.5,0.0,0.0,0.0,0.15546218487394958,26.0,33.0,0.0,0.0,0.0,0.2773109243697479,49.0,60.0,0.0,0.0,0.0,0.25210084033613445,43.0,52.0,0.0,0.0,0.0,0.15966386554621848,27.0,41.5,0.0,0.0,0.0,0.8991596638655462,63.0,67.0,0.0,0.0,0.0,0.251063829787234,43.0,47.0,0.0,0.0,0.0,0.8991596638655462,63.0,67.0,0.0,0.0,0.0,0.2553191489361702,44.0,48.5,0.0,0.0,0.0,0.8319327731092437,81.0,89.5
Cli,17,0.0,0.0,1.0,0.0425531914893617,5.0,5.0,0.0,0.0,1.0,0.0425531914893617,5.0,5.0,0.0,0.0,1.0,0.0425531914893617,5.0,5.0,0.0,0.0,1.0,0.0425531914893617,5.0,5.0,0.0,0.0,1.0,0.0425531914893617,5.0,5.0,0.0,0.0,1.0,0.0425531914893617,5.0,5.0,0.0,0.0,0.0,0.1702127659574468,14.0,14.0,0.0,0.0,1.0,0.0425531914893617,5.0,5.0,0.0,0.0,1.0,0.0425531914893617,5.0,5.0,0.0,0.0,1.0,0.0425531914893617,5.0,5.0,0.0,0.0,1.0,0.5425531914893617,5.0,5.0,0.0,0.0,0.0,0.1839080459770115,14.0,14.0,0.0,0.0,1.0,0.5425531914893617,5.0,5.0,0.0,0.0,0.0,0.1839080459770115,14.0,14.0,0.0,0.0,0.0,0.4787234042553192,21.0,21.0
Cli,18,0.0,0.0,0.0,0.05319148936170213,6.0,21.333333333333332,0.0,0.0,0.0,0.1702127659574468,14.0,24.0,0.0,0.0,0.0,0.10638297872340426,9.0,21.666666666666668,0.0,0.0,1.0,0.0425531914893617,5.0,18.666666666666668,0.0,0.0,0.0,0.1702127659574468,13.0,23.0,0.0,0.0,1.0,0.0425531914893617,5.0,19.666666666666668,0.0,0.0,0.0,0.1702127659574468,14.0,24.333333333333332,0.0,0.0,0.0,0.0851063829787234,8.0,21.333333333333332,0.0,0.0,0.0,0.1702127659574468,13.0,23.0,0.0,0.0,1.0,0.0425531914893617,5.0,18.333333333333332,1.0,1.0,1.0,0.2127659574468085,1.0,11.666666666666666,0.0,0.0,0.0,0.40229885057471265,25.0,28.333333333333332,1.0,1.0,1.0,0.20212765957446807,1.0,13.333333333333334,0.0,0.0,0.0,0.40229885057471265,25.0,28.333333333333332,0.0,0.0,1.0,0.13829787234042554,4.0,26.333333333333332
Cli,19,0.0,0.0,1.0,0.043010752688172046,5.0,5.0,0.0,0.0,0.0,0.16129032258064516,13.0,13.0,0.0,0.0,0.0,0.11827956989247312,9.0,9.0,0.0,0.0,1.0,0.043010752688172046,5.0,5.0,0.0,0.0,0.0,0.16129032258064516,13.0,13.0,0.0,0.0,1.0,0.043010752688172046,5.0,5.0,0.0,0.0,0.0,0.16129032258064516,13.0,13.0,0.0,0.0,0.0,0.0967741935483871,8.0,8.0,0.0,0.0,0.0,0.16129032258064516,13.0,13.0,0.0,0.0,1.0,0.043010752688172046,5.0,5.0,0.0,0.0,0.0,0.7419354838709677,18.0,18.0,0.0,0.0,0.0,0.4418604651162791,24.0,24.0,0.0,0.0,0.0,0.7634408602150538,20.0,20.0,0.0,0.0,0.0,0.4418604651162791,24.0,24.0,0.0,0.0,0.0,0.7956989247311828,36.0,36.0
Cli,20,0.0,0.0,0.0,0.3010752688172043,22.0,22.0,0.0,0.0,0.0,0.3010752688172043,22.0,22.0,0.0,0.0,0.0,0.3010752688172043,22.0,22.0,0.0,0.0,0.0,0.1935483870967742,15.0,15.0,0.0,0.0,0.0,0.3010752688172043,21.0,21.0,0.0,0.0,0.0,0.21505376344086022,17.0,17.0,0.0,0.0,0.0,0.3010752688172043,22.0,22.0,0.0,0.0,0.0,0.3010752688172043,22.0,22.0,0.0,0.0,0.0,0.3010752688172043,21.0,21.0,0.0,0.0,0.0,0.1935483870967742,15.0,15.0,0.0,0.0,0.0,0.7956989247311828,15.0,15.0,0.0,0.0,0.0,0.37209302325581395,22.0,22.0,0.0,0.0,0.0,0.8172043010752689,17.0,17.0,0.0,0.0,0.0,0.37209302325581395,22.0,22.0,0.0,0.0,0.0,0.7634408602150538,37.0,37.0
Cli,21,0.0,0.0,0.0,0.057971014492753624,11.0,25.0,0.0,0.0,0.0,0.057971014492753624,11.0,25.0,0.0,0.0,0.0,0.057971014492753624,11.0,25.0,0.0,0.0,0.0,0.057971014492753624,11.0,25.0,0.0,0.0,0.0,0.057971014492753624,11.0,25.0,0.0,0.0,0.0,0.057971014492753624,11.0,25.0,0.0,0.0,0.0,0.057971014492753624,11.0,25.0,0.0,0.0,0.0,0.057971014492753624,11.0,25.0,0.0,0.0,0.0,0.057971014492753624,11.0,25.0,0.0,0.0,0.0,0.057971014492753624,11.0,25.0,0.0,0.0,0.0,0.6714975845410628,12.0,27.666666666666668,0.0,0.0,0.0,0.058823529411764705,11.0,27.333333333333332,0.0,0.0,0.0,0.6714975845410628,12.0,27.666666666666668,0.0,0.0,0.0,0.058823529411764705,11.0,27.333333333333332,0.0,0.0,0.0,0.5748792270531401,37.0,60.666666666666664
Cli,22,0.0,1.0,1.0,0.009345794392523364,2.0,23.0,1.0,1.0,1.0,0.0,1.0,24.0,1.0,1.0,1.0,0.0,1.0,20.5,1.0,1.0,1.0,0.0,1.0,23.0,1.0,1.0,1.0,0.0,1.0,24.5,1.0,1.0,1.0,0.0,1.0,22.5,0.0,0.0,0.0,0.12149532710280374,10.0,30.5,0.0,1.0,1.0,0.009345794392523364,2.0,22.25,1.0,1.0,1.0,0.0,1.0,24.5,1.0,1.0,1.0,0.0,1.0,20.25,1.0,1.0,1.0,0.2897196261682243,1.0,17.25,0.0,0.0,1.0,0.039603960396039604,4.0,29.75,1.0,1.0,1.0,0.2803738317757009,1.0,18.25,0.0,0.0,1.0,0.04950495049504951,5.0,30.25,0.0,0.0,0.0,0.12149532710280374,6.0,36.0
Cli,23,0.0,0.0,0.0,0.12244897959183673,11.0,11.0,0.0,0.0,0.0,0.09183673469387756,9.0,9.0,0.0,0.0,0.0,0.10204081632653061,10.0,10.0,0.0,0.0,0.0,0.07142857142857142,7.0,7.0,0.0,0.0,0.0,0.10204081632653061,10.0,10.0,0.0,0.0,0.0,0.10204081632653061,10.0,10.0,0.0,0.0,0.0,0.17346938775510204,14.0,14.0,0.0,0.0,0.0,0.12244897959183673,9.0,9.0,0.0,0.0,0.0,0.10204081632653061,10.0,10.0,0.0,0.0,0.0,0.07142857142857142,7.0,7.0,0.0,0.0,0.0,0.7959183673469388,18.0,18.0,0.0,0.0,0.0,0.15789473684210525,13.0,13.0,0.0,0.0,0.0,0.7551020408163265,16.0,16.0,0.0,0.0,0.0,0.16842105263157894,13.0,13.0,0.0,0.0,0.0,0.1836734693877551,14.0,14.0
Cli,24,0.0,0.0,0.0,0.11627906976744186,10.0,10.0,0.0,0.0,0.0,0.10465116279069768,8.0,8.0,0.0,0.0,0.0,0.11627906976744186,8.0,8.0,0.0,0.0,0.0,0.08139534883720931,7.0,7.0,0.0,0.0,0.0,0.10465116279069768,8.0,8.0,0.0,0.0,0.0,0.10465116279069768,8.0,8.0,0.0,0.0,0.0,0.19767441860465115,14.0,14.0,0.0,0.0,0.0,0.11627906976744186,9.0,9.0,0.0,0.0,0.0,0.10465116279069768,8.0,8.0,0.0,0.0,0.0,0.08139534883720931,7.0,7.0,0.0,0.0,0.0,0.7209302325581395,14.0,14.0,0.0,0.0,0.0,0.21686746987951808,14.0,14.0,0.0,0.0,0.0,0.7325581395348837,16.0,16.0,0.0,0.0,0.0,0.2289156626506024,16.0,16.0,0.0,0.0,0.0,0.5348837209302325,18.0,18.0
Cli,25,0.0,0.0,0.0,0.11627906976744186,10.0,10.0,0.0,0.0,0.0,0.10465116279069768,8.0,8.0,0.0,0.0,0.0,0.11627906976744186,8.0,8.0,0.0,0.0,0.0,0.08139534883720931,7.0,7.0,0.0,0.0,0.0,0.10465116279069768,8.0,8.0,0.0,0.0,0.0,0.10465116279069768,8.0,8.0,0.0,0.0,0.0,0.19767441860465115,14.0,14.0,0.0,0.0,0.0,0.11627906976744186,9.0,9.0,0.0,0.0,0.0,0.10465116279069768,8.0,8.0,0.0,0.0,0.0,0.08139534883720931,7.0,7.0,0.0,0.0,0.0,0.7209302325581395,14.0,14.0,0.0,0.0,0.0,0.21686746987951808,14.0,14.0,0.0,0.0,0.0,0.7325581395348837,16.0,16.0,0.0,0.0,0.0,0.2289156626506024,16.0,16.0,0.0,0.0,0.0,0.5348837209302325,18.0,18.0
Cli,26,0.0,0.0,0.0,0.10714285714285714,7.0,7.0,0.0,0.0,0.0,0.14285714285714285,6.0,6.0,0.0,0.0,0.0,0.10714285714285714,7.0,7.0,0.0,0.0,0.0,0.10714285714285714,7.0,7.0,0.0,0.0,0.0,0.14285714285714285,6.0,6.0,0.0,0.0,0.0,0.10714285714285714,7.0,7.0,0.0,1.0,1.0,0.03571428571428571,3.0,3.0,0.0,0.0,0.0,0.10714285714285714,6.0,6.0,0.0,0.0,0.0,0.14285714285714285,6.0,6.0,0.0,0.0,1.0,0.05357142857142857,4.0,4.0,0.0,1.0,1.0,0.5714285714285714,3.0,3.0,0.0,0.0,0.0,0.22641509433962265,10.0,10.0,0.0,0.0,0.0,0.625,6.0,6.0,0.0,0.0,0.0,0.22641509433962265,11.0,11.0,0.0,0.0,0.0,0.5535714285714286,23.0,23.0
Cli,27,0.0,0.0,1.0,0.0234375,4.0,4.0,0.0,0.0,1.0,0.0234375,4.0,4.0,0.0,0.0,1.0,0.0234375,4.0,4.0,0.0,1.0,1.0,0.0078125,2.0,2.0,0.0,0.0,1.0,0.0234375,4.0,4.0,0.0,0.0,1.0,0.0234375,4.0,4.0,0.0,0.0,0.0,0.2109375,20.0,20.0,0.0,1.0,1.0,0.0234375,3.0,3.0,0.0,0.0,1.0,0.0234375,4.0,4.0,0.0,0.0,0.0,0.09375,7.0,7.0,0.0,0.0,0.0,0.6328125,17.0,17.0,0.0,0.0,0.0,0.0975609756097561,10.0,10.0,0.0,0.0,0.0,0.640625,18.0,18.0,0.0,0.0,0.0,0.10569105691056911,11.0,11.0,0.0,0.0,0.0,0.28125,15.0,15.0
Cli,28,0.0,0.0,0.0,0.4827586206896552,43.0,43.0,0.0,0.0,0.0,0.5,42.0,42.0,0.0,0.0,0.0,0.5,42.0,42.0,0.0,0.0,0.0,0.3793103448275862,31.0,31.0,0.0,0.0,0.0,0.5,43.0,43.0,0.0,0.0,0.0,0.43103448275862066,37.0,37.0,0.0,0.0,0.0,0.5,42.0,42.0,0.0,0.0,0.0,0.5,42.0,42.0,0.0,0.0,0.0,0.5,43.0,43.0,0.0,0.0,0.0,0.43103448275862066,37.0,37.0,0.0,0.0,0.0,0.7068965517241379,26.0,26.0,0.0,0.0,0.0,0.5765765765765766,46.0,46.0,0.0,0.0,0.0,0.7327586206896551,29.0,29.0,0.0,0.0,0.0,0.5765765765765766,46.0,46.0,0.0,0.0,0.0,0.9310344827586207,69.0,69.0
Cli,29,1.0,1.0,1.0,0.0,1.0,1.0,1.0,1.0,1.0,0.0,1.0,1.0,1.0,1.0,1.0,0.0,1.0,1.0,1.0,1.0,1.0,0.0,1.0,1.0,1.0,1.0,1.0,0.0,1.0,1.0,1.0,1.0,1.0,0.0,1.0,1.0,1.0,1.0,1.0,0.0,1.0,1.0,1.0,1.0,1.0,0.0,1.0,1.0,1.0,1.0,1.0,0.0,1.0,1.0,1.0,1.0,1.0,0.0,1.0,1.0,0.0,1.0,1.0,0.6666666666666666,2.0,2.0,1.0,1.0,1.0,0.0,1.0,1.0,0.0,1.0,1.0,0.6666666666666666,2.0,2.0,1.0,1.0,1.0,0.0,1.0,1.0,0.0,1.0,1.0,0.6666666666666666,2.0,2.0
Cli,30,0.0,0.0,0.0,0.11428571428571428,13.0,17.0,0.0,0.0,0.0,0.2,21.0,30.0,0.0,0.0,0.0,0.12857142857142856,15.0,18.0,0.0,0.0,0.0,0.12142857142857143,14.0,21.0,0.0,0.0,0.0,0.20714285714285716,22.0,30.0,0.0,0.0,0.0,0.10714285714285714,12.0,18.0,0.0,0.0,0.0,0.1357142857142857,16.0,28.0,0.0,0.0,0.0,0.12857142857142856,15.0,16.0,0.0,0.0,0.0,0.20714285714285716,22.0,30.0,0.0,0.0,0.0,0.08571428571428572,9.0,21.5,0.0,0.0,0.0,0.6142857142857143,12.0,27.0,0.0,0.0,0.0,0.22058823529411764,23.0,32.0,0.0,0.0,0.0,0.6285714285714286,14.0,30.0,0.0,0.0,0.0,0.22794117647058823,24.0,32.5,0.0,0.0,0.0,0.65,50.0,51.5
Cli,31,0.0,0.0,1.0,0.02830188679245283,4.0,9.0,0.0,0.0,1.0,0.02830188679245283,4.0,9.0,0.0,0.0,1.0,0.02830188679245283,4.0,9.0,0.0,0.0,1.0,0.02830188679245283,4.0,9.0,0.0,0.0,1.0,0.02830188679245283,4.0,9.0,0.0,0.0,1.0,0.02830188679245283,4.0,9.0,0.0,0.0,1.0,0.02830188679245283,4.0,9.0,0.0,0.0,1.0,0.02830188679245283,4.0,9.0,0.0,0.0,1.0,0.02830188679245283,4.0,9.0,0.0,0.0,1.0,0.02830188679245283,4.0,9.0,0.0,0.0,0.0,0.7452830188679245,7.0,12.5,0.0,0.0,0.0,0.05825242718446602,6.0,13.5,0.0,0.0,0.0,0.7452830188679245,7.0,12.5,0.0,0.0,0.0,0.05825242718446602,6.0,13.5,0.0,0.0,0.0,0.3867924528301887,14.0,31.5
Cli,32,1.0,1.0,1.0,0.0,1.0,1.0,1.0,1.0,1.0,0.0,1.0,1.0,1.0,1.0,1.0,0.0,1.0,1.0,1.0,1.0,1.0,0.0,1.0,1.0,1.0,1.0,1.0,0.0,1.0,1.0,1.0,1.0,1.0,0.0,1.0,1.0,1.0,1.0,1.0,0.0,1.0,1.0,1.0,1.0,1.0,0.0,1.0,1.0,1.0,1.0,1.0,0.0,1.0,1.0,1.0,1.0,1.0,0.0,1.0,1.0,0.0,0.0,1.0,0.9705882352941176,4.0,4.0,0.0,1.0,1.0,0.058823529411764705,2.0,2.0,0.0,0.0,1.0,0.9705882352941176,4.0,4.0,0.0,1.0,1.0,0.058823529411764705,2.0,2.0,0.0,1.0,1.0,0.058823529411764705,2.0,2.0
Cli,33,1.0,1.0,1.0,0.0,1.0,5.5,1.0,1.0,1.0,0.0,1.0,5.5,1.0,1.0,1.0,0.0,1.0,5.5,1.0,1.0,1.0,0.0,1.0,5.5,1.0,1.0,1.0,0.0,1.0,5.5,1.0,1.0,1.0,0.0,1.0,5.5,1.0,1.0,1.0,0.0,1.0,5.5,1.0,1.0,1.0,0.0,1.0,5.5,1.0,1.0,1.0,0.0,1.0,5.5,1.0,1.0,1.0,0.0,1.0,5.5,0.0,1.0,1.0,0.7291666666666666,2.0,6.5,1.0,1.0,1.0,0.0,1.0,6.0,0.0,1.0,1.0,0.7291666666666666,2.0,6.5,1.0,1.0,1.0,0.0,1.0,6.0,0.0,0.0,1.0,0.4375,4.0,10.5
Cli,34,0.0,0.0,0.0,0.19727891156462585,22.0,22.0,0.0,0.0,0.0,0.14285714285714285,15.0,15.0,0.0,0.0,0.0,0.19727891156462585,22.0,22.0,0.0,0.0,0.0,0.2585034013605442,31.0,31.0,0.0,0.0,0.0,0.14285714285714285,15.0,15.0,0.0,0.0,0.0,0.17687074829931973,22.0,22.0,0.0,0.0,1.0,0.02040816326530612,4.0,4.0,0.0,0.0,0.0,0.19727891156462585,22.0,22.0,0.0,0.0,0.0,0.14285714285714285,15.0,15.0,0.0,0.0,1.0,0.02040816326530612,4.0,4.0,0.0,0.0,0.0,0.9659863945578231,42.0,42.0,0.0,0.0,0.0,0.20567375886524822,20.0,20.0,0.0,0.0,0.0,0.9659863945578231,42.0,42.0,0.0,0.0,0.0,0.20567375886524822,21.0,21.0,0.0,0.0,0.0,0.8367346938775511,71.0,71.0
Cli,35,0.0,0.0,0.0,0.11666666666666667,12.0,12.0,0.0,0.0,0.0,0.11666666666666667,12.0,12.0,0.0,0.0,0.0,0.11666666666666667,12.0,12.0,0.0,0.0,0.0,0.11666666666666667,12.0,12.0,0.0,0.0,0.0,0.11666666666666667,12.0,12.0,0.0,0.0,0.0,0.11666666666666667,12.0,12.0,0.0,0.0,0.0,0.11666666666666667,12.0,12.0,0.0,0.0,0.0,0.11666666666666667,12.0,12.0,0.0,0.0,0.0,0.11666666666666667,12.0,12.0,0.0,0.0,0.0,0.11666666666666667,12.0,12.0,0.0,0.0,0.0,0.9916666666666667,20.0,20.0,0.0,0.0,0.0,0.23478260869565218,21.0,21.0,0.0,0.0,0.0,0.9916666666666667,20.0,20.0,0.0,0.0,0.0,0.23478260869565218,21.0,21.0,0.0,0.0,0.0,0.7916666666666666,57.0,57.0
Cli,36,0.0,0.0,0.0,0.13095238095238096,8.0,11.5,0.0,0.0,0.0,0.13095238095238096,8.0,11.5,0.0,0.0,0.0,0.13095238095238096,8.0,11.5,0.0,0.0,0.0,0.13095238095238096,8.0,11.5,0.0,0.0,0.0,0.13095238095238096,8.0,11.5,0.0,0.0,0.0,0.13095238095238096,8.0,11.5,0.0,0.0,0.0,0.16666666666666666,8.0,11.5,0.0,0.0,0.0,0.13095238095238096,8.0,11.5,0.0,0.0,0.0,0.13095238095238096,8.0,11.5,0.0,0.0,0.0,0.13095238095238096,8.0,11.5,0.0,0.0,0.0,0.8214285714285714,9.0,10.5,0.0,0.0,0.0,0.1625,9.0,10.5,0.0,0.0,0.0,0.8214285714285714,9.0,10.5,0.0,0.0,0.0,0.1625,9.0,10.5,0.0,0.0,0.0,0.5119047619047619,20.0,23.0
Cli,37,0.0,0.0,0.0,0.049586776859504134,6.0,6.0,0.0,0.0,0.0,0.049586776859504134,6.0,6.0,0.0,0.0,0.0,0.049586776859504134,6.0,6.0,0.0,0.0,0.0,0.049586776859504134,6.0,6.0,0.0,0.0,0.0,0.049586776859504134,6.0,6.0,0.0,0.0,0.0,0.049586776859504134,6.0,6.0,0.0,0.0,0.0,0.049586776859504134,6.0,6.0,0.0,0.0,0.0,0.049586776859504134,6.0,6.0,0.0,0.0,0.0,0.049586776859504134,6.0,6.0,0.0,0.0,0.0,0.049586776859504134,6.0,6.0,0.0,0.0,0.0,0.6776859504132231,8.0,8.0,0.0,0.0,0.0,0.06956521739130435,7.0,7.0,0.0,0.0,0.0,0.6776859504132231,8.0,8.0,0.0,0.0,0.0,0.06956521739130435,7.0,7.0,0.0,0.0,0.0,0.4462809917355372,19.0,19.0
Cli,38,0.0,0.0,1.0,0.04132231404958678,5.0,5.0,0.0,0.0,1.0,0.04132231404958678,5.0,5.0,0.0,0.0,1.0,0.04132231404958678,5.0,5.0,0.0,0.0,1.0,0.04132231404958678,5.0,5.0,0.0,0.0,1.0,0.04132231404958678,5.0,5.0,0.0,0.0,1.0,0.04132231404958678,5.0,5.0,0.0,0.0,1.0,0.04132231404958678,5.0,5.0,0.0,0.0,1.0,0.04132231404958678,5.0,5.0,0.0,0.0,1.0,0.04132231404958678,5.0,5.0,0.0,0.0,1.0,0.04132231404958678,5.0,5.0,0.0,0.0,0.0,0.6776859504132231,7.0,7.0,0.0,0.0,0.0,0.06956521739130435,6.0,6.0,0.0,0.0,0.0,0.6776859504132231,7.0,7.0,0.0,0.0,0.0,0.06956521739130435,6.0,6.0,0.0,0.0,0.0,0.45454545454545453,18.0,18.0
Cli,39,0.0,0.0,1.0,0.02962962962962963,4.0,4.0,0.0,0.0,1.0,0.02962962962962963,4.0,4.0,0.0,0.0,1.0,0.02962962962962963,4.0,4.0,0.0,0.0,1.0,0.02962962962962963,4.0,4.0,0.0,0.0,1.0,0.02962962962962963,4.0,4.0,0.0,0.0,1.0,0.02962962962962963,4.0,4.0,0.0,0.0,1.0,0.037037037037037035,4.0,4.0,0.0,0.0,1.0,0.02962962962962963,4.0,4.0,0.0,0.0,1.0,0.02962962962962963,4.0,4.0,0.0,0.0,1.0,0.02962962962962963,4.0,4.0,0.0,0.0,1.0,0.6074074074074074,5.0,5.0,0.0,0.0,1.0,0.03125,4.0,4.0,0.0,0.0,1.0,0.6222222222222222,5.0,5.0,0.0,0.0,1.0,0.03125,4.0,4.0,0.0,0.0,0.0,0.22962962962962963,6.0,6.0
JxPath,1,0.0,0.0,0.0,0.02064896755162242,9.0,9.0,0.0,0.0,0.0,0.07669616519174041,16.0,16.0,0.0,0.0,0.0,0.07669616519174041,16.0,16.0,0.0,0.0,0.0,0.03638151425762045,11.0,11.0,0.0,0.0,0.0,0.07669616519174041,16.0,16.0,0.0,0.0,0.0,0.04129793510324484,13.0,13.0,0.0,0.0,0.0,0.07669616519174041,16.0,16.0,0.0,0.0,0.0,0.07669616519174041,15.0,15.0,0.0,0.0,0.0,0.07669616519174041,16.0,16.0,0.0,0.0,0.0,0.04129793510324484,13.0,13.0,0.0,0.0,0.0,0.672566371681416,14.0,14.0,0.0,0.0,0.0,0.16507177033492823,20.0,20.0,0.0,0.0,0.0,0.7256637168141593,19.0,19.0,0.0,0.0,0.0,0.16507177033492823,21.0,21.0,0.0,0.0,0.0,0.5585054080629301,38.0,38.0
JxPath,2,0.0,0.0,0.0,0.04388422035480859,18.0,73.5,0.0,0.0,0.0,0.08123249299719888,23.0,76.0,0.0,0.0,0.0,0.08123249299719888,23.0,76.0,0.0,0.0,0.0,0.04388422035480859,18.0,73.5,0.0,0.0,0.0,0.08123249299719888,23.0,76.0,0.0,0.0,0.0,0.0784313725490196,22.0,75.5,0.0,0.0,0.0,0.08123249299719888,23.0,85.5,0.0,0.0,0.0,0.08123249299719888,23.0,76.0,0.0,0.0,0.0,0.08123249299719888,23.0,76.0,0.0,0.0,0.0,0.047619047619047616,20.0,73.5,1.0,1.0,1.0,0.5004668534080299,1.0,10.5,0.0,0.0,0.0,0.16404494382022472,24.0,61.0,0.0,0.0,0.0,0.5592903828197946,6.0,14.5,0.0,0.0,0.0,0.16404494382022472,24.0,61.0,0.0,0.0,0.0,0.5275443510737629,42.0,43.5
JxPath,3,0.0,0.0,1.0,0.006122448979591836,5.0,5.0,0.0,0.0,0.0,0.04795918367346939,10.0,10.0,0.0,0.0,0.0,0.04795918367346939,10.0,10.0,0.0,0.0,1.0,0.006122448979591836,5.0,5.0,0.0,0.0,0.0,0.04795918367346939,10.0,10.0,0.0,0.0,0.0,0.012244897959183673,8.0,8.0,0.0,0.0,0.0,0.04795918367346939,10.0,10.0,0.0,0.0,0.0,0.04795918367346939,10.0,10.0,0.0,0.0,0.0,0.04795918367346939,10.0,10.0,0.0,0.0,0.0,0.011224489795918367,7.0,7.0,1.0,1.0,1.0,0.0,1.0,1.0,0.0,0.0,0.0,0.12836185819070906,12.0,12.0,0.0,0.0,0.0,0.09897959183673469,6.0,6.0,0.0,0.0,0.0,0.12836185819070906,12.0,12.0,0.0,0.0,0.0,0.5020408163265306,28.0,28.0
JxPath,4,0.0,0.0,0.0,0.028347996089931573,12.0,54.8,0.0,0.0,0.0,0.06256109481915934,30.0,69.2,0.0,0.0,0.0,0.03616813294232649,13.0,54.6,0.0,0.0,0.0,0.02932551319648094,13.0,54.2,0.0,0.0,0.0,0.06256109481915934,27.0,64.6,0.0,0.0,0.0,0.056695992179863146,26.0,63.2,0.0,0.0,0.0,0.3597262952101662,101.0,105.4,0.0,0.0,0.0,0.03128054740957967,13.0,55.8,0.0,0.0,0.0,0.06256109481915934,27.0,64.6,0.0,0.0,0.0,0.10068426197458455,43.0,69.8,1.0,1.0,1.0,0.0,1.0,6.0,0.0,0.0,0.0,0.41676104190260477,90.0,94.0,1.0,1.0,1.0,0.0,1.0,7.2,0.0,0.0,0.0,0.41676104190260477,90.0,94.0,0.0,0.0,0.0,0.34995112414467255,28.0,58.6
JxPath,5,0.0,0.0,0.0,0.03232323232323232,18.0,18.0,0.0,0.0,0.0,0.031313131313131314,17.0,17.0,0.0,0.0,0.0,0.03232323232323232,18.0,18.0,0.0,0.0,0.0,0.031313131313131314,17.0,17.0,0.0,0.0,0.0,0.03232323232323232,18.0,18.0,0.0,0.0,0.0,0.03232323232323232,18.0,18.0,0.0,0.0,0.0,0.03232323232323232,18.0,18.0,0.0,0.0,0.0,0.03232323232323232,18.0,18.0,0.0,0.0,0.0,0.03232323232323232,18.0,18.0,0.0,0.0,0.0,0.03232323232323232,18.0,18.0,0.0,0.0,0.0,0.7575757575757576,23.0,23.0,0.0,0.0,0.0,0.16042154566744732,23.0,23.0,0.0,0.0,0.0,0.7575757575757576,23.0,23.0,0.0,0.0,0.0,0.16042154566744732,23.0,23.0,0.0,0.0,0.0,0.5666666666666667,54.0,54.0
JxPath,6,0.0,0.0,0.0,0.02975557917109458,15.0,15.0,0.0,0.0,0.0,0.02975557917109458,15.0,15.0,0.0,0.0,0.0,0.02975557917109458,15.0,15.0,0.0,0.0,0.0,0.02975557917109458,15.0,15.0,0.0,0.0,0.0,0.02975557917109458,15.0,15.0,0.0,0.0,0.0,0.02975557917109458,15.0,15.0,0.0,0.0,0.0,0.02975557917109458,15.0,15.0,0.0,0.0,0.0,0.02975557917109458,15.0,15.0,0.0,0.0,0.0,0.02975557917109458,15.0,15.0,0.0,0.0,0.0,0.02975557917109458,15.0,15.0,0.0,0.0,0.0,0.9192348565356004,28.0,28.0,0.0,0.0,0.0,0.19059107358262967,29.0,29.0,0.0,0.0,0.0,0.9192348565356004,28.0,28.0,0.0,0.0,0.0,0.19059107358262967,29.0,29.0,0.0,0.0,0.0,0.6153028692879915,75.0,75.0
JxPath,7,0.0,1.0,1.0,0.0010309278350515464,2.0,41.75,0.0,1.0,1.0,0.0010309278350515464,2.0,41.75,0.0,1.0,1.0,0.0010309278350515464,2.0,41.75,0.0,1.0,1.0,0.0010309278350515464,2.0,41.75,0.0,1.0,1.0,0.0010309278350515464,2.0,41.75,0.0,1.0,1.0,0.0010309278350515464,2.0,41.75,0.0,1.0,1.0,0.0010309278350515464,2.0,44.75,0.0,1.0,1.0,0.0010309278350515464,2.0,41.75,0.0,1.0,1.0,0.0010309278350515464,2.0,41.75,0.0,1.0,1.0,0.0010309278350515464,2.0,41.75,1.0,1.0,1.0,0.25051546391752577,1.0,1.25,0.0,1.0,1.0,0.00117096018735363,2.0,36.5,0.0,1.0,1.0,0.5010309278350515,2.0,2.25,0.0,1.0,1.0,0.00117096018735363,2.0,36.5,0.0,0.0,1.0,0.2134020618556701,5.0,6.75
JxPath,8,0.0,0.0,1.0,0.006191950464396285,5.0,5.0,0.0,0.0,1.0,0.0041279669762641896,4.0,4.0,0.0,0.0,1.0,0.006191950464396285,5.0,5.0,0.0,0.0,1.0,0.0041279669762641896,4.0,4.0,0.0,0.0,1.0,0.006191950464396285,5.0,5.0,0.0,0.0,1.0,0.006191950464396285,5.0,5.0,0.0,0.0,1.0,0.006191950464396285,5.0,5.0,0.0,0.0,1.0,0.006191950464396285,5.0,5.0,0.0,0.0,1.0,0.006191950464396285,5.0,5.0,0.0,0.0,1.0,0.006191950464396285,5.0,5.0,0.0,0.0,0.0,0.8101135190918473,6.0,6.0,0.0,0.0,1.0,0.007033997655334115,5.0,5.0,0.0,0.0,0.0,0.8121775025799793,6.0,6.0,0.0,0.0,1.0,0.007033997655334115,5.0,5.0,0.0,0.0,0.0,0.2549019607843137,10.0,10.0
JxPath,9,0.0,0.0,0.0,0.038657171922685654,21.0,46.4,0.0,0.0,0.0,0.03763987792472025,20.0,45.4,0.0,0.0,0.0,0.038657171922685654,21.0,46.4,0.0,0.0,0.0,0.03763987792472025,20.0,45.4,0.0,0.0,0.0,0.038657171922685654,21.0,46.4,0.0,0.0,0.0,0.038657171922685654,21.0,46.4,0.0,0.0,0.0,0.038657171922685654,21.0,48.2,0.0,0.0,0.0,0.038657171922685654,21.0,46.4,0.0,0.0,0.0,0.038657171922685654,21.0,46.4,0.0,0.0,0.0,0.038657171922685654,21.0,46.4,1.0,1.0,1.0,0.6002034587995931,1.0,20.6,0.0,0.0,0.0,0.18013856812933027,31.0,48.4,0.0,1.0,1.0,0.595116988809766,3.0,21.4,0.0,0.0,0.0,0.18013856812933027,31.0,48.4,0.0,0.0,0.0,0.25940996948118006,10.0,58.6
JxPath,10,0.0,0.0,0.0,0.0066100094428706326,6.0,6.0,0.0,0.0,1.0,0.0056657223796034,5.0,5.0,0.0,0.0,0.0,0.0066100094428706326,6.0,6.0,0.0,0.0,1.0,0.0056657223796034,5.0,5.0,0.0,0.0,0.0,0.0066100094428706326,6.0,6.0,0.0,0.0,0.0,0.0066100094428706326,6.0,6.0,0.0,0.0,0.0,0.0084985835694051,6.0,6.0,0.0,0.0,0.0,0.0066100094428706326,6.0,6.0,0.0,0.0,0.0,0.0066100094428706326,6.0,6.0,0.0,0.0,0.0,0.0066100094428706326,6.0,6.0,0.0,0.0,0.0,0.6789423984891407,6.0,6.0,0.0,0.0,0.0,0.007494646680942184,6.0,6.0,0.0,0.0,0.0,0.6789423984891407,6.0,6.0,0.0,0.0,0.0,0.007494646680942184,6.0,6.0,0.0,0.0,0.0,0.3153918791312559,13.0,13.0
JxPath,11,0.0,0.0,0.0,0.015126050420168067,15.0,16.0,0.0,0.0,0.0,0.04201680672268908,26.0,28.0,0.0,0.0,0.0,0.015126050420168067,14.0,15.0,0.0,0.0,0.0,0.012605042016806723,13.0,14.5,0.0,0.0,0.0,0.043697478991596636,26.0,28.5,0.0,0.0,0.0,0.030252100840336135,21.0,24.0,0.0,0.0,0.0,0.34369747899159664,119.0,120.0,0.0,0.0,0.0,0.01680672268907563,14.0,15.0,0.0,0.0,0.0,0.043697478991596636,26.0,28.5,0.0,0.0,0.0,0.14705882352941177,61.0,62.0,0.0,0.0,0.0,0.6386554621848739,8.0,9.0,0.0,0.0,0.0,0.3257874015748031,84.0,94.0,0.0,0.0,0.0,0.6680672268907563,10.0,11.0,0.0,0.0,0.0,0.28346456692913385,73.0,88.5,0.0,0.0,0.0,0.5134453781512605,37.0,40.0
JxPath,12,0.0,0.0,0.0,0.02200956937799043,14.0,14.0,0.0,0.0,0.0,0.02200956937799043,14.0,14.0,0.0,0.0,0.0,0.02200956937799043,14.0,14.0,0.0,0.0,0.0,0.02200956937799043,14.0,14.0,0.0,0.0,0.0,0.02200956937799043,14.0,14.0,0.0,0.0,0.0,0.02200956937799043,14.0,14.0,0.0,0.0,0.0,0.02200956937799043,14.0,14.0,0.0,0.0,0.0,0.02200956937799043,14.0,14.0,0.0,0.0,0.0,0.02200956937799043,14.0,14.0,0.0,0.0,0.0,0.02200956937799043,14.0,14.0,1.0,1.0,1.0,0.0,1.0,1.0,0.0,0.0,0.0,0.18262806236080179,30.0,30.0,0.0,1.0,1.0,0.24976076555023924,2.0,2.0,0.0,0.0,0.0,0.18262806236080179,30.0,30.0,0.0,0.0,0.0,0.5129186602870813,37.0,37.0
JxPath,13,0.0,1.0,1.0,0.0009107468123861566,2.0,36.0,0.0,1.0,1.0,0.0009107468123861566,2.0,36.0,0.0,1.0,1.0,0.0009107468123861566,2.0,36.0,0.0,1.0,1.0,0.0009107468123861566,2.0,36.0,0.0,1.0,1.0,0.0009107468123861566,2.0,36.0,0.0,1.0,1.0,0.0009107468123861566,2.0,36.0,0.0,1.0,1.0,0.0009107468123861566,2.0,38.0,0.0,1.0,1.0,0.0009107468123861566,2.0,36.0,0.0,1.0,1.0,0.0009107468123861566,2.0,36.0,0.0,1.0,1.0,0.0009107468123861566,2.0,36.0,1.0,1.0,1.0,0.25045537340619306,1.0,5.333333333333333,0.0,1.0,1.0,0.0010626992561105207,2.0,32.0,0.0,1.0,1.0,0.5009107468123861,2.0,5.666666666666667,0.0,1.0,1.0,0.0010626992561105207,2.0,32.0,0.0,1.0,1.0,0.0009107468123861566,2.0,18.666666666666668
JxPath,14,1.0,1.0,1.0,0.0,1.0,1.0,0.0,0.0,0.0,0.6049700085689803,169.0,169.0,1.0,1.0,1.0,0.0,1.0,1.0,0.0,0.0,0.0,0.6049700085689803,169.0,169.0,1.0,1.0,1.0,0.0,1.0,1.0,1.0,1.0,1.0,0.0,1.0,1.0,1.0,1.0,1.0,0.0,1.0,1.0,1.0,1.0,1.0,0.0,1.0,1.0,1.0,1.0,1.0,0.0,1.0,1.0,1.0,1.0,1.0,0.0,1.0,1.0,0.0,1.0,1.0,0.5295629820051414,2.0,2.0,1.0,1.0,1.0,0.0,1.0,1.0,1.0,1.0,1.0,0.0,1.0,1.0,1.0,1.0,1.0,0.0,1.0,1.0,1.0,1.0,1.0,0.0,1.0,1.0
JxPath,15,0.0,0.0,1.0,0.0045207956600361665,5.0,5.0,0.0,1.0,1.0,0.0045207956600361665,3.0,3.0,0.0,1.0,1.0,0.0027124773960217,3.0,3.0,0.0,1.0,1.0,0.0027124773960217,3.0,3.0,0.0,1.0,1.0,0.0027124773960217,3.0,3.0,0.0,1.0,1.0,0.0027124773960217,3.0,3.0,0.0,1.0,1.0,0.0027124773960217,3.0,3.0,0.0,0.0,1.0,0.003616636528028933,4.0,4.0,0.0,1.0,1.0,0.0027124773960217,3.0,3.0,0.0,1.0,1.0,0.0027124773960217,3.0,3.0,0.0,0.0,0.0,0.6500904159132007,12.0,12.0,0.0,0.0,1.0,0.045744680851063826,4.0,4.0,0.0,0.0,0.0,0.6365280289330922,7.0,7.0,0.0,0.0,1.0,0.045744680851063826,4.0,4.0,0.0,0.0,0.0,0.25406871609403253,7.0,7.0
JxPath,16,0.0,0.0,0.0,0.034576888080072796,20.0,21.0,0.0,0.0,0.0,0.055505004549590536,28.0,29.5,0.0,0.0,0.0,0.039126478616924476,19.0,20.0,0.0,0.0,0.0,0.025477707006369428,16.0,17.0,0.0,0.0,0.0,0.06005459508644222,28.0,29.5,0.0,0.0,0.0,0.04549590536851683,28.0,29.5,0.0,0.0,0.0,0.41583257506824384,130.0,130.5,0.0,0.0,0.0,0.036396724294813464,15.0,16.5,0.0,0.0,0.0,0.06005459508644222,28.0,29.5,0.0,0.0,0.0,0.1665150136487716,61.0,61.5,0.0,0.0,0.0,0.5641492265696088,22.0,22.5,0.0,0.0,0.0,0.3390191897654584,82.0,97.5,0.0,0.0,0.0,0.6014558689717925,25.0,25.5,0.0,0.0,0.0,0.31130063965884863,71.0,76.0,0.0,0.0,0.0,0.49226569608735216,49.0,51.0
JxPath,17,0.0,0.0,0.0,0.005887300252312868,6.0,15.5,0.0,0.0,0.0,0.009251471825063078,8.0,22.0,0.0,0.0,1.0,0.005887300252312868,4.0,13.0,0.0,0.0,0.0,0.01345668629100084,11.0,17.5,0.0,0.0,0.0,0.009251471825063078,7.0,22.5,0.0,0.0,0.0,0.009251471825063078,9.0,22.0,0.0,0.0,0.0,0.3633305298570227,133.0,137.0,0.0,0.0,1.0,0.005887300252312868,4.0,11.5,0.0,0.0,0.0,0.009251471825063078,7.0,22.5,0.0,0.0,0.0,0.13793103448275862,65.0,70.5,0.0,0.0,1.0,0.6089150546677881,5.0,10.0,0.0,0.0,0.0,0.05128205128205128,11.0,49.5,0.0,0.0,0.0,0.6122792262405383,6.0,11.0,0.0,0.0,0.0,0.05226824457593689,9.0,44.5,0.0,0.0,0.0,0.19932716568544995,8.0,25.5
JxPath,18,0.0,0.0,0.0,0.04121110176619008,27.0,27.0,0.0,0.0,0.0,0.031959629941127,18.0,18.0,0.0,0.0,0.0,0.03700588730025231,21.0,21.0,0.0,0.0,0.0,0.045416316232127836,29.0,29.0,0.0,0.0,0.0,0.031959629941127,19.0,19.0,0.0,0.0,0.0,0.031959629941127,22.0,22.0,0.0,0.0,0.0,0.021026072329688814,15.0,15.0,0.0,0.0,0.0,0.03700588730025231,19.0,19.0,0.0,0.0,0.0,0.031959629941127,19.0,19.0,0.0,0.0,0.0,0.01934398654331371,15.0,15.0,0.0,0.0,0.0,0.7611438183347351,49.0,49.0,0.0,0.0,0.0,0.15285996055226825,32.0,32.0,0.0,0.0,0.0,0.7611438183347351,49.0,49.0,0.0,0.0,0.0,0.15285996055226825,32.0,32.0,0.0,0.0,0.0,0.5929352396972245,73.0,73.0
JxPath,19,0.0,0.0,1.0,0.006376195536663124,5.0,9.0,0.0,0.0,0.0,0.01700318809776833,10.0,16.5,0.0,0.0,0.0,0.007438894792773645,6.0,9.0,0.0,0.0,0.0,0.008501594048884165,6.0,9.5,0.0,0.0,0.0,0.01700318809776833,11.0,18.0,0.0,0.0,0.0,0.01700318809776833,11.0,14.5,0.0,0.0,0.0,0.34112646121147716,81.0,82.0,0.0,0.0,0.0,0.007438894792773645,6.0,9.0,0.0,0.0,0.0,0.01700318809776833,11.0,18.0,0.0,0.0,0.0,0.08289054197662062,36.0,38.0,0.0,0.0,1.0,0.6503719447396387,4.0,6.0,0.0,0.0,0.0,0.27350427350427353,36.0,53.0,0.0,0.0,0.0,0.6928799149840595,6.0,7.5,0.0,0.0,0.0,0.2673992673992674,34.0,52.0,0.0,0.0,0.0,0.44739638682252925,24.0,37.5
JxPath,20,0.0,0.0,1.0,0.007692307692307693,4.0,4.0,0.0,0.0,1.0,0.007692307692307693,4.0,4.0,0.0,0.0,1.0,0.007692307692307693,4.0,4.0,0.0,0.0,1.0,0.007692307692307693,4.0,4.0,0.0,0.0,1.0,0.007692307692307693,4.0,4.0,0.0,0.0,1.0,0.007692307692307693,4.0,4.0,0.0,0.0,1.0,0.006593406593406593,4.0,4.0,0.0,0.0,1.0,0.007692307692307693,4.0,4.0,0.0,0.0,1.0,0.007692307692307693,4.0,4.0,0.0,0.0,1.0,0.007692307692307693,4.0,4.0,0.0,0.0,0.0,0.8296703296703297,8.0,8.0,0.0,0.0,0.0,0.06273525721455459,7.0,7.0,0.0,0.0,0.0,0.8296703296703297,8.0,8.0,0.0,0.0,0.0,0.06273525721455459,7.0,7.0,0.0,0.0,0.0,0.34505494505494505,15.0,15.0
JxPath,21,0.0,0.0,0.0,0.07585004359197908,49.0,49.0,0.0,0.0,0.0,0.03312990409764603,26.0,26.0,0.0,0.0,0.0,0.06713164777680906,43.0,43.0,0.0,0.0,0.0,0.0985178727114211,63.0,63.0,0.0,0.0,0.0,0.03312990409764603,27.0,27.0,0.0,0.0,0.0,0.044463818657367045,36.0,36.0,0.0,0.0,0.0,0.013077593722755012,14.0,14.0,0.0,0.0,0.0,0.06713164777680906,43.0,43.0,0.0,0.0,0.0,0.03312990409764603,27.0,27.0,0.0,0.0,0.0,0.013077593722755012,14.0,14.0,0.0,0.0,0.0,0.9476896251089799,127.0,127.0,0.0,0.0,0.0,0.2477432296890672,57.0,57.0,0.0,0.0,0.0,0.9476896251089799,127.0,127.0,0.0,0.0,0.0,0.24874623871614845,58.0,58.0,0.0,0.0,0.0,0.8326068003487358,176.0,176.0
JxPath,22,0.0,0.0,0.0,0.0126953125,6.0,6.0,0.0,0.0,1.0,0.01171875,5.0,5.0,0.0,0.0,0.0,0.0126953125,6.0,6.0,0.0,0.0,1.0,0.01171875,5.0,5.0,0.0,0.0,0.0,0.0126953125,6.0,6.0,0.0,0.0,0.0,0.0126953125,6.0,6.0,0.0,0.0,0.0,0.0126953125,6.0,6.0,0.0,0.0,0.0,0.0126953125,6.0,6.0,0.0,0.0,0.0,0.0126953125,6.0,6.0,0.0,0.0,0.0,0.0126953125,6.0,6.0,0.0,0.0,0.0,0.775390625,9.0,9.0,0.0,0.0,0.0,0.06477272727272727,8.0,8.0,0.0,0.0,0.0,0.775390625,9.0,9.0,0.0,0.0,0.0,0.06477272727272727,8.0,8.0,0.0,0.0,0.0,0.380859375,19.0,19.0
Jsoup,1,,,,,,,,,,,,,,,,,,,,,,,,,,,,,,,,,,,,,,,,,,,,,,,,,,,,,,,,,,,,,,,,,,,,,,,,,,,,,,,,,,,,,,,,,,
Jsoup,2,,,,,,,,,,,,,,,,,,,,,,,,,,,,,,,,,,,,,,,,,,,,,,,,,,,,,,,,,,,,,,,,,,,,,,,,,,,,,,,,,,,,,,,,,,
Jsoup,3,,,,,,,,,,,,,,,,,,,,,,,,,,,,,,,,,,,,,,,,,,,,,,,,,,,,,,,,,,,,,,,,,,,,,,,,,,,,,,,,,,,,,,,,,,
Jsoup,4,,,,,,,,,,,,,,,,,,,,,,,,,,,,,,,,,,,,,,,,,,,,,,,,,,,,,,,,,,,,,,,,,,,,,,,,,,,,,,,,,,,,,,,,,,
Jsoup,5,,,,,,,,,,,,,,,,,,,,,,,,,,,,,,,,,,,,,,,,,,,,,,,,,,,,,,,,,,,,,,,,,,,,,,,,,,,,,,,,,,,,,,,,,,
Jsoup,6,,,,,,,,,,,,,,,,,,,,,,,,,,,,,,,,,,,,,,,,,,,,,,,,,,,,,,,,,,,,,,,,,,,,,,,,,,,,,,,,,,,,,,,,,,
Jsoup,7,,,,,,,,,,,,,,,,,,,,,,,,,,,,,,,,,,,,,,,,,,,,,,,,,,,,,,,,,,,,,,,,,,,,,,,,,,,,,,,,,,,,,,,,,,
Jsoup,8,,,,,,,,,,,,,,,,,,,,,,,,,,,,,,,,,,,,,,,,,,,,,,,,,,,,,,,,,,,,,,,,,,,,,,,,,,,,,,,,,,,,,,,,,,
Jsoup,9,,,,,,,,,,,,,,,,,,,,,,,,,,,,,,,,,,,,,,,,,,,,,,,,,,,,,,,,,,,,,,,,,,,,,,,,,,,,,,,,,,,,,,,,,,
Jsoup,10,,,,,,,,,,,,,,,,,,,,,,,,,,,,,,,,,,,,,,,,,,,,,,,,,,,,,,,,,,,,,,,,,,,,,,,,,,,,,,,,,,,,,,,,,,
Jsoup,11,,,,,,,,,,,,,,,,,,,,,,,,,,,,,,,,,,,,,,,,,,,,,,,,,,,,,,,,,,,,,,,,,,,,,,,,,,,,,,,,,,,,,,,,,,
Jsoup,12,,,,,,,,,,,,,,,,,,,,,,,,,,,,,,,,,,,,,,,,,,,,,,,,,,,,,,,,,,,,,,,,,,,,,,,,,,,,,,,,,,,,,,,,,,
Jsoup,14,,,,,,,,,,,,,,,,,,,,,,,,,,,,,,,,,,,,,,,,,,,,,,,,,,,,,,,,,,,,,,,,,,,,,,,,,,,,,,,,,,,,,,,,,,
Jsoup,15,,,,,,,,,,,,,,,,,,,,,,,,,,,,,,,,,,,,,,,,,,,,,,,,,,,,,,,,,,,,,,,,,,,,,,,,,,,,,,,,,,,,,,,,,,
Jsoup,16,,,,,,,,,,,,,,,,,,,,,,,,,,,,,,,,,,,,,,,,,,,,,,,,,,,,,,,,,,,,,,,,,,,,,,,,,,,,,,,,,,,,,,,,,,
Jsoup,17,,,,,,,,,,,,,,,,,,,,,,,,,,,,,,,,,,,,,,,,,,,,,,,,,,,,,,,,,,,,,,,,,,,,,,,,,,,,,,,,,,,,,,,,,,
Jsoup,18,,,,,,,,,,,,,,,,,,,,,,,,,,,,,,,,,,,,,,,,,,,,,,,,,,,,,,,,,,,,,,,,,,,,,,,,,,,,,,,,,,,,,,,,,,
Jsoup,19,,,,,,,,,,,,,,,,,,,,,,,,,,,,,,,,,,,,,,,,,,,,,,,,,,,,,,,,,,,,,,,,,,,,,,,,,,,,,,,,,,,,,,,,,,
Jsoup,20,,,,,,,,,,,,,,,,,,,,,,,,,,,,,,,,,,,,,,,,,,,,,,,,,,,,,,,,,,,,,,,,,,,,,,,,,,,,,,,,,,,,,,,,,,
Jsoup,21,,,,,,,,,,,,,,,,,,,,,,,,,,,,,,,,,,,,,,,,,,,,,,,,,,,,,,,,,,,,,,,,,,,,,,,,,,,,,,,,,,,,,,,,,,
Jsoup,22,,,,,,,,,,,,,,,,,,,,,,,,,,,,,,,,,,,,,,,,,,,,,,,,,,,,,,,,,,,,,,,,,,,,,,,,,,,,,,,,,,,,,,,,,,
Jsoup,23,,,,,,,,,,,,,,,,,,,,,,,,,,,,,,,,,,,,,,,,,,,,,,,,,,,,,,,,,,,,,,,,,,,,,,,,,,,,,,,,,,,,,,,,,,
Jsoup,24,,,,,,,,,,,,,,,,,,,,,,,,,,,,,,,,,,,,,,,,,,,,,,,,,,,,,,,,,,,,,,,,,,,,,,,,,,,,,,,,,,,,,,,,,,
Jsoup,25,,,,,,,,,,,,,,,,,,,,,,,,,,,,,,,,,,,,,,,,,,,,,,,,,,,,,,,,,,,,,,,,,,,,,,,,,,,,,,,,,,,,,,,,,,
Jsoup,26,,,,,,,,,,,,,,,,,,,,,,,,,,,,,,,,,,,,,,,,,,,,,,,,,,,,,,,,,,,,,,,,,,,,,,,,,,,,,,,,,,,,,,,,,,
Jsoup,27,,,,,,,,,,,,,,,,,,,,,,,,,,,,,,,,,,,,,,,,,,,,,,,,,,,,,,,,,,,,,,,,,,,,,,,,,,,,,,,,,,,,,,,,,,
Jsoup,28,,,,,,,,,,,,,,,,,,,,,,,,,,,,,,,,,,,,,,,,,,,,,,,,,,,,,,,,,,,,,,,,,,,,,,,,,,,,,,,,,,,,,,,,,,
Jsoup,29,,,,,,,,,,,,,,,,,,,,,,,,,,,,,,,,,,,,,,,,,,,,,,,,,,,,,,,,,,,,,,,,,,,,,,,,,,,,,,,,,,,,,,,,,,
Jsoup,30,,,,,,,,,,,,,,,,,,,,,,,,,,,,,,,,,,,,,,,,,,,,,,,,,,,,,,,,,,,,,,,,,,,,,,,,,,,,,,,,,,,,,,,,,,
Jsoup,31,,,,,,,,,,,,,,,,,,,,,,,,,,,,,,,,,,,,,,,,,,,,,,,,,,,,,,,,,,,,,,,,,,,,,,,,,,,,,,,,,,,,,,,,,,
Jsoup,32,,,,,,,,,,,,,,,,,,,,,,,,,,,,,,,,,,,,,,,,,,,,,,,,,,,,,,,,,,,,,,,,,,,,,,,,,,,,,,,,,,,,,,,,,,
Jsoup,33,,,,,,,,,,,,,,,,,,,,,,,,,,,,,,,,,,,,,,,,,,,,,,,,,,,,,,,,,,,,,,,,,,,,,,,,,,,,,,,,,,,,,,,,,,
Jsoup,34,,,,,,,,,,,,,,,,,,,,,,,,,,,,,,,,,,,,,,,,,,,,,,,,,,,,,,,,,,,,,,,,,,,,,,,,,,,,,,,,,,,,,,,,,,
Jsoup,35,,,,,,,,,,,,,,,,,,,,,,,,,,,,,,,,,,,,,,,,,,,,,,,,,,,,,,,,,,,,,,,,,,,,,,,,,,,,,,,,,,,,,,,,,,
Jsoup,36,,,,,,,,,,,,,,,,,,,,,,,,,,,,,,,,,,,,,,,,,,,,,,,,,,,,,,,,,,,,,,,,,,,,,,,,,,,,,,,,,,,,,,,,,,
Jsoup,37,,,,,,,,,,,,,,,,,,,,,,,,,,,,,,,,,,,,,,,,,,,,,,,,,,,,,,,,,,,,,,,,,,,,,,,,,,,,,,,,,,,,,,,,,,
Jsoup,38,,,,,,,,,,,,,,,,,,,,,,,,,,,,,,,,,,,,,,,,,,,,,,,,,,,,,,,,,,,,,,,,,,,,,,,,,,,,,,,,,,,,,,,,,,
Jsoup,39,,,,,,,,,,,,,,,,,,,,,,,,,,,,,,,,,,,,,,,,,,,,,,,,,,,,,,,,,,,,,,,,,,,,,,,,,,,,,,,,,,,,,,,,,,
Jsoup,40,,,,,,,,,,,,,,,,,,,,,,,,,,,,,,,,,,,,,,,,,,,,,,,,,,,,,,,,,,,,,,,,,,,,,,,,,,,,,,,,,,,,,,,,,,
Jsoup,41,,,,,,,,,,,,,,,,,,,,,,,,,,,,,,,,,,,,,,,,,,,,,,,,,,,,,,,,,,,,,,,,,,,,,,,,,,,,,,,,,,,,,,,,,,
Jsoup,42,,,,,,,,,,,,,,,,,,,,,,,,,,,,,,,,,,,,,,,,,,,,,,,,,,,,,,,,,,,,,,,,,,,,,,,,,,,,,,,,,,,,,,,,,,
Jsoup,43,,,,,,,,,,,,,,,,,,,,,,,,,,,,,,,,,,,,,,,,,,,,,,,,,,,,,,,,,,,,,,,,,,,,,,,,,,,,,,,,,,,,,,,,,,
Jsoup,44,,,,,,,,,,,,,,,,,,,,,,,,,,,,,,,,,,,,,,,,,,,,,,,,,,,,,,,,,,,,,,,,,,,,,,,,,,,,,,,,,,,,,,,,,,
Jsoup,45,,,,,,,,,,,,,,,,,,,,,,,,,,,,,,,,,,,,,,,,,,,,,,,,,,,,,,,,,,,,,,,,,,,,,,,,,,,,,,,,,,,,,,,,,,
Jsoup,46,,,,,,,,,,,,,,,,,,,,,,,,,,,,,,,,,,,,,,,,,,,,,,,,,,,,,,,,,,,,,,,,,,,,,,,,,,,,,,,,,,,,,,,,,,
Jsoup,47,,,,,,,,,,,,,,,,,,,,,,,,,,,,,,,,,,,,,,,,,,,,,,,,,,,,,,,,,,,,,,,,,,,,,,,,,,,,,,,,,,,,,,,,,,
Jsoup,48,,,,,,,,,,,,,,,,,,,,,,,,,,,,,,,,,,,,,,,,,,,,,,,,,,,,,,,,,,,,,,,,,,,,,,,,,,,,,,,,,,,,,,,,,,
Jsoup,49,,,,,,,,,,,,,,,,,,,,,,,,,,,,,,,,,,,,,,,,,,,,,,,,,,,,,,,,,,,,,,,,,,,,,,,,,,,,,,,,,,,,,,,,,,
Jsoup,50,,,,,,,,,,,,,,,,,,,,,,,,,,,,,,,,,,,,,,,,,,,,,,,,,,,,,,,,,,,,,,,,,,,,,,,,,,,,,,,,,,,,,,,,,,
Jsoup,51,,,,,,,,,,,,,,,,,,,,,,,,,,,,,,,,,,,,,,,,,,,,,,,,,,,,,,,,,,,,,,,,,,,,,,,,,,,,,,,,,,,,,,,,,,
Jsoup,52,,,,,,,,,,,,,,,,,,,,,,,,,,,,,,,,,,,,,,,,,,,,,,,,,,,,,,,,,,,,,,,,,,,,,,,,,,,,,,,,,,,,,,,,,,
Jsoup,53,,,,,,,,,,,,,,,,,,,,,,,,,,,,,,,,,,,,,,,,,,,,,,,,,,,,,,,,,,,,,,,,,,,,,,,,,,,,,,,,,,,,,,,,,,
Jsoup,54,0.0,1.0,1.0,0.005813953488372093,2.0,2.0,0.0,1.0,1.0,0.005813953488372093,2.0,2.0,0.0,1.0,1.0,0.005813953488372093,2.0,2.0,0.0,1.0,1.0,0.005813953488372093,2.0,2.0,0.0,1.0,1.0,0.005813953488372093,2.0,2.0,0.0,1.0,1.0,0.005813953488372093,2.0,2.0,0.0,1.0,1.0,0.005813953488372093,2.0,2.0,0.0,1.0,1.0,0.005813953488372093,2.0,2.0,0.0,1.0,1.0,0.005813953488372093,2.0,2.0,0.0,1.0,1.0,0.005813953488372093,2.0,2.0,0.0,1.0,1.0,0.8,3.0,3.0,0.0,1.0,1.0,0.0013458950201884253,2.0,2.0,0.0,1.0,1.0,0.8,3.0,3.0,0.0,1.0,1.0,0.0013458950201884253,2.0,2.0,0.0,1.0,1.0,0.14302325581395348,3.0,3.0
Jsoup,55,0.0,0.0,0.0,0.009216589861751152,8.0,8.0,0.0,0.0,0.0,0.009216589861751152,8.0,8.0,0.0,0.0,0.0,0.009216589861751152,8.0,8.0,0.0,0.0,0.0,0.009216589861751152,8.0,8.0,0.0,0.0,0.0,0.009216589861751152,8.0,8.0,0.0,0.0,0.0,0.009216589861751152,8.0,8.0,0.0,0.0,0.0,0.013824884792626729,10.0,10.0,0.0,0.0,0.0,0.009216589861751152,8.0,8.0,0.0,0.0,0.0,0.009216589861751152,8.0,8.0,0.0,0.0,0.0,0.009216589861751152,8.0,8.0,0.0,0.0,0.0,0.8122119815668203,11.0,11.0,0.0,0.0,0.0,0.02266666666666667,13.0,13.0,0.0,0.0,0.0,0.8122119815668203,11.0,11.0,0.0,0.0,0.0,0.02266666666666667,13.0,13.0,0.0,0.0,0.0,0.717741935483871,64.0,64.0
Jsoup,56,0.0,1.0,1.0,0.0038510911424903724,2.0,15.333333333333334,0.0,1.0,1.0,0.0038510911424903724,2.0,15.333333333333334,0.0,1.0,1.0,0.0038510911424903724,2.0,15.166666666666666,0.0,1.0,1.0,0.0038510911424903724,2.0,13.666666666666666,0.0,1.0,1.0,0.0038510911424903724,2.0,15.333333333333334,0.0,1.0,1.0,0.0038510911424903724,2.0,15.166666666666666,0.0,0.0,0.0,0.025673940949935817,12.0,23.666666666666668,0.0,1.0,1.0,0.0038510911424903724,2.0,15.333333333333334,0.0,1.0,1.0,0.0038510911424903724,2.0,15.333333333333334,0.0,1.0,1.0,0.0038510911424903724,2.0,13.833333333333334,1.0,1.0,1.0,0.5815147625160462,1.0,16.333333333333332,0.0,1.0,1.0,0.004477611940298508,2.0,21.666666666666668,0.0,1.0,1.0,0.0038510911424903724,2.0,17.333333333333332,0.0,1.0,1.0,0.004477611940298508,2.0,21.5,0.0,1.0,1.0,0.0038510911424903724,2.0,41.166666666666664
Jsoup,57,0.0,1.0,1.0,0.0022701475595913734,2.0,2.0,0.0,1.0,1.0,0.0022701475595913734,2.0,2.0,0.0,1.0,1.0,0.0022701475595913734,2.0,2.0,0.0,1.0,1.0,0.0011350737797956867,2.0,2.0,0.0,1.0,1.0,0.0022701475595913734,2.0,2.0,0.0,1.0,1.0,0.0022701475595913734,2.0,2.0,0.0,0.0,0.0,0.02043132803632236,12.0,12.0,0.0,1.0,1.0,0.0022701475595913734,2.0,2.0,0.0,1.0,1.0,0.0022701475595913734,2.0,2.0,0.0,1.0,1.0,0.0011350737797956867,2.0,2.0,0.0,1.0,1.0,0.7979568671963677,3.0,3.0,0.0,1.0,1.0,0.0013123359580052493,2.0,2.0,0.0,1.0,1.0,0.0022701475595913734,2.0,2.0,0.0,1.0,1.0,0.0013123359580052493,2.0,2.0,0.0,1.0,1.0,0.0011350737797956867,2.0,2.0
Jsoup,58,0.0,1.0,1.0,0.001152073732718894,2.0,2.5,1.0,1.0,1.0,0.0,1.0,2.5,1.0,1.0,1.0,0.0,1.0,2.0,1.0,1.0,1.0,0.0,1.0,5.5,1.0,1.0,1.0,0.0,1.0,2.5,1.0,1.0,1.0,0.0,1.0,2.5,0.0,0.0,0.0,0.019585253456221197,10.0,52.5,0.0,1.0,1.0,0.001152073732718894,2.0,2.5,1.0,1.0,1.0,0.0,1.0,2.5,1.0,1.0,1.0,0.0,1.0,15.5,0.0,1.0,1.0,0.6981566820276498,3.0,5.0,1.0,1.0,1.0,0.0,1.0,2.5,1.0,1.0,1.0,0.0,1.0,2.0,0.0,1.0,1.0,0.0013245033112582781,2.0,2.5,1.0,1.0,1.0,0.0,1.0,2.5
Jsoup,59,0.0,0.0,0.0,0.047398843930635835,25.0,25.0,0.0,0.0,0.0,0.055491329479768786,27.0,27.0,0.0,0.0,0.0,0.04508670520231214,23.0,23.0,0.0,0.0,0.0,0.05202312138728324,30.0,30.0,0.0,0.0,0.0,0.055491329479768786,27.0,27.0,0.0,0.0,0.0,0.04393063583815029,22.0,22.0,0.0,0.0,0.0,0.020809248554913295,10.0,10.0,0.0,0.0,0.0,0.04508670520231214,23.0,23.0,0.0,0.0,0.0,0.055491329479768786,27.0,27.0,1.0,1.0,1.0,0.0,1.0,1.0,0.0,0.0,0.0,0.9815028901734104,75.0,75.0,0.0,0.0,0.0,0.14588859416445624,45.0,45.0,0.0,0.0,0.0,0.9838150289017341,76.0,76.0,0.0,0.0,0.0,0.14588859416445624,45.0,45.0,0.0,0.0,0.0,0.9745664739884393,180.0,180.0
Jsoup,60,0.0,0.0,0.0,0.04838709677419355,9.0,12.5,0.0,0.0,1.0,0.016129032258064516,4.0,8.5,0.0,0.0,0.0,0.03763440860215054,8.0,12.0,0.0,0.0,0.0,0.06451612903225806,11.0,13.5,0.0,0.0,1.0,0.016129032258064516,4.0,8.5,0.0,0.0,1.0,0.016129032258064516,4.0,9.0,0.0,1.0,1.0,0.005376344086021506,2.0,4.0,0.0,0.0,0.0,0.03763440860215054,8.0,12.0,0.0,0.0,1.0,0.016129032258064516,4.0,8.5,1.0,1.0,1.0,0.0,1.0,3.0,0.0,0.0,0.0,0.8978494623655914,14.0,17.0,0.0,0.0,0.0,0.03496503496503497,6.0,10.5,0.0,0.0,0.0,0.8978494623655914,14.0,17.0,0.0,0.0,0.0,0.03496503496503497,6.0,10.5,0.0,0.0,0.0,0.8440860215053764,40.0,47.5
Jsoup,61,0.0,1.0,1.0,0.0011173184357541898,2.0,2.0,0.0,1.0,1.0,0.0011173184357541898,2.0,2.0,0.0,1.0,1.0,0.0011173184357541898,2.0,2.0,1.0,1.0,1.0,0.0,1.0,1.0,0.0,1.0,1.0,0.0011173184357541898,2.0,2.0,0.0,1.0,1.0,0.0011173184357541898,2.0,2.0,0.0,0.0,0.0,0.01899441340782123,10.0,10.0,0.0,1.0,1.0,0.0011173184357541898,2.0,2.0,0.0,1.0,1.0,0.0011173184357541898,2.0,2.0,1.0,1.0,1.0,0.0,1.0,1.0,0.0,0.0,0.0,0.8078212290502793,19.0,19.0,0.0,1.0,1.0,0.002577319587628866,3.0,3.0,0.0,0.0,0.0,0.8078212290502793,19.0,19.0,0.0,1.0,1.0,0.002577319587628866,3.0,3.0,0.0,0.0,0.0,0.5843575418994413,25.0,25.0
Jsoup,62,0.0,0.0,0.0,0.013853904282115869,11.0,11.0,0.0,0.0,0.0,0.013853904282115869,11.0,11.0,0.0,0.0,0.0,0.013853904282115869,11.0,11.0,0.0,0.0,0.0,0.013853904282115869,11.0,11.0,0.0,0.0,0.0,0.013853904282115869,11.0,11.0,0.0,0.0,0.0,0.013853904282115869,11.0,11.0,0.0,0.0,0.0,0.03526448362720403,20.0,20.0,0.0,0.0,0.0,0.013853904282115869,11.0,11.0,0.0,0.0,0.0,0.013853904282115869,11.0,11.0,0.0,0.0,0.0,0.013853904282115869,11.0,11.0,0.0,0.0,0.0,0.7909319899244333,12.0,12.0,0.0,0.0,0.0,0.0469208211143695,22.0,22.0,0.0,0.0,0.0,0.7909319899244333,12.0,12.0,0.0,0.0,0.0,0.0469208211143695,22.0,22.0,0.0,0.0,0.0,0.7468513853904282,79.0,79.0
Jsoup,63,0.0,0.0,0.0,0.01478953356086462,13.0,38.0,0.0,0.0,0.0,0.019340159271899887,17.0,33.25,0.0,0.0,0.0,0.01820250284414107,16.0,36.25,0.0,0.0,0.0,0.01820250284414107,16.0,39.75,0.0,0.0,0.0,0.019340159271899887,17.0,33.25,0.0,0.0,0.0,0.019340159271899887,17.0,35.75,0.0,0.0,0.0,0.03185437997724687,21.0,49.5,0.0,0.0,0.0,0.017064846416382253,14.0,36.75,0.0,0.0,0.0,0.019340159271899887,17.0,33.25,0.0,0.0,0.0,0.013651877133105802,12.0,35.25,1.0,1.0,1.0,0.5870307167235495,1.0,38.25,0.0,0.0,0.0,0.09647979139504563,38.0,41.5,0.0,0.0,0.0,0.6097838452787259,6.0,40.25,0.0,0.0,0.0,0.09647979139504563,38.0,41.0,0.0,0.0,0.0,0.13993174061433447,8.0,76.25
Jsoup,64,0.0,1.0,1.0,0.003787878787878788,2.0,2.0,0.0,1.0,1.0,0.0012626262626262627,2.0,2.0,0.0,1.0,1.0,0.0012626262626262627,2.0,2.0,1.0,1.0,1.0,0.0,1.0,1.0,0.0,1.0,1.0,0.0012626262626262627,2.0,2.0,0.0,1.0,1.0,0.0012626262626262627,2.0,2.0,0.0,0.0,0.0,0.020202020202020204,10.0,10.0,0.0,1.0,1.0,0.0012626262626262627,2.0,2.0,0.0,1.0,1.0,0.0012626262626262627,2.0,2.0,1.0,1.0,1.0,0.0,1.0,1.0,0.0,0.0,1.0,0.7777777777777778,4.0,4.0,0.0,1.0,1.0,0.005856515373352855,3.0,3.0,0.0,0.0,1.0,0.7777777777777778,4.0,4.0,0.0,1.0,1.0,0.005856515373352855,3.0,3.0,0.0,0.0,0.0,0.45075757575757575,11.0,11.0
Jsoup,65,0.0,0.0,0.0,0.02511415525114155,12.0,12.0,0.0,0.0,0.0,0.02511415525114155,12.0,12.0,0.0,0.0,0.0,0.02511415525114155,12.0,12.0,0.0,0.0,0.0,0.030821917808219176,12.0,12.0,0.0,0.0,0.0,0.02511415525114155,12.0,12.0,0.0,0.0,0.0,0.030821917808219176,12.0,12.0,0.0,0.0,0.0,0.04337899543378995,21.0,21.0,0.0,0.0,0.0,0.02511415525114155,12.0,12.0,0.0,0.0,0.0,0.02511415525114155,12.0,12.0,0.0,0.0,0.0,0.030821917808219176,12.0,12.0,0.0,0.0,0.0,0.773972602739726,11.0,11.0,0.0,0.0,0.0,0.05,21.0,21.0,0.0,0.0,0.0,0.773972602739726,11.0,11.0,0.0,0.0,0.0,0.05,21.0,21.0,0.0,0.0,0.0,0.6073059360730594,35.0,35.0
Jsoup,66,0.0,0.0,1.0,0.013937282229965157,5.0,82.33333333333333,0.0,0.0,1.0,0.013937282229965157,5.0,82.33333333333333,0.0,0.0,1.0,0.013937282229965157,5.0,82.33333333333333,0.0,0.0,1.0,0.013937282229965157,5.0,76.33333333333333,0.0,0.0,1.0,0.013937282229965157,5.0,81.66666666666667,0.0,0.0,1.0,0.008130081300813009,5.0,81.66666666666667,0.0,0.0,0.0,0.032520325203252036,14.0,85.33333333333333,0.0,0.0,1.0,0.013937282229965157,5.0,82.33333333333333,0.0,0.0,1.0,0.013937282229965157,5.0,81.66666666666667,0.0,0.0,1.0,0.008130081300813009,5.0,81.0,0.0,0.0,1.0,0.7456445993031359,5.0,33.666666666666664,0.0,0.0,0.0,0.009370816599732263,6.0,42.0,0.0,0.0,1.0,0.7456445993031359,5.0,33.666666666666664,0.0,0.0,0.0,0.009370816599732263,6.0,42.0,0.0,0.0,0.0,0.41231126596980255,9.0,82.33333333333333
Jsoup,67,0.0,0.0,0.0,0.06216505894962487,42.0,42.0,0.0,0.0,0.0,0.06216505894962487,42.0,42.0,0.0,0.0,0.0,0.06216505894962487,42.0,42.0,0.0,0.0,0.0,0.06216505894962487,42.0,42.0,0.0,0.0,0.0,0.06216505894962487,42.0,42.0,0.0,0.0,0.0,0.06216505894962487,42.0,42.0,0.0,0.0,0.0,0.06216505894962487,42.0,42.0,0.0,0.0,0.0,0.06216505894962487,42.0,42.0,0.0,0.0,0.0,0.06216505894962487,42.0,42.0,0.0,0.0,0.0,0.06216505894962487,42.0,42.0,0.0,0.0,0.0,0.9678456591639871,61.0,61.0,0.0,0.0,0.0,0.19135802469135801,63.0,63.0,0.0,0.0,0.0,0.9678456591639871,61.0,61.0,0.0,0.0,0.0,0.19135802469135801,63.0,63.0,0.0,0.0,0.0,0.9239013933547695,164.0,164.0
Jsoup,68,0.0,0.0,0.0,0.019148936170212766,16.0,16.0,0.0,0.0,0.0,0.019148936170212766,16.0,16.0,0.0,0.0,0.0,0.019148936170212766,16.0,16.0,0.0,0.0,0.0,0.019148936170212766,16.0,16.0,0.0,0.0,0.0,0.019148936170212766,16.0,16.0,0.0,0.0,0.0,0.019148936170212766,16.0,16.0,0.0,0.0,0.0,0.019148936170212766,16.0,16.0,0.0,0.0,0.0,0.019148936170212766,16.0,16.0,0.0,0.0,0.0,0.019148936170212766,16.0,16.0,0.0,0.0,0.0,0.019148936170212766,16.0,16.0,0.0,0.0,0.0,0.9893617021276596,51.0,51.0,0.0,0.0,0.0,0.1715686274509804,53.0,53.0,0.0,0.0,0.0,0.9893617021276596,51.0,51.0,0.0,0.0,0.0,0.1715686274509804,53.0,53.0,0.0,0.0,0.0,0.924468085106383,160.0,160.0
Jsoup,69,0.0,0.0,0.0,,,,0.0,0.0,0.0,,,,0.0,0.0,0.0,,,,0.0,0.0,0.0,,,,0.0,0.0,0.0,,,,0.0,0.0,0.0,,,,0.0,0.0,0.0,,,,0.0,0.0,0.0,,,,0.0,0.0,0.0,,,,0.0,0.0,0.0,,,,0.0,0.0,0.0,,,,0.0,0.0,0.0,,,,0.0,0.0,0.0,,,,0.0,0.0,0.0,,,,0.0,0.0,0.0,,,
Jsoup,70,0.0,0.0,0.0,0.021897810218978103,13.0,13.0,0.0,0.0,0.0,0.021897810218978103,13.0,13.0,0.0,0.0,0.0,0.021897810218978103,13.0,13.0,0.0,0.0,0.0,0.021897810218978103,13.0,13.0,0.0,0.0,0.0,0.021897810218978103,13.0,13.0,0.0,0.0,0.0,0.021897810218978103,13.0,13.0,0.0,0.0,0.0,0.023114355231143552,13.0,13.0,0.0,0.0,0.0,0.021897810218978103,13.0,13.0,0.0,0.0,0.0,0.021897810218978103,13.0,13.0,0.0,0.0,0.0,0.021897810218978103,13.0,13.0,0.0,0.0,0.0,0.9987834549878345,69.0,69.0,0.0,0.0,0.0,0.2549295774647887,75.0,75.0,0.0,0.0,0.0,0.9987834549878345,69.0,69.0,0.0,0.0,0.0,0.2549295774647887,75.0,75.0,0.0,0.0,0.0,0.9805352798053528,175.0,175.0
Jsoup,71,0.0,0.0,0.0,0.02081165452653486,12.0,12.0,0.0,0.0,0.0,0.007284079084287201,6.0,6.0,0.0,0.0,0.0,0.014568158168574402,9.0,9.0,0.0,0.0,0.0,0.043704474505723206,27.0,27.0,0.0,0.0,0.0,0.007284079084287201,6.0,6.0,0.0,0.0,0.0,0.01040582726326743,9.0,9.0,0.0,0.0,0.0,0.007284079084287201,6.0,6.0,0.0,0.0,0.0,0.015608740894901144,10.0,10.0,0.0,0.0,0.0,0.007284079084287201,6.0,6.0,0.0,0.0,0.0,0.011446409989594173,6.0,6.0,0.0,0.0,0.0,0.991675338189386,86.0,86.0,0.0,0.0,0.0,0.19567827130852342,71.0,71.0,0.0,0.0,0.0,0.991675338189386,86.0,86.0,0.0,0.0,0.0,0.19567827130852342,71.0,71.0,0.0,0.0,0.0,0.9698231009365245,190.0,190.0
Jsoup,72,0.0,0.0,0.0,0.013630731102850062,10.0,10.0,0.0,0.0,0.0,0.012391573729863693,9.0,9.0,0.0,0.0,0.0,0.013630731102850062,10.0,10.0,0.0,0.0,0.0,0.08674101610904585,36.0,36.0,0.0,0.0,0.0,0.012391573729863693,9.0,9.0,0.0,0.0,0.0,0.01734820322180917,13.0,13.0,0.0,0.0,1.0,0.006195786864931847,5.0,5.0,0.0,0.0,0.0,0.013630731102850062,10.0,10.0,0.0,0.0,0.0,0.012391573729863693,9.0,9.0,0.0,0.0,0.0,0.01858736059479554,14.0,14.0,0.0,0.0,0.0,0.9975216852540273,38.0,38.0,0.0,0.0,0.0,0.010057471264367816,7.0,7.0,0.0,0.0,0.0,0.9975216852540273,38.0,38.0,0.0,0.0,0.0,0.010057471264367816,7.0,7.0,0.0,0.0,0.0,0.7261462205700124,75.0,75.0
Jsoup,73,1.0,1.0,1.0,0.0,1.0,1.0,1.0,1.0,1.0,0.0,1.0,1.0,1.0,1.0,1.0,0.0,1.0,1.0,1.0,1.0,1.0,0.0,1.0,1.0,1.0,1.0,1.0,0.0,1.0,1.0,1.0,1.0,1.0,0.0,1.0,1.0,1.0,1.0,1.0,0.0,1.0,1.0,1.0,1.0,1.0,0.0,1.0,1.0,1.0,1.0,1.0,0.0,1.0,1.0,1.0,1.0,1.0,0.0,1.0,1.0,0.0,1.0,1.0,0.7429906542056075,2.0,2.0,1.0,1.0,1.0,0.0,1.0,1.0,0.0,1.0,1.0,0.7429906542056075,2.0,2.0,1.0,1.0,1.0,0.0,1.0,1.0,0.0,1.0,1.0,0.23481308411214954,3.0,3.0
Jsoup,74,0.0,0.0,0.0,0.022222222222222223,15.0,54.5,0.0,0.0,0.0,0.022222222222222223,15.0,54.5,0.0,0.0,0.0,0.022222222222222223,15.0,54.5,0.0,0.0,0.0,0.022222222222222223,15.0,54.5,0.0,0.0,0.0,0.022222222222222223,15.0,54.5,0.0,0.0,0.0,0.022222222222222223,15.0,54.5,0.0,0.0,0.0,0.02328042328042328,15.0,54.5,0.0,0.0,0.0,0.022222222222222223,15.0,54.5,0.0,0.0,0.0,0.022222222222222223,15.0,54.5,0.0,0.0,0.0,0.022222222222222223,15.0,54.5,0.0,0.0,0.0,0.8232804232804233,16.0,34.0,0.0,0.0,0.0,0.03048780487804878,18.0,37.0,0.0,0.0,0.0,0.8232804232804233,16.0,34.0,0.0,0.0,0.0,0.03048780487804878,18.0,37.0,0.0,0.0,0.0,0.746031746031746,86.0,116.5
Jsoup,75,0.0,0.0,0.0,0.02292576419213974,15.0,15.0,0.0,0.0,0.0,0.02292576419213974,15.0,15.0,0.0,0.0,0.0,0.02292576419213974,15.0,15.0,0.0,0.0,0.0,0.02292576419213974,15.0,15.0,0.0,0.0,0.0,0.02292576419213974,15.0,15.0,0.0,0.0,0.0,0.02292576419213974,15.0,15.0,0.0,0.0,0.0,0.02292576419213974,15.0,15.0,0.0,0.0,0.0,0.02292576419213974,15.0,15.0,0.0,0.0,0.0,0.02292576419213974,15.0,15.0,0.0,0.0,0.0,0.02292576419213974,15.0,15.0,1.0,1.0,1.0,0.0,1.0,1.0,0.0,0.0,0.0,0.2,66.0,66.0,0.0,1.0,1.0,0.06222707423580786,2.0,2.0,0.0,0.0,0.0,0.2,66.0,66.0,0.0,0.0,1.0,0.2827510917030568,4.0,4.0
Jsoup,76,0.0,0.0,0.0,0.10262008733624454,53.0,53.0,0.0,0.0,0.0,0.10262008733624454,53.0,53.0,0.0,0.0,0.0,0.10262008733624454,53.0,53.0,0.0,0.0,0.0,0.10262008733624454,53.0,53.0,0.0,0.0,0.0,0.10262008733624454,53.0,53.0,0.0,0.0,0.0,0.10262008733624454,53.0,53.0,0.0,0.0,0.0,0.10262008733624454,53.0,53.0,0.0,0.0,0.0,0.10262008733624454,53.0,53.0,0.0,0.0,0.0,0.10262008733624454,53.0,53.0,0.0,0.0,0.0,0.10262008733624454,53.0,53.0,0.0,0.0,0.0,0.9279475982532751,43.0,43.0,0.0,0.0,0.0,0.16226415094339622,45.0,45.0,0.0,0.0,0.0,0.9279475982532751,43.0,43.0,0.0,0.0,0.0,0.16226415094339622,45.0,45.0,0.0,0.0,0.0,0.868995633187773,138.0,138.0
Jsoup,77,0.0,1.0,1.0,0.001282051282051282,2.0,2.0,0.0,1.0,1.0,0.001282051282051282,2.0,2.0,0.0,1.0,1.0,0.001282051282051282,2.0,2.0,0.0,1.0,1.0,0.001282051282051282,2.0,2.0,0.0,1.0,1.0,0.001282051282051282,2.0,2.0,0.0,1.0,1.0,0.001282051282051282,2.0,2.0,0.0,1.0,1.0,0.001282051282051282,2.0,2.0,0.0,1.0,1.0,0.001282051282051282,2.0,2.0,0.0,1.0,1.0,0.001282051282051282,2.0,2.0,0.0,1.0,1.0,0.001282051282051282,2.0,2.0,0.0,1.0,1.0,0.8166666666666667,2.0,2.0,0.0,1.0,1.0,0.0014814814814814814,2.0,2.0,0.0,1.0,1.0,0.8166666666666667,2.0,2.0,0.0,1.0,1.0,0.0014814814814814814,2.0,2.0,0.0,0.0,0.0,0.4756410256410256,12.0,12.0
Jsoup,78,0.0,0.0,0.0,0.0472193074501574,16.0,16.0,0.0,0.0,0.0,0.0472193074501574,16.0,16.0,0.0,0.0,0.0,0.0472193074501574,16.0,16.0,0.0,0.0,0.0,0.0472193074501574,16.0,16.0,0.0,0.0,0.0,0.0472193074501574,16.0,16.0,0.0,0.0,0.0,0.0472193074501574,16.0,16.0,0.0,0.0,0.0,0.0472193074501574,16.0,16.0,0.0,0.0,0.0,0.0472193074501574,16.0,16.0,0.0,0.0,0.0,0.0472193074501574,16.0,16.0,0.0,0.0,0.0,0.0472193074501574,16.0,16.0,0.0,0.0,0.0,0.8520461699895068,17.0,17.0,0.0,0.0,0.0,0.05616605616605617,17.0,17.0,0.0,0.0,0.0,0.8520461699895068,17.0,17.0,0.0,0.0,0.0,0.05616605616605617,17.0,17.0,0.0,0.0,0.0,0.6631689401888772,54.0,54.0
Jsoup,79,1.0,1.0,1.0,0.0,1.0,1.0,0.0,0.0,0.0,0.246875,90.0,90.0,1.0,1.0,1.0,0.0,1.0,1.0,0.0,0.0,0.0,0.246875,90.0,90.0,1.0,1.0,1.0,0.0,1.0,1.0,1.0,1.0,1.0,0.0,1.0,1.0,1.0,1.0,1.0,0.0,1.0,1.0,1.0,1.0,1.0,0.0,1.0,1.0,1.0,1.0,1.0,0.0,1.0,1.0,1.0,1.0,1.0,0.0,1.0,1.0,0.0,1.0,1.0,0.8239583333333333,2.0,2.0,1.0,1.0,1.0,0.0,1.0,1.0,1.0,1.0,1.0,0.0,1.0,1.0,1.0,1.0,1.0,0.0,1.0,1.0,1.0,1.0,1.0,0.0,1.0,1.0
Jsoup,80,1.0,1.0,1.0,0.0,1.0,1.0,1.0,1.0,1.0,0.0,1.0,1.0,1.0,1.0,1.0,0.0,1.0,1.0,1.0,1.0,1.0,0.0,1.0,1.0,1.0,1.0,1.0,0.0,1.0,1.0,1.0,1.0,1.0,0.0,1.0,1.0,1.0,1.0,1.0,0.0,1.0,1.0,1.0,1.0,1.0,0.0,1.0,1.0,1.0,1.0,1.0,0.0,1.0,1.0,1.0,1.0,1.0,0.0,1.0,1.0,1.0,1.0,1.0,0.0,1.0,1.0,1.0,1.0,1.0,0.0,1.0,1.0,1.0,1.0,1.0,0.0,1.0,1.0,1.0,1.0,1.0,0.0,1.0,1.0,0.0,1.0,1.0,0.3026607538802661,3.0,3.0
Jsoup,81,0.0,0.0,0.0,0.0436105476673428,22.0,22.0,0.0,0.0,0.0,0.0436105476673428,22.0,22.0,0.0,0.0,0.0,0.0436105476673428,22.0,22.0,0.0,0.0,0.0,0.0436105476673428,22.0,22.0,0.0,0.0,0.0,0.0436105476673428,22.0,22.0,0.0,0.0,0.0,0.0436105476673428,22.0,22.0,0.0,0.0,0.0,0.0436105476673428,22.0,22.0,0.0,0.0,0.0,0.0436105476673428,22.0,22.0,0.0,0.0,0.0,0.0436105476673428,22.0,22.0,0.0,0.0,0.0,0.0436105476673428,22.0,22.0,0.0,0.0,0.0,0.7606490872210954,21.0,21.0,0.0,0.0,0.0,0.05116279069767442,23.0,23.0,0.0,0.0,0.0,0.7606490872210954,21.0,21.0,0.0,0.0,0.0,0.05116279069767442,23.0,23.0,0.0,0.0,0.0,0.6592292089249493,62.0,62.0
Jsoup,82,0.0,0.0,0.0,0.017276422764227643,13.0,13.0,0.0,0.0,0.0,0.017276422764227643,13.0,13.0,0.0,0.0,0.0,0.017276422764227643,13.0,13.0,0.0,0.0,0.0,0.017276422764227643,13.0,13.0,0.0,0.0,0.0,0.017276422764227643,13.0,13.0,0.0,0.0,0.0,0.017276422764227643,13.0,13.0,0.0,0.0,0.0,0.017276422764227643,13.0,13.0,0.0,0.0,0.0,0.017276422764227643,13.0,13.0,0.0,0.0,0.0,0.017276422764227643,13.0,13.0,0.0,0.0,0.0,0.017276422764227643,13.0,13.0,0.0,0.0,0.0,0.7896341463414634,12.0,12.0,0.0,0.0,0.0,0.023255813953488372,13.0,13.0,0.0,0.0,0.0,0.7896341463414634,12.0,12.0,0.0,0.0,0.0,0.023255813953488372,13.0,13.0,0.0,0.0,0.0,0.6727642276422764,60.0,60.0
Jsoup,83,0.0,0.0,0.0,0.07083825265643448,45.0,73.0,0.0,0.0,0.0,0.0602125147579693,37.0,64.33333333333333,0.0,0.0,0.0,0.06965761511216056,43.0,71.0,0.0,0.0,0.0,0.07674144037780402,48.0,78.0,0.0,0.0,0.0,0.0602125147579693,38.0,66.0,0.0,0.0,0.0,0.06139315230224321,39.0,72.33333333333333,0.0,0.0,0.0,0.048406139315230225,28.0,56.0,0.0,0.0,0.0,0.06965761511216056,44.0,71.33333333333333,0.0,0.0,0.0,0.0602125147579693,38.0,66.0,0.0,0.0,0.0,0.048406139315230225,28.0,67.33333333333333,0.0,0.0,0.0,0.8937426210153483,56.0,69.66666666666667,0.0,0.0,0.0,0.15739484396200815,43.0,60.0,0.0,0.0,0.0,0.8937426210153483,56.0,69.66666666666667,0.0,0.0,0.0,0.15739484396200815,43.0,60.333333333333336,0.0,0.0,0.0,0.8583234946871311,137.0,156.33333333333334
Jsoup,84,1.0,1.0,1.0,0.0,1.0,1.0,1.0,1.0,1.0,0.0,1.0,1.0,1.0,1.0,1.0,0.0,1.0,1.0,1.0,1.0,1.0,0.0,1.0,1.0,1.0,1.0,1.0,0.0,1.0,1.0,1.0,1.0,1.0,0.0,1.0,1.0,1.0,1.0,1.0,0.0,1.0,1.0,1.0,1.0,1.0,0.0,1.0,1.0,1.0,1.0,1.0,0.0,1.0,1.0,1.0,1.0,1.0,0.0,1.0,1.0,0.0,1.0,1.0,0.82063305978898,2.0,2.0,1.0,1.0,1.0,0.0,1.0,1.0,0.0,1.0,1.0,0.82063305978898,2.0,2.0,1.0,1.0,1.0,0.0,1.0,1.0,0.0,0.0,1.0,0.28604923798358733,4.0,4.0
Jsoup,85,1.0,1.0,1.0,0.0,1.0,1.0,1.0,1.0,1.0,0.0,1.0,1.0,1.0,1.0,1.0,0.0,1.0,1.0,1.0,1.0,1.0,0.0,1.0,1.0,1.0,1.0,1.0,0.0,1.0,1.0,1.0,1.0,1.0,0.0,1.0,1.0,1.0,1.0,1.0,0.0,1.0,1.0,1.0,1.0,1.0,0.0,1.0,1.0,1.0,1.0,1.0,0.0,1.0,1.0,1.0,1.0,1.0,0.0,1.0,1.0,0.0,1.0,1.0,0.9090909090909091,2.0,2.0,0.0,1.0,1.0,0.058823529411764705,2.0,2.0,0.0,1.0,1.0,0.9090909090909091,2.0,2.0,0.0,1.0,1.0,0.058823529411764705,2.0,2.0,0.0,0.0,1.0,0.5909090909090909,5.0,5.0
Jsoup,86,1.0,1.0,1.0,0.0,1.0,1.0,1.0,1.0,1.0,0.0,1.0,1.0,1.0,1.0,1.0,0.0,1.0,1.0,1.0,1.0,1.0,0.0,1.0,1.0,1.0,1.0,1.0,0.0,1.0,1.0,1.0,1.0,1.0,0.0,1.0,1.0,1.0,1.0,1.0,0.0,1.0,1.0,1.0,1.0,1.0,0.0,1.0,1.0,1.0,1.0,1.0,0.0,1.0,1.0,1.0,1.0,1.0,0.0,1.0,1.0,0.0,1.0,1.0,0.8640192539109507,2.0,2.0,1.0,1.0,1.0,0.0,1.0,1.0,0.0,1.0,1.0,0.8640192539109507,2.0,2.0,1.0,1.0,1.0,0.0,1.0,1.0,0.0,0.0,1.0,0.36823104693140796,5.0,5.0
Jsoup,87,0.0,1.0,1.0,0.002372479240806643,3.0,90.4,0.0,1.0,1.0,0.002372479240806643,3.0,90.4,0.0,1.0,1.0,0.002372479240806643,3.0,89.52,0.0,1.0,1.0,0.002372479240806643,3.0,88.32,0.0,1.0,1.0,0.002372479240806643,3.0,89.52,0.0,1.0,1.0,0.002372479240806643,3.0,90.0,0.0,0.0,0.0,0.028469750889679714,15.0,109.6,0.0,1.0,1.0,0.002372479240806643,3.0,90.4,0.0,1.0,1.0,0.002372479240806643,3.0,89.52,0.0,0.0,1.0,0.0035587188612099642,4.0,87.84,1.0,1.0,1.0,0.0,1.0,7.88,0.0,0.0,1.0,0.004092769440654843,4.0,80.16666666666667,1.0,1.0,1.0,0.0,1.0,7.88,0.0,0.0,1.0,0.004092769440654843,4.0,80.16666666666667,1.0,1.0,1.0,0.14590747330960854,1.0,61.44
Jsoup,88,0.0,1.0,1.0,0.002366863905325444,3.0,3.0,0.0,1.0,1.0,0.002366863905325444,3.0,3.0,0.0,1.0,1.0,0.002366863905325444,3.0,3.0,0.0,1.0,1.0,0.002366863905325444,3.0,3.0,0.0,1.0,1.0,0.002366863905325444,3.0,3.0,0.0,1.0,1.0,0.002366863905325444,3.0,3.0,0.0,1.0,1.0,0.002366863905325444,3.0,3.0,0.0,1.0,1.0,0.002366863905325444,3.0,3.0,0.0,1.0,1.0,0.002366863905325444,3.0,3.0,0.0,1.0,1.0,0.002366863905325444,3.0,3.0,0.0,0.0,1.0,0.821301775147929,5.0,5.0,0.0,0.0,1.0,0.004070556309362279,4.0,4.0,0.0,0.0,1.0,0.821301775147929,5.0,5.0,0.0,0.0,1.0,0.004070556309362279,4.0,4.0,0.0,0.0,0.0,0.6094674556213018,40.0,40.0
Jsoup,89,0.0,1.0,1.0,0.03076923076923077,3.0,3.0,0.0,1.0,1.0,0.03076923076923077,3.0,3.0,0.0,1.0,1.0,0.03076923076923077,3.0,3.0,0.0,1.0,1.0,0.03076923076923077,3.0,3.0,0.0,1.0,1.0,0.03076923076923077,3.0,3.0,0.0,1.0,1.0,0.03076923076923077,3.0,3.0,0.0,1.0,1.0,0.03076923076923077,3.0,3.0,0.0,1.0,1.0,0.03076923076923077,3.0,3.0,0.0,1.0,1.0,0.03076923076923077,3.0,3.0,0.0,1.0,1.0,0.03076923076923077,3.0,3.0,0.0,0.0,1.0,0.9692307692307692,4.0,4.0,0.0,1.0,1.0,0.05172413793103448,3.0,3.0,0.0,0.0,1.0,0.9692307692307692,4.0,4.0,0.0,1.0,1.0,0.05172413793103448,3.0,3.0,0.0,0.0,0.0,0.6,9.0,9.0
Jsoup,90,0.0,1.0,1.0,0.005671077504725898,2.0,2.0,0.0,1.0,1.0,0.005671077504725898,2.0,2.0,0.0,1.0,1.0,0.005671077504725898,2.0,2.0,0.0,1.0,1.0,0.005671077504725898,2.0,2.0,0.0,1.0,1.0,0.005671077504725898,2.0,2.0,0.0,1.0,1.0,0.005671077504725898,2.0,2.0,0.0,1.0,1.0,0.005671077504725898,2.0,2.0,0.0,1.0,1.0,0.005671077504725898,2.0,2.0,0.0,1.0,1.0,0.005671077504725898,2.0,2.0,0.0,1.0,1.0,0.005671077504725898,2.0,2.0,0.0,1.0,1.0,0.9565217391304348,3.0,3.0,0.0,1.0,1.0,0.012875536480686695,3.0,3.0,0.0,1.0,1.0,0.9565217391304348,3.0,3.0,0.0,1.0,1.0,0.012875536480686695,3.0,3.0,0.0,0.0,0.0,0.6540642722117203,40.0,40.0
Jsoup,91,0.0,0.0,0.0,0.1718555417185554,75.0,75.0,0.0,0.0,0.0,0.16687422166874222,69.0,69.0,0.0,0.0,0.0,0.1706102117061021,71.0,71.0,0.0,0.0,0.0,0.1793275217932752,80.0,80.0,0.0,0.0,0.0,0.16687422166874222,71.0,71.0,0.0,0.0,0.0,0.1718555417185554,75.0,75.0,0.0,0.0,0.0,0.09090909090909091,41.0,41.0,0.0,0.0,0.0,0.1706102117061021,71.0,71.0,0.0,0.0,0.0,0.16687422166874222,71.0,71.0,0.0,0.0,0.0,0.17310087173100872,77.0,77.0,0.0,0.0,0.0,0.8729763387297634,53.0,53.0,0.0,0.0,0.0,0.09433962264150944,35.0,35.0,0.0,0.0,0.0,0.8729763387297634,53.0,53.0,0.0,0.0,0.0,0.09433962264150944,35.0,35.0,0.0,0.0,0.0,0.7496886674968867,101.0,101.0
Jsoup,92,0.0,0.0,0.0,0.014957264957264958,9.0,67.0,0.0,0.0,0.0,0.022435897435897436,16.0,65.4,0.0,0.0,0.0,0.017094017094017096,11.0,66.0,0.0,0.0,0.0,0.017094017094017096,11.0,61.6,0.0,0.0,0.0,0.022435897435897436,16.0,65.4,0.0,0.0,0.0,0.0202991452991453,14.0,66.8,0.0,0.0,0.0,0.04807692307692308,28.0,83.2,0.0,0.0,0.0,0.017094017094017096,10.0,65.0,0.0,0.0,0.0,0.022435897435897436,16.0,65.4,0.0,0.0,0.0,0.05448717948717949,32.0,70.0,1.0,1.0,1.0,0.625,1.0,52.0,0.0,0.0,0.0,0.02214022140221402,13.0,80.6,1.0,1.0,1.0,0.625,1.0,51.2,0.0,0.0,0.0,0.023370233702337023,14.0,76.2,0.0,0.0,1.0,0.22756410256410256,5.0,116.6
Jsoup,93,0.0,1.0,1.0,0.003734827264239029,3.0,3.0,0.0,1.0,1.0,0.003734827264239029,3.0,3.0,0.0,1.0,1.0,0.003734827264239029,3.0,3.0,0.0,1.0,1.0,0.003734827264239029,3.0,3.0,0.0,1.0,1.0,0.003734827264239029,3.0,3.0,0.0,1.0,1.0,0.003734827264239029,3.0,3.0,0.0,1.0,1.0,0.003734827264239029,3.0,3.0,0.0,1.0,1.0,0.003734827264239029,3.0,3.0,0.0,1.0,1.0,0.003734827264239029,3.0,3.0,0.0,1.0,1.0,0.003734827264239029,3.0,3.0,0.0,0.0,1.0,0.7777777777777778,4.0,4.0,0.0,1.0,1.0,0.0042643923240938165,3.0,3.0,0.0,0.0,1.0,0.7777777777777778,4.0,4.0,0.0,1.0,1.0,0.0042643923240938165,3.0,3.0,0.0,0.0,0.0,0.39869281045751637,8.0,8.0
JacksonXml,1,0.0,0.0,0.0,0.3385093167701863,57.0,57.0,0.0,0.0,0.0,0.2577639751552795,36.0,36.0,0.0,0.0,0.0,0.35093167701863354,46.0,46.0,0.0,0.0,0.0,0.3416149068322981,58.0,58.0,0.0,0.0,0.0,0.30434782608695654,40.0,40.0,0.0,0.0,0.0,0.3136645962732919,53.0,53.0,0.0,0.0,0.0,0.2360248447204969,31.0,31.0,0.0,0.0,0.0,0.38819875776397517,53.0,53.0,0.0,0.0,0.0,0.30434782608695654,40.0,40.0,0.0,0.0,0.0,0.22981366459627328,42.0,42.0,0.0,0.0,0.0,0.8043478260869565,42.0,42.0,0.0,0.0,0.0,0.3347826086956522,28.0,28.0,0.0,0.0,0.0,0.8291925465838509,42.0,42.0,0.0,0.0,0.0,0.391304347826087,33.0,33.0,0.0,0.0,0.0,0.2080745341614907,25.0,25.0
JacksonXml,2,0.0,0.0,0.0,0.39171974522292996,64.0,64.0,0.0,0.0,0.0,0.321656050955414,48.0,48.0,0.0,0.0,0.0,0.36942675159235666,53.0,53.0,0.0,0.0,0.0,0.40445859872611467,68.0,68.0,0.0,0.0,0.0,0.3662420382165605,53.0,53.0,0.0,0.0,0.0,0.29936305732484075,54.0,54.0,0.0,0.0,0.0,0.3089171974522293,44.0,44.0,0.0,0.0,0.0,0.39490445859872614,57.0,57.0,0.0,0.0,0.0,0.3662420382165605,53.0,53.0,0.0,0.0,0.0,0.2770700636942675,49.0,49.0,0.0,0.0,0.0,0.7356687898089171,34.0,34.0,0.0,0.0,0.0,0.4080717488789238,36.0,36.0,0.0,0.0,0.0,0.7770700636942676,35.0,35.0,0.0,0.0,0.0,0.4663677130044843,39.0,39.0,0.0,0.0,0.0,0.27388535031847133,33.0,33.0
JacksonXml,3,0.0,1.0,1.0,0.015625,3.0,3.0,0.0,0.0,0.0,0.3385416666666667,39.0,39.0,0.0,0.0,0.0,0.28125,29.0,29.0,0.0,0.0,1.0,0.020833333333333332,4.0,4.0,0.0,0.0,0.0,0.2916666666666667,32.0,32.0,0.0,0.0,0.0,0.109375,15.0,15.0,0.0,0.0,0.0,0.3489583333333333,40.0,40.0,0.0,1.0,1.0,0.015625,3.0,3.0,0.0,0.0,0.0,0.2916666666666667,32.0,32.0,0.0,0.0,0.0,0.3020833333333333,39.0,39.0,0.0,0.0,1.0,0.6510416666666666,4.0,4.0,0.0,0.0,0.0,0.4846153846153846,35.0,35.0,0.0,0.0,1.0,0.6614583333333334,5.0,5.0,0.0,0.0,0.0,0.38461538461538464,25.0,25.0,0.0,0.0,0.0,0.328125,35.0,35.0
JacksonXml,4,1.0,1.0,1.0,0.0,1.0,1.0,0.0,0.0,0.0,0.4068965517241379,57.0,57.0,0.0,0.0,0.0,0.39655172413793105,54.0,54.0,0.0,0.0,0.0,0.06551724137931035,11.0,11.0,0.0,0.0,0.0,0.35517241379310344,45.0,45.0,0.0,0.0,0.0,0.1896551724137931,25.0,25.0,0.0,0.0,0.0,0.4068965517241379,58.0,58.0,1.0,1.0,1.0,0.0,1.0,1.0,0.0,0.0,0.0,0.35517241379310344,45.0,45.0,0.0,0.0,0.0,0.3758620689655172,54.0,54.0,0.0,1.0,1.0,0.5862068965517241,2.0,2.0,0.0,0.0,0.0,0.541871921182266,48.0,48.0,0.0,0.0,1.0,0.05172413793103448,5.0,5.0,1.0,1.0,1.0,0.0,1.0,1.0,0.0,0.0,0.0,0.38275862068965516,49.0,49.0
JacksonXml,5,0.0,0.0,0.0,0.05245901639344262,7.0,7.0,0.0,1.0,1.0,0.04590163934426229,3.0,3.0,0.0,0.0,0.0,0.07868852459016394,14.0,14.0,0.0,0.0,0.0,0.09508196721311475,16.0,16.0,0.0,0.0,0.0,0.06229508196721312,7.0,7.0,0.0,0.0,0.0,0.09836065573770492,16.0,16.0,0.0,1.0,1.0,0.05245901639344262,3.0,3.0,0.0,0.0,0.0,0.07868852459016394,7.0,7.0,0.0,0.0,0.0,0.06229508196721312,7.0,7.0,0.0,0.0,0.0,0.04262295081967213,8.0,8.0,0.0,1.0,1.0,0.6032786885245902,3.0,3.0,0.0,1.0,1.0,0.06363636363636363,3.0,3.0,0.0,0.0,0.0,0.6557377049180327,10.0,10.0,0.0,0.0,0.0,0.12727272727272726,10.0,10.0,0.0,1.0,1.0,0.04590163934426229,3.0,3.0
JacksonXml,6,0.0,0.0,0.0,,,,0.0,0.0,0.0,,,,0.0,0.0,0.0,,,,0.0,0.0,0.0,,,,0.0,0.0,0.0,,,,0.0,0.0,0.0,,,,0.0,0.0,0.0,,,,0.0,0.0,0.0,,,,0.0,0.0,0.0,,,,0.0,0.0,0.0,,,,0.0,0.0,0.0,,,,0.0,0.0,0.0,,,,0.0,0.0,0.0,,,,0.0,0.0,0.0,,,,0.0,0.0,0.0,,,
JacksonDatabind,1,0.0,0.0,0.0,0.028549962434259956,22.0,22.0,0.0,0.0,0.0,0.32006010518407213,368.0,368.0,0.0,0.0,0.0,0.043200601051840724,38.0,38.0,0.0,0.0,0.0,0.04770848985725019,50.0,50.0,0.0,0.0,0.0,0.2667167543200601,279.0,279.0,0.0,0.0,0.0,0.1048084147257701,132.0,132.0,0.0,0.0,0.0,0.33208114199849736,408.0,408.0,0.0,0.0,0.0,0.02779864763335838,15.0,15.0,0.0,0.0,0.0,0.2667167543200601,276.0,276.0,0.0,0.0,0.0,0.2941397445529677,404.0,404.0,0.0,0.0,0.0,0.6810668670172803,9.0,9.0,0.0,0.0,0.0,0.35673352435530087,317.0,317.0,0.0,0.0,0.0,0.6821938392186326,12.0,12.0,0.0,0.0,0.0,0.3404966571155683,290.0,290.0,0.0,0.0,0.0,0.620961682945154,79.0,79.0
JacksonDatabind,2,0.0,0.0,0.0,0.03173045469414459,41.0,308.0,0.0,0.0,0.0,0.3215570821066405,500.0,532.5,0.0,0.0,0.0,0.14327772325809618,237.0,375.0,0.0,0.0,0.0,0.058554138043833824,100.0,338.0,0.0,0.0,0.0,0.2911350997710173,421.0,484.5,0.0,0.0,0.0,0.21622505724566568,388.0,485.0,0.0,0.0,0.0,0.3326790971540726,528.0,554.5,0.0,0.0,0.0,0.035655871769708865,37.0,269.5,0.0,0.0,0.0,0.2911350997710173,421.0,484.5,0.0,0.0,0.0,0.2960418711154727,518.0,545.0,1.0,1.0,1.0,0.5001635590448151,1.0,5.0,0.0,0.0,0.0,0.3790356394129979,450.0,510.5,0.0,0.0,0.0,0.6130192999672882,7.0,10.0,0.0,0.0,0.0,0.3689727463312369,427.0,498.5,0.0,0.0,0.0,0.6077854105332025,226.0,231.5
JacksonDatabind,3,0.0,0.0,0.0,0.02856109906001446,37.0,273.0,0.0,0.0,0.0,0.3022415039768619,442.0,469.0,0.0,0.0,0.0,0.10737527114967461,172.0,309.0,0.0,0.0,0.0,0.055314533622559656,96.0,303.5,0.0,0.0,0.0,0.2653651482284888,359.0,420.0,0.0,0.0,0.0,0.18510484454085321,323.0,420.0,0.0,0.0,0.0,0.3156182212581345,476.0,495.5,0.0,0.0,0.0,0.03109182935647144,34.0,239.5,0.0,0.0,0.0,0.2653651482284888,359.0,420.0,0.0,0.0,0.0,0.27512653651482283,472.0,492.5,1.0,1.0,1.0,0.2501807664497469,1.0,4.5,0.0,0.0,0.0,0.34752104770813846,387.0,449.0,0.0,0.0,0.0,0.6283441793203182,7.0,10.0,0.0,0.0,0.0,0.3400374181478017,373.0,441.5,0.0,0.0,0.0,0.5054229934924078,201.0,205.5
JacksonDatabind,4,0.0,0.0,0.0,0.039077514413837285,41.0,307.5,0.0,0.0,0.0,0.3398462524023062,518.0,539.5,0.0,0.0,0.0,0.17937219730941703,282.0,395.0,0.0,0.0,0.0,0.07078795643818066,114.0,346.0,0.0,0.0,0.0,0.30493273542600896,453.0,499.5,0.0,0.0,0.0,0.23254324151185138,422.0,502.0,0.0,0.0,0.0,0.3452914798206278,543.0,560.5,0.0,0.0,0.0,0.04356181934657271,42.0,275.0,0.0,0.0,0.0,0.30493273542600896,452.0,498.5,0.0,0.0,0.0,0.3094170403587444,532.0,550.0,1.0,1.0,1.0,0.2501601537475977,1.0,5.0,0.0,0.0,0.0,0.39597866228970047,478.0,525.5,0.0,0.0,0.0,0.612427930813581,7.0,10.5,0.0,0.0,0.0,0.38448912597455887,458.0,513.5,0.0,0.0,0.0,0.5534913516976298,245.0,253.5
JacksonDatabind,5,0.0,0.0,0.0,0.10622104566512243,161.0,161.0,0.0,0.0,0.0,0.36068828590337526,529.0,529.0,0.0,0.0,0.0,0.34745201853077434,463.0,463.0,0.0,0.0,0.0,0.099933818663137,149.0,149.0,0.0,0.0,0.0,0.35771012574454003,509.0,509.0,0.0,0.0,0.0,0.3203176704169424,545.0,545.0,0.0,0.0,0.0,0.3610191925876903,548.0,548.0,0.0,0.0,0.0,0.21376571806750497,310.0,310.0,0.0,0.0,0.0,0.35771012574454003,508.0,508.0,0.0,0.0,0.0,0.3242885506287227,541.0,541.0,0.0,0.0,0.0,0.6872931833223032,29.0,29.0,0.0,0.0,0.0,0.459447983014862,539.0,539.0,0.0,0.0,0.0,0.6925876902713435,38.0,38.0,0.0,0.0,0.0,0.45902335456475585,537.0,537.0,0.0,0.0,0.0,0.8656518861681006,346.0,346.0
JacksonDatabind,6,0.0,0.0,0.0,0.034161490683229816,39.0,39.0,0.0,0.0,0.0,0.2857142857142857,423.0,423.0,0.0,0.0,0.0,0.04416839199447895,75.0,75.0,0.0,0.0,0.0,0.043478260869565216,76.0,76.0,0.0,0.0,0.0,0.25741890959282265,344.0,344.0,0.0,0.0,0.0,0.10455486542443064,185.0,185.0,0.0,0.0,0.0,0.3064182194616977,467.0,467.0,0.0,0.0,0.0,0.03450655624568668,35.0,35.0,0.0,0.0,0.0,0.25741890959282265,342.0,342.0,0.0,0.0,0.0,0.26742581090407175,453.0,453.0,0.0,0.0,0.0,0.704623878536922,44.0,44.0,0.0,0.0,0.0,0.3356859285399206,367.0,367.0,0.0,0.0,0.0,0.6987577639751553,40.0,40.0,0.0,0.0,0.0,0.3242170269078077,346.0,346.0,0.0,0.0,0.0,0.7015182884748102,241.0,241.0
JacksonDatabind,7,0.0,0.0,0.0,0.013242894056847546,17.0,17.0,0.0,0.0,0.0,0.32041343669250644,514.0,514.0,0.0,0.0,0.0,0.1343669250645995,217.0,217.0,0.0,0.0,0.0,0.05426356589147287,108.0,108.0,0.0,0.0,0.0,0.26679586563307495,395.0,395.0,0.0,0.0,0.0,0.13824289405684753,263.0,263.0,0.0,0.0,0.0,0.3252583979328165,535.0,535.0,0.0,0.0,0.0,0.01808785529715762,21.0,21.0,0.0,0.0,0.0,0.26679586563307495,393.0,393.0,0.0,0.0,0.0,0.2890826873385013,523.0,523.0,0.0,0.0,1.0,0.6656976744186046,5.0,5.0,0.0,0.0,0.0,0.3490488006617039,420.0,420.0,0.0,0.0,0.0,0.6708656330749354,9.0,9.0,0.0,0.0,0.0,0.32340777502067825,367.0,367.0,0.0,0.0,0.0,0.44250645994832044,248.0,248.0
JacksonDatabind,8,0.0,0.0,0.0,0.1643151087595532,314.0,314.0,0.0,0.0,0.0,0.21134626690182245,326.0,326.0,0.0,0.0,0.0,0.17724867724867724,270.0,270.0,0.0,0.0,0.0,0.18724279835390947,359.0,359.0,0.0,0.0,0.0,0.22692533803644915,344.0,344.0,0.0,0.0,0.0,0.1402116402116402,276.0,276.0,0.0,0.0,0.0,0.20252792475014697,305.0,305.0,0.0,0.0,0.0,0.1987066431510876,307.0,307.0,0.0,0.0,0.0,0.22692533803644915,344.0,344.0,0.0,0.0,0.0,0.10670194003527336,203.0,203.0,1.0,1.0,1.0,0.0,1.0,1.0,0.0,0.0,0.0,0.3009153318077803,359.0,359.0,0.0,0.0,0.0,0.040858318636096416,6.0,6.0,0.0,0.0,0.0,0.30892448512585813,367.0,367.0,0.0,0.0,0.0,0.3048206937095826,208.0,208.0
JacksonDatabind,9,0.0,0.0,0.0,0.10789980732177264,164.0,164.0,0.0,0.0,0.0,0.35324341682723187,539.0,539.0,0.0,0.0,0.0,0.3416827231856134,444.0,444.0,0.0,0.0,0.0,0.09826589595375723,147.0,147.0,0.0,0.0,0.0,0.34971098265895956,518.0,518.0,0.0,0.0,0.0,0.3118175979447656,545.0,545.0,0.0,0.0,0.0,0.35324341682723187,552.0,552.0,0.0,0.0,0.0,0.20327552986512523,310.0,310.0,0.0,0.0,0.0,0.34971098265895956,518.0,518.0,0.0,0.0,0.0,0.3163134232498394,545.0,545.0,0.0,0.0,0.0,0.7023121387283237,36.0,36.0,0.0,0.0,0.0,0.45431789737171463,540.0,540.0,0.0,0.0,0.0,0.7389210019267822,43.0,43.0,0.0,0.0,0.0,0.45431789737171463,539.0,539.0,0.0,0.0,0.0,0.8596660244059088,315.0,315.0
JacksonDatabind,10,0.0,0.0,0.0,0.0313800832532821,32.0,202.6,0.0,0.0,0.0,0.1850784502081332,247.0,459.8,0.0,0.0,0.0,0.12007684918347743,189.0,259.2,0.0,0.0,0.0,0.06019852705731668,100.0,248.0,0.0,0.0,0.0,0.19596541786743515,261.0,424.2,0.0,0.0,0.0,0.10726865193723983,198.0,397.4,0.0,0.0,0.0,0.17355107268651937,217.0,470.0,0.0,0.0,0.0,0.034902337495997436,30.0,168.0,0.0,0.0,0.0,0.19596541786743515,261.0,424.2,0.0,0.0,0.0,0.07204610951008646,132.0,450.0,1.0,1.0,1.0,0.5715658021133525,1.0,72.0,0.0,0.0,0.0,0.24854045037531275,253.0,444.2,0.0,0.0,0.0,0.6135126480947807,6.0,75.2,0.0,0.0,0.0,0.2547956630525438,259.0,440.0,0.0,0.0,0.0,0.4489273134806276,192.0,255.6
JacksonDatabind,11,0.0,0.0,0.0,0.14091435185185186,255.0,255.0,0.0,0.0,0.0,0.04311342592592592,92.0,92.0,0.0,0.0,0.0,0.04513888888888889,89.0,89.0,0.0,0.0,0.0,0.15219907407407407,280.0,280.0,0.0,0.0,0.0,0.05092592592592592,102.0,102.0,0.0,0.0,0.0,0.03443287037037037,73.0,73.0,0.0,0.0,0.0,0.15596064814814814,206.0,206.0,0.0,0.0,0.0,0.08680555555555555,104.0,104.0,0.0,0.0,0.0,0.05092592592592592,102.0,102.0,0.0,0.0,0.0,0.03761574074074074,63.0,63.0,0.0,0.0,0.0,0.8755787037037037,350.0,350.0,0.0,0.0,0.0,0.20916259857303793,210.0,210.0,0.0,0.0,0.0,0.8735532407407407,344.0,344.0,0.0,0.0,0.0,0.22042808862185506,224.0,224.0,0.0,0.0,0.0,0.8234953703703703,279.0,279.0
JacksonDatabind,12,0.0,0.0,0.0,0.15352959797404242,270.0,270.0,0.0,0.0,0.0,0.3051598607154163,492.0,492.0,0.0,0.0,0.0,0.34536245647356756,469.0,469.0,0.0,0.0,0.0,0.14941437163659385,257.0,257.0,0.0,0.0,0.0,0.3355492244381133,508.0,508.0,0.0,0.0,0.0,0.30389363722697055,536.0,536.0,0.0,0.0,0.0,0.28046850269072493,455.0,455.0,0.0,0.0,0.0,0.35549224438113325,504.0,504.0,0.0,0.0,0.0,0.3355492244381133,506.0,506.0,0.0,0.0,0.0,0.22443811332700223,427.0,427.0,0.0,0.0,0.0,0.7730294396961064,182.0,182.0,0.0,0.0,0.0,0.4223300970873786,513.0,513.0,0.0,0.0,0.0,0.7746122190566636,186.0,186.0,0.0,0.0,0.0,0.4255663430420712,517.0,517.0,0.0,0.0,0.0,0.99335232668566,599.0,599.0
JacksonDatabind,13,0.0,0.0,0.0,0.020551967116852612,21.0,23.5,0.0,0.0,0.0,0.005578391074574281,15.0,19.0,0.0,0.0,0.0,0.0049911920140927775,12.0,13.0,0.0,0.0,0.0,0.005284791544333529,14.0,18.0,0.0,0.0,0.0,0.006165590135055784,16.0,17.5,0.0,0.0,0.0,0.006165590135055784,16.0,17.0,0.0,0.0,0.0,0.225778038755138,359.0,369.0,0.0,0.0,0.0,0.01614797416324134,17.0,17.5,0.0,0.0,0.0,0.006165590135055784,16.0,17.5,0.0,0.0,0.0,0.12213740458015267,236.0,264.5,1.0,1.0,1.0,0.0,1.0,75.0,0.0,0.0,0.0,0.10634257500949487,73.0,90.5,0.0,0.0,0.0,0.043159130945390485,6.0,67.0,0.0,0.0,0.0,0.09646790733004178,56.0,60.5,0.0,0.0,0.0,0.13887257780387552,163.0,169.5
JacksonDatabind,14,0.0,0.0,0.0,0.006965728615213151,6.0,6.0,0.0,0.0,0.0,0.3059348007801616,529.0,529.0,0.0,0.0,0.0,0.0866536639732516,146.0,146.0,0.0,0.0,0.0,0.05293953747561995,103.0,103.0,0.0,0.0,0.0,0.19308999721370856,297.0,297.0,0.0,0.0,0.0,0.07940930621342993,158.0,158.0,0.0,0.0,0.0,0.31401504597380886,561.0,561.0,0.0,0.0,0.0,0.008080245193647256,9.0,9.0,0.0,0.0,0.0,0.19308999721370856,296.0,296.0,0.0,0.0,0.0,0.28169406519921986,551.0,551.0,0.0,0.0,1.0,0.6667595430482028,4.0,4.0,0.0,0.0,0.0,0.31121529029931483,383.0,383.0,0.0,0.0,0.0,0.6971301198105322,7.0,7.0,0.0,0.0,0.0,0.1997836278398846,195.0,195.0,0.0,0.0,0.0,0.15631095012538312,202.0,202.0
JacksonDatabind,15,0.0,0.0,0.0,0.018512707875745216,17.0,343.0,0.0,0.0,0.0,0.19548164417947914,277.0,450.5,0.0,0.0,0.0,0.01882648258550361,40.0,328.5,0.0,0.0,0.0,0.026670850329463446,60.0,370.25,0.0,0.0,0.0,0.1832444304989018,248.0,423.125,0.0,0.0,0.0,0.054596799497960466,108.0,402.75,0.0,0.0,0.0,0.182616881079385,245.0,458.875,0.0,0.0,0.0,0.021964229683087543,17.0,315.625,0.0,0.0,0.0,0.1832444304989018,247.0,421.25,0.0,0.0,0.0,0.07405083150298086,149.0,432.125,1.0,1.0,1.0,0.5450266708503294,1.0,116.5,0.0,0.0,0.0,0.2752442996742671,301.0,368.0,0.0,0.0,0.0,0.5833071854408535,6.0,118.25,0.0,0.0,0.0,0.23982084690553745,248.0,352.4,0.0,0.0,0.0,0.4097897709444619,174.0,304.875
JacksonDatabind,16,0.0,0.0,0.0,0.26660371419578216,481.0,481.0,0.0,0.0,0.0,0.029902423670129054,60.0,60.0,0.0,0.0,0.0,0.12275731822474033,191.0,191.0,0.0,0.0,0.0,0.26030846710733396,467.0,467.0,0.0,0.0,0.0,0.03525338369531004,70.0,70.0,0.0,0.0,0.0,0.07333962858042178,144.0,144.0,0.0,0.0,0.0,0.09977966635190431,92.0,92.0,0.0,0.0,0.0,0.15140069247717972,212.0,212.0,0.0,0.0,0.0,0.03525338369531004,70.0,70.0,0.0,0.0,0.0,0.03745672017626692,68.0,68.0,0.0,0.0,0.0,0.9760780610638967,501.0,501.0,0.0,0.0,0.0,0.13480392156862744,101.0,101.0,0.0,0.0,0.0,0.9801699716713881,503.0,503.0,0.0,0.0,0.0,0.14501633986928106,111.0,111.0,0.0,0.0,0.0,0.10072395341517154,92.0,92.0
JacksonDatabind,17,0.0,0.0,0.0,0.08891838088918382,122.0,122.0,0.0,0.0,0.0,0.29927007299270075,467.0,467.0,0.0,0.0,0.0,0.17319177173191772,263.0,263.0,0.0,0.0,0.0,0.08991373589913736,136.0,136.0,0.0,0.0,0.0,0.3168546781685468,461.0,461.0,0.0,0.0,0.0,0.25680159256801594,462.0,462.0,0.0,0.0,0.0,0.3082282680822827,492.0,492.0,0.0,0.0,0.0,0.12110152621101526,147.0,147.0,0.0,0.0,0.0,0.3168546781685468,458.0,458.0,0.0,0.0,0.0,0.2707365627073656,487.0,487.0,0.0,0.0,0.0,0.7305905773059058,85.0,85.0,0.0,0.0,0.0,0.4064625850340136,482.0,482.0,0.0,0.0,0.0,0.7352355673523556,93.0,93.0,0.0,0.0,0.0,0.407312925170068,481.0,481.0,0.0,0.0,0.0,0.880557398805574,355.0,355.0
JacksonDatabind,18,0.0,0.0,0.0,0.018238814477058992,23.0,173.25,0.0,0.0,0.0,0.20034197777144486,326.0,395.75,0.0,0.0,0.0,0.017953833000854943,35.0,164.5,0.0,0.0,0.0,0.022513536620119692,54.0,197.25,0.0,0.0,0.0,0.06611570247933884,127.0,244.25,0.0,0.0,0.0,0.023083499572527786,52.0,195.5,0.0,0.0,0.0,0.2610430322029068,464.0,503.5,0.0,0.0,0.0,0.018523795953263037,20.0,153.75,0.0,0.0,0.0,0.06611570247933884,127.0,244.25,0.0,0.0,0.0,0.2225705329153605,444.0,486.0,1.0,1.0,1.0,0.500142490738102,1.0,56.5,0.0,0.0,0.0,0.23192660550458716,264.0,352.0,0.0,0.0,0.0,0.6597321174123681,6.0,51.0,0.0,0.0,0.0,0.21614678899082568,223.0,321.25,0.0,0.0,0.0,0.16899401538899972,228.0,229.75
JacksonDatabind,19,0.0,0.0,0.0,0.11868460388639761,216.0,216.0,0.0,0.0,0.0,0.14349775784753363,204.0,204.0,0.0,0.0,0.0,0.05142002989536622,111.0,111.0,0.0,0.0,0.0,0.13602391629297458,252.0,252.0,0.0,0.0,0.0,0.14857997010463378,209.0,209.0,0.0,0.0,0.0,0.0343796711509716,89.0,89.0,0.0,0.0,0.0,0.1937219730941704,288.0,288.0,0.0,0.0,0.0,0.08161434977578476,121.0,121.0,0.0,0.0,0.0,0.14857997010463378,209.0,209.0,0.0,0.0,0.0,0.061584454409566516,122.0,122.0,0.0,0.0,0.0,0.804185351270553,267.0,267.0,0.0,0.0,0.0,0.2299115724721261,265.0,265.0,0.0,0.0,0.0,0.8349775784753363,267.0,267.0,0.0,0.0,0.0,0.235678585159554,273.0,273.0,0.0,0.0,0.0,0.8986547085201794,423.0,423.0
JacksonDatabind,20,0.0,0.0,0.0,0.518605332552007,610.0,610.0,0.0,0.0,0.0,0.518605332552007,598.0,598.0,0.0,0.0,0.0,0.518605332552007,536.0,536.0,0.0,0.0,0.0,0.518605332552007,614.0,614.0,0.0,0.0,0.0,0.518605332552007,575.0,575.0,0.0,0.0,0.0,0.4096103135071784,616.0,616.0,0.0,0.0,0.0,0.7527102256079695,617.0,617.0,0.0,0.0,0.0,0.518605332552007,536.0,536.0,0.0,0.0,0.0,0.518605332552007,575.0,575.0,0.0,0.0,0.0,0.4096103135071784,611.0,611.0,1.0,1.0,1.0,0.0,1.0,1.0,0.0,0.0,0.0,0.59832953682612,609.0,609.0,0.0,0.0,0.0,0.041312628186346324,6.0,6.0,0.0,0.0,0.0,0.59832953682612,608.0,608.0,0.0,0.0,0.0,0.6032815704658658,241.0,241.0
JacksonDatabind,21,0.0,0.0,0.0,,,,0.0,0.0,0.0,,,,0.0,0.0,0.0,,,,0.0,0.0,0.0,,,,0.0,0.0,0.0,,,,0.0,0.0,0.0,,,,0.0,0.0,0.0,,,,0.0,0.0,0.0,,,,0.0,0.0,0.0,,,,0.0,0.0,0.0,,,,0.0,0.0,0.0,,,,0.0,0.0,0.0,,,,0.0,0.0,0.0,,,,0.0,0.0,0.0,,,,0.0,0.0,0.0,,,
JacksonDatabind,22,0.0,0.0,0.0,0.08555979643765903,107.0,275.0,0.0,0.0,0.0,0.16762086513994912,249.0,352.8,0.0,0.0,0.0,0.04039440203562341,81.0,238.2,0.0,0.0,0.0,0.03880407124681934,81.0,281.4,0.0,0.0,0.0,0.1787531806615776,258.0,346.4,0.0,0.0,0.0,0.07919847328244274,164.0,288.4,0.0,0.0,0.0,0.15744274809160305,216.0,373.0,0.0,0.0,0.0,0.08015267175572519,89.0,251.6,0.0,0.0,0.0,0.1787531806615776,258.0,346.4,0.0,0.0,0.0,0.07283715012722647,164.0,324.4,1.0,1.0,1.0,0.0626590330788804,1.0,155.8,0.0,0.0,0.0,0.235996705107084,272.0,372.8,0.0,0.0,0.0,0.6227735368956743,7.0,158.8,0.0,0.0,0.0,0.2487644151565074,279.0,373.0,0.0,0.0,0.0,0.8317430025445293,258.0,389.8
JacksonDatabind,23,0.0,0.0,0.0,0.34407294832826746,602.0,602.0,0.0,0.0,0.0,0.034954407294832825,54.0,54.0,0.0,0.0,0.0,0.23495440729483283,367.0,367.0,0.0,0.0,0.0,0.34407294832826746,605.0,605.0,0.0,0.0,0.0,0.044072948328267476,78.0,78.0,0.0,0.0,0.0,0.5015197568389058,608.0,608.0,1.0,1.0,1.0,0.0,1.0,1.0,0.0,0.0,0.0,0.24984802431610942,397.0,397.0,0.0,0.0,0.0,0.044072948328267476,78.0,78.0,0.0,0.0,0.0,0.5015197568389058,597.0,597.0,0.0,0.0,0.0,0.8507598784194529,352.0,352.0,0.0,1.0,1.0,0.0003912363067292645,2.0,2.0,0.0,1.0,1.0,0.00030395136778115504,2.0,2.0,0.0,0.0,0.0,0.009780907668231613,6.0,6.0,1.0,1.0,1.0,0.0,1.0,1.0
JacksonDatabind,24,0.0,0.0,0.0,0.025810721376571807,19.0,19.0,0.0,0.0,0.0,0.2868960953011251,441.0,441.0,0.0,0.0,0.0,0.11118464592984778,180.0,180.0,0.0,0.0,0.0,0.06485771012574454,107.0,107.0,0.0,0.0,0.0,0.2528127068166777,360.0,360.0,0.0,0.0,0.0,0.14526803441429517,271.0,271.0,0.0,0.0,0.0,0.29219060225016547,467.0,467.0,0.0,0.0,0.0,0.02911978821972204,22.0,22.0,0.0,0.0,0.0,0.2528127068166777,359.0,359.0,0.0,0.0,0.0,0.25479814692256786,465.0,465.0,0.0,0.0,0.0,0.713765718067505,7.0,7.0,0.0,0.0,0.0,0.33648881239242684,394.0,394.0,0.0,0.0,0.0,0.7518199867637326,11.0,11.0,0.0,0.0,0.0,0.32099827882960413,366.0,366.0,0.0,0.0,0.0,0.5747849106551952,141.0,141.0
JacksonDatabind,25,0.0,0.0,0.0,0.19473081328751432,386.0,453.5,0.0,0.0,0.0,0.016036655211912942,40.0,147.0,0.0,0.0,0.0,0.05784650630011455,126.0,250.5,0.0,0.0,0.0,0.18213058419243985,364.0,453.5,0.0,0.0,0.0,0.024627720504009163,55.0,164.0,0.0,0.0,0.0,0.030641466208476516,70.0,210.0,0.0,0.0,0.0,0.1188430698739977,144.0,151.0,0.0,0.0,0.0,0.10624284077892325,152.0,278.5,0.0,0.0,0.0,0.024627720504009163,54.0,163.0,0.0,0.0,0.0,0.008018327605956471,18.0,118.0,0.0,0.0,0.0,0.9066437571592211,418.0,445.5,0.0,0.0,0.0,0.15441448097524935,155.0,159.5,0.0,0.0,0.0,0.9103665521191294,426.0,457.5,0.0,0.0,0.0,0.16106390838566678,163.0,169.0,0.0,0.0,0.0,0.11282932416953036,144.0,148.0
JacksonDatabind,26,0.0,0.0,0.0,,,,0.0,0.0,0.0,,,,0.0,0.0,0.0,,,,0.0,0.0,0.0,,,,0.0,0.0,0.0,,,,0.0,0.0,0.0,,,,0.0,0.0,0.0,,,,0.0,0.0,0.0,,,,0.0,0.0,0.0,,,,0.0,0.0,0.0,,,,0.0,0.0,0.0,,,,0.0,0.0,0.0,,,,0.0,0.0,0.0,,,,0.0,0.0,0.0,,,,0.0,0.0,0.0,,,
JacksonDatabind,27,0.0,0.0,1.0,0.007598371777476255,5.0,5.0,0.0,0.0,0.0,0.3063772048846676,566.0,566.0,0.0,0.0,0.0,0.11261872455902307,215.0,215.0,0.0,0.0,0.0,0.060515603799185885,130.0,130.0,0.0,0.0,0.0,0.19701492537313434,320.0,320.0,0.0,0.0,0.0,0.07354138398914518,157.0,157.0,0.0,0.0,0.0,0.3164179104477612,601.0,601.0,0.0,0.0,0.0,0.008683853459972864,8.0,8.0,0.0,0.0,0.0,0.19701492537313434,319.0,319.0,0.0,0.0,0.0,0.285753052917232,596.0,596.0,0.0,0.0,1.0,0.6757123473541384,4.0,4.0,0.0,0.0,0.0,0.2914625612316305,391.0,391.0,0.0,0.0,0.0,0.7055630936227951,8.0,8.0,0.0,0.0,0.0,0.18649405178446465,199.0,199.0,0.0,0.0,0.0,0.15576662143826323,219.0,219.0
JacksonDatabind,28,0.0,0.0,0.0,0.011057555996597674,10.0,10.0,0.0,0.0,0.0,0.3033739722143465,543.0,543.0,0.0,0.0,0.0,0.1394953218032322,266.0,266.0,0.0,0.0,0.0,0.05188545506095832,115.0,115.0,0.0,0.0,0.0,0.2526226254607315,423.0,423.0,0.0,0.0,0.0,0.12702013042245536,270.0,270.0,0.0,0.0,0.0,0.3081939325205557,571.0,571.0,0.0,0.0,0.0,0.01417635384179189,17.0,17.0,0.0,0.0,0.0,0.2526226254607315,422.0,422.0,0.0,0.0,0.0,0.27615537283810604,565.0,565.0,0.0,0.0,1.0,0.6779132407144882,5.0,5.0,0.0,0.0,0.0,0.3370991253644315,455.0,455.0,0.0,0.0,0.0,0.7133541253189679,9.0,9.0,0.0,0.0,0.0,0.27405247813411077,348.0,348.0,0.0,0.0,0.0,0.43379642755883185,251.0,251.0
JacksonDatabind,29,0.0,0.0,0.0,0.018795968400980658,18.0,338.5,0.0,0.0,0.0,0.257150640152547,477.0,559.5,0.0,0.0,0.0,0.029964587305911197,68.0,307.5,0.0,0.0,0.0,0.034323072732225554,86.0,374.0,0.0,0.0,0.0,0.18387360392263688,287.0,452.0,0.0,0.0,0.0,0.0593843639335331,122.0,393.0,0.0,0.0,0.0,0.28357395804957775,550.0,607.5,0.0,0.0,0.0,0.023971669844728958,21.0,293.5,0.0,0.0,0.0,0.18387360392263688,287.0,451.5,0.0,0.0,0.0,0.25170253336965404,542.0,599.0,1.0,1.0,1.0,0.0,1.0,19.0,0.0,0.0,0.0,0.2562390158172232,344.0,502.0,0.0,0.0,0.0,0.05121220375919368,7.0,20.0,0.0,0.0,0.0,0.22987697715289981,280.0,470.0,0.0,0.0,0.0,0.4331244892399891,258.0,260.5
JacksonDatabind,30,0.0,0.0,0.0,0.059498956158663886,58.0,368.25,0.0,0.0,0.0,0.15788100208768266,257.0,462.5,0.0,0.0,0.0,0.014091858037578288,32.0,307.5,0.0,0.0,0.0,0.008089770354906054,22.0,352.75,0.0,0.0,0.0,0.054801670146137786,107.0,377.75,0.0,0.0,0.0,0.016179540709812108,35.0,360.5,0.0,0.0,0.0,0.2225991649269311,413.0,557.75,0.0,0.0,0.0,0.04801670146137787,36.0,316.25,0.0,0.0,0.0,0.054801670146137786,107.0,377.25,0.0,0.0,0.0,0.17536534446764093,374.0,526.0,1.0,1.0,1.0,0.0,1.0,51.75,0.0,0.0,0.0,0.2076043068640646,262.0,473.75,0.0,0.0,0.0,0.13596033402922755,7.0,54.75,0.0,0.0,0.0,0.2069313593539704,245.0,467.5,0.0,0.0,0.0,0.15840292275574114,252.0,294.0
JacksonDatabind,31,0.0,0.0,0.0,0.022719679251587035,17.0,320.2857142857143,0.0,0.0,0.0,0.1650517875041764,245.0,457.42857142857144,0.0,0.0,0.0,0.014366855997327097,31.0,316.0,0.0,0.0,0.0,0.01804209822920147,41.0,340.0,0.0,0.0,0.0,0.10892081523554961,122.0,412.14285714285717,0.0,0.0,0.0,0.02071500167056465,44.0,397.0,0.0,0.0,0.0,0.23087203474774473,376.0,489.14285714285717,0.0,0.0,0.0,0.02539258269295022,18.0,282.57142857142856,0.0,0.0,0.0,0.10892081523554961,122.0,412.14285714285717,0.0,0.0,0.0,0.17340461075843636,336.0,471.14285714285717,1.0,1.0,1.0,0.0,1.0,1.7142857142857142,0.0,0.0,0.0,0.19939050936003483,211.0,446.14285714285717,0.0,0.0,0.0,0.136986301369863,7.0,7.428571428571429,0.0,0.0,0.0,0.19808445798868088,197.0,441.14285714285717,0.0,0.0,0.0,0.1653859004343468,190.0,197.85714285714286
JacksonDatabind,32,0.0,0.0,0.0,0.21076359537897998,417.0,527.0,0.0,0.0,0.0,0.3598196675119752,616.0,618.5,0.0,0.0,0.0,0.3592561284868977,554.0,557.5,0.0,0.0,0.0,0.13665821358129052,242.0,441.5,0.0,0.0,0.0,0.3598196675119752,595.0,597.5,0.0,0.0,0.0,0.32741617357001973,635.0,638.0,0.0,0.0,0.0,0.3598196675119752,636.0,640.5,0.0,0.0,0.0,0.3592561284868977,554.0,557.5,0.0,0.0,0.0,0.3598196675119752,594.0,596.5,0.0,0.0,0.0,0.32769794308255845,623.0,625.5,1.0,1.0,1.0,0.0,1.0,34.5,0.0,0.0,0.0,0.46234612599565533,631.0,633.5,0.0,0.0,0.0,0.1352493660185968,7.0,42.5,0.0,0.0,0.0,0.46234612599565533,632.0,634.5,0.0,0.0,0.0,0.6756832910679065,257.0,398.0
JacksonDatabind,33,0.0,0.0,0.0,0.250523795270877,455.0,455.0,0.0,0.0,0.0,0.1682131098473511,253.0,253.0,0.0,0.0,0.0,0.21131397785094283,332.0,332.0,0.0,0.0,0.0,0.26339419335528286,483.0,483.0,0.0,0.0,0.0,0.17958695001496558,270.0,270.0,0.0,0.0,0.0,0.13738401676144868,275.0,275.0,0.0,0.0,0.0,0.1469619874289135,201.0,201.0,0.0,0.0,0.0,0.24483687518706973,372.0,372.0,0.0,0.0,0.0,0.17958695001496558,270.0,270.0,0.0,0.0,0.0,0.06794372942232864,148.0,148.0,0.0,0.0,0.0,0.9131996408261,410.0,410.0,0.0,0.0,0.0,0.21058732612055642,231.0,231.0,0.0,0.0,0.0,0.9203831188266985,423.0,423.0,0.0,0.0,0.0,0.21947449768160743,240.0,240.0,0.0,0.0,0.0,0.8371744986530979,323.0,323.0
JacksonDatabind,34,1.0,1.0,1.0,0.0,1.0,1.0,0.0,0.0,0.0,0.2955190017016449,530.0,530.0,0.0,0.0,0.0,0.07345433919455474,145.0,145.0,0.0,0.0,0.0,0.04395916052183778,103.0,103.0,0.0,0.0,0.0,0.012762336925694838,23.0,23.0,0.0,0.0,0.0,0.010493477027793534,23.0,23.0,0.0,0.0,0.0,0.30998298355076576,568.0,568.0,1.0,1.0,1.0,0.0,1.0,1.0,0.0,0.0,0.0,0.012762336925694838,23.0,23.0,0.0,0.0,0.0,0.2756664775950085,560.0,560.0,0.0,1.0,1.0,0.6721497447532615,2.0,2.0,0.0,0.0,0.0,0.2020997375328084,203.0,203.0,0.0,0.0,1.0,0.039137833238797506,5.0,5.0,1.0,1.0,1.0,0.0,1.0,1.0,0.0,0.0,0.0,0.16193987521270561,227.0,227.0
JacksonDatabind,35,0.0,0.0,0.0,0.06287920573634859,58.0,58.0,0.0,0.0,0.0,0.35162713734142304,590.0,590.0,0.0,0.0,0.0,0.21621621621621623,344.0,344.0,0.0,0.0,0.0,0.10314396028681742,157.0,157.0,0.0,0.0,0.0,0.33370104798676226,541.0,541.0,0.0,0.0,0.0,0.28185328185328185,537.0,537.0,0.0,0.0,0.0,0.35686707115278543,621.0,621.0,0.0,0.0,0.0,0.06756756756756757,59.0,59.0,0.0,0.0,0.0,0.33370104798676226,539.0,539.0,0.0,0.0,0.0,0.32570325427468283,617.0,617.0,0.0,0.0,0.0,0.6718146718146718,12.0,12.0,0.0,0.0,0.0,0.43476702508960574,568.0,568.0,0.0,0.0,0.0,0.7073910645339216,18.0,18.0,0.0,0.0,0.0,0.4336917562724014,566.0,566.0,0.0,0.0,0.0,0.7526199669056812,288.0,288.0
JacksonDatabind,36,0.0,0.0,0.0,0.5028481012658228,547.0,547.0,0.0,0.0,0.0,0.5028481012658228,538.0,538.0,0.0,0.0,0.0,0.5028481012658228,473.0,473.0,0.0,0.0,0.0,0.5028481012658228,552.0,552.0,0.0,0.0,0.0,0.5028481012658228,525.0,525.0,0.0,0.0,0.0,0.3870253164556962,556.0,556.0,0.0,0.0,0.0,0.9667721518987342,576.0,576.0,0.0,0.0,0.0,0.5028481012658228,493.0,493.0,0.0,0.0,0.0,0.5028481012658228,524.0,524.0,0.0,0.0,0.0,0.3870253164556962,546.0,546.0,1.0,1.0,1.0,0.0,1.0,1.0,0.0,0.0,0.0,0.5888088172954642,552.0,552.0,0.0,0.0,0.0,0.09113924050632911,7.0,7.0,0.0,0.0,0.0,0.5888088172954642,552.0,552.0,0.0,0.0,0.0,0.8370253164556962,263.0,263.0
JacksonDatabind,37,0.0,0.0,0.0,0.0278580814717477,30.0,30.0,0.0,0.0,0.0,0.2604467805519054,480.0,480.0,0.0,0.0,0.0,0.029434954007884363,69.0,69.0,0.0,0.0,0.0,0.032063074901445464,86.0,86.0,0.0,0.0,0.0,0.21156373193166886,356.0,356.0,0.0,0.0,0.0,0.09566360052562418,213.0,213.0,0.0,0.0,0.0,0.2806833114323259,552.0,552.0,0.0,0.0,0.0,0.030486202365308804,36.0,36.0,0.0,0.0,0.0,0.21156373193166886,356.0,356.0,0.0,0.0,0.0,0.2501971090670171,546.0,546.0,0.0,0.0,0.0,0.7195795006570302,44.0,44.0,0.0,0.0,0.0,0.3143650242886884,426.0,426.0,0.0,0.0,0.0,0.7461235216819974,40.0,40.0,0.0,0.0,0.0,0.2820957668285913,359.0,359.0,0.0,0.0,0.0,0.7127463863337714,276.0,276.0
JacksonDatabind,38,1.0,1.0,1.0,0.0,1.0,1.3333333333333333,0.0,0.0,0.0,0.1974642568114378,328.0,394.3333333333333,0.0,0.0,0.0,0.01132991637442676,27.0,169.0,0.0,0.0,0.0,0.024008632317237658,62.0,104.66666666666667,0.0,0.0,0.0,0.0037766387914755866,11.0,26.333333333333332,0.0,0.0,0.0,0.0037766387914755866,11.0,21.666666666666668,0.0,0.0,0.0,0.18100890207715134,287.0,409.3333333333333,1.0,1.0,1.0,0.0,1.0,1.6666666666666667,0.0,0.0,0.0,0.0037766387914755866,11.0,26.333333333333332,0.0,0.0,0.0,0.10115996762881035,217.0,379.6666666666667,0.0,1.0,1.0,0.674399784192069,2.0,11.333333333333334,0.0,0.0,0.0,0.09113475177304965,61.0,183.66666666666666,0.0,0.0,1.0,0.036957108173725384,4.0,5.333333333333333,1.0,1.0,1.0,0.0,1.0,1.6666666666666667,0.0,0.0,0.0,0.1669813865659563,246.0,259.3333333333333
JacksonDatabind,39,0.0,0.0,0.0,0.021368677305923723,18.0,18.0,0.0,0.0,0.0,0.30916959697051666,586.0,586.0,0.0,0.0,0.0,0.16824452258588043,322.0,322.0,0.0,0.0,0.0,0.06654043819312956,133.0,133.0,0.0,0.0,0.0,0.26372734649715984,458.0,458.0,0.0,0.0,0.0,0.1825804706518799,379.0,379.0,0.0,0.0,0.0,0.3162023262104409,615.0,615.0,0.0,0.0,0.0,0.023262104408980255,20.0,20.0,0.0,0.0,0.0,0.26372734649715984,455.0,455.0,0.0,0.0,0.0,0.2853665133892345,594.0,594.0,0.0,0.0,0.0,0.680281309169597,6.0,6.0,0.0,0.0,0.0,0.3439024390243902,488.0,488.0,0.0,0.0,0.0,0.7116581011631052,10.0,10.0,0.0,0.0,0.0,0.3254355400696864,448.0,448.0,0.0,0.0,0.0,0.5501758182309981,272.0,272.0
JacksonDatabind,40,0.0,0.0,0.0,0.5090800833581423,590.0,590.0,0.0,0.0,0.0,0.5090800833581423,581.0,581.0,0.0,0.0,0.0,0.5090800833581423,538.0,538.0,0.0,0.0,0.0,0.5090800833581423,594.0,594.0,0.0,0.0,0.0,0.5090800833581423,571.0,571.0,0.0,0.0,0.0,0.3959511759452218,598.0,598.0,0.0,0.0,0.0,0.43137838642453114,592.0,592.0,0.0,0.0,0.0,0.5090800833581423,531.0,531.0,0.0,0.0,0.0,0.5090800833581423,571.0,571.0,0.0,0.0,0.0,0.3959511759452218,586.0,586.0,1.0,1.0,1.0,0.0,1.0,1.0,0.0,0.0,0.0,,,,0.0,0.0,0.0,0.2649598094671033,7.0,7.0,0.0,0.0,0.0,,,,0.0,0.0,0.0,0.3378981839833284,224.0,224.0
JacksonDatabind,41,1.0,1.0,1.0,0.0,1.0,1.0,0.0,0.0,0.0,0.11808346213292117,145.0,145.0,0.0,0.0,0.0,0.07635239567233384,148.0,148.0,0.0,0.0,0.0,0.04667697063369397,106.0,106.0,0.0,0.0,0.0,0.01205564142194745,23.0,23.0,0.0,0.0,0.0,0.010510046367851623,23.0,23.0,0.0,0.0,0.0,0.04760432766615147,9.0,9.0,1.0,1.0,1.0,0.0,1.0,1.0,0.0,0.0,0.0,0.01205564142194745,23.0,23.0,0.0,0.0,0.0,0.09860896445131376,211.0,211.0,0.0,1.0,1.0,0.6939721792890263,2.0,2.0,0.0,0.0,0.0,0.060057589469354175,8.0,8.0,0.0,0.0,1.0,0.04265842349304482,5.0,5.0,1.0,1.0,1.0,0.0,1.0,1.0,0.0,0.0,1.0,0.04327666151468315,5.0,5.0
JacksonDatabind,42,0.0,0.0,1.0,0.0031279324366593683,4.0,4.0,0.0,0.0,0.0,0.2793243665936816,487.0,487.0,0.0,0.0,0.0,0.10228339067876134,208.0,208.0,0.0,0.0,0.0,0.050359712230215826,108.0,108.0,0.0,0.0,0.0,0.16015014075695966,235.0,235.0,0.0,0.0,0.0,0.03190491085392556,68.0,68.0,0.0,0.0,0.0,0.28839537065999377,516.0,516.0,0.0,0.0,1.0,0.0031279324366593683,4.0,4.0,0.0,0.0,0.0,0.15952455426962778,234.0,234.0,0.0,0.0,0.0,0.25555208007507035,505.0,505.0,0.0,1.0,1.0,0.6868939630903973,3.0,3.0,0.0,0.0,0.0,0.2408080808080808,293.0,293.0,0.0,0.0,0.0,0.04316546762589928,6.0,6.0,0.0,0.0,1.0,0.00404040404040404,5.0,5.0,0.0,0.0,0.0,0.1510791366906475,215.0,215.0
JacksonDatabind,43,0.0,0.0,0.0,0.03486189326897292,46.0,46.0,0.0,0.0,0.0,0.1426655939930276,202.0,202.0,0.0,0.0,0.0,0.013140252078305176,28.0,28.0,0.0,0.0,0.0,0.012603915258782515,28.0,28.0,0.0,0.0,0.0,0.01903995709305444,39.0,39.0,0.0,0.0,0.0,0.01796728345400912,37.0,37.0,0.0,0.0,0.0,0.23089300080450523,409.0,409.0,0.0,0.0,0.0,0.02815768302493966,36.0,36.0,0.0,0.0,0.0,0.01903995709305444,39.0,39.0,0.0,0.0,0.0,0.166532582461786,354.0,354.0,0.0,0.0,0.0,0.7626709573612228,163.0,163.0,0.0,0.0,0.0,0.220231822971549,251.0,251.0,0.0,0.0,0.0,0.7913649772056852,160.0,160.0,0.0,0.0,0.0,0.19107832806462943,192.0,192.0,0.0,0.0,0.0,0.1718959506570126,257.0,257.0
JacksonDatabind,44,0.0,0.0,0.0,0.03246585931460964,39.0,39.0,0.0,0.0,0.0,0.26513785106931204,527.0,527.0,0.0,0.0,0.0,0.04122648801855192,98.0,98.0,0.0,0.0,0.0,0.03890749806750837,106.0,106.0,0.0,0.0,0.0,0.21953104869878898,393.0,393.0,0.0,0.0,0.0,0.13372842051017778,292.0,292.0,0.0,0.0,0.0,0.280855449626385,580.0,580.0,0.0,0.0,0.0,0.04122648801855192,47.0,47.0,0.0,0.0,0.0,0.21953104869878898,393.0,393.0,0.0,0.0,0.0,0.24942025251223912,574.0,574.0,0.0,0.0,0.0,0.7217212058747745,49.0,49.0,0.0,0.0,0.0,0.33220338983050846,479.0,479.0,0.0,0.0,0.0,0.7495490852872971,49.0,49.0,0.0,0.0,0.0,0.29694915254237286,407.0,407.0,0.0,0.0,0.0,0.744653439835094,308.0,308.0
JacksonDatabind,45,0.0,0.0,0.0,0.06242905788876277,83.0,83.0,0.0,0.0,0.0,0.34194097616345065,580.0,580.0,0.0,0.0,0.0,0.2888762769580023,424.0,424.0,0.0,0.0,0.0,0.08087400681044268,137.0,137.0,0.0,0.0,0.0,0.32661748013620884,531.0,531.0,0.0,0.0,0.0,0.28433598183881953,548.0,548.0,0.0,0.0,0.0,0.3464812712826334,602.0,602.0,0.0,0.0,0.0,0.07803632236095347,92.0,92.0,0.0,0.0,0.0,0.32661748013620884,530.0,530.0,0.0,0.0,0.0,0.3124290578887628,597.0,597.0,0.0,0.0,0.0,0.6983541430192962,19.0,19.0,0.0,0.0,0.0,0.43401869158878503,567.0,567.0,0.0,0.0,0.0,0.7321225879682179,25.0,25.0,0.0,0.0,0.0,0.4328971962616822,564.0,564.0,0.0,0.0,0.0,0.7999432463110102,306.0,306.0
JacksonDatabind,46,1.0,1.0,1.0,0.0,1.0,1.0,0.0,0.0,0.0,0.2754391779913822,467.0,467.0,0.0,0.0,0.0,0.0971163407358303,188.0,188.0,0.0,0.0,0.0,0.05104408352668213,106.0,106.0,0.0,0.0,0.0,0.012595293337752734,23.0,23.0,0.0,0.0,0.0,0.012263838249917136,22.0,22.0,0.0,0.0,0.0,0.2857142857142857,493.0,493.0,1.0,1.0,1.0,0.0,1.0,1.0,0.0,0.0,0.0,0.012595293337752734,23.0,23.0,0.0,0.0,0.0,0.24759695061319192,488.0,488.0,0.0,1.0,1.0,0.6857805767318529,2.0,2.0,0.0,0.0,0.0,0.1729776247848537,172.0,172.0,0.0,0.0,1.0,0.04342061650646337,5.0,5.0,1.0,1.0,1.0,0.0,1.0,1.0,0.0,0.0,0.0,0.14352005303281407,195.0,195.0
JacksonDatabind,47,0.0,0.0,0.0,0.22668174109666478,462.0,462.0,0.0,0.0,0.0,0.21961560203504804,366.0,366.0,0.0,0.0,0.0,0.3176936122102883,486.0,486.0,0.0,0.0,0.0,0.24364047484454493,503.0,503.0,0.0,0.0,0.0,0.23657433578292822,392.0,392.0,0.0,0.0,0.0,0.22074618428490672,445.0,445.0,0.0,0.0,0.0,0.17750141322781232,268.0,268.0,0.0,0.0,0.0,0.3380440927077445,514.0,514.0,0.0,0.0,0.0,0.23657433578292822,392.0,392.0,0.0,0.0,0.0,0.14810627473148671,288.0,288.0,0.0,0.0,0.0,0.8462408140192199,382.0,382.0,0.0,0.0,0.0,0.2685288640595903,332.0,332.0,0.0,0.0,0.0,0.8778971170152629,384.0,384.0,0.0,0.0,0.0,0.2782122905027933,343.0,343.0,0.0,0.0,0.0,0.9590163934426229,599.0,599.0
JacksonDatabind,48,0.0,0.0,0.0,0.2267527134056908,448.0,500.5,0.0,0.0,0.0,0.12701672044587856,155.0,264.0,0.0,0.0,0.0,0.150777354062775,290.0,381.5,0.0,0.0,0.0,0.2408330888823702,487.0,526.0,0.0,0.0,0.0,0.1387503666764447,175.0,287.5,0.0,0.0,0.0,0.11909650924024641,247.0,342.0,0.0,0.0,0.0,0.1152830742153124,120.0,188.0,0.0,0.0,0.0,0.20475212672337928,321.0,408.0,0.0,0.0,0.0,0.1387503666764447,175.0,287.5,0.0,0.0,0.0,0.07333528894103843,152.0,222.5,0.0,0.0,0.0,0.8465825755353477,370.0,446.5,0.0,0.0,0.0,0.1414766138384229,115.0,223.0,0.0,0.0,0.0,0.8800234672924612,374.0,449.0,0.0,0.0,0.0,0.15577889447236182,130.0,235.0,0.0,0.0,0.0,0.10442945145203872,107.0,353.0
JacksonDatabind,49,0.0,0.0,0.0,0.04633415099482148,50.0,50.0,0.0,0.0,0.0,0.2621967838648133,472.0,472.0,0.0,0.0,0.0,0.027527936767511585,59.0,59.0,0.0,0.0,0.0,0.03134369037884982,67.0,67.0,0.0,0.0,0.0,0.2041428182065958,344.0,344.0,0.0,0.0,0.0,0.08367402562005996,167.0,167.0,0.0,0.0,0.0,0.2741891523575906,521.0,521.0,0.0,0.0,0.0,0.047969473971109296,46.0,46.0,0.0,0.0,0.0,0.2041428182065958,343.0,343.0,0.0,0.0,0.0,0.2403924775143091,505.0,505.0,0.0,0.0,0.0,0.7296266012537476,91.0,91.0,0.0,0.0,0.0,0.3202933985330073,431.0,431.0,0.0,0.0,0.0,0.756064322703734,91.0,91.0,0.0,0.0,0.0,0.2996856444289207,390.0,390.0,0.0,0.0,0.0,0.7391659852820932,304.0,304.0
JacksonDatabind,50,0.0,0.0,0.0,0.08998260004971415,137.0,137.0,0.0,0.0,0.0,0.2555306984837186,499.0,499.0,0.0,0.0,0.0,0.052448421575938355,120.0,120.0,0.0,0.0,0.0,0.04275416355953269,110.0,110.0,0.0,0.0,0.0,0.24757643549589858,461.0,461.0,0.0,0.0,0.0,0.13571961222967935,328.0,328.0,0.0,0.0,0.0,0.2672135222470793,550.0,550.0,0.0,0.0,0.0,0.09097688292319164,112.0,112.0,0.0,0.0,0.0,0.24757643549589858,461.0,461.0,0.0,0.0,0.0,0.21476510067114093,498.0,498.0,0.0,0.0,0.0,0.7638578175490928,200.0,200.0,0.0,0.0,0.0,0.3504218040233614,521.0,521.0,0.0,0.0,0.0,0.7675863783246334,208.0,208.0,0.0,0.0,0.0,0.36177806619078523,521.0,521.0,0.0,0.0,0.0,0.8849117573949788,478.0,478.0
JacksonDatabind,51,0.0,0.0,0.0,0.11258278145695365,203.0,203.0,0.0,0.0,0.0,0.24895756683836154,502.0,502.0,0.0,0.0,0.0,0.09492273730684327,212.0,212.0,0.0,0.0,0.0,0.12509197939661515,240.0,240.0,0.0,0.0,0.0,0.2631837135148393,503.0,503.0,0.0,0.0,0.0,0.1834682364483689,415.0,415.0,0.0,0.0,0.0,0.24773117488349278,503.0,503.0,0.0,0.0,0.0,0.12362030905077263,191.0,191.0,0.0,0.0,0.0,0.2631837135148393,503.0,503.0,0.0,0.0,0.0,0.19524159921510914,448.0,448.0,0.0,0.0,0.0,0.7839097375521217,255.0,255.0,0.0,0.0,0.0,0.34977578475336324,529.0,529.0,0.0,0.0,0.0,0.7846455727250429,258.0,258.0,0.0,0.0,0.0,0.36194746957078794,534.0,534.0,0.0,0.0,0.0,0.9166053470689233,567.0,567.0
JacksonDatabind,52,0.0,0.0,0.0,0.24483550114766642,532.0,532.0,0.0,0.0,0.0,0.02142310635042081,51.0,51.0,0.0,0.0,0.0,0.07778627901045651,154.0,154.0,0.0,0.0,0.0,0.22621780158122928,487.0,487.0,0.0,0.0,0.0,0.02728895689875032,60.0,60.0,0.0,0.0,0.0,0.04106095383830655,97.0,97.0,0.0,0.0,0.0,0.13057893394542208,190.0,190.0,0.0,0.0,0.0,0.1374649324152002,196.0,196.0,0.0,0.0,0.0,0.02728895689875032,60.0,60.0,0.0,0.0,0.0,0.01810762560571283,39.0,39.0,0.0,0.0,0.0,0.9278245345575108,555.0,555.0,0.0,0.0,0.0,0.17892976588628762,202.0,202.0,0.0,0.0,0.0,0.9283346085182351,556.0,556.0,0.0,0.0,0.0,0.19130434782608696,215.0,215.0,0.0,0.0,0.0,0.13057893394542208,185.0,185.0
JacksonDatabind,54,0.0,0.0,0.0,0.1903701642081826,366.0,366.0,0.0,0.0,0.0,0.20456443083774006,358.0,358.0,0.0,0.0,0.0,0.19788477595324241,358.0,358.0,0.0,0.0,0.0,0.20317283607013636,400.0,400.0,0.0,0.0,0.0,0.22237684386306708,373.0,373.0,0.0,0.0,0.0,0.17088783746173114,354.0,354.0,0.0,0.0,0.0,0.19343167269691067,314.0,314.0,0.0,0.0,0.0,0.23434455886445868,378.0,378.0,0.0,0.0,0.0,0.22237684386306708,373.0,373.0,0.0,0.0,0.0,0.10826607291956582,234.0,234.0,0.0,0.0,0.0,0.818536042304481,335.0,335.0,0.0,0.0,0.0,0.2949325555960627,390.0,390.0,0.0,0.0,0.0,0.8213192318396882,338.0,338.0,0.0,0.0,0.0,0.3062340503098797,397.0,397.0,0.0,0.0,0.0,0.9663234066239911,631.0,631.0
JacksonDatabind,55,0.0,0.0,0.0,0.06180890275021265,86.0,86.0,0.0,0.0,0.0,0.34221718174085625,589.0,589.0,0.0,0.0,0.0,0.3050751346753615,455.0,455.0,0.0,0.0,0.0,0.08137227105188545,142.0,142.0,0.0,0.0,0.0,0.3283243549759002,545.0,545.0,0.0,0.0,0.0,0.28749645591153955,566.0,566.0,0.0,0.0,0.0,0.34306776297136377,606.0,606.0,0.0,0.0,0.0,0.07598525659200453,101.0,101.0,0.0,0.0,0.0,0.3283243549759002,545.0,545.0,0.0,0.0,0.0,0.30904451375106323,599.0,599.0,0.0,0.0,0.0,0.7003118797845195,19.0,19.0,0.0,0.0,0.0,0.434407796101949,578.0,578.0,0.0,0.0,0.0,0.7349021831584917,26.0,26.0,0.0,0.0,0.0,0.434407796101949,577.0,577.0,0.0,0.0,0.0,0.798979302523391,311.0,311.0
JacksonDatabind,56,0.0,0.0,0.0,0.06969962088072325,100.0,100.0,0.0,0.0,0.0,0.32662583843686205,553.0,553.0,0.0,0.0,0.0,0.2863808690580344,430.0,430.0,0.0,0.0,0.0,0.08223972003499562,138.0,138.0,0.0,0.0,0.0,0.3085447652376786,519.0,519.0,0.0,0.0,0.0,0.27209098862642167,537.0,537.0,0.0,0.0,0.0,0.32662583843686205,571.0,571.0,0.0,0.0,0.0,0.08428113152522601,117.0,117.0,0.0,0.0,0.0,0.3085447652376786,518.0,518.0,0.0,0.0,0.0,0.2916302128900554,561.0,561.0,0.0,0.0,0.0,0.7197433654126567,23.0,23.0,0.0,0.0,0.0,0.4149633629001157,546.0,546.0,0.0,0.0,0.0,0.7550306211723534,29.0,29.0,0.0,0.0,0.0,0.41033551870420365,542.0,542.0,0.0,0.0,0.0,0.8197725284339458,299.0,299.0
JacksonDatabind,57,1.0,1.0,1.0,0.0,1.0,1.0,0.0,0.0,0.0,0.30092226613965745,590.0,590.0,0.0,0.0,0.0,0.12727272727272726,259.0,259.0,0.0,0.0,0.0,0.05138339920948617,129.0,129.0,0.0,0.0,0.0,0.02740447957839262,60.0,60.0,0.0,0.0,0.0,0.008695652173913044,23.0,23.0,0.0,0.0,0.0,0.3101449275362319,622.0,622.0,1.0,1.0,1.0,0.0,1.0,1.0,0.0,0.0,0.0,0.02740447957839262,60.0,60.0,0.0,0.0,0.0,0.28010540184453225,617.0,617.0,1.0,1.0,1.0,0.0,1.0,1.0,0.0,0.0,0.0,0.21418685121107267,255.0,255.0,0.0,0.0,1.0,0.03636363636363636,5.0,5.0,1.0,1.0,1.0,0.0,1.0,1.0,0.0,0.0,0.0,0.17417654808959157,279.0,279.0
JacksonDatabind,58,1.0,1.0,1.0,0.0,1.0,1.0,1.0,1.0,1.0,0.0,1.0,1.0,1.0,1.0,1.0,0.0,1.0,1.0,1.0,1.0,1.0,0.0,1.0,1.0,1.0,1.0,1.0,0.0,1.0,1.0,1.0,1.0,1.0,0.0,1.0,1.0,0.0,0.0,0.0,0.8059873344847438,164.0,164.0,1.0,1.0,1.0,0.0,1.0,1.0,1.0,1.0,1.0,0.0,1.0,1.0,1.0,1.0,1.0,0.0,1.0,1.0,1.0,1.0,1.0,0.0,1.0,1.0,0.0,0.0,0.0,,,,1.0,1.0,1.0,0.0,1.0,1.0,0.0,0.0,0.0,,,,0.0,0.0,0.0,0.8917674150834772,185.0,185.0
JacksonDatabind,59,0.0,0.0,0.0,0.052132701421800945,105.0,105.0,0.0,0.0,0.0,0.051606108478146395,104.0,104.0,0.0,0.0,0.0,0.052132701421800945,105.0,105.0,0.0,0.0,0.0,0.051606108478146395,104.0,104.0,0.0,0.0,0.0,0.052132701421800945,105.0,105.0,0.0,0.0,0.0,0.052132701421800945,105.0,105.0,0.0,0.0,0.0,0.052132701421800945,105.0,105.0,0.0,0.0,0.0,0.052132701421800945,105.0,105.0,0.0,0.0,0.0,0.052132701421800945,105.0,105.0,0.0,0.0,0.0,0.052132701421800945,105.0,105.0,0.0,0.0,0.0,0.9344391785150079,144.0,144.0,0.0,0.0,0.0,0.20983213429256595,152.0,152.0,0.0,0.0,0.0,0.9344391785150079,144.0,144.0,0.0,0.0,0.0,0.20983213429256595,152.0,152.0,0.0,0.0,0.0,0.8949447077409163,288.0,288.0
JacksonDatabind,60,0.0,1.0,1.0,0.002271580010095911,3.0,3.0,1.0,1.0,1.0,0.0,1.0,1.0,0.0,1.0,1.0,0.0002523977788995457,2.0,2.0,1.0,1.0,1.0,0.0,1.0,1.0,0.0,1.0,1.0,0.0002523977788995457,2.0,2.0,0.0,1.0,1.0,0.0002523977788995457,2.0,2.0,1.0,1.0,1.0,0.0,1.0,1.0,0.0,1.0,1.0,0.002271580010095911,3.0,3.0,0.0,1.0,1.0,0.0002523977788995457,2.0,2.0,1.0,1.0,1.0,0.0,1.0,1.0,0.0,0.0,0.0,0.7730943967693085,13.0,13.0,0.0,1.0,1.0,0.0003846153846153846,2.0,2.0,0.0,0.0,1.0,0.7690560323069157,5.0,5.0,0.0,1.0,1.0,0.0034615384615384616,3.0,3.0,1.0,1.0,1.0,0.0,1.0,1.0
JacksonDatabind,61,0.0,0.0,0.0,0.034411384217335056,65.0,169.33333333333334,0.0,0.0,0.0,0.034152652005174644,64.0,168.33333333333334,0.0,0.0,0.0,0.034411384217335056,65.0,169.33333333333334,0.0,0.0,0.0,0.034152652005174644,64.0,168.33333333333334,0.0,0.0,0.0,0.034411384217335056,65.0,169.33333333333334,0.0,0.0,0.0,0.034411384217335056,65.0,169.33333333333334,0.0,0.0,0.0,0.034411384217335056,65.0,183.33333333333334,0.0,0.0,0.0,0.034411384217335056,65.0,169.33333333333334,0.0,0.0,0.0,0.034411384217335056,65.0,169.33333333333334,0.0,0.0,0.0,0.034411384217335056,65.0,169.33333333333334,1.0,1.0,1.0,0.0,1.0,59.333333333333336,0.0,0.0,0.0,0.16141732283464566,90.0,160.33333333333334,0.0,1.0,1.0,0.000517464424320828,3.0,60.0,0.0,0.0,0.0,0.16141732283464566,90.0,160.33333333333334,0.0,0.0,0.0,0.7684346701164295,73.0,145.33333333333334
JacksonDatabind,62,0.0,0.0,0.0,0.007836045810729355,16.0,16.0,0.0,0.0,0.0,0.007836045810729355,16.0,16.0,0.0,0.0,0.0,0.007836045810729355,16.0,16.0,0.0,0.0,0.0,0.007836045810729355,16.0,16.0,0.0,0.0,0.0,0.007836045810729355,16.0,16.0,0.0,0.0,0.0,0.008438818565400843,16.0,16.0,0.0,0.0,0.0,0.007836045810729355,16.0,16.0,0.0,0.0,0.0,0.007836045810729355,16.0,16.0,0.0,0.0,0.0,0.007836045810729355,16.0,16.0,0.0,0.0,0.0,0.008438818565400843,16.0,16.0,0.0,0.0,0.0,0.9122965641952984,22.0,22.0,0.0,0.0,0.0,0.09350163627863488,25.0,25.0,0.0,0.0,0.0,0.9125979505726342,22.0,22.0,0.0,0.0,0.0,0.09350163627863488,25.0,25.0,0.0,0.0,0.0,0.7848101265822784,69.0,69.0
JacksonDatabind,63,1.0,1.0,1.0,0.0,1.0,1.0,1.0,1.0,1.0,0.0,1.0,1.0,1.0,1.0,1.0,0.0,1.0,1.0,1.0,1.0,1.0,0.0,1.0,1.0,1.0,1.0,1.0,0.0,1.0,1.0,1.0,1.0,1.0,0.0,1.0,1.0,0.0,0.0,0.0,0.6500811249323959,13.0,13.0,1.0,1.0,1.0,0.0,1.0,1.0,1.0,1.0,1.0,0.0,1.0,1.0,1.0,1.0,1.0,0.0,1.0,1.0,1.0,1.0,1.0,0.0,1.0,1.0,0.0,0.0,0.0,,,,1.0,1.0,1.0,0.0,1.0,1.0,0.0,0.0,0.0,,,,0.0,0.0,0.0,0.680908599242834,13.0,13.0
JacksonDatabind,64,0.0,0.0,0.0,0.023255813953488372,50.0,50.0,0.0,0.0,0.0,0.023255813953488372,50.0,50.0,0.0,0.0,0.0,0.023255813953488372,50.0,50.0,0.0,0.0,0.0,0.023255813953488372,50.0,50.0,0.0,0.0,0.0,0.023255813953488372,50.0,50.0,0.0,0.0,0.0,0.023255813953488372,50.0,50.0,0.0,0.0,0.0,0.023255813953488372,50.0,50.0,0.0,0.0,0.0,0.023255813953488372,50.0,50.0,0.0,0.0,0.0,0.023255813953488372,50.0,50.0,0.0,0.0,0.0,0.023255813953488372,50.0,50.0,0.0,0.0,0.0,0.977038563438328,144.0,144.0,0.0,0.0,0.0,0.22996831145314622,149.0,149.0,0.0,0.0,0.0,0.977038563438328,144.0,144.0,0.0,0.0,0.0,0.22996831145314622,149.0,149.0,0.0,0.0,0.0,0.9587871651457168,346.0,346.0
JacksonDatabind,65,1.0,1.0,1.0,0.0,1.0,1.0,1.0,1.0,1.0,0.0,1.0,1.0,1.0,1.0,1.0,0.0,1.0,1.0,1.0,1.0,1.0,0.0,1.0,1.0,1.0,1.0,1.0,0.0,1.0,1.0,1.0,1.0,1.0,0.0,1.0,1.0,1.0,1.0,1.0,0.15288753799392096,1.0,58.0,1.0,1.0,1.0,0.0,1.0,1.0,1.0,1.0,1.0,0.0,1.0,1.0,1.0,1.0,1.0,0.0,1.0,1.0,1.0,1.0,1.0,0.0,1.0,1.0,0.0,0.0,0.0,,,,1.0,1.0,1.0,0.0,1.0,1.0,0.0,0.0,0.0,,,,1.0,1.0,1.0,0.15288753799392096,1.0,63.666666666666664
JacksonDatabind,66,0.0,1.0,1.0,0.001068090787716956,2.0,2.0,1.0,1.0,1.0,0.0,1.0,1.0,0.0,1.0,1.0,0.001068090787716956,2.0,2.0,1.0,1.0,1.0,0.0,1.0,1.0,0.0,1.0,1.0,0.001068090787716956,2.0,2.0,0.0,1.0,1.0,0.001068090787716956,2.0,2.0,0.0,1.0,1.0,0.001068090787716956,2.0,2.0,0.0,1.0,1.0,0.001068090787716956,2.0,2.0,0.0,1.0,1.0,0.001068090787716956,2.0,2.0,0.0,1.0,1.0,0.001068090787716956,2.0,2.0,0.0,1.0,1.0,0.811214953271028,3.0,3.0,0.0,1.0,1.0,0.0004078303425774878,2.0,2.0,0.0,1.0,1.0,0.000267022696929239,2.0,2.0,0.0,1.0,1.0,0.0004078303425774878,2.0,2.0,0.0,1.0,1.0,0.001068090787716956,2.0,2.0
JacksonDatabind,67,0.0,0.0,0.0,0.021098265895953757,26.0,26.0,0.0,0.0,0.0,0.01878612716763006,25.0,25.0,0.0,0.0,0.0,0.021098265895953757,26.0,26.0,0.0,0.0,0.0,0.01878612716763006,25.0,25.0,0.0,0.0,0.0,0.021098265895953757,26.0,26.0,0.0,0.0,0.0,0.021098265895953757,26.0,26.0,0.0,0.0,0.0,0.021098265895953757,26.0,26.0,0.0,0.0,0.0,0.021098265895953757,26.0,26.0,0.0,0.0,0.0,0.021098265895953757,26.0,26.0,0.0,0.0,0.0,0.021098265895953757,26.0,26.0,0.0,0.0,0.0,0.9387283236994219,50.0,50.0,0.0,0.0,0.0,0.1431103234381923,53.0,53.0,0.0,0.0,0.0,0.9387283236994219,50.0,50.0,0.0,0.0,0.0,0.1431103234381923,53.0,53.0,0.0,0.0,0.0,0.8378612716763005,142.0,142.0
JacksonDatabind,68,0.0,1.0,1.0,0.0008438818565400844,3.0,143.0,0.0,0.0,1.0,0.0014064697609001407,4.0,144.0,0.0,1.0,1.0,0.0008438818565400844,3.0,138.0,0.0,0.0,0.0,0.00590717299578059,12.0,143.16666666666666,0.0,0.0,1.0,0.001969057665260197,5.0,143.66666666666666,0.0,0.0,1.0,0.001969057665260197,5.0,146.83333333333334,0.0,0.0,0.0,0.16258790436005627,192.0,233.83333333333334,0.0,1.0,1.0,0.0011251758087201125,3.0,137.0,0.0,0.0,1.0,0.001969057665260197,5.0,143.66666666666666,0.0,0.0,0.0,0.04472573839662447,81.0,174.66666666666666,1.0,1.0,1.0,0.5001406469760901,1.0,8.0,0.0,0.0,0.0,0.06169111302847282,7.0,158.66666666666666,0.0,1.0,1.0,0.6070323488045007,3.0,9.833333333333334,0.0,0.0,1.0,0.010353753235547885,5.0,158.0,0.0,0.0,1.0,0.0073136427566807315,5.0,38.166666666666664
JacksonDatabind,69,0.0,0.0,0.0,0.003457216940363008,12.0,79.66666666666667,0.0,0.0,0.0,0.003457216940363008,12.0,79.66666666666667,0.0,0.0,0.0,0.003457216940363008,12.0,79.66666666666667,0.0,0.0,0.0,0.003457216940363008,12.0,79.66666666666667,0.0,0.0,0.0,0.003457216940363008,12.0,79.66666666666667,0.0,0.0,0.0,0.003457216940363008,12.0,79.33333333333333,0.0,0.0,0.0,0.003457216940363008,12.0,79.66666666666667,0.0,0.0,0.0,0.003457216940363008,12.0,79.66666666666667,0.0,0.0,0.0,0.003457216940363008,12.0,79.66666666666667,0.0,0.0,0.0,0.003457216940363008,12.0,79.33333333333333,1.0,1.0,1.0,0.0,1.0,31.0,0.0,0.0,0.0,0.09637488947833775,31.0,96.66666666666667,0.0,1.0,1.0,0.15557476231633535,2.0,31.666666666666668,0.0,0.0,0.0,0.09637488947833775,31.0,96.66666666666667,0.0,1.0,1.0,0.06395851339671564,3.0,91.0
JacksonDatabind,70,0.0,0.0,0.0,0.005915492957746479,9.0,9.0,0.0,0.0,0.0,0.005915492957746479,9.0,9.0,0.0,0.0,0.0,0.005915492957746479,9.0,9.0,0.0,0.0,0.0,0.005915492957746479,9.0,9.0,0.0,0.0,0.0,0.005915492957746479,9.0,9.0,0.0,0.0,0.0,0.005915492957746479,9.0,9.0,0.0,0.0,0.0,0.005915492957746479,9.0,9.0,0.0,0.0,0.0,0.005915492957746479,9.0,9.0,0.0,0.0,0.0,0.005915492957746479,9.0,9.0,0.0,0.0,0.0,0.005915492957746479,9.0,9.0,0.0,0.0,0.0,0.8867605633802816,14.0,14.0,0.0,0.0,0.0,0.07835497835497836,15.0,15.0,0.0,0.0,0.0,0.8867605633802816,14.0,14.0,0.0,0.0,0.0,0.07835497835497836,15.0,15.0,0.0,0.0,0.0,0.747887323943662,45.0,45.0
JacksonDatabind,71,1.0,1.0,1.0,0.0,1.0,1.0,1.0,1.0,1.0,0.0,1.0,1.0,1.0,1.0,1.0,0.0,1.0,1.0,1.0,1.0,1.0,0.0,1.0,1.0,1.0,1.0,1.0,0.0,1.0,1.0,1.0,1.0,1.0,0.0,1.0,1.0,0.0,0.0,0.0,0.788691437802908,93.0,93.0,1.0,1.0,1.0,0.0,1.0,1.0,1.0,1.0,1.0,0.0,1.0,1.0,1.0,1.0,1.0,0.0,1.0,1.0,1.0,1.0,1.0,0.0,1.0,1.0,0.0,0.0,0.0,,,,1.0,1.0,1.0,0.0,1.0,1.0,0.0,0.0,0.0,,,,0.0,0.0,0.0,0.8555735056542811,95.0,95.0
JacksonDatabind,72,0.0,0.0,0.0,,,,0.0,0.0,0.0,,,,0.0,0.0,0.0,,,,0.0,0.0,0.0,,,,0.0,0.0,0.0,,,,0.0,0.0,0.0,,,,0.0,0.0,0.0,,,,0.0,0.0,0.0,,,,0.0,0.0,0.0,,,,0.0,0.0,0.0,,,,0.0,0.0,0.0,,,,0.0,0.0,0.0,,,,0.0,0.0,0.0,,,,0.0,0.0,0.0,,,,0.0,0.0,0.0,,,
JacksonDatabind,73,1.0,1.0,1.0,0.0,1.0,1.0,1.0,1.0,1.0,0.0,1.0,1.0,1.0,1.0,1.0,0.0,1.0,1.0,1.0,1.0,1.0,0.0,1.0,1.0,1.0,1.0,1.0,0.0,1.0,1.0,1.0,1.0,1.0,0.0,1.0,1.0,0.0,0.0,0.0,0.9293038316243929,367.0,376.5,1.0,1.0,1.0,0.0,1.0,1.0,1.0,1.0,1.0,0.0,1.0,1.0,1.0,1.0,1.0,0.0,1.0,1.0,1.0,1.0,1.0,0.0,1.0,1.0,0.0,0.0,0.0,,,,1.0,1.0,1.0,0.0,1.0,1.0,0.0,0.0,0.0,,,,0.0,0.0,0.0,0.8194819212088506,98.0,127.0
JacksonDatabind,74,0.0,0.0,0.0,0.0037746023186842814,7.0,7.0,0.0,0.0,0.0,0.0037746023186842814,7.0,7.0,0.0,0.0,0.0,0.0037746023186842814,7.0,7.0,0.0,0.0,0.0,0.0037746023186842814,7.0,7.0,0.0,0.0,0.0,0.0037746023186842814,7.0,7.0,0.0,0.0,0.0,0.0037746023186842814,7.0,7.0,0.0,0.0,0.0,0.0037746023186842814,7.0,7.0,0.0,0.0,0.0,0.0037746023186842814,7.0,7.0,0.0,0.0,0.0,0.0037746023186842814,7.0,7.0,0.0,0.0,0.0,0.0037746023186842814,7.0,7.0,0.0,0.0,0.0,0.8767861957400916,8.0,8.0,0.0,0.0,0.0,0.06190672719768882,9.0,9.0,0.0,0.0,0.0,0.8767861957400916,8.0,8.0,0.0,0.0,0.0,0.06190672719768882,9.0,9.0,0.0,0.0,0.0,0.68643839309787,20.0,20.0
JacksonDatabind,75,0.0,1.0,1.0,0.0005844535359438924,2.0,2.6666666666666665,0.0,1.0,1.0,0.0005844535359438924,2.0,2.6666666666666665,0.0,1.0,1.0,0.0005844535359438924,2.0,2.6666666666666665,0.0,1.0,1.0,0.0005844535359438924,2.0,2.6666666666666665,0.0,1.0,1.0,0.0005844535359438924,2.0,2.6666666666666665,0.0,1.0,1.0,0.0005844535359438924,2.0,2.6666666666666665,0.0,1.0,1.0,0.0005844535359438924,2.0,2.6666666666666665,0.0,1.0,1.0,0.0005844535359438924,2.0,2.6666666666666665,0.0,1.0,1.0,0.0005844535359438924,2.0,2.6666666666666665,0.0,1.0,1.0,0.0005844535359438924,2.0,2.6666666666666665,0.0,0.0,0.0,0.8851548801870252,6.0,6.666666666666667,0.0,0.0,1.0,0.06496415770609319,5.0,5.666666666666667,0.0,0.0,0.0,0.8851548801870252,6.0,6.666666666666667,0.0,0.0,1.0,0.06496415770609319,5.0,5.666666666666667,0.0,0.0,0.0,0.7314436002337814,32.0,33.333333333333336
JacksonDatabind,76,1.0,1.0,1.0,0.0,1.0,1.0,1.0,1.0,1.0,0.0,1.0,1.0,1.0,1.0,1.0,0.0,1.0,1.0,1.0,1.0,1.0,0.0,1.0,1.0,1.0,1.0,1.0,0.0,1.0,1.0,1.0,1.0,1.0,0.0,1.0,1.0,1.0,1.0,1.0,0.0,1.0,1.0,1.0,1.0,1.0,0.0,1.0,1.0,1.0,1.0,1.0,0.0,1.0,1.0,1.0,1.0,1.0,0.0,1.0,1.0,1.0,1.0,1.0,0.0,1.0,1.0,0.0,0.0,0.0,,,,1.0,1.0,1.0,0.0,1.0,1.0,0.0,0.0,0.0,,,,1.0,1.0,1.0,0.0,1.0,1.0
JacksonDatabind,77,0.0,0.0,0.0,0.11690848214285714,187.0,187.0,0.0,0.0,0.0,0.11635044642857142,186.0,186.0,0.0,0.0,0.0,0.11690848214285714,187.0,187.0,0.0,0.0,0.0,0.11635044642857142,186.0,186.0,0.0,0.0,0.0,0.11690848214285714,187.0,187.0,0.0,0.0,0.0,0.11690848214285714,187.0,187.0,0.0,0.0,0.0,0.11690848214285714,187.0,187.0,0.0,0.0,0.0,0.11690848214285714,187.0,187.0,0.0,0.0,0.0,0.11690848214285714,187.0,187.0,0.0,0.0,0.0,0.11690848214285714,187.0,187.0,0.0,0.0,0.0,0.9907924107142857,232.0,232.0,0.0,0.0,0.0,0.3452685421994885,240.0,240.0,0.0,0.0,0.0,0.9899553571428571,232.0,232.0,0.0,0.0,0.0,0.3452685421994885,240.0,240.0,0.0,0.0,0.0,0.9793526785714286,379.0,379.0
JacksonDatabind,78,0.0,0.0,0.0,0.11876167600747264,201.0,262.5,0.0,0.0,0.0,0.11822791566586603,200.0,261.5,0.0,0.0,0.0,0.11876167600747264,201.0,262.5,0.0,0.0,0.0,0.11822791566586603,200.0,261.5,0.0,0.0,0.0,0.11876167600747264,201.0,262.5,0.0,0.0,0.0,0.11876167600747264,201.0,262.5,0.0,0.0,0.0,0.11876167600747264,201.0,262.5,0.0,0.0,0.0,0.11876167600747264,201.0,262.5,0.0,0.0,0.0,0.11876167600747264,201.0,262.5,0.0,0.0,0.0,0.11876167600747264,201.0,262.5,0.0,0.0,0.0,0.7985054710435014,8.0,129.0,0.0,0.0,0.0,0.01991869918699187,7.0,130.5,0.0,0.0,0.0,0.7993061115559114,8.0,129.0,0.0,0.0,0.0,0.01991869918699187,7.0,130.5,0.0,0.0,0.0,0.5911395783293302,11.0,207.0
JacksonDatabind,79,1.0,1.0,1.0,0.0,1.0,1.0,1.0,1.0,1.0,0.0,1.0,1.0,1.0,1.0,1.0,0.0,1.0,1.0,1.0,1.0,1.0,0.0,1.0,1.0,1.0,1.0,1.0,0.0,1.0,1.0,1.0,1.0,1.0,0.0,1.0,1.0,0.0,0.0,1.0,0.5782004830917874,5.0,114.0,1.0,1.0,1.0,0.0,1.0,1.0,1.0,1.0,1.0,0.0,1.0,1.0,1.0,1.0,1.0,0.0,1.0,1.0,1.0,1.0,1.0,0.0,1.0,1.0,0.0,0.0,0.0,,,,1.0,1.0,1.0,0.0,1.0,1.0,0.0,0.0,0.0,,,,0.0,0.0,1.0,0.6044685990338164,5.0,139.0
JacksonDatabind,80,0.0,1.0,1.0,0.00029708853238265005,2.0,22.0,0.0,1.0,1.0,0.00029708853238265005,2.0,22.0,0.0,1.0,1.0,0.00029708853238265005,2.0,22.0,0.0,1.0,1.0,0.00029708853238265005,2.0,22.0,0.0,1.0,1.0,0.00029708853238265005,2.0,22.0,0.0,1.0,1.0,0.00029708853238265005,2.0,22.0,0.0,1.0,1.0,0.00029708853238265005,2.0,41.5,0.0,1.0,1.0,0.00029708853238265005,2.0,22.0,0.0,1.0,1.0,0.00029708853238265005,2.0,22.0,0.0,1.0,1.0,0.00029708853238265005,2.0,22.0,1.0,1.0,1.0,0.0,1.0,1.0,0.0,0.0,0.0,0.06880733944954129,9.0,25.0,1.0,1.0,1.0,0.0,1.0,1.0,0.0,0.0,0.0,0.06880733944954129,9.0,25.0,0.0,0.0,0.0,0.773321449792038,48.0,50.5
JacksonDatabind,81,0.0,0.0,0.0,0.030082727500626724,66.0,114.0,0.0,0.0,0.0,0.030082727500626724,66.0,114.0,0.0,0.0,0.0,0.030082727500626724,66.0,114.0,0.0,0.0,0.0,0.030082727500626724,66.0,114.0,0.0,0.0,0.0,0.030082727500626724,66.0,114.0,0.0,0.0,0.0,0.030082727500626724,66.0,114.0,0.0,0.0,0.0,0.030082727500626724,66.0,261.0,0.0,0.0,0.0,0.030082727500626724,66.0,114.0,0.0,0.0,0.0,0.030082727500626724,66.0,114.0,0.0,0.0,0.0,0.030082727500626724,66.0,114.0,1.0,1.0,1.0,0.5001253446979192,1.0,52.0,0.0,0.0,0.0,0.15856873822975517,110.0,133.5,0.0,1.0,1.0,0.5214339433441966,2.0,52.5,0.0,0.0,0.0,0.15856873822975517,110.0,133.5,0.0,0.0,0.0,0.9305590373527199,349.0,401.5
JacksonDatabind,82,0.0,0.0,0.0,0.03413978494623656,62.0,62.0,0.0,0.0,0.0,0.03413978494623656,62.0,62.0,0.0,0.0,0.0,0.03413978494623656,62.0,62.0,0.0,0.0,0.0,0.03413978494623656,62.0,62.0,0.0,0.0,0.0,0.03413978494623656,62.0,62.0,0.0,0.0,0.0,0.03413978494623656,62.0,62.0,0.0,0.0,0.0,0.03413978494623656,62.0,62.0,0.0,0.0,0.0,0.03413978494623656,62.0,62.0,0.0,0.0,0.0,0.03413978494623656,62.0,62.0,0.0,0.0,0.0,0.03413978494623656,62.0,62.0,0.0,0.0,0.0,0.9448924731182796,149.0,149.0,0.0,0.0,0.0,0.22459016393442624,156.0,156.0,0.0,0.0,0.0,0.9448924731182796,149.0,149.0,0.0,0.0,0.0,0.22459016393442624,156.0,156.0,0.0,0.0,0.0,0.9373655913978495,331.0,331.0
JacksonDatabind,83,0.0,0.0,0.0,0.004559703619264748,6.0,6.0,0.0,0.0,1.0,0.003989740666856654,5.0,5.0,0.0,0.0,0.0,0.004559703619264748,6.0,6.0,0.0,0.0,1.0,0.003989740666856654,5.0,5.0,0.0,0.0,0.0,0.004559703619264748,6.0,6.0,0.0,0.0,0.0,0.004559703619264748,6.0,6.0,0.0,0.0,0.0,0.004559703619264748,6.0,6.0,0.0,0.0,0.0,0.004559703619264748,6.0,6.0,0.0,0.0,0.0,0.004559703619264748,6.0,6.0,0.0,0.0,0.0,0.004559703619264748,6.0,6.0,0.0,0.0,0.0,0.8894271872328299,8.0,8.0,0.0,0.0,0.0,0.020815264527320035,7.0,7.0,0.0,0.0,0.0,0.8996865203761756,8.0,8.0,0.0,0.0,0.0,0.020815264527320035,7.0,7.0,0.0,0.0,0.0,0.5659732117412368,11.0,11.0
JacksonDatabind,84,0.0,0.0,0.0,,,,0.0,0.0,0.0,,,,0.0,0.0,0.0,,,,0.0,0.0,0.0,,,,0.0,0.0,0.0,,,,0.0,0.0,0.0,,,,0.0,0.0,0.0,,,,0.0,0.0,0.0,,,,0.0,0.0,0.0,,,,0.0,0.0,0.0,,,,0.0,0.0,0.0,,,,0.0,0.0,0.0,,,,0.0,0.0,0.0,,,,0.0,0.0,0.0,,,,0.0,0.0,0.0,,,
JacksonDatabind,85,0.0,0.0,1.0,0.003215434083601286,5.0,5.0,0.0,0.0,1.0,0.003215434083601286,5.0,5.0,0.0,0.0,1.0,0.003215434083601286,5.0,5.0,0.0,0.0,1.0,0.003215434083601286,5.0,5.0,0.0,0.0,1.0,0.003215434083601286,5.0,5.0,0.0,0.0,1.0,0.003215434083601286,5.0,5.0,0.0,0.0,1.0,0.003215434083601286,5.0,5.0,0.0,0.0,1.0,0.003215434083601286,5.0,5.0,0.0,0.0,1.0,0.003215434083601286,5.0,5.0,0.0,0.0,1.0,0.003215434083601286,5.0,5.0,0.0,0.0,0.0,0.8813212510961708,7.0,7.0,0.0,0.0,0.0,0.06648817492190987,6.0,6.0,0.0,0.0,0.0,0.8813212510961708,7.0,7.0,0.0,0.0,0.0,0.06648817492190987,6.0,6.0,0.0,0.0,0.0,0.6822566501023093,19.0,19.0
JacksonDatabind,86,0.0,0.0,0.0,,,,0.0,0.0,0.0,,,,0.0,0.0,0.0,,,,0.0,0.0,0.0,,,,0.0,0.0,0.0,,,,0.0,0.0,0.0,,,,0.0,0.0,0.0,,,,0.0,0.0,0.0,,,,0.0,0.0,0.0,,,,0.0,0.0,0.0,,,,0.0,0.0,0.0,,,,0.0,0.0,0.0,,,,0.0,0.0,0.0,,,,0.0,0.0,0.0,,,,0.0,0.0,0.0,,,
JacksonDatabind,87,1.0,1.0,1.0,0.0,1.0,1.0,1.0,1.0,1.0,0.0,1.0,1.0,1.0,1.0,1.0,0.0,1.0,1.0,1.0,1.0,1.0,0.0,1.0,1.0,1.0,1.0,1.0,0.0,1.0,1.0,1.0,1.0,1.0,0.0,1.0,1.0,0.0,1.0,1.0,0.40970103721781576,2.0,128.66666666666666,1.0,1.0,1.0,0.0,1.0,1.0,1.0,1.0,1.0,0.0,1.0,1.0,1.0,1.0,1.0,0.0,1.0,1.0,1.0,1.0,1.0,0.0,1.0,1.0,0.0,0.0,0.0,,,,1.0,1.0,1.0,0.0,1.0,1.0,0.0,0.0,0.0,,,,0.0,1.0,1.0,0.40543014032946917,2.0,2.3333333333333335
JacksonDatabind,88,0.0,0.0,0.0,0.010182207931404072,20.0,20.0,0.0,0.0,0.0,0.009914255091103965,19.0,19.0,0.0,0.0,0.0,0.010182207931404072,20.0,20.0,0.0,0.0,0.0,0.009914255091103965,19.0,19.0,0.0,0.0,0.0,0.010182207931404072,20.0,20.0,0.0,0.0,0.0,0.010182207931404072,20.0,20.0,0.0,0.0,0.0,0.010182207931404072,20.0,20.0,0.0,0.0,0.0,0.010182207931404072,20.0,20.0,0.0,0.0,0.0,0.010182207931404072,20.0,20.0,0.0,0.0,0.0,0.010182207931404072,20.0,20.0,0.0,0.0,0.0,0.8681672025723473,38.0,38.0,0.0,0.0,0.0,0.1026165167620605,42.0,42.0,0.0,0.0,0.0,0.8681672025723473,39.0,39.0,0.0,0.0,0.0,0.1026165167620605,42.0,42.0,0.0,0.0,0.0,0.7987674169346195,107.0,107.0
JacksonDatabind,89,0.0,0.0,0.0,0.1909307875894988,307.0,307.0,0.0,0.0,0.0,0.1909307875894988,307.0,307.0,0.0,0.0,0.0,0.1909307875894988,307.0,307.0,0.0,0.0,0.0,0.1909307875894988,307.0,307.0,0.0,0.0,0.0,0.1909307875894988,307.0,307.0,0.0,0.0,0.0,0.1909307875894988,307.0,307.0,0.0,0.0,0.0,0.19862105542296474,307.0,307.0,0.0,0.0,0.0,0.1909307875894988,307.0,307.0,0.0,0.0,0.0,0.1909307875894988,307.0,307.0,0.0,0.0,0.0,0.1909307875894988,307.0,307.0,0.0,0.0,1.0,0.8106603023070803,4.0,4.0,0.0,1.0,1.0,0.022553362867498993,3.0,3.0,0.0,0.0,1.0,0.8106603023070803,4.0,4.0,0.0,1.0,1.0,0.022553362867498993,3.0,3.0,0.0,0.0,0.0,0.5746486343145054,7.0,7.0
JacksonDatabind,90,0.0,0.0,0.0,0.00538243626062323,12.0,12.0,0.0,0.0,0.0,0.00538243626062323,12.0,12.0,0.0,0.0,0.0,0.00538243626062323,12.0,12.0,0.0,0.0,0.0,0.00538243626062323,12.0,12.0,0.0,0.0,0.0,0.00538243626062323,12.0,12.0,0.0,0.0,0.0,0.00538243626062323,12.0,12.0,0.0,0.0,0.0,0.00538243626062323,12.0,12.0,0.0,0.0,0.0,0.00538243626062323,12.0,12.0,0.0,0.0,0.0,0.00538243626062323,12.0,12.0,0.0,0.0,0.0,0.00538243626062323,12.0,12.0,0.0,0.0,0.0,0.9274787535410765,26.0,26.0,0.0,0.0,0.0,0.09482001755926252,29.0,29.0,0.0,0.0,0.0,0.9274787535410765,26.0,26.0,0.0,0.0,0.0,0.09482001755926252,29.0,29.0,0.0,0.0,0.0,0.7974504249291785,77.0,77.0
JacksonDatabind,91,1.0,1.0,1.0,0.0,1.0,1.0,1.0,1.0,1.0,0.0,1.0,1.0,1.0,1.0,1.0,0.0,1.0,1.0,1.0,1.0,1.0,0.0,1.0,1.0,1.0,1.0,1.0,0.0,1.0,1.0,1.0,1.0,1.0,0.0,1.0,1.0,0.0,0.0,0.0,0.8890441587479039,295.0,295.0,1.0,1.0,1.0,0.0,1.0,1.0,1.0,1.0,1.0,0.0,1.0,1.0,1.0,1.0,1.0,0.0,1.0,1.0,1.0,1.0,1.0,0.0,1.0,1.0,0.0,0.0,0.0,,,,1.0,1.0,1.0,0.0,1.0,1.0,0.0,0.0,0.0,,,,0.0,0.0,0.0,0.961430967020682,289.0,289.0
JacksonDatabind,92,0.0,0.0,0.0,0.1930116472545757,278.0,278.0,0.0,0.0,0.0,0.1930116472545757,278.0,278.0,0.0,0.0,0.0,0.1930116472545757,278.0,278.0,0.0,0.0,0.0,0.1930116472545757,278.0,278.0,0.0,0.0,0.0,0.1930116472545757,278.0,278.0,0.0,0.0,0.0,0.23460898502495842,278.0,278.0,0.0,0.0,0.0,0.2021630615640599,278.0,278.0,0.0,0.0,0.0,0.1930116472545757,278.0,278.0,0.0,0.0,0.0,0.1930116472545757,278.0,278.0,0.0,0.0,0.0,0.23460898502495842,278.0,278.0,0.0,1.0,1.0,0.8072656683305601,2.0,2.0,1.0,1.0,1.0,0.0,1.0,1.0,1.0,1.0,1.0,0.0,1.0,1.0,1.0,1.0,1.0,0.0,1.0,1.0,1.0,1.0,1.0,0.0,1.0,1.0
JacksonDatabind,93,0.0,0.0,0.0,0.03938906752411576,87.0,87.0,0.0,0.0,0.0,0.03938906752411576,87.0,87.0,0.0,0.0,0.0,0.03938906752411576,87.0,87.0,0.0,0.0,0.0,0.03938906752411576,87.0,87.0,0.0,0.0,0.0,0.03938906752411576,87.0,87.0,0.0,0.0,0.0,0.03938906752411576,87.0,87.0,0.0,0.0,0.0,0.03938906752411576,87.0,87.0,0.0,0.0,0.0,0.03938906752411576,87.0,87.0,0.0,0.0,0.0,0.03938906752411576,87.0,87.0,0.0,0.0,0.0,0.03938906752411576,87.0,87.0,0.0,0.0,0.0,0.9563236870310825,148.0,148.0,0.0,0.0,0.0,0.20812807881773399,152.0,152.0,0.0,0.0,0.0,0.9563236870310825,148.0,148.0,0.0,0.0,0.0,0.20812807881773399,152.0,152.0,0.0,0.0,0.0,0.9343515541264737,331.0,331.0
JacksonDatabind,94,0.0,0.0,0.0,0.061718098415346125,118.0,118.0,0.0,0.0,0.0,0.061718098415346125,118.0,118.0,0.0,0.0,0.0,0.061718098415346125,118.0,118.0,0.0,0.0,0.0,0.061718098415346125,118.0,118.0,0.0,0.0,0.0,0.061718098415346125,118.0,118.0,0.0,0.0,0.0,0.061718098415346125,118.0,118.0,0.0,0.0,0.0,0.061718098415346125,118.0,118.0,0.0,0.0,0.0,0.061718098415346125,118.0,118.0,0.0,0.0,0.0,0.061718098415346125,118.0,118.0,0.0,0.0,0.0,0.061718098415346125,118.0,118.0,0.0,0.0,0.0,0.9488462607728663,163.0,163.0,0.0,0.0,0.0,0.23726655348047537,168.0,168.0,0.0,0.0,0.0,0.9488462607728663,163.0,163.0,0.0,0.0,0.0,0.23726655348047537,168.0,168.0,0.0,0.0,0.0,0.9279955518487628,311.0,311.0
JacksonDatabind,95,1.0,1.0,1.0,0.0,1.0,1.0,1.0,1.0,1.0,0.0,1.0,1.0,1.0,1.0,1.0,0.0,1.0,1.0,1.0,1.0,1.0,0.0,1.0,1.0,1.0,1.0,1.0,0.0,1.0,1.0,1.0,1.0,1.0,0.0,1.0,1.0,0.0,0.0,1.0,0.5637795275590551,4.0,29.666666666666668,1.0,1.0,1.0,0.0,1.0,1.0,1.0,1.0,1.0,0.0,1.0,1.0,1.0,1.0,1.0,0.0,1.0,1.0,1.0,1.0,1.0,0.0,1.0,1.0,0.0,0.0,0.0,,,,1.0,1.0,1.0,0.0,1.0,1.0,0.0,0.0,0.0,,,,0.0,0.0,1.0,0.5637795275590551,4.0,35.0
JacksonDatabind,96,1.0,1.0,1.0,0.0,1.0,1.0,1.0,1.0,1.0,0.0,1.0,1.0,1.0,1.0,1.0,0.0,1.0,1.0,1.0,1.0,1.0,0.0,1.0,1.0,1.0,1.0,1.0,0.0,1.0,1.0,1.0,1.0,1.0,0.0,1.0,1.0,0.0,0.0,0.0,0.7378419452887538,53.0,53.0,1.0,1.0,1.0,0.0,1.0,1.0,1.0,1.0,1.0,0.0,1.0,1.0,1.0,1.0,1.0,0.0,1.0,1.0,1.0,1.0,1.0,0.0,1.0,1.0,0.0,0.0,0.0,,,,1.0,1.0,1.0,0.0,1.0,1.0,0.0,0.0,0.0,,,,0.0,0.0,0.0,0.7700101317122594,52.0,52.0
JacksonDatabind,97,1.0,1.0,1.0,0.0,1.0,1.0,1.0,1.0,1.0,0.0,1.0,1.0,1.0,1.0,1.0,0.0,1.0,1.0,1.0,1.0,1.0,0.0,1.0,1.0,1.0,1.0,1.0,0.0,1.0,1.0,1.0,1.0,1.0,0.0,1.0,1.0,0.0,0.0,0.0,0.6032502101428971,6.0,6.0,1.0,1.0,1.0,0.0,1.0,1.0,1.0,1.0,1.0,0.0,1.0,1.0,1.0,1.0,1.0,0.0,1.0,1.0,1.0,1.0,1.0,0.0,1.0,1.0,0.0,0.0,0.0,,,,1.0,1.0,1.0,0.0,1.0,1.0,0.0,0.0,0.0,,,,0.0,0.0,0.0,0.6032502101428971,6.0,6.0
JacksonDatabind,98,0.0,1.0,1.0,0.002804393549894835,3.0,3.0,0.0,1.0,1.0,0.002804393549894835,3.0,3.0,0.0,1.0,1.0,0.002804393549894835,3.0,3.0,0.0,1.0,1.0,0.002804393549894835,3.0,3.0,0.0,1.0,1.0,0.002804393549894835,3.0,3.0,0.0,1.0,1.0,0.002804393549894835,3.0,3.0,0.0,1.0,1.0,0.002804393549894835,3.0,3.0,0.0,1.0,1.0,0.002804393549894835,3.0,3.0,0.0,1.0,1.0,0.002804393549894835,3.0,3.0,0.0,1.0,1.0,0.002804393549894835,3.0,3.0,1.0,1.0,1.0,0.0,1.0,1.0,0.0,1.0,1.0,0.004235792446170138,3.0,3.0,0.0,1.0,1.0,0.001635896237438654,2.0,2.0,0.0,1.0,1.0,0.004235792446170138,3.0,3.0,0.0,0.0,1.0,0.38350081794811874,4.0,4.0
JacksonDatabind,99,1.0,1.0,1.0,0.0,1.0,1.0,1.0,1.0,1.0,0.0,1.0,1.0,1.0,1.0,1.0,0.0,1.0,1.0,1.0,1.0,1.0,0.0,1.0,1.0,1.0,1.0,1.0,0.0,1.0,1.0,1.0,1.0,1.0,0.0,1.0,1.0,1.0,1.0,1.0,0.0,1.0,1.0,1.0,1.0,1.0,0.0,1.0,1.0,1.0,1.0,1.0,0.0,1.0,1.0,1.0,1.0,1.0,0.0,1.0,1.0,1.0,1.0,1.0,0.0,1.0,1.0,0.0,0.0,0.0,,,,1.0,1.0,1.0,0.0,1.0,1.0,0.0,0.0,0.0,,,,1.0,1.0,1.0,0.0,1.0,1.0
JacksonDatabind,100,0.0,0.0,0.0,,,,0.0,0.0,0.0,,,,0.0,0.0,0.0,,,,0.0,0.0,0.0,,,,0.0,0.0,0.0,,,,0.0,0.0,0.0,,,,0.0,0.0,0.0,,,,0.0,0.0,0.0,,,,0.0,0.0,0.0,,,,0.0,0.0,0.0,,,,0.0,0.0,0.0,,,,0.0,0.0,0.0,,,,0.0,0.0,0.0,,,,0.0,0.0,0.0,,,,0.0,0.0,0.0,,,
JacksonDatabind,101,1.0,1.0,1.0,0.0,1.0,1.0,1.0,1.0,1.0,0.0,1.0,1.0,1.0,1.0,1.0,0.0,1.0,1.0,1.0,1.0,1.0,0.0,1.0,1.0,1.0,1.0,1.0,0.0,1.0,1.0,1.0,1.0,1.0,0.0,1.0,1.0,1.0,1.0,1.0,0.0,1.0,1.0,1.0,1.0,1.0,0.0,1.0,1.0,1.0,1.0,1.0,0.0,1.0,1.0,1.0,1.0,1.0,0.0,1.0,1.0,0.0,1.0,1.0,0.8202330771138111,2.0,2.0,1.0,1.0,1.0,0.0,1.0,1.0,1.0,1.0,1.0,0.0,1.0,1.0,1.0,1.0,1.0,0.0,1.0,1.0,1.0,1.0,1.0,0.0,1.0,1.0
JacksonDatabind,102,0.0,0.0,0.0,0.0030194894317869887,6.0,6.0,0.0,0.0,0.0,0.0030194894317869887,6.0,6.0,0.0,0.0,0.0,0.0030194894317869887,6.0,6.0,0.0,0.0,0.0,0.0030194894317869887,6.0,6.0,0.0,0.0,0.0,0.0030194894317869887,6.0,6.0,0.0,0.0,0.0,0.0030194894317869887,6.0,6.0,0.0,0.0,0.0,0.0030194894317869887,6.0,6.0,0.0,0.0,0.0,0.0030194894317869887,6.0,6.0,0.0,0.0,0.0,0.0030194894317869887,6.0,6.0,0.0,0.0,0.0,0.0030194894317869887,6.0,6.0,0.0,0.0,0.0,0.887180894866868,7.0,7.0,0.0,0.0,0.0,0.004554865424430642,6.0,6.0,0.0,0.0,0.0,0.8874553939061214,7.0,7.0,0.0,0.0,0.0,0.004554865424430642,6.0,6.0,0.0,0.0,0.0,0.6840516058193796,28.0,28.0
JacksonDatabind,103,0.0,0.0,1.0,0.0031504331845628774,5.0,185.42105263157896,0.0,0.0,1.0,0.002625360987135731,4.0,184.42105263157896,0.0,0.0,1.0,0.0031504331845628774,5.0,185.42105263157896,0.0,0.0,1.0,0.002625360987135731,4.0,184.42105263157896,0.0,0.0,1.0,0.0031504331845628774,5.0,185.42105263157896,0.0,0.0,1.0,0.0031504331845628774,5.0,185.42105263157896,0.0,0.0,1.0,0.0034129692832764505,5.0,211.21052631578948,0.0,0.0,1.0,0.0031504331845628774,5.0,185.42105263157896,0.0,0.0,1.0,0.0031504331845628774,5.0,185.42105263157896,0.0,0.0,1.0,0.0031504331845628774,5.0,185.42105263157896,1.0,1.0,1.0,0.0,1.0,19.36842105263158,0.0,0.0,1.0,0.004735595895816891,5.0,179.53333333333333,0.0,1.0,1.0,0.0013126804935678655,3.0,21.05263157894737,0.0,0.0,1.0,0.004735595895816891,5.0,179.53333333333333,0.0,1.0,1.0,0.35206090837490156,3.0,88.15789473684211
JacksonDatabind,104,1.0,1.0,1.0,0.0,1.0,1.0,1.0,1.0,1.0,0.0,1.0,1.0,1.0,1.0,1.0,0.0,1.0,1.0,1.0,1.0,1.0,0.0,1.0,1.0,1.0,1.0,1.0,0.0,1.0,1.0,1.0,1.0,1.0,0.0,1.0,1.0,1.0,1.0,1.0,0.0,1.0,1.0,1.0,1.0,1.0,0.0,1.0,1.0,1.0,1.0,1.0,0.0,1.0,1.0,1.0,1.0,1.0,0.0,1.0,1.0,0.0,1.0,1.0,0.8808475509080903,2.0,2.0,1.0,1.0,1.0,0.0,1.0,1.0,0.0,1.0,1.0,0.8808475509080903,2.0,2.0,1.0,1.0,1.0,0.0,1.0,1.0,1.0,1.0,1.0,0.0,1.0,1.0
JacksonDatabind,105,1.0,1.0,1.0,0.0,1.0,1.0,1.0,1.0,1.0,0.0,1.0,1.0,1.0,1.0,1.0,0.0,1.0,1.0,1.0,1.0,1.0,0.0,1.0,1.0,1.0,1.0,1.0,0.0,1.0,1.0,1.0,1.0,1.0,0.0,1.0,1.0,0.0,0.0,0.0,0.8348045397225725,211.0,211.0,1.0,1.0,1.0,0.0,1.0,1.0,1.0,1.0,1.0,0.0,1.0,1.0,1.0,1.0,1.0,0.0,1.0,1.0,1.0,1.0,1.0,0.0,1.0,1.0,0.0,0.0,0.0,,,,1.0,1.0,1.0,0.0,1.0,1.0,0.0,0.0,0.0,,,,0.0,0.0,0.0,0.9245901639344263,247.0,247.0
JacksonDatabind,106,0.0,0.0,0.0,,,,0.0,0.0,0.0,,,,0.0,0.0,0.0,,,,0.0,0.0,0.0,,,,0.0,0.0,0.0,,,,0.0,0.0,0.0,,,,0.0,0.0,0.0,,,,0.0,0.0,0.0,,,,0.0,0.0,0.0,,,,0.0,0.0,0.0,,,,0.0,0.0,0.0,,,,0.0,0.0,0.0,,,,0.0,0.0,0.0,,,,0.0,0.0,0.0,,,,0.0,0.0,0.0,,,
JacksonDatabind,107,1.0,1.0,1.0,0.0,1.0,1.0,1.0,1.0,1.0,0.0,1.0,1.0,1.0,1.0,1.0,0.0,1.0,1.0,1.0,1.0,1.0,0.0,1.0,1.0,1.0,1.0,1.0,0.0,1.0,1.0,1.0,1.0,1.0,0.0,1.0,1.0,0.0,0.0,0.0,0.778638895616372,116.0,116.0,1.0,1.0,1.0,0.0,1.0,1.0,1.0,1.0,1.0,0.0,1.0,1.0,1.0,1.0,1.0,0.0,1.0,1.0,1.0,1.0,1.0,0.0,1.0,1.0,0.0,0.0,0.0,,,,1.0,1.0,1.0,0.0,1.0,1.0,0.0,0.0,0.0,,,,0.0,0.0,0.0,0.8287720997820296,126.0,126.0
JacksonDatabind,108,1.0,1.0,1.0,0.0,1.0,1.0,1.0,1.0,1.0,0.0,1.0,1.0,1.0,1.0,1.0,0.0,1.0,1.0,1.0,1.0,1.0,0.0,1.0,1.0,1.0,1.0,1.0,0.0,1.0,1.0,1.0,1.0,1.0,0.0,1.0,1.0,1.0,1.0,1.0,0.0,1.0,1.0,1.0,1.0,1.0,0.0,1.0,1.0,1.0,1.0,1.0,0.0,1.0,1.0,1.0,1.0,1.0,0.0,1.0,1.0,1.0,1.0,1.0,0.0,1.0,1.0,0.0,0.0,0.0,,,,1.0,1.0,1.0,0.0,1.0,1.0,0.0,0.0,0.0,,,,1.0,1.0,1.0,0.0,1.0,1.0
JacksonDatabind,109,0.0,1.0,1.0,0.0005256241787122207,3.0,111.5,0.0,1.0,1.0,0.00026281208935611036,2.0,110.5,0.0,1.0,1.0,0.0005256241787122207,3.0,111.5,0.0,1.0,1.0,0.00026281208935611036,2.0,110.5,0.0,1.0,1.0,0.0005256241787122207,3.0,111.5,0.0,1.0,1.0,0.0005256241787122207,3.0,111.5,0.0,1.0,1.0,0.0005256241787122207,3.0,204.0,0.0,1.0,1.0,0.0005256241787122207,3.0,111.5,0.0,1.0,1.0,0.0005256241787122207,3.0,111.5,0.0,1.0,1.0,0.0005256241787122207,3.0,111.5,1.0,1.0,1.0,0.5001314060446781,1.0,1.5,0.0,1.0,1.0,0.000794912559618442,3.0,102.0,0.0,1.0,1.0,0.533508541392904,3.0,3.5,0.0,1.0,1.0,0.000794912559618442,3.0,102.0,0.0,0.0,0.0,0.5865965834428384,9.0,145.0
JacksonDatabind,110,1.0,1.0,1.0,0.0,1.0,1.0,1.0,1.0,1.0,0.0,1.0,1.0,1.0,1.0,1.0,0.0,1.0,1.0,1.0,1.0,1.0,0.0,1.0,1.0,1.0,1.0,1.0,0.0,1.0,1.0,1.0,1.0,1.0,0.0,1.0,1.0,1.0,1.0,1.0,0.1422976501305483,1.0,8.0,1.0,1.0,1.0,0.0,1.0,1.0,1.0,1.0,1.0,0.0,1.0,1.0,1.0,1.0,1.0,0.0,1.0,1.0,1.0,1.0,1.0,0.0,1.0,1.0,0.0,0.0,0.0,,,,1.0,1.0,1.0,0.0,1.0,1.0,0.0,0.0,0.0,,,,1.0,1.0,1.0,0.1422976501305483,1.0,8.0
JacksonDatabind,111,1.0,1.0,1.0,0.0,1.0,1.0,1.0,1.0,1.0,0.0,1.0,1.0,1.0,1.0,1.0,0.0,1.0,1.0,1.0,1.0,1.0,0.0,1.0,1.0,1.0,1.0,1.0,0.0,1.0,1.0,1.0,1.0,1.0,0.0,1.0,1.0,1.0,1.0,1.0,0.3781007266349286,1.0,39.0,1.0,1.0,1.0,0.0,1.0,1.0,1.0,1.0,1.0,0.0,1.0,1.0,1.0,1.0,1.0,0.0,1.0,1.0,1.0,1.0,1.0,0.0,1.0,1.0,0.0,0.0,0.0,,,,1.0,1.0,1.0,0.0,1.0,1.0,0.0,0.0,0.0,,,,1.0,1.0,1.0,0.36181408168378854,1.0,42.42857142857143
JacksonDatabind,112,1.0,1.0,1.0,0.0,1.0,1.0,1.0,1.0,1.0,0.0,1.0,1.0,1.0,1.0,1.0,0.0,1.0,1.0,1.0,1.0,1.0,0.0,1.0,1.0,1.0,1.0,1.0,0.0,1.0,1.0,1.0,1.0,1.0,0.0,1.0,1.0,0.0,0.0,0.0,0.6635631605435329,14.0,14.0,1.0,1.0,1.0,0.0,1.0,1.0,1.0,1.0,1.0,0.0,1.0,1.0,1.0,1.0,1.0,0.0,1.0,1.0,1.0,1.0,1.0,0.0,1.0,1.0,0.0,0.0,0.0,,,,1.0,1.0,1.0,0.0,1.0,1.0,0.0,0.0,0.0,,,,0.0,0.0,0.0,0.6638147961751384,14.0,14.0
JacksonCore,1,0.0,1.0,1.0,0.005305039787798408,2.0,23.0,0.0,1.0,1.0,0.005305039787798408,2.0,23.0,0.0,1.0,1.0,0.005305039787798408,2.0,23.0,0.0,1.0,1.0,0.005305039787798408,2.0,23.0,0.0,1.0,1.0,0.005305039787798408,2.0,23.0,0.0,1.0,1.0,0.005305039787798408,2.0,23.0,0.0,1.0,1.0,0.005305039787798408,2.0,23.0,0.0,1.0,1.0,0.005305039787798408,2.0,23.0,0.0,1.0,1.0,0.005305039787798408,2.0,23.0,0.0,1.0,1.0,0.005305039787798408,2.0,23.0,1.0,1.0,1.0,0.0,1.0,1.0,0.0,1.0,1.0,0.0034662045060658577,2.0,2.0,0.0,1.0,1.0,0.002652519893899204,2.0,2.0,0.0,1.0,1.0,0.0034662045060658577,2.0,2.0,0.0,1.0,1.0,0.005305039787798408,2.0,2.5
JacksonCore,2,0.0,1.0,1.0,0.0013351134846461949,2.0,21.333333333333332,0.0,0.0,0.0,0.0787716955941255,16.0,27.5,0.0,1.0,1.0,0.0013351134846461949,2.0,22.166666666666668,1.0,1.0,1.0,0.0,1.0,20.666666666666668,0.0,0.0,0.0,0.0787716955941255,16.0,27.5,0.0,1.0,1.0,0.0013351134846461949,2.0,21.166666666666668,0.0,0.0,0.0,0.0787716955941255,16.0,31.833333333333332,0.0,1.0,1.0,0.0013351134846461949,2.0,21.5,0.0,0.0,0.0,0.0787716955941255,16.0,27.5,0.0,1.0,1.0,0.0013351134846461949,2.0,21.5,1.0,1.0,1.0,0.5006675567423231,1.0,3.5,0.0,0.0,0.0,0.10332749562171628,16.0,26.5,1.0,1.0,1.0,0.5006675567423231,1.0,3.5,0.0,0.0,0.0,0.10332749562171628,16.0,26.5,0.0,0.0,0.0,0.6221628838451269,6.0,36.666666666666664
JacksonCore,3,0.0,0.0,0.0,0.019867549668874173,6.0,6.0,0.0,0.0,0.0,0.019867549668874173,6.0,6.0,0.0,0.0,0.0,0.019867549668874173,6.0,6.0,0.0,0.0,0.0,0.019867549668874173,6.0,6.0,0.0,0.0,0.0,0.019867549668874173,6.0,6.0,0.0,0.0,0.0,0.019867549668874173,6.0,6.0,0.0,0.0,0.0,0.019867549668874173,6.0,6.0,0.0,0.0,0.0,0.019867549668874173,6.0,6.0,0.0,0.0,0.0,0.019867549668874173,6.0,6.0,0.0,0.0,0.0,0.019867549668874173,6.0,6.0,0.0,0.0,0.0,0.9920529801324504,17.0,17.0,0.0,0.0,0.0,0.11764705882352941,18.0,18.0,0.0,0.0,0.0,0.9920529801324504,17.0,17.0,0.0,0.0,0.0,0.11764705882352941,18.0,18.0,0.0,0.0,0.0,0.9403973509933775,72.0,72.0
JacksonCore,4,1.0,1.0,1.0,0.0,1.0,1.0,1.0,1.0,1.0,0.0,1.0,1.0,1.0,1.0,1.0,0.0,1.0,1.0,1.0,1.0,1.0,0.0,1.0,1.0,1.0,1.0,1.0,0.0,1.0,1.0,1.0,1.0,1.0,0.0,1.0,1.0,1.0,1.0,1.0,0.0,1.0,1.0,1.0,1.0,1.0,0.0,1.0,1.0,1.0,1.0,1.0,0.0,1.0,1.0,1.0,1.0,1.0,0.0,1.0,1.0,1.0,1.0,1.0,0.0,1.0,1.0,1.0,1.0,1.0,0.0,1.0,1.0,1.0,1.0,1.0,0.0,1.0,1.0,1.0,1.0,1.0,0.0,1.0,1.0,1.0,1.0,1.0,0.0,1.0,1.0
JacksonCore,5,1.0,1.0,1.0,0.0,1.0,1.0,1.0,1.0,1.0,0.0,1.0,1.0,1.0,1.0,1.0,0.0,1.0,1.0,1.0,1.0,1.0,0.0,1.0,1.0,1.0,1.0,1.0,0.0,1.0,1.0,1.0,1.0,1.0,0.0,1.0,1.0,1.0,1.0,1.0,0.0,1.0,1.0,1.0,1.0,1.0,0.0,1.0,1.0,1.0,1.0,1.0,0.0,1.0,1.0,1.0,1.0,1.0,0.0,1.0,1.0,0.0,1.0,1.0,0.8615384615384616,2.0,2.0,1.0,1.0,1.0,0.0,1.0,1.0,0.0,1.0,1.0,0.8615384615384616,2.0,2.0,1.0,1.0,1.0,0.0,1.0,1.0,0.0,1.0,1.0,0.43846153846153846,2.0,2.0
JacksonCore,6,0.0,1.0,1.0,0.023076923076923078,2.0,2.0,0.0,1.0,1.0,0.023076923076923078,2.0,2.0,0.0,1.0,1.0,0.023076923076923078,2.0,2.0,0.0,1.0,1.0,0.023076923076923078,2.0,2.0,0.0,1.0,1.0,0.023076923076923078,2.0,2.0,0.0,1.0,1.0,0.023076923076923078,2.0,2.0,0.0,1.0,1.0,0.007692307692307693,2.0,2.0,0.0,1.0,1.0,0.023076923076923078,2.0,2.0,0.0,1.0,1.0,0.023076923076923078,2.0,2.0,0.0,1.0,1.0,0.023076923076923078,2.0,2.0,0.0,1.0,1.0,0.8307692307692308,3.0,3.0,0.0,1.0,1.0,0.036585365853658534,2.0,2.0,0.0,1.0,1.0,0.8307692307692308,3.0,3.0,0.0,1.0,1.0,0.036585365853658534,2.0,2.0,0.0,0.0,1.0,0.5769230769230769,4.0,4.0
JacksonCore,7,0.0,0.0,0.0,0.029595015576323987,14.0,14.0,0.0,0.0,0.0,0.009345794392523364,6.0,6.0,0.0,0.0,0.0,0.028037383177570093,13.0,13.0,0.0,0.0,0.0,0.037383177570093455,17.0,17.0,0.0,0.0,0.0,0.009345794392523364,6.0,6.0,0.0,0.0,0.0,0.010903426791277258,7.0,7.0,0.0,1.0,1.0,0.001557632398753894,2.0,2.0,0.0,0.0,0.0,0.028037383177570093,13.0,13.0,0.0,0.0,0.0,0.009345794392523364,6.0,6.0,0.0,1.0,1.0,0.001557632398753894,2.0,2.0,0.0,0.0,0.0,0.9844236760124611,25.0,25.0,0.0,0.0,0.0,0.09766454352441614,13.0,13.0,0.0,0.0,0.0,0.9844236760124611,25.0,25.0,0.0,0.0,0.0,0.09766454352441614,13.0,13.0,0.0,0.0,0.0,0.9158878504672897,65.0,65.0
JacksonCore,8,1.0,1.0,1.0,0.0,1.0,1.0,1.0,1.0,1.0,0.0,1.0,1.0,1.0,1.0,1.0,0.0,1.0,1.0,1.0,1.0,1.0,0.0,1.0,1.0,1.0,1.0,1.0,0.0,1.0,1.0,1.0,1.0,1.0,0.0,1.0,1.0,1.0,1.0,1.0,0.0,1.0,1.0,1.0,1.0,1.0,0.0,1.0,1.0,1.0,1.0,1.0,0.0,1.0,1.0,1.0,1.0,1.0,0.0,1.0,1.0,0.0,0.0,1.0,0.9870967741935484,4.0,4.0,0.0,1.0,1.0,0.03773584905660377,3.0,3.0,0.0,0.0,1.0,0.9870967741935484,4.0,4.0,0.0,1.0,1.0,0.03773584905660377,3.0,3.0,0.0,0.0,0.0,0.8903225806451613,26.0,26.0
JacksonCore,9,1.0,1.0,1.0,0.0,1.0,1.0,1.0,1.0,1.0,0.0,1.0,16.333333333333332,1.0,1.0,1.0,0.0,1.0,1.6666666666666667,1.0,1.0,1.0,0.0,1.0,16.333333333333332,1.0,1.0,1.0,0.0,1.0,1.6666666666666667,1.0,1.0,1.0,0.0,1.0,1.6666666666666667,1.0,1.0,1.0,0.0,1.0,15.0,1.0,1.0,1.0,0.0,1.0,1.0,1.0,1.0,1.0,0.0,1.0,1.6666666666666667,1.0,1.0,1.0,0.0,1.0,5.666666666666667,1.0,1.0,1.0,0.0,1.0,1.0,1.0,1.0,1.0,0.0,1.0,1.6666666666666667,1.0,1.0,1.0,0.0,1.0,1.6666666666666667,1.0,1.0,1.0,0.0,1.0,1.3333333333333333,1.0,1.0,1.0,0.0,1.0,1.6666666666666667
JacksonCore,10,0.0,1.0,1.0,0.002372479240806643,3.0,7.0,0.0,0.0,1.0,0.005931198102016607,5.0,6.0,0.0,0.0,0.0,0.00830367734282325,6.0,8.5,0.0,0.0,1.0,0.005931198102016607,5.0,10.0,0.0,0.0,0.0,0.00830367734282325,6.0,6.5,0.0,0.0,0.0,0.00830367734282325,6.0,7.0,0.0,1.0,1.0,0.0035587188612099642,3.0,3.5,0.0,0.0,1.0,0.0071174377224199285,5.0,8.0,0.0,0.0,0.0,0.00830367734282325,6.0,6.5,0.0,1.0,1.0,0.0035587188612099642,3.0,3.5,0.0,0.0,1.0,0.8861209964412812,4.0,23.0,0.0,0.0,0.0,0.015015015015015015,7.0,8.5,0.0,0.0,1.0,0.8861209964412812,5.0,23.5,0.0,0.0,0.0,0.010510510510510511,6.0,8.5,0.0,0.0,0.0,0.00830367734282325,6.0,23.5
JacksonCore,11,0.0,0.0,0.0,0.023837902264600714,15.0,15.0,0.0,0.0,0.0,0.023837902264600714,14.0,14.0,0.0,0.0,0.0,0.023837902264600714,15.0,15.0,0.0,0.0,0.0,0.023837902264600714,14.0,14.0,0.0,0.0,0.0,0.023837902264600714,15.0,15.0,0.0,0.0,0.0,0.023837902264600714,15.0,15.0,0.0,0.0,0.0,0.023837902264600714,15.0,15.0,0.0,0.0,0.0,0.023837902264600714,15.0,15.0,0.0,0.0,0.0,0.023837902264600714,15.0,15.0,0.0,0.0,0.0,0.023837902264600714,15.0,15.0,0.0,0.0,0.0,0.9415971394517283,23.0,23.0,0.0,0.0,0.0,0.09818731117824774,27.0,27.0,0.0,0.0,0.0,0.9415971394517283,23.0,23.0,0.0,0.0,0.0,0.09818731117824774,27.0,27.0,0.0,0.0,0.0,0.8569725864123957,67.0,67.0
JacksonCore,12,0.0,1.0,1.0,0.001445086705202312,2.0,54.4,0.0,1.0,1.0,0.001445086705202312,2.0,52.6,0.0,1.0,1.0,0.001445086705202312,2.0,52.8,0.0,1.0,1.0,0.001445086705202312,2.0,56.8,0.0,1.0,1.0,0.001445086705202312,2.0,53.6,0.0,1.0,1.0,0.001445086705202312,2.0,53.4,0.0,0.0,0.0,0.08092485549132948,22.0,61.4,0.0,1.0,1.0,0.001445086705202312,2.0,52.8,0.0,1.0,1.0,0.001445086705202312,2.0,53.6,0.0,0.0,0.0,0.02167630057803468,9.0,48.4,1.0,1.0,1.0,0.12572254335260116,1.0,13.4,0.0,1.0,1.0,0.00946969696969697,3.0,54.6,0.0,1.0,1.0,0.5014450867052023,2.0,14.6,0.0,1.0,1.0,0.001893939393939394,2.0,54.4,0.0,1.0,1.0,0.001445086705202312,2.0,29.6
JacksonCore,13,0.0,0.0,0.0,,,,0.0,0.0,0.0,,,,0.0,0.0,0.0,,,,0.0,0.0,0.0,,,,0.0,0.0,0.0,,,,0.0,0.0,0.0,,,,0.0,0.0,0.0,,,,0.0,0.0,0.0,,,,0.0,0.0,0.0,,,,0.0,0.0,0.0,,,,0.0,0.0,0.0,,,,0.0,0.0,0.0,,,,0.0,0.0,0.0,,,,0.0,0.0,0.0,,,,0.0,0.0,0.0,,,
JacksonCore,14,1.0,1.0,1.0,0.0,1.0,4.5,1.0,1.0,1.0,0.0,1.0,4.5,1.0,1.0,1.0,0.0,1.0,4.5,1.0,1.0,1.0,0.0,1.0,7.0,1.0,1.0,1.0,0.0,1.0,4.5,1.0,1.0,1.0,0.0,1.0,4.5,0.0,0.0,0.0,0.03864734299516908,6.0,11.5,1.0,1.0,1.0,0.0,1.0,4.5,1.0,1.0,1.0,0.0,1.0,4.5,0.0,1.0,1.0,0.01932367149758454,3.0,4.0,0.0,1.0,1.0,0.7632850241545893,2.0,11.5,1.0,1.0,1.0,0.0,1.0,7.0,1.0,1.0,1.0,0.0,1.0,11.5,1.0,1.0,1.0,0.0,1.0,7.0,1.0,1.0,1.0,0.0,1.0,16.0
JacksonCore,15,0.0,0.0,1.0,0.009080590238365494,4.0,4.0,0.0,0.0,0.0,0.028376844494892167,10.0,10.0,0.0,0.0,1.0,0.0056753688989784334,4.0,4.0,0.0,0.0,1.0,0.0056753688989784334,4.0,4.0,0.0,0.0,1.0,0.0056753688989784334,4.0,4.0,0.0,0.0,1.0,0.0056753688989784334,4.0,4.0,0.0,0.0,0.0,0.13053348467650397,53.0,53.0,0.0,0.0,1.0,0.0056753688989784334,4.0,4.0,0.0,0.0,1.0,0.0056753688989784334,4.0,4.0,0.0,0.0,0.0,0.05902383654937571,29.0,29.0,0.0,0.0,1.0,0.8002270147559591,4.0,4.0,0.0,0.0,0.0,0.11221122112211221,31.0,31.0,0.0,0.0,1.0,0.8002270147559591,4.0,4.0,0.0,0.0,0.0,0.11221122112211221,31.0,31.0,0.0,0.0,0.0,0.6935300794551645,13.0,13.0
JacksonCore,16,1.0,1.0,1.0,0.0,1.0,1.0,1.0,1.0,1.0,0.0,1.0,1.0,1.0,1.0,1.0,0.0,1.0,1.0,1.0,1.0,1.0,0.0,1.0,1.0,1.0,1.0,1.0,0.0,1.0,1.0,1.0,1.0,1.0,0.0,1.0,1.0,0.0,0.0,0.0,0.10616438356164383,32.0,32.0,1.0,1.0,1.0,0.0,1.0,1.0,1.0,1.0,1.0,0.0,1.0,1.0,0.0,0.0,0.0,0.02968036529680365,14.0,14.0,0.0,1.0,1.0,0.8458904109589042,2.0,2.0,0.0,1.0,1.0,0.04821150855365474,2.0,2.0,0.0,1.0,1.0,0.03538812785388128,2.0,2.0,1.0,1.0,1.0,0.0,1.0,1.0,0.0,1.0,1.0,0.03538812785388128,2.0,2.0
JacksonCore,17,0.0,1.0,1.0,0.004518072289156626,3.0,5.0,0.0,1.0,1.0,0.004518072289156626,3.0,6.5,0.0,1.0,1.0,0.004518072289156626,3.0,5.0,0.0,0.0,1.0,0.006024096385542169,4.0,6.0,0.0,1.0,1.0,0.004518072289156626,3.0,5.5,0.0,1.0,1.0,0.004518072289156626,3.0,5.5,0.0,0.0,0.0,0.12349397590361445,41.0,43.0,0.0,1.0,1.0,0.004518072289156626,3.0,5.0,0.0,1.0,1.0,0.004518072289156626,3.0,5.5,0.0,0.0,0.0,0.05271084337349398,21.0,23.0,1.0,1.0,1.0,0.0,1.0,2.0,0.0,0.0,1.0,0.018036072144288578,4.0,17.5,0.0,1.0,1.0,0.004518072289156626,3.0,3.5,0.0,1.0,1.0,0.006012024048096192,3.0,16.0,0.0,1.0,1.0,0.007530120481927711,3.0,5.0
JacksonCore,18,0.0,0.0,1.0,0.0045045045045045045,4.0,47.333333333333336,0.0,0.0,1.0,0.006006006006006006,4.0,46.666666666666664,0.0,0.0,1.0,0.0045045045045045045,4.0,47.333333333333336,0.0,0.0,1.0,0.0045045045045045045,4.0,47.333333333333336,0.0,0.0,1.0,0.006006006006006006,5.0,45.666666666666664,0.0,0.0,1.0,0.0045045045045045045,4.0,47.333333333333336,0.0,0.0,0.0,0.12012012012012012,41.0,61.333333333333336,0.0,0.0,1.0,0.0045045045045045045,4.0,46.0,0.0,0.0,1.0,0.006006006006006006,5.0,45.666666666666664,0.0,0.0,0.0,0.05105105105105105,21.0,51.0,1.0,1.0,1.0,0.0,1.0,1.0,0.0,0.0,0.0,0.09760956175298804,22.0,52.0,0.0,1.0,1.0,0.0015015015015015015,2.0,2.0,0.0,0.0,0.0,0.09760956175298804,22.0,52.0,0.0,1.0,1.0,0.0015015015015015015,2.0,4.333333333333333
JacksonCore,19,0.0,0.0,0.0,0.01201923076923077,10.0,41.0,0.0,0.0,0.0,0.02403846153846154,16.0,43.0,0.0,0.0,0.0,0.01201923076923077,10.0,39.0,0.0,0.0,0.0,0.01201923076923077,10.0,41.0,0.0,0.0,0.0,0.014423076923076924,12.0,41.5,0.0,0.0,0.0,0.01201923076923077,10.0,41.0,0.0,0.0,0.0,0.10817307692307693,42.0,62.0,0.0,0.0,0.0,0.01201923076923077,10.0,40.5,0.0,0.0,0.0,0.014423076923076924,12.0,41.5,0.0,0.0,0.0,0.03485576923076923,19.0,45.0,1.0,1.0,1.0,0.001201923076923077,1.0,4.0,0.0,0.0,0.0,0.13803680981595093,41.0,55.5,1.0,1.0,1.0,0.001201923076923077,1.0,4.0,0.0,0.0,0.0,0.13803680981595093,41.0,55.5,0.0,0.0,0.0,0.6646634615384616,14.0,28.5
JacksonCore,20,1.0,1.0,1.0,0.0,1.0,1.0,1.0,1.0,1.0,0.0,1.0,1.0,1.0,1.0,1.0,0.0,1.0,1.0,1.0,1.0,1.0,0.0,1.0,1.0,1.0,1.0,1.0,0.0,1.0,1.0,1.0,1.0,1.0,0.0,1.0,1.0,0.0,0.0,0.0,0.07525510204081633,17.0,17.0,1.0,1.0,1.0,0.0,1.0,1.0,1.0,1.0,1.0,0.0,1.0,1.0,0.0,0.0,0.0,0.01913265306122449,7.0,7.0,0.0,1.0,1.0,0.8520408163265306,3.0,3.0,0.0,1.0,1.0,0.051070840197693576,2.0,2.0,1.0,1.0,1.0,0.0,1.0,1.0,1.0,1.0,1.0,0.0,1.0,1.0,0.0,1.0,1.0,0.039540816326530615,2.0,2.0
JacksonCore,21,0.0,0.0,0.0,0.019588638589618023,7.0,7.0,0.0,0.0,0.0,0.031341821743388835,20.0,20.0,0.0,0.0,0.0,0.01762977473065622,8.0,8.0,0.0,0.0,0.0,0.014691478942213516,7.0,7.0,0.0,0.0,0.0,0.01860920666013712,7.0,7.0,0.0,0.0,0.0,0.014691478942213516,7.0,7.0,0.0,0.0,0.0,0.07737512242899118,27.0,27.0,0.0,0.0,0.0,0.01860920666013712,7.0,7.0,0.0,0.0,0.0,0.01860920666013712,7.0,7.0,0.0,0.0,0.0,0.013712047012732615,7.0,7.0,0.0,0.0,0.0,0.8599412340842312,32.0,32.0,0.0,0.0,0.0,0.05740987983978638,9.0,9.0,0.0,0.0,0.0,0.8795298726738492,29.0,29.0,0.0,0.0,0.0,0.05740987983978638,9.0,9.0,0.0,0.0,0.0,0.03623898139079334,8.0,8.0
JacksonCore,22,0.0,0.0,0.0,0.019748653500897665,11.0,12.666666666666666,0.0,0.0,0.0,0.05475763016157989,18.0,67.33333333333333,0.0,0.0,0.0,0.02244165170556553,9.0,37.333333333333336,0.0,0.0,1.0,0.0062836624775583485,5.0,9.666666666666666,0.0,0.0,0.0,0.008976660682226212,6.0,8.666666666666666,0.0,0.0,1.0,0.00807899461400359,5.0,7.666666666666667,0.0,0.0,0.0,0.11400359066427289,60.0,86.0,0.0,0.0,0.0,0.02064631956912029,7.0,8.333333333333334,0.0,0.0,0.0,0.008976660682226212,6.0,8.666666666666666,0.0,0.0,0.0,0.00718132854578097,6.0,36.0,0.0,0.0,0.0,0.8258527827648114,62.0,69.33333333333333,0.0,0.0,0.0,0.05088757396449704,12.0,18.0,0.0,0.0,0.0,0.03141831238779174,7.0,9.666666666666666,0.0,0.0,0.0,0.020118343195266272,11.0,14.666666666666666,0.0,0.0,0.0,0.06193895870736086,25.0,66.66666666666667
JacksonCore,23,1.0,1.0,1.0,0.0,1.0,1.0,0.0,0.0,0.0,0.10874704491725769,39.0,39.0,0.0,0.0,0.0,0.10638297872340426,38.0,38.0,1.0,1.0,1.0,0.0,1.0,1.0,0.0,1.0,1.0,0.002364066193853428,2.0,2.0,0.0,1.0,1.0,0.002364066193853428,2.0,2.0,0.0,0.0,0.0,0.10874704491725769,39.0,39.0,1.0,1.0,1.0,0.0,1.0,1.0,0.0,1.0,1.0,0.002364066193853428,2.0,2.0,0.0,0.0,0.0,0.0768321513002364,35.0,35.0,0.0,1.0,1.0,0.8262411347517731,2.0,2.0,0.0,0.0,0.0,0.05457227138643068,7.0,7.0,0.0,1.0,1.0,0.0035460992907801418,3.0,3.0,1.0,1.0,1.0,0.0,1.0,1.0,0.0,0.0,0.0,0.04373522458628842,7.0,7.0
JacksonCore,24,1.0,1.0,1.0,0.0,1.0,43.75,0.0,0.0,0.0,0.12897526501766785,80.0,107.0,0.0,0.0,0.0,0.12632508833922262,73.0,100.0,0.0,0.0,1.0,0.00265017667844523,4.0,47.5,0.0,0.0,1.0,0.0035335689045936395,4.0,46.0,0.0,1.0,1.0,0.0017667844522968198,3.0,46.5,0.0,0.0,0.0,0.12985865724381626,81.0,107.75,1.0,1.0,1.0,0.0,1.0,40.25,0.0,0.0,1.0,0.0035335689045936395,4.0,46.0,0.0,0.0,0.0,0.10424028268551237,76.0,102.25,1.0,1.0,1.0,0.5856890459363958,1.0,12.25,0.0,0.0,0.0,0.044919786096256686,13.0,19.0,0.0,0.0,0.0,0.028268551236749116,7.0,8.75,1.0,1.0,1.0,0.0,1.0,2.6666666666666665,0.0,0.0,0.0,0.09452296819787986,53.0,57.75
JacksonCore,25,1.0,1.0,1.0,0.0,1.0,1.0,0.0,0.0,0.0,0.1412133891213389,73.0,73.0,0.0,0.0,0.0,0.13493723849372385,68.0,68.0,1.0,1.0,1.0,0.0,1.0,1.0,0.0,1.0,1.0,0.0020920502092050207,2.0,2.0,0.0,1.0,1.0,0.0020920502092050207,2.0,2.0,0.0,0.0,0.0,0.1412133891213389,73.0,73.0,1.0,1.0,1.0,0.0,1.0,1.0,0.0,1.0,1.0,0.0020920502092050207,2.0,2.0,0.0,0.0,0.0,0.1087866108786611,64.0,64.0,0.0,1.0,1.0,0.7824267782426778,2.0,2.0,0.0,0.0,0.0,0.06345177664974619,15.0,15.0,0.0,1.0,1.0,0.0031380753138075313,3.0,3.0,1.0,1.0,1.0,0.0,1.0,1.0,0.0,0.0,0.0,0.05230125523012552,15.0,15.0
JacksonCore,26,0.0,0.0,0.0,0.030425963488843813,20.0,20.0,0.0,0.0,0.0,0.055780933062880324,19.0,19.0,0.0,1.0,1.0,0.0030425963488843813,3.0,3.0,0.0,0.0,0.0,0.04462474645030426,32.0,32.0,0.0,0.0,1.0,0.011156186612576065,4.0,4.0,0.0,0.0,0.0,0.019269776876267748,7.0,7.0,0.0,0.0,0.0,0.057809330628803245,21.0,21.0,0.0,0.0,0.0,0.028397565922920892,14.0,14.0,0.0,0.0,1.0,0.011156186612576065,4.0,4.0,0.0,1.0,1.0,0.0010141987829614604,2.0,2.0,0.0,0.0,0.0,0.9421906693711968,90.0,90.0,0.0,0.0,0.0,0.0644361833952912,16.0,16.0,0.0,0.0,0.0,0.9655172413793104,91.0,91.0,0.0,0.0,0.0,0.06939281288723669,18.0,18.0,0.0,0.0,0.0,0.5141987829614605,25.0,25.0
Gson,1,0.0,0.0,0.0,0.021526418786692758,8.0,8.0,0.0,0.0,0.0,0.021526418786692758,8.0,8.0,0.0,0.0,0.0,0.021526418786692758,8.0,8.0,0.0,0.0,0.0,0.021526418786692758,8.0,8.0,0.0,0.0,0.0,0.021526418786692758,8.0,8.0,0.0,0.0,0.0,0.021526418786692758,8.0,8.0,0.0,0.0,0.0,0.021526418786692758,8.0,8.0,0.0,0.0,0.0,0.021526418786692758,8.0,8.0,0.0,0.0,0.0,0.021526418786692758,8.0,8.0,0.0,0.0,0.0,0.021526418786692758,8.0,8.0,0.0,0.0,0.0,0.7808219178082192,10.0,10.0,0.0,0.0,0.0,0.027842227378190254,10.0,10.0,0.0,0.0,0.0,0.7808219178082192,10.0,10.0,0.0,0.0,0.0,0.027842227378190254,10.0,10.0,0.0,0.0,0.0,0.6692759295499021,102.0,102.0
Gson,2,0.0,0.0,0.0,0.12114989733059549,31.0,31.0,0.0,0.0,0.0,0.12114989733059549,31.0,31.0,0.0,0.0,0.0,0.12114989733059549,31.0,31.0,0.0,0.0,0.0,0.12114989733059549,31.0,31.0,0.0,0.0,0.0,0.12114989733059549,31.0,31.0,0.0,0.0,0.0,0.12114989733059549,31.0,31.0,0.0,0.0,0.0,0.12114989733059549,31.0,31.0,0.0,0.0,0.0,0.12114989733059549,31.0,31.0,0.0,0.0,0.0,0.12114989733059549,31.0,31.0,0.0,0.0,0.0,0.12114989733059549,31.0,31.0,0.0,0.0,0.0,0.9034907597535934,7.0,7.0,0.0,0.0,0.0,0.018648018648018648,8.0,8.0,0.0,0.0,0.0,0.9034907597535934,7.0,7.0,0.0,0.0,0.0,0.018648018648018648,8.0,8.0,0.0,0.0,0.0,0.7885010266940452,105.0,105.0
Gson,3,0.0,0.0,0.0,0.05476673427991886,20.0,20.0,0.0,0.0,0.0,0.05476673427991886,20.0,20.0,0.0,0.0,0.0,0.05476673427991886,20.0,20.0,0.0,0.0,0.0,0.05476673427991886,20.0,20.0,0.0,0.0,0.0,0.05476673427991886,20.0,20.0,0.0,0.0,0.0,0.05476673427991886,20.0,20.0,0.0,0.0,0.0,0.05070993914807302,18.0,18.0,0.0,0.0,0.0,0.05476673427991886,20.0,20.0,0.0,0.0,0.0,0.05476673427991886,20.0,20.0,0.0,0.0,0.0,0.05070993914807302,18.0,18.0,0.0,0.0,0.0,0.8539553752535497,21.0,21.0,0.0,0.0,0.0,0.06221198156682028,20.0,20.0,0.0,0.0,0.0,0.8539553752535497,21.0,21.0,0.0,0.0,0.0,0.06221198156682028,20.0,20.0,0.0,0.0,0.0,0.7667342799188641,104.0,104.0
Gson,4,0.0,0.0,1.0,0.0410958904109589,4.0,12.5,0.0,0.0,0.0,0.0821917808219178,6.0,12.833333333333334,0.0,0.0,1.0,0.0684931506849315,5.0,12.666666666666666,0.0,0.0,1.0,0.0410958904109589,4.0,12.666666666666666,0.0,0.0,0.0,0.0821917808219178,6.0,12.833333333333334,0.0,0.0,0.0,0.0821917808219178,6.0,12.833333333333334,0.0,0.0,0.0,0.1095890410958904,7.0,20.666666666666668,0.0,0.0,1.0,0.0547945205479452,4.0,11.666666666666666,0.0,0.0,0.0,0.0821917808219178,6.0,12.833333333333334,0.0,0.0,0.0,0.0958904109589041,7.0,13.0,1.0,1.0,1.0,0.5068493150684932,1.0,3.8333333333333335,0.0,0.0,0.0,0.09722222222222222,7.0,12.833333333333334,1.0,1.0,1.0,0.5068493150684932,1.0,3.8333333333333335,0.0,0.0,0.0,0.08333333333333333,6.0,12.666666666666666,0.0,1.0,1.0,0.0273972602739726,2.0,25.666666666666668
Gson,5,0.0,1.0,1.0,0.04054054054054054,2.0,2.0,1.0,1.0,1.0,0.0,1.0,1.0,0.0,1.0,1.0,0.04054054054054054,2.0,2.0,1.0,1.0,1.0,0.0,1.0,1.0,0.0,1.0,1.0,0.04054054054054054,2.0,2.0,0.0,1.0,1.0,0.04054054054054054,2.0,2.0,0.0,1.0,1.0,0.04054054054054054,2.0,2.0,0.0,1.0,1.0,0.04054054054054054,2.0,2.0,0.0,1.0,1.0,0.04054054054054054,2.0,2.0,0.0,1.0,1.0,0.04054054054054054,2.0,2.0,0.0,1.0,1.0,0.8513513513513513,3.0,3.0,0.0,1.0,1.0,0.05555555555555555,2.0,2.0,0.0,1.0,1.0,0.8513513513513513,3.0,3.0,0.0,1.0,1.0,0.05555555555555555,2.0,2.0,0.0,1.0,1.0,0.3108108108108108,3.0,3.0
Gson,6,1.0,1.0,1.0,0.0,1.0,1.0,1.0,1.0,1.0,0.0,1.0,1.0,1.0,1.0,1.0,0.0,1.0,1.0,1.0,1.0,1.0,0.0,1.0,1.0,1.0,1.0,1.0,0.0,1.0,1.0,1.0,1.0,1.0,0.0,1.0,1.0,1.0,1.0,1.0,0.0,1.0,1.0,1.0,1.0,1.0,0.0,1.0,1.0,1.0,1.0,1.0,0.0,1.0,1.0,1.0,1.0,1.0,0.0,1.0,1.0,0.0,1.0,1.0,0.8535645472061657,2.0,2.0,1.0,1.0,1.0,0.0,1.0,1.0,0.0,1.0,1.0,0.8535645472061657,2.0,2.0,1.0,1.0,1.0,0.0,1.0,1.0,0.0,0.0,0.0,0.3911368015414258,8.0,8.0
Gson,7,0.0,0.0,0.0,0.021739130434782608,8.0,9.0,0.0,0.0,0.0,0.023715415019762844,9.0,16.0,0.0,0.0,0.0,0.021739130434782608,8.0,8.5,0.0,0.0,1.0,0.009881422924901186,5.0,8.0,0.0,0.0,0.0,0.023715415019762844,9.0,16.0,0.0,0.0,0.0,0.023715415019762844,9.0,12.0,0.0,0.0,0.0,0.04940711462450593,18.0,41.0,0.0,0.0,0.0,0.021739130434782608,8.0,9.0,0.0,0.0,0.0,0.023715415019762844,9.0,16.0,0.0,0.0,0.0,0.02766798418972332,11.0,29.0,0.0,1.0,1.0,0.7964426877470355,3.0,7.5,0.0,0.0,0.0,0.029017857142857144,10.0,20.0,0.0,1.0,1.0,0.7964426877470355,3.0,7.5,0.0,0.0,0.0,0.029017857142857144,10.0,20.0,0.0,0.0,0.0,0.6047430830039525,44.0,57.0
Gson,8,0.0,1.0,1.0,0.3333333333333333,2.0,2.0,0.0,1.0,1.0,0.3333333333333333,2.0,2.0,0.0,1.0,1.0,0.3333333333333333,2.0,2.0,0.0,1.0,1.0,0.3333333333333333,2.0,2.0,0.0,1.0,1.0,0.3333333333333333,2.0,2.0,0.0,1.0,1.0,0.3333333333333333,2.0,2.0,0.0,1.0,1.0,0.3333333333333333,2.0,2.0,0.0,1.0,1.0,0.3333333333333333,2.0,2.0,0.0,1.0,1.0,0.3333333333333333,2.0,2.0,0.0,1.0,1.0,0.3333333333333333,2.0,2.0,1.0,1.0,1.0,0.0,1.0,1.0,1.0,1.0,1.0,0.0,1.0,1.0,1.0,1.0,1.0,0.0,1.0,1.0,1.0,1.0,1.0,0.0,1.0,1.0,1.0,1.0,1.0,0.0,1.0,1.0
Gson,9,0.0,0.0,0.0,,,,0.0,0.0,0.0,,,,0.0,0.0,0.0,,,,0.0,0.0,0.0,,,,0.0,0.0,0.0,,,,0.0,0.0,0.0,,,,0.0,0.0,0.0,,,,0.0,0.0,0.0,,,,0.0,0.0,0.0,,,,0.0,0.0,0.0,,,,0.0,0.0,0.0,,,,0.0,0.0,0.0,,,,0.0,0.0,0.0,,,,0.0,0.0,0.0,,,,0.0,0.0,0.0,,,
Gson,10,0.0,0.0,0.0,0.03838771593090211,17.0,17.0,0.0,0.0,0.0,0.03838771593090211,17.0,17.0,0.0,0.0,0.0,0.03838771593090211,17.0,17.0,0.0,0.0,0.0,0.03838771593090211,17.0,17.0,0.0,0.0,0.0,0.03838771593090211,17.0,17.0,0.0,0.0,0.0,0.03838771593090211,17.0,17.0,0.0,0.0,0.0,0.03838771593090211,17.0,17.0,0.0,0.0,0.0,0.03838771593090211,17.0,17.0,0.0,0.0,0.0,0.03838771593090211,17.0,17.0,0.0,0.0,0.0,0.03838771593090211,17.0,17.0,0.0,0.0,0.0,0.8426103646833013,19.0,19.0,0.0,0.0,0.0,0.05856832971800434,18.0,18.0,0.0,0.0,0.0,0.8426103646833013,19.0,19.0,0.0,0.0,0.0,0.05856832971800434,18.0,18.0,0.0,0.0,0.0,0.800383877159309,113.0,113.0
Gson,11,1.0,1.0,1.0,0.0,1.0,1.0,1.0,1.0,1.0,0.0,1.0,1.0,1.0,1.0,1.0,0.0,1.0,1.0,1.0,1.0,1.0,0.0,1.0,1.0,1.0,1.0,1.0,0.0,1.0,1.0,1.0,1.0,1.0,0.0,1.0,1.0,1.0,1.0,1.0,0.0,1.0,1.0,1.0,1.0,1.0,0.0,1.0,1.0,1.0,1.0,1.0,0.0,1.0,1.0,1.0,1.0,1.0,0.0,1.0,1.0,0.0,1.0,1.0,0.8867924528301887,2.0,2.0,1.0,1.0,1.0,0.0,1.0,1.0,0.0,1.0,1.0,0.8867924528301887,2.0,2.0,1.0,1.0,1.0,0.0,1.0,1.0,0.0,0.0,1.0,0.27735849056603773,4.0,4.0
Gson,12,0.0,1.0,1.0,0.008928571428571428,3.0,3.0,0.0,1.0,1.0,0.004464285714285714,2.0,2.0,0.0,1.0,1.0,0.004464285714285714,2.0,2.0,1.0,1.0,1.0,0.0,1.0,1.0,0.0,1.0,1.0,0.004464285714285714,2.0,2.0,0.0,1.0,1.0,0.004464285714285714,2.0,2.0,1.0,1.0,1.0,0.0,1.0,1.0,0.0,1.0,1.0,0.008928571428571428,3.0,3.0,0.0,1.0,1.0,0.004464285714285714,2.0,2.0,1.0,1.0,1.0,0.0,1.0,1.0,0.0,0.0,1.0,0.875,5.0,5.0,0.0,1.0,1.0,0.005681818181818182,2.0,2.0,0.0,0.0,0.0,0.875,6.0,6.0,0.0,1.0,1.0,0.005681818181818182,2.0,2.0,0.0,0.0,0.0,0.35714285714285715,6.0,6.0
Gson,13,0.0,1.0,1.0,0.022727272727272728,2.0,2.0,0.0,1.0,1.0,0.022727272727272728,2.0,2.0,0.0,1.0,1.0,0.022727272727272728,2.0,2.0,0.0,1.0,1.0,0.022727272727272728,2.0,2.0,0.0,1.0,1.0,0.022727272727272728,2.0,2.0,0.0,1.0,1.0,0.022727272727272728,2.0,2.0,0.0,1.0,1.0,0.022727272727272728,2.0,2.0,0.0,1.0,1.0,0.022727272727272728,2.0,2.0,0.0,1.0,1.0,0.022727272727272728,2.0,2.0,0.0,1.0,1.0,0.022727272727272728,2.0,2.0,0.0,0.0,0.0,0.9545454545454546,12.0,12.0,0.0,0.0,0.0,0.32558139534883723,11.0,11.0,0.0,0.0,0.0,0.9545454545454546,12.0,12.0,0.0,0.0,0.0,0.32558139534883723,11.0,11.0,0.0,0.0,0.0,0.9090909090909091,35.0,35.0
Gson,14,1.0,1.0,1.0,0.0,1.0,2.0,1.0,1.0,1.0,0.0,1.0,3.0,1.0,1.0,1.0,0.0,1.0,2.5,0.0,1.0,1.0,0.005639097744360902,2.0,2.5,1.0,1.0,1.0,0.0,1.0,3.0,1.0,1.0,1.0,0.0,1.0,3.0,0.0,0.0,0.0,0.015037593984962405,6.0,7.0,1.0,1.0,1.0,0.0018796992481203006,1.0,2.0,1.0,1.0,1.0,0.0,1.0,3.0,0.0,1.0,1.0,0.005639097744360902,2.0,3.0,0.0,0.0,0.0,0.8176691729323309,11.0,12.5,1.0,1.0,1.0,0.0,1.0,3.0,1.0,1.0,1.0,0.0,1.0,3.5,0.0,1.0,1.0,0.0041928721174004195,3.0,3.5,0.0,1.0,1.0,0.005639097744360902,2.0,2.5
Gson,15,1.0,1.0,1.0,0.0,1.0,1.0,1.0,1.0,1.0,0.0,1.0,1.0,1.0,1.0,1.0,0.0,1.0,1.0,1.0,1.0,1.0,0.0,1.0,1.0,1.0,1.0,1.0,0.0,1.0,1.0,1.0,1.0,1.0,0.0,1.0,1.0,1.0,1.0,1.0,0.0,1.0,1.0,1.0,1.0,1.0,0.0,1.0,1.0,1.0,1.0,1.0,0.0,1.0,1.0,1.0,1.0,1.0,0.0,1.0,1.0,1.0,1.0,1.0,0.0,1.0,1.0,0.0,1.0,1.0,0.10714285714285714,2.0,2.0,0.0,1.0,1.0,0.10714285714285714,2.0,2.0,0.0,1.0,1.0,0.10714285714285714,2.0,2.0,0.0,1.0,1.0,0.17857142857142858,3.0,3.0
Gson,16,0.0,0.0,0.0,0.04924242424242424,20.0,20.0,0.0,0.0,0.0,0.04924242424242424,20.0,20.0,0.0,0.0,0.0,0.04924242424242424,20.0,20.0,0.0,0.0,0.0,0.04924242424242424,20.0,20.0,0.0,0.0,0.0,0.04924242424242424,20.0,20.0,0.0,0.0,0.0,0.04924242424242424,20.0,20.0,0.0,0.0,0.0,0.04924242424242424,20.0,20.0,0.0,0.0,0.0,0.04924242424242424,20.0,20.0,0.0,0.0,0.0,0.04924242424242424,20.0,20.0,0.0,0.0,0.0,0.04924242424242424,20.0,20.0,0.0,0.0,0.0,0.9696969696969697,35.0,35.0,0.0,0.0,0.0,0.1464968152866242,35.0,35.0,0.0,0.0,0.0,0.9696969696969697,35.0,35.0,0.0,0.0,0.0,0.1464968152866242,35.0,35.0,0.0,0.0,0.0,0.9242424242424242,153.0,153.0
Gson,17,0.0,1.0,1.0,0.015267175572519083,3.0,3.0,0.0,1.0,1.0,0.015267175572519083,3.0,3.0,0.0,1.0,1.0,0.015267175572519083,3.0,3.0,0.0,1.0,1.0,0.015267175572519083,3.0,3.0,0.0,1.0,1.0,0.015267175572519083,3.0,3.0,0.0,1.0,1.0,0.015267175572519083,3.0,3.0,0.0,1.0,1.0,0.015267175572519083,3.0,3.0,0.0,1.0,1.0,0.015267175572519083,3.0,3.0,0.0,1.0,1.0,0.015267175572519083,3.0,3.0,0.0,1.0,1.0,0.015267175572519083,3.0,3.0,0.0,1.0,1.0,0.9007633587786259,2.0,2.0,0.0,1.0,1.0,0.01639344262295082,3.0,3.0,0.0,1.0,1.0,0.9007633587786259,2.0,2.0,0.0,1.0,1.0,0.01639344262295082,3.0,3.0,0.0,0.0,1.0,0.1297709923664122,5.0,5.0
Gson,18,0.0,0.0,0.0,0.06666666666666667,25.0,25.0,0.0,0.0,0.0,0.06666666666666667,25.0,25.0,0.0,0.0,0.0,0.06666666666666667,25.0,25.0,0.0,0.0,0.0,0.06666666666666667,25.0,25.0,0.0,0.0,0.0,0.06666666666666667,25.0,25.0,0.0,0.0,0.0,0.06666666666666667,25.0,25.0,0.0,0.0,0.0,0.06666666666666667,25.0,25.0,0.0,0.0,0.0,0.06666666666666667,25.0,25.0,0.0,0.0,0.0,0.06666666666666667,25.0,25.0,0.0,0.0,0.0,0.06666666666666667,25.0,25.0,0.0,0.0,0.0,0.8239316239316239,26.0,26.0,0.0,0.0,0.0,0.0755813953488372,25.0,25.0,0.0,0.0,0.0,0.8239316239316239,26.0,26.0,0.0,0.0,0.0,0.0755813953488372,25.0,25.0,0.0,0.0,0.0,0.7675213675213676,112.0,112.0
Compress,1,1.0,1.0,1.0,0.0,1.0,1.0,1.0,1.0,1.0,0.0,1.0,1.0,1.0,1.0,1.0,0.0,1.0,1.0,1.0,1.0,1.0,0.0,1.0,1.0,1.0,1.0,1.0,0.0,1.0,1.0,1.0,1.0,1.0,0.0,1.0,1.0,1.0,1.0,1.0,0.0,1.0,1.0,1.0,1.0,1.0,0.0,1.0,1.0,1.0,1.0,1.0,0.0,1.0,1.0,1.0,1.0,1.0,0.0,1.0,1.0,0.0,1.0,1.0,0.8742857142857143,2.0,2.0,1.0,1.0,1.0,0.0,1.0,1.0,1.0,1.0,1.0,0.0,1.0,1.0,1.0,1.0,1.0,0.0,1.0,1.0,1.0,1.0,1.0,0.0,1.0,1.0
Compress,2,1.0,1.0,1.0,0.0,1.0,1.0,1.0,1.0,1.0,0.0,1.0,1.0,1.0,1.0,1.0,0.0,1.0,1.0,1.0,1.0,1.0,0.0,1.0,1.0,1.0,1.0,1.0,0.0,1.0,1.0,1.0,1.0,1.0,0.0,1.0,1.0,1.0,1.0,1.0,0.0,1.0,1.0,1.0,1.0,1.0,0.0,1.0,1.0,1.0,1.0,1.0,0.0,1.0,1.0,1.0,1.0,1.0,0.0,1.0,1.0,1.0,1.0,1.0,0.6241610738255033,1.0,1.6666666666666667,1.0,1.0,1.0,0.0,1.0,1.0,1.0,1.0,1.0,0.0,1.0,1.0,1.0,1.0,1.0,0.0,1.0,1.0,1.0,1.0,1.0,0.0,1.0,1.0
Compress,3,0.0,0.0,1.0,0.019021739130434784,5.0,14.666666666666666,0.0,0.0,1.0,0.03260869565217391,4.0,13.666666666666666,0.0,0.0,1.0,0.019021739130434784,5.0,14.666666666666666,0.0,0.0,1.0,0.03260869565217391,4.0,13.666666666666666,0.0,0.0,1.0,0.019021739130434784,5.0,14.666666666666666,0.0,0.0,1.0,0.019021739130434784,5.0,14.666666666666666,0.0,0.0,1.0,0.019021739130434784,5.0,17.0,0.0,0.0,1.0,0.019021739130434784,5.0,14.666666666666666,0.0,0.0,1.0,0.019021739130434784,5.0,14.666666666666666,0.0,0.0,1.0,0.019021739130434784,5.0,14.666666666666666,1.0,1.0,1.0,0.5597826086956522,1.0,3.6666666666666665,0.0,0.0,1.0,0.024390243902439025,5.0,14.0,0.0,1.0,1.0,0.5625,2.0,4.0,0.0,0.0,1.0,0.024390243902439025,5.0,14.0,0.0,0.0,0.0,0.3532608695652174,10.0,11.666666666666666
Compress,4,0.0,0.0,0.0,0.16911764705882354,16.0,32.666666666666664,0.0,0.0,0.0,0.10661764705882353,8.0,29.333333333333332,0.0,0.0,0.0,0.11029411764705882,9.0,29.0,0.0,0.0,1.0,0.07720588235294118,5.0,28.333333333333332,0.0,0.0,0.0,0.11397058823529412,9.0,30.333333333333332,0.0,0.0,0.0,0.11029411764705882,9.0,30.333333333333332,0.0,0.0,1.0,0.07352941176470588,5.0,35.333333333333336,0.0,0.0,0.0,0.15808823529411764,15.0,30.333333333333332,0.0,0.0,0.0,0.11397058823529412,9.0,30.333333333333332,0.0,0.0,0.0,0.08823529411764706,6.0,29.333333333333332,1.0,1.0,1.0,0.0,1.0,9.0,0.0,0.0,0.0,0.1336206896551724,9.0,29.666666666666668,0.0,0.0,0.0,0.11397058823529412,10.0,14.333333333333334,0.0,0.0,0.0,0.15948275862068967,13.0,31.666666666666668,0.0,0.0,1.0,0.06985294117647059,5.0,34.666666666666664
Compress,5,0.0,1.0,1.0,0.03816793893129771,3.0,3.0,0.0,1.0,1.0,0.03816793893129771,3.0,3.0,0.0,1.0,1.0,0.03816793893129771,3.0,3.0,0.0,1.0,1.0,0.03816793893129771,3.0,3.0,0.0,1.0,1.0,0.03816793893129771,3.0,3.0,0.0,1.0,1.0,0.03816793893129771,3.0,3.0,0.0,1.0,1.0,0.03816793893129771,3.0,3.0,0.0,1.0,1.0,0.03816793893129771,3.0,3.0,0.0,1.0,1.0,0.03816793893129771,3.0,3.0,0.0,1.0,1.0,0.03816793893129771,3.0,3.0,0.0,0.0,1.0,0.7251908396946565,4.0,4.0,0.0,1.0,1.0,0.03333333333333333,3.0,3.0,0.0,0.0,1.0,0.7251908396946565,4.0,4.0,0.0,1.0,1.0,0.03333333333333333,3.0,3.0,0.0,0.0,0.0,0.5419847328244275,15.0,15.0
Compress,6,1.0,1.0,1.0,0.0,1.0,1.5,1.0,1.0,1.0,0.0,1.0,1.5,1.0,1.0,1.0,0.0,1.0,1.5,1.0,1.0,1.0,0.0,1.0,1.5,1.0,1.0,1.0,0.0,1.0,1.5,1.0,1.0,1.0,0.0,1.0,1.5,1.0,1.0,1.0,0.0,1.0,1.5,1.0,1.0,1.0,0.0,1.0,1.5,1.0,1.0,1.0,0.0,1.0,1.5,1.0,1.0,1.0,0.0,1.0,1.5,1.0,1.0,1.0,0.0,1.0,1.5,1.0,1.0,1.0,0.0,1.0,1.5,1.0,1.0,1.0,0.0,1.0,2.0,1.0,1.0,1.0,0.0,1.0,1.5,1.0,1.0,1.0,0.0,1.0,1.5
Compress,7,1.0,1.0,1.0,0.0,1.0,1.0,1.0,1.0,1.0,0.0,1.0,1.0,1.0,1.0,1.0,0.0,1.0,1.0,1.0,1.0,1.0,0.0,1.0,1.0,1.0,1.0,1.0,0.0,1.0,1.0,1.0,1.0,1.0,0.0,1.0,1.0,1.0,1.0,1.0,0.0,1.0,1.0,1.0,1.0,1.0,0.0,1.0,1.0,1.0,1.0,1.0,0.0,1.0,1.0,1.0,1.0,1.0,0.0,1.0,1.0,0.0,1.0,1.0,0.8888888888888888,3.0,3.0,0.0,1.0,1.0,0.125,2.0,2.0,0.0,1.0,1.0,0.8888888888888888,3.0,3.0,0.0,1.0,1.0,0.125,2.0,2.0,0.0,0.0,1.0,0.3333333333333333,4.0,4.0
Compress,8,1.0,1.0,1.0,0.0,1.0,1.0,1.0,1.0,1.0,0.0,1.0,1.0,1.0,1.0,1.0,0.0,1.0,1.0,1.0,1.0,1.0,0.0,1.0,1.0,1.0,1.0,1.0,0.0,1.0,1.0,1.0,1.0,1.0,0.0,1.0,1.0,1.0,1.0,1.0,0.0,1.0,1.0,1.0,1.0,1.0,0.0,1.0,1.0,1.0,1.0,1.0,0.0,1.0,1.0,1.0,1.0,1.0,0.0,1.0,1.0,0.0,1.0,1.0,0.9,2.0,2.0,1.0,1.0,1.0,0.0,1.0,1.0,0.0,1.0,1.0,0.9,2.0,2.0,1.0,1.0,1.0,0.0,1.0,1.0,0.0,1.0,1.0,0.3,3.0,3.0
Compress,9,1.0,1.0,1.0,0.0,1.0,1.0,1.0,1.0,1.0,0.0,1.0,1.0,1.0,1.0,1.0,0.0,1.0,1.0,1.0,1.0,1.0,0.0,1.0,1.0,1.0,1.0,1.0,0.0,1.0,1.0,1.0,1.0,1.0,0.0,1.0,1.0,0.0,0.0,0.0,0.6317829457364341,7.0,7.0,1.0,1.0,1.0,0.0,1.0,1.0,1.0,1.0,1.0,0.0,1.0,1.0,1.0,1.0,1.0,0.0,1.0,1.0,1.0,1.0,1.0,0.0,1.0,1.0,0.0,0.0,0.0,,,,1.0,1.0,1.0,0.0,1.0,1.0,0.0,0.0,0.0,,,,0.0,0.0,0.0,0.6317829457364341,7.0,7.0
Compress,10,0.0,0.0,0.0,0.06944444444444445,10.0,10.0,0.0,0.0,0.0,0.06944444444444445,10.0,10.0,0.0,0.0,0.0,0.06944444444444445,10.0,10.0,0.0,0.0,0.0,0.06944444444444445,10.0,10.0,0.0,0.0,0.0,0.06944444444444445,10.0,10.0,0.0,0.0,0.0,0.06944444444444445,10.0,10.0,0.0,0.0,0.0,0.06944444444444445,10.0,10.0,0.0,0.0,0.0,0.06944444444444445,10.0,10.0,0.0,0.0,0.0,0.06944444444444445,10.0,10.0,0.0,0.0,0.0,0.06944444444444445,10.0,10.0,0.0,0.0,0.0,0.8541666666666666,11.0,11.0,0.0,0.0,0.0,0.08086253369272237,10.0,10.0,0.0,0.0,0.0,0.8541666666666666,11.0,11.0,0.0,0.0,0.0,0.08086253369272237,10.0,10.0,0.0,0.0,0.0,0.6643518518518519,33.0,33.0
Compress,11,1.0,1.0,1.0,0.0,1.0,1.0,1.0,1.0,1.0,0.0,1.0,1.0,1.0,1.0,1.0,0.0,1.0,1.0,1.0,1.0,1.0,0.0,1.0,1.0,1.0,1.0,1.0,0.0,1.0,1.0,1.0,1.0,1.0,0.0,1.0,1.0,0.0,1.0,1.0,0.5131578947368421,3.0,3.0,1.0,1.0,1.0,0.0,1.0,1.0,1.0,1.0,1.0,0.0,1.0,1.0,1.0,1.0,1.0,0.0,1.0,1.0,1.0,1.0,1.0,0.0,1.0,1.0,0.0,0.0,0.0,,,,1.0,1.0,1.0,0.0,1.0,1.0,0.0,0.0,0.0,,,,0.0,1.0,1.0,0.5131578947368421,3.0,3.0
Compress,12,0.0,1.0,1.0,0.007194244604316547,3.0,3.0,0.0,1.0,1.0,0.007194244604316547,3.0,3.0,0.0,1.0,1.0,0.007194244604316547,3.0,3.0,0.0,1.0,1.0,0.007194244604316547,3.0,3.0,0.0,1.0,1.0,0.007194244604316547,3.0,3.0,0.0,1.0,1.0,0.007194244604316547,3.0,3.0,0.0,1.0,1.0,0.007194244604316547,3.0,3.0,0.0,1.0,1.0,0.007194244604316547,3.0,3.0,0.0,1.0,1.0,0.007194244604316547,3.0,3.0,0.0,1.0,1.0,0.007194244604316547,3.0,3.0,0.0,0.0,1.0,0.9748201438848921,4.0,4.0,0.0,1.0,1.0,0.009259259259259259,3.0,3.0,0.0,0.0,1.0,0.9712230215827338,4.0,4.0,0.0,1.0,1.0,0.009259259259259259,3.0,3.0,0.0,0.0,0.0,0.5719424460431655,20.0,20.0
Compress,13,0.0,0.0,0.0,0.15723270440251572,20.0,20.0,0.0,0.0,0.0,0.07547169811320754,11.0,11.0,0.0,0.0,0.0,0.14150943396226415,17.0,17.0,0.0,0.0,0.0,0.1918238993710692,26.0,26.0,0.0,0.0,0.0,0.07547169811320754,12.0,12.0,0.0,0.0,0.0,0.07547169811320754,13.0,13.0,0.0,0.0,0.0,0.05660377358490566,8.0,8.0,0.0,0.0,0.0,0.14150943396226415,16.0,16.0,0.0,0.0,0.0,0.07547169811320754,12.0,12.0,0.0,0.0,0.0,0.05660377358490566,8.0,8.0,0.0,0.0,0.0,0.8647798742138365,30.0,30.0,0.0,0.0,0.0,0.07581227436823104,11.0,11.0,0.0,0.0,0.0,0.8647798742138365,30.0,30.0,0.0,0.0,0.0,0.08303249097472924,12.0,12.0,0.0,0.0,0.0,0.6918238993710691,54.0,54.0
Compress,14,0.0,0.0,0.0,0.20408163265306123,8.0,8.0,0.0,0.0,0.0,0.20408163265306123,8.0,8.0,0.0,0.0,0.0,0.20408163265306123,8.0,8.0,0.0,0.0,0.0,0.20408163265306123,8.0,8.0,0.0,0.0,0.0,0.20408163265306123,8.0,8.0,0.0,0.0,0.0,0.20408163265306123,8.0,8.0,0.0,0.0,0.0,0.20408163265306123,8.0,8.0,0.0,0.0,0.0,0.20408163265306123,8.0,8.0,0.0,0.0,0.0,0.20408163265306123,8.0,8.0,0.0,0.0,0.0,0.20408163265306123,8.0,8.0,0.0,0.0,0.0,0.9693877551020408,9.0,9.0,0.0,0.0,0.0,0.3442622950819672,8.0,8.0,0.0,0.0,0.0,0.9693877551020408,9.0,9.0,0.0,0.0,0.0,0.3442622950819672,8.0,8.0,0.0,0.0,0.0,0.8877551020408163,23.0,23.0
Compress,15,1.0,1.0,1.0,0.0,1.0,1.0,1.0,1.0,1.0,0.0,1.0,1.0,1.0,1.0,1.0,0.0,1.0,1.0,1.0,1.0,1.0,0.0,1.0,1.0,1.0,1.0,1.0,0.0,1.0,1.0,1.0,1.0,1.0,0.0,1.0,1.0,1.0,1.0,1.0,0.0,1.0,1.0,1.0,1.0,1.0,0.0,1.0,1.0,1.0,1.0,1.0,0.0,1.0,1.0,1.0,1.0,1.0,0.0,1.0,1.0,0.0,1.0,1.0,0.9748427672955975,2.0,2.0,1.0,1.0,1.0,0.0,1.0,1.0,0.0,1.0,1.0,0.9748427672955975,2.0,2.0,1.0,1.0,1.0,0.0,1.0,1.0,0.0,1.0,1.0,0.13836477987421383,2.0,2.0
Compress,16,0.0,0.0,0.0,0.0935672514619883,15.0,15.0,0.0,0.0,0.0,0.0935672514619883,15.0,15.0,0.0,0.0,0.0,0.0935672514619883,15.0,15.0,0.0,0.0,0.0,0.0935672514619883,15.0,15.0,0.0,0.0,0.0,0.0935672514619883,15.0,15.0,0.0,0.0,0.0,0.0935672514619883,15.0,15.0,0.0,0.0,0.0,0.09064327485380116,15.0,15.0,0.0,0.0,0.0,0.0935672514619883,15.0,15.0,0.0,0.0,0.0,0.0935672514619883,15.0,15.0,0.0,0.0,0.0,0.0935672514619883,15.0,15.0,1.0,1.0,1.0,0.0,1.0,1.0,0.0,0.0,0.0,0.11355311355311355,15.0,15.0,1.0,1.0,1.0,0.0,1.0,1.0,0.0,0.0,0.0,0.11355311355311355,15.0,15.0,0.0,0.0,0.0,0.8070175438596491,44.0,44.0
Compress,17,0.0,0.0,1.0,0.10687022900763359,5.0,5.0,0.0,0.0,1.0,0.10687022900763359,5.0,5.0,0.0,0.0,1.0,0.10687022900763359,5.0,5.0,0.0,0.0,1.0,0.10687022900763359,5.0,5.0,0.0,0.0,1.0,0.10687022900763359,5.0,5.0,0.0,0.0,1.0,0.10687022900763359,5.0,5.0,0.0,0.0,1.0,0.10687022900763359,5.0,5.0,0.0,0.0,1.0,0.10687022900763359,5.0,5.0,0.0,0.0,1.0,0.10687022900763359,5.0,5.0,0.0,0.0,1.0,0.10687022900763359,5.0,5.0,0.0,0.0,1.0,0.9236641221374046,5.0,5.0,0.0,0.0,1.0,0.15217391304347827,5.0,5.0,0.0,0.0,1.0,0.9236641221374046,5.0,5.0,0.0,0.0,1.0,0.15217391304347827,5.0,5.0,0.0,0.0,0.0,0.8778625954198473,27.0,27.0
Compress,18,0.0,0.0,1.0,0.012232415902140673,4.0,4.0,0.0,0.0,1.0,0.012232415902140673,4.0,4.0,0.0,0.0,1.0,0.012232415902140673,4.0,4.0,0.0,0.0,1.0,0.012232415902140673,4.0,4.0,0.0,0.0,1.0,0.012232415902140673,4.0,4.0,0.0,0.0,1.0,0.012232415902140673,4.0,4.0,0.0,0.0,1.0,0.01529051987767584,4.0,4.0,0.0,0.0,1.0,0.012232415902140673,4.0,4.0,0.0,0.0,1.0,0.012232415902140673,4.0,4.0,0.0,0.0,1.0,0.012232415902140673,4.0,4.0,0.0,0.0,1.0,0.8929663608562691,5.0,5.0,0.0,0.0,1.0,0.01532567049808429,4.0,4.0,0.0,0.0,1.0,0.8929663608562691,5.0,5.0,0.0,0.0,1.0,0.01532567049808429,4.0,4.0,0.0,0.0,0.0,0.3944954128440367,11.0,11.0
Compress,19,1.0,1.0,1.0,0.0,1.0,1.0,1.0,1.0,1.0,0.0,1.0,1.0,1.0,1.0,1.0,0.0,1.0,1.0,1.0,1.0,1.0,0.0,1.0,1.0,1.0,1.0,1.0,0.0,1.0,1.0,1.0,1.0,1.0,0.0,1.0,1.0,1.0,1.0,1.0,0.0,1.0,1.0,1.0,1.0,1.0,0.0,1.0,1.0,1.0,1.0,1.0,0.0,1.0,1.0,1.0,1.0,1.0,0.0,1.0,1.0,0.0,1.0,1.0,0.7612359550561798,2.0,2.0,1.0,1.0,1.0,0.0,1.0,1.0,0.0,1.0,1.0,0.7612359550561798,2.0,2.0,1.0,1.0,1.0,0.0,1.0,1.0,1.0,1.0,1.0,0.0,1.0,1.0
Compress,20,0.0,1.0,1.0,0.00980392156862745,3.0,11.0,0.0,1.0,1.0,0.00980392156862745,3.0,11.0,0.0,1.0,1.0,0.00980392156862745,3.0,11.0,0.0,1.0,1.0,0.00980392156862745,3.0,11.0,0.0,1.0,1.0,0.00980392156862745,3.0,11.0,0.0,1.0,1.0,0.00980392156862745,3.0,11.0,0.0,1.0,1.0,0.00980392156862745,3.0,11.333333333333334,0.0,1.0,1.0,0.00980392156862745,3.0,11.0,0.0,1.0,1.0,0.00980392156862745,3.0,11.0,0.0,1.0,1.0,0.00980392156862745,3.0,11.0,1.0,1.0,1.0,0.25163398692810457,1.0,2.0,0.0,1.0,1.0,0.011811023622047244,3.0,9.0,1.0,1.0,1.0,0.25163398692810457,1.0,2.0,0.0,1.0,1.0,0.011811023622047244,3.0,9.0,1.0,1.0,1.0,0.042483660130718956,1.0,6.666666666666667
Compress,21,0.0,1.0,1.0,0.00423728813559322,2.0,2.0,0.0,1.0,1.0,0.00211864406779661,2.0,2.0,0.0,1.0,1.0,0.00211864406779661,2.0,2.0,0.0,1.0,1.0,0.00211864406779661,2.0,2.0,0.0,1.0,1.0,0.00211864406779661,2.0,2.0,0.0,1.0,1.0,0.00211864406779661,2.0,2.0,0.0,1.0,1.0,0.00211864406779661,2.0,2.0,0.0,1.0,1.0,0.00211864406779661,2.0,2.0,0.0,1.0,1.0,0.00211864406779661,2.0,2.0,0.0,1.0,1.0,0.00211864406779661,2.0,2.0,0.0,0.0,0.0,0.8707627118644068,12.0,12.0,0.0,1.0,1.0,0.002380952380952381,2.0,2.0,0.0,1.0,1.0,0.00211864406779661,2.0,2.0,0.0,1.0,1.0,0.007142857142857143,3.0,3.0,0.0,1.0,1.0,0.00211864406779661,2.0,2.0
Compress,22,0.0,0.0,0.0,0.43956043956043955,6.0,10.166666666666666,0.0,0.0,0.0,0.43956043956043955,6.0,10.166666666666666,0.0,0.0,0.0,0.43956043956043955,6.0,10.166666666666666,0.0,0.0,0.0,0.43956043956043955,6.0,10.166666666666666,0.0,0.0,0.0,0.43956043956043955,6.0,10.166666666666666,0.0,0.0,0.0,0.43956043956043955,6.0,10.166666666666666,0.0,0.0,0.0,0.43956043956043955,6.0,10.666666666666666,0.0,0.0,0.0,0.43956043956043955,6.0,10.166666666666666,0.0,0.0,0.0,0.43956043956043955,6.0,10.166666666666666,0.0,0.0,0.0,0.43956043956043955,6.0,10.166666666666666,1.0,1.0,1.0,0.0,1.0,3.0,0.0,0.0,0.0,0.5061728395061729,6.0,8.75,1.0,1.0,1.0,0.0,1.0,3.0,0.0,0.0,0.0,0.5061728395061729,6.0,8.75,0.0,1.0,1.0,0.12087912087912088,2.0,8.333333333333334
Compress,23,1.0,1.0,1.0,0.0,1.0,1.0,1.0,1.0,1.0,0.0,1.0,1.0,1.0,1.0,1.0,0.0,1.0,1.0,1.0,1.0,1.0,0.0,1.0,1.0,1.0,1.0,1.0,0.0,1.0,1.0,1.0,1.0,1.0,0.0,1.0,1.0,1.0,1.0,1.0,0.0,1.0,1.0,1.0,1.0,1.0,0.0,1.0,1.0,1.0,1.0,1.0,0.0,1.0,1.0,1.0,1.0,1.0,0.0,1.0,1.0,0.0,1.0,1.0,0.918552036199095,2.0,2.0,1.0,1.0,1.0,0.0,1.0,1.0,0.0,1.0,1.0,0.918552036199095,2.0,2.0,1.0,1.0,1.0,0.0,1.0,1.0,0.0,1.0,1.0,0.20361990950226244,3.0,3.0
Compress,24,0.0,1.0,1.0,0.02702702702702703,2.0,2.0,0.0,1.0,1.0,0.02702702702702703,2.0,2.0,0.0,1.0,1.0,0.02702702702702703,2.0,2.0,0.0,1.0,1.0,0.02702702702702703,2.0,2.0,0.0,1.0,1.0,0.02702702702702703,2.0,2.0,0.0,1.0,1.0,0.02702702702702703,2.0,2.0,0.0,0.0,1.0,0.1891891891891892,4.0,4.0,0.0,1.0,1.0,0.02702702702702703,2.0,2.0,0.0,1.0,1.0,0.02702702702702703,2.0,2.0,0.0,1.0,1.0,0.02702702702702703,2.0,2.0,0.0,0.0,1.0,0.8108108108108109,4.0,4.0,0.0,0.0,1.0,0.22580645161290322,4.0,4.0,0.0,0.0,1.0,0.918918918918919,5.0,5.0,0.0,0.0,1.0,0.22580645161290322,4.0,4.0,0.0,0.0,0.0,0.7837837837837838,16.0,16.0
Compress,25,0.0,0.0,0.0,0.08955223880597014,23.0,23.0,0.0,0.0,0.0,0.2537313432835821,42.0,42.0,0.0,0.0,0.0,0.11343283582089553,21.0,21.0,0.0,0.0,0.0,0.07462686567164178,18.0,18.0,0.0,0.0,0.0,0.2537313432835821,40.0,40.0,0.0,0.0,0.0,0.14328358208955225,31.0,31.0,0.0,0.0,0.0,0.27761194029850744,48.0,48.0,0.0,0.0,0.0,0.10746268656716418,22.0,22.0,0.0,0.0,0.0,0.2537313432835821,40.0,40.0,0.0,0.0,0.0,0.25970149253731345,46.0,46.0,0.0,0.0,0.0,0.7014925373134329,12.0,12.0,0.0,0.0,0.0,0.3069306930693069,48.0,48.0,0.0,0.0,0.0,0.7223880597014926,15.0,15.0,0.0,0.0,0.0,0.3069306930693069,48.0,48.0,0.0,0.0,0.0,0.6746268656716418,46.0,46.0
Compress,26,1.0,1.0,1.0,0.0,1.0,1.0,1.0,1.0,1.0,0.0,1.0,1.0,1.0,1.0,1.0,0.0,1.0,1.0,1.0,1.0,1.0,0.0,1.0,1.0,1.0,1.0,1.0,0.0,1.0,1.0,1.0,1.0,1.0,0.0,1.0,1.0,1.0,1.0,1.0,0.0,1.0,1.0,1.0,1.0,1.0,0.0,1.0,1.0,1.0,1.0,1.0,0.0,1.0,1.0,1.0,1.0,1.0,0.0,1.0,1.0,0.0,1.0,1.0,0.8333333333333334,2.0,2.0,1.0,1.0,1.0,0.0,1.0,1.0,0.0,1.0,1.0,0.8333333333333334,2.0,2.0,1.0,1.0,1.0,0.0,1.0,1.0,0.0,1.0,1.0,0.3333333333333333,3.0,3.0
Compress,27,0.0,1.0,1.0,0.02702702702702703,2.0,2.0,0.0,1.0,1.0,0.02702702702702703,2.0,2.0,0.0,1.0,1.0,0.02702702702702703,2.0,2.0,0.0,1.0,1.0,0.02702702702702703,2.0,2.0,0.0,1.0,1.0,0.02702702702702703,2.0,2.0,0.0,1.0,1.0,0.02702702702702703,2.0,2.0,0.0,0.0,1.0,0.1891891891891892,4.0,4.0,0.0,1.0,1.0,0.02702702702702703,2.0,2.0,0.0,1.0,1.0,0.02702702702702703,2.0,2.0,0.0,1.0,1.0,0.02702702702702703,2.0,2.0,0.0,0.0,1.0,0.8108108108108109,4.0,4.0,0.0,0.0,1.0,0.22580645161290322,4.0,4.0,0.0,0.0,1.0,0.918918918918919,5.0,5.0,0.0,0.0,1.0,0.22580645161290322,4.0,4.0,0.0,0.0,0.0,0.7837837837837838,16.0,16.0
Compress,28,0.0,1.0,1.0,0.007042253521126761,2.0,2.0,0.0,1.0,1.0,0.014084507042253521,2.0,2.0,0.0,1.0,1.0,0.007042253521126761,2.0,2.0,0.0,1.0,1.0,0.007042253521126761,2.0,2.0,0.0,1.0,1.0,0.014084507042253521,2.0,2.0,0.0,1.0,1.0,0.007042253521126761,2.0,2.0,0.0,0.0,1.0,0.06338028169014084,5.0,5.0,0.0,1.0,1.0,0.007042253521126761,2.0,2.0,0.0,1.0,1.0,0.014084507042253521,2.0,2.0,0.0,1.0,1.0,0.014084507042253521,3.0,3.0,0.0,1.0,1.0,0.7746478873239436,3.0,3.0,0.0,0.0,1.0,0.0761904761904762,5.0,5.0,0.0,1.0,1.0,0.7746478873239436,3.0,3.0,0.0,0.0,1.0,0.06666666666666667,4.0,4.0,0.0,0.0,0.0,0.5563380281690141,14.0,14.0
Compress,29,1.0,1.0,1.0,0.0,1.0,12.25,1.0,1.0,1.0,0.0,1.0,16.75,1.0,1.0,1.0,0.0,1.0,14.0,0.0,1.0,1.0,0.048513302034428794,3.0,14.5,1.0,1.0,1.0,0.0,1.0,16.0,1.0,1.0,1.0,0.0,1.0,15.0,0.0,0.0,0.0,0.03286384976525822,9.0,23.75,1.0,1.0,1.0,0.0,1.0,12.625,1.0,1.0,1.0,0.0,1.0,16.0,0.0,1.0,1.0,0.06103286384976526,3.0,20.25,1.0,1.0,1.0,0.6087636932707355,1.0,10.375,1.0,1.0,1.0,0.0,1.0,16.875,1.0,1.0,1.0,0.0,1.0,11.5,1.0,1.0,1.0,0.0,1.0,16.875,1.0,1.0,1.0,0.0,1.0,25.25
Compress,30,0.0,0.0,0.0,0.07692307692307693,6.0,6.0,0.0,0.0,1.0,0.054945054945054944,5.0,5.0,0.0,0.0,0.0,0.07692307692307693,6.0,6.0,0.0,0.0,1.0,0.054945054945054944,5.0,5.0,0.0,0.0,0.0,0.07692307692307693,6.0,6.0,0.0,0.0,0.0,0.07692307692307693,6.0,6.0,0.0,0.0,0.0,0.07692307692307693,6.0,6.0,0.0,0.0,0.0,0.07692307692307693,6.0,6.0,0.0,0.0,0.0,0.07692307692307693,6.0,6.0,0.0,0.0,0.0,0.07692307692307693,6.0,6.0,1.0,1.0,1.0,0.0,1.0,1.0,0.0,0.0,0.0,0.08433734939759036,6.0,6.0,0.0,1.0,1.0,0.04395604395604396,3.0,3.0,0.0,0.0,0.0,0.08433734939759036,6.0,6.0,0.0,0.0,0.0,0.23076923076923078,9.0,9.0
Compress,31,0.0,1.0,1.0,0.005361930294906166,3.0,3.0,0.0,1.0,1.0,0.002680965147453083,2.0,2.0,0.0,1.0,1.0,0.005361930294906166,3.0,3.0,0.0,0.0,1.0,0.00804289544235925,4.0,4.0,0.0,1.0,1.0,0.002680965147453083,2.0,2.0,0.0,1.0,1.0,0.002680965147453083,2.0,2.0,0.0,1.0,1.0,0.0160857908847185,3.0,3.0,0.0,1.0,1.0,0.005361930294906166,3.0,3.0,0.0,1.0,1.0,0.002680965147453083,2.0,2.0,1.0,1.0,1.0,0.0,1.0,1.0,0.0,0.0,0.0,0.9785522788203753,16.0,16.0,0.0,0.0,1.0,0.02280130293159609,4.0,4.0,0.0,0.0,0.0,0.9785522788203753,16.0,16.0,0.0,0.0,1.0,0.02280130293159609,4.0,4.0,0.0,0.0,0.0,0.7935656836461126,51.0,51.0
Compress,32,0.0,0.0,1.0,0.04395604395604396,5.0,5.0,0.0,0.0,1.0,0.038461538461538464,5.0,5.0,0.0,0.0,1.0,0.04395604395604396,5.0,5.0,0.0,0.0,1.0,0.04395604395604396,5.0,5.0,0.0,0.0,1.0,0.038461538461538464,5.0,5.0,0.0,0.0,1.0,0.038461538461538464,5.0,5.0,0.0,0.0,0.0,0.07692307692307693,8.0,8.0,0.0,0.0,1.0,0.04395604395604396,5.0,5.0,0.0,0.0,1.0,0.038461538461538464,5.0,5.0,0.0,0.0,0.0,0.04395604395604396,6.0,6.0,0.0,0.0,1.0,0.6153846153846154,5.0,5.0,0.0,0.0,1.0,0.057971014492753624,5.0,5.0,0.0,0.0,1.0,0.6153846153846154,5.0,5.0,0.0,0.0,1.0,0.057971014492753624,5.0,5.0,0.0,0.0,0.0,0.5,18.0,18.0
Compress,33,0.0,0.0,1.0,0.030534351145038167,4.0,4.0,0.0,1.0,1.0,0.026717557251908396,3.0,3.0,0.0,0.0,1.0,0.030534351145038167,4.0,4.0,0.0,1.0,1.0,0.026717557251908396,3.0,3.0,0.0,0.0,1.0,0.030534351145038167,4.0,4.0,0.0,0.0,1.0,0.030534351145038167,4.0,4.0,0.0,0.0,1.0,0.030534351145038167,4.0,4.0,0.0,0.0,1.0,0.030534351145038167,4.0,4.0,0.0,0.0,1.0,0.030534351145038167,4.0,4.0,0.0,0.0,1.0,0.030534351145038167,4.0,4.0,1.0,1.0,1.0,0.0,1.0,1.0,0.0,0.0,1.0,0.03319502074688797,4.0,4.0,0.0,1.0,1.0,0.25190839694656486,2.0,2.0,0.0,0.0,1.0,0.03319502074688797,4.0,4.0,0.0,0.0,0.0,0.24045801526717558,6.0,6.0
Compress,34,1.0,1.0,1.0,0.01282051282051282,1.0,4.5,0.0,0.0,0.0,0.16666666666666666,7.0,10.0,1.0,1.0,1.0,0.01282051282051282,1.0,4.5,0.0,0.0,0.0,0.16666666666666666,7.0,10.0,1.0,1.0,1.0,0.01282051282051282,1.0,4.5,1.0,1.0,1.0,0.01282051282051282,1.0,4.5,1.0,1.0,1.0,0.0,1.0,4.5,1.0,1.0,1.0,0.01282051282051282,1.0,4.5,1.0,1.0,1.0,0.01282051282051282,1.0,4.5,1.0,1.0,1.0,0.01282051282051282,1.0,4.5,0.0,1.0,1.0,0.7692307692307693,2.0,6.0,1.0,1.0,1.0,0.0,1.0,7.0,1.0,1.0,1.0,0.01282051282051282,1.0,5.5,1.0,1.0,1.0,0.0,1.0,7.0,1.0,1.0,1.0,0.0,1.0,13.5
Compress,35,0.0,0.0,0.0,0.041916167664670656,12.0,12.0,0.0,0.0,0.0,0.041916167664670656,12.0,12.0,0.0,0.0,0.0,0.041916167664670656,12.0,12.0,0.0,0.0,0.0,0.041916167664670656,12.0,12.0,0.0,0.0,0.0,0.041916167664670656,12.0,12.0,0.0,0.0,0.0,0.041916167664670656,12.0,12.0,0.0,0.0,0.0,0.04790419161676647,12.0,12.0,0.0,0.0,0.0,0.041916167664670656,12.0,12.0,0.0,0.0,0.0,0.041916167664670656,12.0,12.0,0.0,0.0,0.0,0.041916167664670656,12.0,12.0,0.0,0.0,0.0,0.9461077844311377,13.0,13.0,0.0,0.0,0.0,0.050359712230215826,12.0,12.0,0.0,0.0,0.0,0.9461077844311377,13.0,13.0,0.0,0.0,0.0,0.050359712230215826,12.0,12.0,0.0,0.0,0.0,0.8423153692614771,59.0,59.0
Compress,36,0.0,0.0,0.0,0.12079207920792079,29.0,29.0,0.0,0.0,0.0,0.12673267326732673,32.0,32.0,0.0,0.0,0.0,0.12475247524752475,31.0,31.0,0.0,0.0,0.0,0.1188118811881188,28.0,28.0,0.0,0.0,0.0,0.12475247524752475,31.0,31.0,0.0,0.0,0.0,0.12475247524752475,31.0,31.0,0.0,0.0,0.0,0.12673267326732673,32.0,32.0,0.0,0.0,0.0,0.12475247524752475,30.0,30.0,0.0,0.0,0.0,0.12475247524752475,31.0,31.0,0.0,0.0,0.0,0.12475247524752475,31.0,31.0,0.0,0.0,0.0,0.7801980198019802,12.0,12.0,0.0,0.0,0.0,0.14382022471910114,32.0,32.0,0.0,0.0,0.0,0.7801980198019802,12.0,12.0,0.0,0.0,0.0,0.14382022471910114,32.0,32.0,0.0,0.0,0.0,0.700990099009901,55.0,55.0
Compress,37,0.0,0.0,1.0,0.019867549668874173,4.0,4.0,0.0,0.0,0.0,0.06622516556291391,7.0,7.0,0.0,0.0,0.0,0.06622516556291391,7.0,7.0,0.0,0.0,1.0,0.019867549668874173,4.0,4.0,0.0,0.0,0.0,0.06622516556291391,7.0,7.0,0.0,0.0,0.0,0.06622516556291391,7.0,7.0,0.0,0.0,0.0,0.06622516556291391,7.0,7.0,0.0,0.0,0.0,0.06622516556291391,7.0,7.0,0.0,0.0,0.0,0.06622516556291391,7.0,7.0,0.0,0.0,0.0,0.06622516556291391,7.0,7.0,0.0,0.0,1.0,0.7549668874172185,4.0,4.0,0.0,0.0,0.0,0.09090909090909091,7.0,7.0,0.0,0.0,1.0,0.7549668874172185,4.0,4.0,0.0,0.0,0.0,0.09090909090909091,7.0,7.0,0.0,0.0,0.0,0.6225165562913907,22.0,22.0
Compress,38,0.0,0.0,0.0,0.1986754966887417,16.0,16.0,0.0,0.0,0.0,0.23178807947019867,18.0,18.0,0.0,0.0,0.0,0.23178807947019867,18.0,18.0,0.0,0.0,0.0,0.19205298013245034,15.0,15.0,0.0,0.0,0.0,0.23178807947019867,18.0,18.0,0.0,0.0,0.0,0.23178807947019867,18.0,18.0,0.0,0.0,0.0,0.23178807947019867,18.0,18.0,0.0,0.0,0.0,0.23178807947019867,18.0,18.0,0.0,0.0,0.0,0.23178807947019867,18.0,18.0,0.0,0.0,0.0,0.23178807947019867,18.0,18.0,0.0,0.0,0.0,0.8675496688741722,13.0,13.0,0.0,0.0,0.0,0.3181818181818182,18.0,18.0,0.0,0.0,0.0,0.8675496688741722,13.0,13.0,0.0,0.0,0.0,0.3181818181818182,18.0,18.0,0.0,0.0,0.0,0.9072847682119205,43.0,43.0
Compress,39,1.0,1.0,1.0,0.0,1.0,1.0,0.0,0.0,0.0,0.1494661921708185,19.0,19.0,0.0,0.0,0.0,0.1494661921708185,18.0,18.0,0.0,0.0,0.0,0.1387900355871886,16.0,16.0,0.0,0.0,0.0,0.1494661921708185,19.0,19.0,0.0,0.0,0.0,0.1494661921708185,19.0,19.0,0.0,0.0,0.0,0.1494661921708185,19.0,19.0,0.0,1.0,1.0,0.0071174377224199285,3.0,3.0,0.0,0.0,0.0,0.1494661921708185,19.0,19.0,0.0,0.0,0.0,0.1494661921708185,19.0,19.0,0.0,1.0,1.0,0.8540925266903915,2.0,2.0,0.0,0.0,0.0,0.17647058823529413,19.0,19.0,0.0,1.0,1.0,0.8540925266903915,2.0,2.0,0.0,0.0,0.0,0.17647058823529413,19.0,19.0,0.0,0.0,0.0,0.1494661921708185,19.0,19.0
Compress,40,1.0,1.0,1.0,0.0,1.0,1.0,1.0,1.0,1.0,0.0,1.0,1.0,1.0,1.0,1.0,0.0,1.0,1.0,1.0,1.0,1.0,0.0,1.0,1.0,1.0,1.0,1.0,0.0,1.0,1.0,1.0,1.0,1.0,0.0,1.0,1.0,1.0,1.0,1.0,0.0,1.0,1.0,1.0,1.0,1.0,0.0,1.0,1.0,1.0,1.0,1.0,0.0,1.0,1.0,1.0,1.0,1.0,0.0,1.0,1.0,0.0,1.0,1.0,0.4,2.0,2.0,1.0,1.0,1.0,0.0,1.0,1.0,1.0,1.0,1.0,0.0,1.0,1.0,1.0,1.0,1.0,0.0,1.0,1.0,1.0,1.0,1.0,0.0,1.0,1.0
Compress,41,0.0,0.0,0.0,0.1133428981348637,33.0,33.0,0.0,0.0,0.0,0.20803443328550933,60.0,60.0,0.0,0.0,0.0,0.20946915351506457,61.0,61.0,0.0,0.0,0.0,0.14203730272596843,45.0,45.0,0.0,0.0,0.0,0.20946915351506457,61.0,61.0,0.0,0.0,0.0,0.20946915351506457,61.0,61.0,0.0,0.0,0.0,0.20803443328550933,60.0,60.0,0.0,0.0,0.0,0.22094691535150646,63.0,63.0,0.0,0.0,0.0,0.20946915351506457,61.0,61.0,0.0,0.0,0.0,0.20803443328550933,59.0,59.0,0.0,0.0,0.0,0.8077474892395983,27.0,27.0,0.0,0.0,0.0,0.24914089347079038,60.0,60.0,0.0,0.0,0.0,0.812051649928264,29.0,29.0,0.0,0.0,0.0,0.2508591065292096,61.0,61.0,0.0,0.0,0.0,0.9096126255380201,102.0,102.0
Compress,42,1.0,1.0,1.0,0.0,1.0,1.0,0.0,0.0,0.0,0.28169014084507044,58.0,58.0,0.0,0.0,0.0,0.2676056338028169,55.0,55.0,0.0,0.0,0.0,0.14285714285714285,32.0,32.0,0.0,0.0,0.0,0.2796780684104628,57.0,57.0,0.0,0.0,0.0,0.2676056338028169,55.0,55.0,0.0,0.0,0.0,0.28169014084507044,58.0,58.0,0.0,1.0,1.0,0.002012072434607646,2.0,2.0,0.0,0.0,0.0,0.2796780684104628,57.0,57.0,0.0,0.0,0.0,0.28169014084507044,58.0,58.0,0.0,1.0,1.0,0.6780684104627767,2.0,2.0,0.0,0.0,0.0,0.3333333333333333,57.0,57.0,0.0,1.0,1.0,0.002012072434607646,2.0,2.0,0.0,1.0,1.0,0.002398081534772182,2.0,2.0,0.0,0.0,0.0,0.2796780684104628,57.0,57.0
Compress,43,0.0,0.0,0.0,0.08288288288288288,22.0,27.25,0.0,0.0,0.0,0.08288288288288288,22.0,27.25,0.0,0.0,0.0,0.08288288288288288,22.0,27.25,0.0,0.0,0.0,0.08288288288288288,22.0,27.25,0.0,0.0,0.0,0.08288288288288288,22.0,27.25,0.0,0.0,0.0,0.08288288288288288,22.0,27.25,0.0,0.0,0.0,0.08288288288288288,22.0,27.25,0.0,0.0,0.0,0.08288288288288288,22.0,27.25,0.0,0.0,0.0,0.08288288288288288,22.0,27.25,0.0,0.0,0.0,0.08288288288288288,22.0,27.25,1.0,1.0,1.0,0.0,1.0,18.25,0.0,0.0,0.0,0.0970464135021097,22.0,27.25,1.0,1.0,1.0,0.0,1.0,18.25,0.0,0.0,0.0,0.0970464135021097,22.0,27.25,0.0,1.0,1.0,0.0018018018018018018,2.0,55.25
Compress,44,1.0,1.0,1.0,0.0,1.0,1.0,1.0,1.0,1.0,0.0,1.0,1.0,1.0,1.0,1.0,0.0,1.0,1.0,1.0,1.0,1.0,0.0,1.0,1.0,1.0,1.0,1.0,0.0,1.0,1.0,1.0,1.0,1.0,0.0,1.0,1.0,1.0,1.0,1.0,0.0,1.0,1.0,1.0,1.0,1.0,0.0,1.0,1.0,1.0,1.0,1.0,0.0,1.0,1.0,1.0,1.0,1.0,0.0,1.0,1.0,0.0,1.0,1.0,0.75,2.0,2.0,1.0,1.0,1.0,0.0,1.0,1.0,1.0,1.0,1.0,0.0,1.0,1.0,1.0,1.0,1.0,0.0,1.0,1.0,1.0,1.0,1.0,0.0,1.0,1.0
Compress,45,0.0,0.0,1.0,0.08108108108108109,4.0,4.0,0.0,1.0,1.0,0.05405405405405406,3.0,3.0,0.0,0.0,1.0,0.08108108108108109,4.0,4.0,0.0,1.0,1.0,0.05405405405405406,3.0,3.0,0.0,0.0,1.0,0.08108108108108109,4.0,4.0,0.0,0.0,1.0,0.08108108108108109,4.0,4.0,0.0,0.0,1.0,0.08108108108108109,4.0,4.0,0.0,0.0,1.0,0.08108108108108109,4.0,4.0,0.0,0.0,1.0,0.08108108108108109,4.0,4.0,0.0,0.0,1.0,0.08108108108108109,4.0,4.0,0.0,0.0,0.0,0.8378378378378378,7.0,7.0,0.0,0.0,0.0,0.2903225806451613,6.0,6.0,0.0,0.0,0.0,0.8378378378378378,7.0,7.0,0.0,0.0,0.0,0.2903225806451613,6.0,6.0,0.0,0.0,0.0,0.6216216216216216,13.0,13.0
Compress,46,1.0,1.0,1.0,0.0,1.0,1.0,1.0,1.0,1.0,0.0,1.0,1.0,1.0,1.0,1.0,0.0,1.0,1.0,1.0,1.0,1.0,0.0,1.0,1.0,1.0,1.0,1.0,0.0,1.0,1.0,1.0,1.0,1.0,0.0,1.0,1.0,1.0,1.0,1.0,0.0,1.0,1.0,1.0,1.0,1.0,0.0,1.0,1.0,1.0,1.0,1.0,0.0,1.0,1.0,1.0,1.0,1.0,0.0,1.0,1.0,0.0,1.0,1.0,0.8867924528301887,2.0,2.0,1.0,1.0,1.0,0.0,1.0,1.0,0.0,1.0,1.0,0.8867924528301887,2.0,2.0,1.0,1.0,1.0,0.0,1.0,1.0,0.0,1.0,1.0,0.03773584905660377,2.0,2.0
