Project,Bug,barinel_Top-1,barinel_Top-3,barinel_Top-5,barinel_EXAM,barinel_MFR,barinel_MAR,dstar_Top-1,dstar_Top-3,dstar_Top-5,dstar_EXAM,dstar_MFR,dstar_MAR,jaccard_Top-1,jaccard_Top-3,jaccard_Top-5,jaccard_EXAM,jaccard_MFR,jaccard_MAR,meco_Top-1,meco_Top-3,meco_Top-5,meco_EXAM,meco_MFR,meco_MAR,ochiai_Top-1,ochiai_Top-3,ochiai_Top-5,ochiai_EXAM,ochiai_MFR,ochiai_MAR,ochiai2_Top-1,ochiai2_Top-3,ochiai2_Top-5,ochiai2_EXAM,ochiai2_MFR,ochiai2_MAR,opt_Top-1,opt_Top-3,opt_Top-5,opt_EXAM,opt_MFR,opt_MAR,tarantula_Top-1,tarantula_Top-3,tarantula_Top-5,tarantula_EXAM,tarantula_MFR,tarantula_MAR,sgf_1_Top-1,sgf_1_Top-3,sgf_1_Top-5,sgf_1_EXAM,sgf_1_MFR,sgf_1_MAR,sgf_2_Top-1,sgf_2_Top-3,sgf_2_Top-5,sgf_2_EXAM,sgf_2_MFR,sgf_2_MAR,fo1_Top-1,fo1_Top-3,fo1_Top-5,fo1_EXAM,fo1_MFR,fo1_MAR,fo2_Top-1,fo2_Top-3,fo2_Top-5,fo2_EXAM,fo2_MFR,fo2_MAR,fo7_Top-1,fo7_Top-3,fo7_Top-5,fo7_EXAM,fo7_MFR,fo7_MAR,fo8_Top-1,fo8_Top-3,fo8_Top-5,fo8_EXAM,fo8_MFR,fo8_MAR,fo17_Top-1,fo17_Top-3,fo17_Top-5,fo17_EXAM,fo17_MFR,fo17_MAR
Lang,1,0.0,0.0,0.0,,,,0.0,0.0,0.0,,,,0.0,0.0,0.0,,,,0.0,0.0,0.0,,,,0.0,0.0,0.0,,,,0.0,0.0,0.0,,,,0.0,0.0,0.0,,,,0.0,0.0,0.0,,,,0.0,0.0,0.0,,,,0.0,0.0,0.0,,,,0.0,0.0,0.0,,,,0.0,0.0,0.0,,,,0.0,0.0,0.0,,,,0.0,0.0,0.0,,,,0.0,0.0,0.0,,,
Lang,2,,,,,,,,,,,,,,,,,,,,,,,,,,,,,,,,,,,,,,,,,,,,,,,,,,,,,,,,,,,,,,,,,,,,,,,,,,,,,,,,,,,,,,,,,,
Lang,3,0.0,0.0,0.0,,,,0.0,0.0,0.0,,,,0.0,0.0,0.0,,,,0.0,0.0,0.0,,,,0.0,0.0,0.0,,,,0.0,0.0,0.0,,,,0.0,0.0,0.0,,,,0.0,0.0,0.0,,,,0.0,0.0,0.0,,,,0.0,0.0,0.0,,,,0.0,0.0,0.0,,,,0.0,0.0,0.0,,,,0.0,0.0,0.0,,,,0.0,0.0,0.0,,,,0.0,0.0,0.0,,,
Lang,4,0.0,0.0,0.0,,,,0.0,0.0,0.0,,,,0.0,0.0,0.0,,,,0.0,0.0,0.0,,,,0.0,0.0,0.0,,,,0.0,0.0,0.0,,,,0.0,0.0,0.0,,,,0.0,0.0,0.0,,,,0.0,0.0,0.0,,,,0.0,0.0,0.0,,,,0.0,0.0,0.0,,,,0.0,0.0,0.0,,,,0.0,0.0,0.0,,,,0.0,0.0,0.0,,,,0.0,0.0,0.0,,,
Lang,5,0.0,0.0,0.0,,,,0.0,0.0,0.0,,,,0.0,0.0,0.0,,,,0.0,0.0,0.0,,,,0.0,0.0,0.0,,,,0.0,0.0,0.0,,,,0.0,0.0,0.0,,,,0.0,0.0,0.0,,,,0.0,0.0,0.0,,,,0.0,0.0,0.0,,,,0.0,0.0,0.0,,,,0.0,0.0,0.0,,,,0.0,0.0,0.0,,,,0.0,0.0,0.0,,,,0.0,0.0,0.0,,,
Lang,6,0.0,0.0,0.0,0.034433794817181396,9.0,9.0,0.0,0.0,0.0,0.034433794817181396,9.0,9.0,0.0,0.0,0.0,0.034433794817181396,9.0,9.0,0.0,0.0,0.0,0.034433794817181396,9.0,9.0,0.0,0.0,0.0,0.034433794817181396,9.0,9.0,0.0,0.0,0.0,0.034433794817181396,9.0,9.0,0.0,0.0,0.0,0.034433794817181396,9.0,9.0,0.0,0.0,0.0,0.034433794817181396,9.0,9.0,0.0,0.0,0.0,0.034433794817181396,9.0,9.0,0.0,0.0,0.0,0.034433794817181396,9.0,9.0,0.0,0.0,0.0,0.9879304224352148,10.0,10.0,0.0,0.0,0.0,0.03480444922856118,9.0,9.0,0.0,0.0,0.0,0.9879304224352148,10.0,10.0,0.0,0.0,0.0,0.03480444922856118,9.0,9.0,0.0,0.0,0.0,0.9815406460773873,34.0,34.0
Lang,7,0.0,1.0,1.0,0.016242555495397944,2.0,2.6666666666666665,1.0,1.0,1.0,0.012994044396318355,1.0,1.6666666666666667,0.0,1.0,1.0,0.016242555495397944,2.0,2.6666666666666665,1.0,1.0,1.0,0.012994044396318355,1.0,1.6666666666666667,0.0,1.0,1.0,0.016242555495397944,2.0,2.6666666666666665,0.0,1.0,1.0,0.016242555495397944,2.0,2.6666666666666665,0.0,1.0,1.0,0.016242555495397944,2.0,2.6666666666666665,0.0,1.0,1.0,0.016242555495397944,2.0,2.6666666666666665,0.0,1.0,1.0,0.016242555495397944,2.0,2.6666666666666665,0.0,1.0,1.0,0.016242555495397944,2.0,2.6666666666666665,0.0,1.0,1.0,0.9047103410936654,3.0,3.6666666666666665,0.0,1.0,1.0,0.01652892561983471,2.0,2.6666666666666665,0.0,1.0,1.0,0.01353546291283162,2.0,3.3333333333333335,0.0,1.0,1.0,0.01652892561983471,2.0,2.6666666666666665,0.0,1.0,1.0,0.016242555495397944,2.0,2.6666666666666665
Lang,8,0.0,0.0,0.0,,,,0.0,0.0,0.0,,,,0.0,0.0,0.0,,,,0.0,0.0,0.0,,,,0.0,0.0,0.0,,,,0.0,0.0,0.0,,,,0.0,0.0,0.0,,,,0.0,0.0,0.0,,,,0.0,0.0,0.0,,,,0.0,0.0,0.0,,,,0.0,0.0,0.0,,,,0.0,0.0,0.0,,,,0.0,0.0,0.0,,,,0.0,0.0,0.0,,,,0.0,0.0,0.0,,,
Lang,9,0.0,0.0,0.0,0.09461426491994178,15.0,15.0,0.0,0.0,0.0,0.08733624454148471,12.0,12.0,0.0,0.0,0.0,0.09461426491994178,15.0,15.0,0.0,0.0,0.0,0.2066957787481805,21.0,21.0,0.0,0.0,0.0,0.08733624454148471,12.0,12.0,0.0,0.0,0.0,0.09461426491994178,15.0,15.0,0.0,0.0,0.0,0.046579330422125184,9.0,9.0,0.0,0.0,0.0,0.09461426491994178,14.0,14.0,0.0,0.0,0.0,0.08733624454148471,12.0,12.0,0.0,0.0,0.0,0.11790393013100436,17.0,17.0,0.0,0.0,0.0,0.9170305676855895,15.0,15.0,0.0,1.0,1.0,0.06698564593301436,3.0,3.0,0.0,0.0,0.0,0.9170305676855895,15.0,15.0,0.0,1.0,1.0,0.06698564593301436,3.0,3.0,0.0,0.0,0.0,0.4032023289665211,13.0,13.0
Lang,10,0.0,0.0,0.0,0.09668109668109669,10.0,13.166666666666666,0.0,0.0,0.0,0.09668109668109669,10.0,11.666666666666666,0.0,0.0,0.0,0.09668109668109669,10.0,12.666666666666666,0.0,0.0,0.0,0.11688311688311688,13.0,17.666666666666668,0.0,0.0,0.0,0.09668109668109669,10.0,11.666666666666666,0.0,0.0,0.0,0.09668109668109669,10.0,13.166666666666666,0.0,0.0,0.0,0.08513708513708514,7.0,8.666666666666666,0.0,0.0,0.0,0.09668109668109669,9.0,11.666666666666666,0.0,0.0,0.0,0.09668109668109669,10.0,11.666666666666666,0.0,0.0,0.0,0.09668109668109669,9.0,12.833333333333334,0.0,0.0,0.0,0.8903318903318903,17.0,20.833333333333332,0.0,0.0,1.0,0.11746031746031746,5.0,8.833333333333334,0.0,0.0,0.0,0.8903318903318903,17.0,20.833333333333332,0.0,0.0,1.0,0.11746031746031746,5.0,8.833333333333334,0.0,0.0,0.0,0.4935064935064935,17.0,32.166666666666664
Lang,11,0.0,0.0,0.0,,,,0.0,0.0,0.0,,,,0.0,0.0,0.0,,,,0.0,0.0,0.0,,,,0.0,0.0,0.0,,,,0.0,0.0,0.0,,,,0.0,0.0,0.0,,,,0.0,0.0,0.0,,,,0.0,0.0,0.0,,,,0.0,0.0,0.0,,,,0.0,0.0,0.0,,,,0.0,0.0,0.0,,,,0.0,0.0,0.0,,,,0.0,0.0,0.0,,,,0.0,0.0,0.0,,,
Lang,12,0.0,0.0,1.0,0.0784313725490196,4.0,4.0,0.0,1.0,1.0,0.0196078431372549,2.0,2.0,0.0,1.0,1.0,0.0196078431372549,2.0,2.0,0.0,1.0,1.0,0.0196078431372549,2.0,2.0,0.0,1.0,1.0,0.0196078431372549,2.0,2.0,0.0,1.0,1.0,0.0392156862745098,3.0,3.0,0.0,1.0,1.0,0.0196078431372549,2.0,2.0,0.0,1.0,1.0,0.0392156862745098,3.0,3.0,0.0,1.0,1.0,0.0196078431372549,2.0,2.0,0.0,1.0,1.0,0.0392156862745098,3.0,3.0,0.0,0.0,0.0,0.9803921568627451,6.0,6.0,0.0,1.0,1.0,0.020833333333333332,2.0,2.0,0.0,1.0,1.0,0.0196078431372549,2.0,2.0,0.0,0.0,1.0,0.08333333333333333,4.0,4.0,0.0,1.0,1.0,0.0196078431372549,2.0,2.0
Lang,13,0.0,0.0,0.0,,,,0.0,0.0,0.0,,,,0.0,0.0,0.0,,,,0.0,0.0,0.0,,,,0.0,0.0,0.0,,,,0.0,0.0,0.0,,,,0.0,0.0,0.0,,,,0.0,0.0,0.0,,,,0.0,0.0,0.0,,,,0.0,0.0,0.0,,,,0.0,0.0,0.0,,,,0.0,0.0,0.0,,,,0.0,0.0,0.0,,,,0.0,0.0,0.0,,,,0.0,0.0,0.0,,,
Lang,14,1.0,1.0,1.0,0.0,1.0,1.0,1.0,1.0,1.0,0.0,1.0,1.0,1.0,1.0,1.0,0.0,1.0,1.0,1.0,1.0,1.0,0.0,1.0,1.0,1.0,1.0,1.0,0.0,1.0,1.0,1.0,1.0,1.0,0.0,1.0,1.0,1.0,1.0,1.0,0.0,1.0,1.0,1.0,1.0,1.0,0.0,1.0,1.0,1.0,1.0,1.0,0.0,1.0,1.0,1.0,1.0,1.0,0.0,1.0,1.0,0.0,1.0,1.0,0.999236641221374,3.0,3.0,0.0,1.0,1.0,0.0007874015748031496,2.0,2.0,0.0,1.0,1.0,0.999236641221374,3.0,3.0,0.0,1.0,1.0,0.0007874015748031496,2.0,2.0,0.0,0.0,0.0,0.9801526717557252,15.0,15.0
Lang,15,0.0,0.0,1.0,0.03405430280717901,4.0,4.75,0.0,1.0,1.0,0.0009203865623561896,2.0,4.25,0.0,0.0,1.0,0.02208927749654855,4.0,5.5,0.0,1.0,1.0,0.0013805798435342844,2.0,9.5,0.0,0.0,1.0,0.02208927749654855,4.0,7.0,0.0,0.0,1.0,0.02208927749654855,4.0,7.0,0.0,1.0,1.0,0.0041417395306028535,3.0,13.5,0.0,0.0,1.0,0.03405430280717901,4.0,4.75,0.0,0.0,1.0,0.02208927749654855,4.0,7.0,0.0,1.0,1.0,0.0050621260929590425,3.0,13.5,0.0,0.0,1.0,0.8380119650253106,4.0,7.0,0.0,0.0,1.0,0.02335766423357664,4.0,7.0,0.0,0.0,0.0,0.839852738150023,6.0,6.75,0.0,0.0,1.0,0.03600973236009732,5.0,6.5,0.0,1.0,1.0,0.004601932811780948,3.0,6.0
Lang,16,0.0,1.0,1.0,0.0167973124300112,2.0,2.0,0.0,1.0,1.0,0.0167973124300112,2.0,2.0,0.0,1.0,1.0,0.0167973124300112,2.0,2.0,0.0,1.0,1.0,0.0167973124300112,2.0,2.0,0.0,1.0,1.0,0.0167973124300112,2.0,2.0,0.0,1.0,1.0,0.0167973124300112,2.0,2.0,0.0,1.0,1.0,0.0167973124300112,2.0,2.0,0.0,1.0,1.0,0.0167973124300112,2.0,2.0,0.0,1.0,1.0,0.0167973124300112,2.0,2.0,0.0,1.0,1.0,0.0167973124300112,2.0,2.0,0.0,1.0,1.0,0.971444568868981,3.0,3.0,0.0,1.0,1.0,0.016753321779318313,2.0,2.0,0.0,1.0,1.0,0.9720044792833147,3.0,3.0,0.0,1.0,1.0,0.016753321779318313,2.0,2.0,0.0,1.0,1.0,0.016237402015677492,2.0,2.0
Lang,17,0.0,0.0,0.0,0.06772908366533864,8.0,13.666666666666666,0.0,0.0,0.0,0.06772908366533864,8.0,13.666666666666666,0.0,0.0,0.0,0.06772908366533864,8.0,13.666666666666666,0.0,0.0,0.0,0.06772908366533864,8.0,13.666666666666666,0.0,0.0,0.0,0.06772908366533864,8.0,13.666666666666666,0.0,0.0,0.0,0.06772908366533864,8.0,13.666666666666666,0.0,0.0,0.0,0.06772908366533864,8.0,23.666666666666668,0.0,0.0,0.0,0.06772908366533864,8.0,13.666666666666666,0.0,0.0,0.0,0.06772908366533864,8.0,13.666666666666666,0.0,0.0,0.0,0.06772908366533864,8.0,13.666666666666666,1.0,1.0,1.0,0.500398406374502,1.0,7.166666666666667,0.0,0.0,0.0,0.06913183279742766,9.0,14.166666666666666,0.0,1.0,1.0,0.501195219123506,2.0,7.666666666666667,0.0,0.0,0.0,0.06913183279742766,9.0,14.166666666666666,0.0,0.0,0.0,0.9657370517928286,26.0,31.666666666666668
Lang,18,0.0,0.0,0.0,0.33992094861660077,20.0,20.5,0.0,0.0,0.0,0.3241106719367589,19.0,19.5,0.0,0.0,0.0,0.33992094861660077,20.0,20.5,0.0,0.0,0.0,0.3241106719367589,19.0,19.5,0.0,0.0,0.0,0.33992094861660077,20.0,20.5,0.0,0.0,0.0,0.33992094861660077,20.0,20.5,0.0,0.0,0.0,0.33992094861660077,20.0,20.5,0.0,0.0,0.0,0.33992094861660077,20.0,20.5,0.0,0.0,0.0,0.33992094861660077,20.0,20.5,0.0,0.0,0.0,0.33992094861660077,20.0,20.5,0.0,0.0,0.0,0.7885375494071146,21.0,21.5,0.0,0.0,0.0,0.3870967741935484,20.0,20.5,0.0,0.0,0.0,0.8003952569169961,21.0,21.5,0.0,0.0,0.0,0.3870967741935484,20.0,20.5,0.0,0.0,0.0,0.8003952569169961,38.0,38.5
Lang,19,0.0,0.0,1.0,0.12698412698412698,4.0,7.0,0.0,0.0,1.0,0.09523809523809523,4.0,7.0,0.0,1.0,1.0,0.09523809523809523,3.0,6.0,0.0,0.0,1.0,0.12698412698412698,4.0,7.0,0.0,0.0,1.0,0.09523809523809523,4.0,7.0,0.0,0.0,1.0,0.09523809523809523,4.0,6.666666666666667,0.0,1.0,1.0,0.06349206349206349,3.0,9.0,0.0,0.0,1.0,0.12698412698412698,4.0,7.0,0.0,0.0,1.0,0.09523809523809523,4.0,7.0,0.0,1.0,1.0,0.06349206349206349,3.0,6.333333333333333,1.0,1.0,1.0,0.5079365079365079,1.0,4.333333333333333,0.0,0.0,0.0,0.26229508196721313,6.0,8.0,0.0,1.0,1.0,0.6190476190476191,3.0,5.333333333333333,0.0,0.0,0.0,0.26229508196721313,6.0,8.0,0.0,0.0,0.0,0.2857142857142857,6.0,8.333333333333334
Lang,20,0.0,1.0,1.0,0.000779423226812159,2.0,3.0,0.0,1.0,1.0,0.000779423226812159,2.0,3.0,0.0,1.0,1.0,0.000779423226812159,2.0,3.0,0.0,1.0,1.0,0.000779423226812159,2.0,3.0,0.0,1.0,1.0,0.000779423226812159,2.0,3.0,0.0,1.0,1.0,0.000779423226812159,2.0,3.0,0.0,1.0,1.0,0.01558846453624318,3.0,4.0,0.0,1.0,1.0,0.000779423226812159,2.0,3.0,0.0,1.0,1.0,0.000779423226812159,2.0,3.0,0.0,1.0,1.0,0.000779423226812159,2.0,3.0,0.0,1.0,1.0,0.9727201870615745,3.0,4.0,0.0,1.0,1.0,0.016025641025641024,3.0,4.0,0.0,1.0,1.0,0.01558846453624318,3.0,4.5,0.0,1.0,1.0,0.0008012820512820513,2.0,3.5,0.0,1.0,1.0,0.01558846453624318,3.0,4.5
Lang,21,0.0,0.0,0.0,,,,0.0,0.0,0.0,,,,0.0,0.0,0.0,,,,0.0,0.0,0.0,,,,0.0,0.0,0.0,,,,0.0,0.0,0.0,,,,0.0,0.0,0.0,,,,0.0,0.0,0.0,,,,0.0,0.0,0.0,,,,0.0,0.0,0.0,,,,0.0,0.0,0.0,,,,0.0,0.0,0.0,,,,0.0,0.0,0.0,,,,0.0,0.0,0.0,,,,0.0,0.0,0.0,,,
Lang,22,0.0,0.0,1.0,0.1346153846153846,5.0,5.0,0.0,1.0,1.0,0.1,3.0,3.0,0.0,0.0,1.0,0.11923076923076924,4.0,4.0,0.0,0.0,1.0,0.1346153846153846,5.0,5.0,0.0,1.0,1.0,0.1,3.0,3.0,0.0,0.0,1.0,0.11923076923076924,4.0,4.0,0.0,1.0,1.0,0.05,2.0,2.0,0.0,0.0,1.0,0.12692307692307692,4.0,4.0,0.0,1.0,1.0,0.1,3.0,3.0,0.0,1.0,1.0,0.05384615384615385,2.0,2.0,0.0,0.0,0.0,0.9961538461538462,10.0,10.0,0.0,0.0,1.0,0.17829457364341086,5.0,5.0,0.0,0.0,0.0,0.9961538461538462,10.0,10.0,0.0,0.0,1.0,0.19767441860465115,5.0,5.0,0.0,0.0,1.0,0.17692307692307693,4.0,4.0
Lang,23,0.0,0.0,0.0,,,,0.0,0.0,0.0,,,,0.0,0.0,0.0,,,,0.0,0.0,0.0,,,,0.0,0.0,0.0,,,,0.0,0.0,0.0,,,,0.0,0.0,0.0,,,,0.0,0.0,0.0,,,,0.0,0.0,0.0,,,,0.0,0.0,0.0,,,,0.0,0.0,0.0,,,,0.0,0.0,0.0,,,,0.0,0.0,0.0,,,,0.0,0.0,0.0,,,,0.0,0.0,0.0,,,
Lang,24,1.0,1.0,1.0,0.0,1.0,1.0,0.0,0.0,0.0,0.11779448621553884,11.0,11.0,1.0,1.0,1.0,0.0,1.0,1.0,0.0,0.0,0.0,0.11779448621553884,11.0,11.0,1.0,1.0,1.0,0.0,1.0,1.0,1.0,1.0,1.0,0.0,1.0,1.0,1.0,1.0,1.0,0.0,1.0,1.0,1.0,1.0,1.0,0.0,1.0,1.0,1.0,1.0,1.0,0.0,1.0,1.0,1.0,1.0,1.0,0.0,1.0,1.0,0.0,1.0,1.0,0.9398496240601504,2.0,2.0,1.0,1.0,1.0,0.0,1.0,1.0,1.0,1.0,1.0,0.0,1.0,1.0,1.0,1.0,1.0,0.0,1.0,1.0,1.0,1.0,1.0,0.0,1.0,1.0
Lang,25,0.0,0.0,0.0,,,,0.0,0.0,0.0,,,,0.0,0.0,0.0,,,,0.0,0.0,0.0,,,,0.0,0.0,0.0,,,,0.0,0.0,0.0,,,,0.0,0.0,0.0,,,,0.0,0.0,0.0,,,,0.0,0.0,0.0,,,,0.0,0.0,0.0,,,,0.0,0.0,0.0,,,,0.0,0.0,0.0,,,,0.0,0.0,0.0,,,,0.0,0.0,0.0,,,,0.0,0.0,0.0,,,
Lang,26,0.0,1.0,1.0,0.013953488372093023,3.0,3.0,0.0,1.0,1.0,0.009302325581395349,2.0,2.0,0.0,1.0,1.0,0.013953488372093023,3.0,3.0,0.0,1.0,1.0,0.009302325581395349,2.0,2.0,0.0,1.0,1.0,0.013953488372093023,3.0,3.0,0.0,1.0,1.0,0.013953488372093023,3.0,3.0,0.0,1.0,1.0,0.013953488372093023,3.0,3.0,0.0,1.0,1.0,0.013953488372093023,3.0,3.0,0.0,1.0,1.0,0.013953488372093023,3.0,3.0,0.0,1.0,1.0,0.013953488372093023,3.0,3.0,0.0,0.0,0.0,0.9976744186046511,8.0,8.0,0.0,0.0,0.0,0.3895705521472393,7.0,7.0,0.0,0.0,0.0,0.9976744186046511,8.0,8.0,0.0,0.0,0.0,0.3895705521472393,7.0,7.0,0.0,0.0,0.0,0.9604651162790697,19.0,19.0
Lang,27,0.0,1.0,1.0,0.0040650406504065045,2.0,2.0,1.0,1.0,1.0,0.0,1.0,1.0,0.0,1.0,1.0,0.0040650406504065045,2.0,2.0,1.0,1.0,1.0,0.0,1.0,1.0,0.0,1.0,1.0,0.0040650406504065045,2.0,2.0,0.0,1.0,1.0,0.0040650406504065045,2.0,2.0,0.0,1.0,1.0,0.0040650406504065045,2.0,2.0,0.0,1.0,1.0,0.0040650406504065045,2.0,2.0,0.0,1.0,1.0,0.0040650406504065045,2.0,2.0,0.0,1.0,1.0,0.0040650406504065045,2.0,2.0,0.0,1.0,1.0,0.8948896631823461,3.0,3.0,0.0,1.0,1.0,0.004156769596199525,2.0,2.0,0.0,1.0,1.0,0.0040650406504065045,2.0,2.0,0.0,1.0,1.0,0.004156769596199525,2.0,2.0,0.0,1.0,1.0,0.0040650406504065045,2.0,2.0
Lang,28,1.0,1.0,1.0,0.0,1.0,1.0,1.0,1.0,1.0,0.0,1.0,1.0,1.0,1.0,1.0,0.0,1.0,1.0,1.0,1.0,1.0,0.0,1.0,1.0,1.0,1.0,1.0,0.0,1.0,1.0,1.0,1.0,1.0,0.0,1.0,1.0,1.0,1.0,1.0,0.0,1.0,1.0,1.0,1.0,1.0,0.0,1.0,1.0,1.0,1.0,1.0,0.0,1.0,1.0,1.0,1.0,1.0,0.0,1.0,1.0,0.0,1.0,1.0,0.4642857142857143,3.0,3.0,0.0,1.0,1.0,0.018518518518518517,2.0,2.0,0.0,1.0,1.0,0.4642857142857143,3.0,3.0,0.0,1.0,1.0,0.018518518518518517,2.0,2.0,0.0,1.0,1.0,0.017857142857142856,2.0,2.0
Lang,29,0.0,0.0,0.0,,,,0.0,0.0,0.0,,,,0.0,0.0,0.0,,,,0.0,0.0,0.0,,,,0.0,0.0,0.0,,,,0.0,0.0,0.0,,,,0.0,0.0,0.0,,,,0.0,0.0,0.0,,,,0.0,0.0,0.0,,,,0.0,0.0,0.0,,,,0.0,0.0,0.0,,,,0.0,0.0,0.0,,,,0.0,0.0,0.0,,,,0.0,0.0,0.0,,,,0.0,0.0,0.0,,,
Lang,30,0.0,1.0,1.0,0.0018157058556513845,2.0,6.4,1.0,1.0,1.0,0.0022696323195642307,1.0,7.1,1.0,1.0,1.0,0.0022696323195642307,1.0,6.5,0.0,1.0,1.0,0.0031774852473899226,2.0,6.7,1.0,1.0,1.0,0.0027235587834770767,1.0,6.3,1.0,1.0,1.0,0.0013617793917385383,1.0,6.7,0.0,0.0,1.0,0.01270994098955969,4.0,8.7,0.0,1.0,1.0,0.008624602814344077,2.0,4.2,1.0,1.0,1.0,0.0027235587834770767,1.0,6.3,0.0,1.0,1.0,0.003631411711302769,3.0,7.9,1.0,1.0,1.0,0.5002269632319565,1.0,6.6,1.0,1.0,1.0,0.0004589261128958238,1.0,6.9,0.0,1.0,1.0,0.0009078529278256923,2.0,4.9,0.0,1.0,1.0,0.0013767783386874712,2.0,6.8,1.0,1.0,1.0,0.0009078529278256923,1.0,7.2
Lang,31,0.0,1.0,1.0,0.0009124087591240876,2.0,2.0,1.0,1.0,1.0,0.0,1.0,1.0,1.0,1.0,1.0,0.0,1.0,1.0,1.0,1.0,1.0,0.0,1.0,1.0,1.0,1.0,1.0,0.0,1.0,1.0,1.0,1.0,1.0,0.0,1.0,1.0,1.0,1.0,1.0,0.0,1.0,1.0,0.0,1.0,1.0,0.0009124087591240876,2.0,2.0,1.0,1.0,1.0,0.0,1.0,1.0,1.0,1.0,1.0,0.0,1.0,1.0,0.0,1.0,1.0,0.9863138686131386,3.0,3.0,1.0,1.0,1.0,0.0,1.0,1.0,0.0,1.0,1.0,0.989507299270073,3.0,3.0,0.0,1.0,1.0,0.0009225092250922509,2.0,2.0,1.0,1.0,1.0,0.0,1.0,1.0
Lang,32,0.0,1.0,1.0,0.011513157894736841,3.0,5.5,0.0,1.0,1.0,0.01644736842105263,2.0,4.5,0.0,1.0,1.0,0.011513157894736841,3.0,5.5,0.0,1.0,1.0,0.01644736842105263,2.0,4.5,0.0,1.0,1.0,0.011513157894736841,3.0,5.5,0.0,1.0,1.0,0.011513157894736841,3.0,5.5,0.0,1.0,1.0,0.007401315789473684,3.0,5.5,0.0,1.0,1.0,0.011513157894736841,3.0,5.5,0.0,1.0,1.0,0.011513157894736841,3.0,5.5,0.0,1.0,1.0,0.011513157894736841,3.0,5.5,0.0,0.0,1.0,0.9399671052631579,4.0,6.75,0.0,1.0,1.0,0.011647254575707155,3.0,5.75,0.0,0.0,1.0,0.9523026315789473,4.0,6.75,0.0,1.0,1.0,0.011647254575707155,3.0,5.75,0.0,0.0,0.0,0.8914473684210527,8.0,14.0
Lang,33,1.0,1.0,1.0,0.0,1.0,1.0,0.0,1.0,1.0,0.05259203606311044,3.0,3.0,1.0,1.0,1.0,0.0,1.0,1.0,0.0,1.0,1.0,0.05259203606311044,3.0,3.0,1.0,1.0,1.0,0.0,1.0,1.0,1.0,1.0,1.0,0.0,1.0,1.0,1.0,1.0,1.0,0.0,1.0,1.0,1.0,1.0,1.0,0.0,1.0,1.0,1.0,1.0,1.0,0.0,1.0,1.0,1.0,1.0,1.0,0.0,1.0,1.0,0.0,1.0,1.0,0.9609316303531179,2.0,2.0,1.0,1.0,1.0,0.0,1.0,1.0,1.0,1.0,1.0,0.0,1.0,1.0,1.0,1.0,1.0,0.0,1.0,1.0,1.0,1.0,1.0,0.0,1.0,1.0
Lang,34,0.0,0.0,0.0,0.2508513053348468,44.0,44.0,0.0,0.0,0.0,0.06129398410896708,14.0,14.0,0.0,0.0,0.0,0.07037457434733257,16.0,16.0,0.0,0.0,0.0,0.0681044267877412,16.0,16.0,0.0,0.0,0.0,0.07037457434733257,16.0,16.0,0.0,0.0,0.0,0.06923950056753689,16.0,16.0,0.0,1.0,1.0,0.004540295119182747,2.0,2.0,0.0,0.0,0.0,0.16458569807037457,18.0,18.0,0.0,0.0,0.0,0.07037457434733257,16.0,16.0,0.0,0.0,0.0,0.05902383654937571,14.0,14.0,0.0,0.0,0.0,0.8456299659477866,51.0,51.0,0.0,0.0,0.0,0.19895968790637192,16.0,16.0,0.0,0.0,0.0,0.8456299659477866,51.0,51.0,0.0,0.0,0.0,0.2106631989596879,19.0,19.0,0.0,1.0,1.0,0.1112372304199773,3.0,3.0
Lang,35,1.0,1.0,1.0,0.0,1.0,3.5,0.0,0.0,1.0,0.04045643153526971,5.0,5.0,1.0,1.0,1.0,0.0,1.0,3.5,0.0,0.0,1.0,0.04045643153526971,5.0,5.0,1.0,1.0,1.0,0.0,1.0,3.5,1.0,1.0,1.0,0.0,1.0,3.0,1.0,1.0,1.0,0.0,1.0,3.5,1.0,1.0,1.0,0.0,1.0,3.5,1.0,1.0,1.0,0.0,1.0,3.5,1.0,1.0,1.0,0.0,1.0,3.0,1.0,1.0,1.0,0.12551867219917012,1.0,1.5,1.0,1.0,1.0,0.0,1.0,1.0,1.0,1.0,1.0,0.0,1.0,2.0,1.0,1.0,1.0,0.0,1.0,1.0,1.0,1.0,1.0,0.0,1.0,2.5
Lang,36,0.0,1.0,1.0,0.06487148102815178,2.0,2.0,1.0,1.0,1.0,0.0,1.0,1.0,0.0,1.0,1.0,0.019583843329253364,2.0,2.0,1.0,1.0,1.0,0.0,1.0,1.0,0.0,1.0,1.0,0.019583843329253364,2.0,2.0,0.0,1.0,1.0,0.019583843329253364,2.0,2.0,0.0,1.0,1.0,0.022031823745410038,2.0,2.0,0.0,1.0,1.0,0.06487148102815178,2.0,2.0,0.0,1.0,1.0,0.019583843329253364,2.0,2.0,0.0,1.0,1.0,0.019583843329253364,2.0,2.0,0.0,0.0,1.0,0.9216646266829865,5.0,5.0,0.0,1.0,1.0,0.02012578616352201,2.0,2.0,0.0,1.0,1.0,0.019583843329253364,2.0,2.0,0.0,1.0,1.0,0.06666666666666667,3.0,3.0,0.0,1.0,1.0,0.038555691554467565,2.0,2.0
Lang,37,1.0,1.0,1.0,0.0,1.0,1.0,1.0,1.0,1.0,0.0,1.0,1.0,1.0,1.0,1.0,0.0,1.0,1.0,1.0,1.0,1.0,0.0,1.0,1.0,1.0,1.0,1.0,0.0,1.0,1.0,1.0,1.0,1.0,0.0,1.0,1.0,1.0,1.0,1.0,0.0,1.0,1.0,1.0,1.0,1.0,0.0,1.0,1.0,1.0,1.0,1.0,0.0,1.0,1.0,1.0,1.0,1.0,0.0,1.0,1.0,0.0,1.0,1.0,0.9957939011566772,3.0,3.0,0.0,1.0,1.0,0.019978969505783387,2.0,2.0,0.0,1.0,1.0,0.9926393270241851,3.0,3.0,0.0,1.0,1.0,0.019978969505783387,2.0,2.0,0.0,1.0,1.0,0.019978969505783387,2.0,2.0
Lang,38,1.0,1.0,1.0,0.0,1.0,1.0,0.0,0.0,0.0,0.39215686274509803,14.0,14.0,1.0,1.0,1.0,0.0,1.0,1.0,0.0,0.0,0.0,0.39215686274509803,14.0,14.0,1.0,1.0,1.0,0.0,1.0,1.0,1.0,1.0,1.0,0.0,1.0,1.0,1.0,1.0,1.0,0.0,1.0,1.0,1.0,1.0,1.0,0.0,1.0,1.0,1.0,1.0,1.0,0.0,1.0,1.0,1.0,1.0,1.0,0.0,1.0,1.0,0.0,1.0,1.0,0.6901960784313725,2.0,2.0,1.0,1.0,1.0,0.0,1.0,1.0,1.0,1.0,1.0,0.0,1.0,1.0,1.0,1.0,1.0,0.0,1.0,1.0,1.0,1.0,1.0,0.0,1.0,1.0
Lang,39,0.0,1.0,1.0,0.0026954177897574125,2.0,2.0,1.0,1.0,1.0,0.0,1.0,1.0,0.0,1.0,1.0,0.0026954177897574125,2.0,2.0,1.0,1.0,1.0,0.0,1.0,1.0,0.0,1.0,1.0,0.0026954177897574125,2.0,2.0,0.0,1.0,1.0,0.0026954177897574125,2.0,2.0,0.0,1.0,1.0,0.0026954177897574125,2.0,2.0,0.0,1.0,1.0,0.0026954177897574125,2.0,2.0,0.0,1.0,1.0,0.0026954177897574125,2.0,2.0,0.0,1.0,1.0,0.0026954177897574125,2.0,2.0,0.0,1.0,1.0,0.9991015274034142,3.0,3.0,0.0,1.0,1.0,0.0027548209366391185,2.0,2.0,0.0,1.0,1.0,0.0026954177897574125,2.0,2.0,0.0,1.0,1.0,0.0027548209366391185,2.0,2.0,0.0,1.0,1.0,0.0026954177897574125,2.0,2.0
Lang,40,1.0,1.0,1.0,0.0,1.0,1.0,1.0,1.0,1.0,0.0,1.0,1.0,1.0,1.0,1.0,0.0,1.0,1.0,1.0,1.0,1.0,0.0,1.0,1.0,1.0,1.0,1.0,0.0,1.0,1.0,1.0,1.0,1.0,0.0,1.0,1.0,1.0,1.0,1.0,0.0,1.0,1.0,1.0,1.0,1.0,0.0,1.0,1.0,1.0,1.0,1.0,0.0,1.0,1.0,1.0,1.0,1.0,0.0,1.0,1.0,0.0,1.0,1.0,0.997229916897507,2.0,2.0,1.0,1.0,1.0,0.0,1.0,1.0,1.0,1.0,1.0,0.0,1.0,1.0,1.0,1.0,1.0,0.0,1.0,1.0,1.0,1.0,1.0,0.0,1.0,1.0
Lang,41,0.0,1.0,1.0,0.01568627450980392,3.0,4.0,0.0,1.0,1.0,0.01568627450980392,3.0,4.5,0.0,1.0,1.0,0.01568627450980392,3.0,4.0,0.0,1.0,1.0,0.01568627450980392,3.0,4.0,0.0,1.0,1.0,0.01568627450980392,3.0,4.5,0.0,1.0,1.0,0.03137254901960784,3.0,4.0,0.0,0.0,1.0,0.1411764705882353,4.0,5.0,0.0,1.0,1.0,0.01568627450980392,3.0,4.0,0.0,1.0,1.0,0.01568627450980392,3.0,4.5,0.0,1.0,1.0,0.03137254901960784,3.0,4.0,0.0,0.0,1.0,0.8352941176470589,4.0,5.5,0.0,0.0,1.0,0.14814814814814814,4.0,5.0,0.0,0.0,1.0,0.9607843137254902,5.0,6.0,0.0,0.0,1.0,0.14814814814814814,4.0,5.0,0.0,0.0,0.0,0.5647058823529412,7.0,12.0
Lang,42,0.0,1.0,1.0,0.02154398563734291,2.0,3.0,0.0,0.0,0.0,0.16337522441651706,8.0,9.0,0.0,0.0,0.0,0.16337522441651706,8.0,9.0,0.0,0.0,1.0,0.026929982046678635,4.0,5.0,0.0,0.0,0.0,0.16337522441651706,8.0,9.0,0.0,0.0,0.0,0.16337522441651706,8.0,9.0,0.0,0.0,0.0,0.16337522441651706,8.0,9.0,0.0,1.0,1.0,0.02154398563734291,2.0,4.0,0.0,0.0,0.0,0.16337522441651706,8.0,9.0,0.0,0.0,0.0,0.16337522441651706,8.0,9.0,0.0,1.0,1.0,0.755834829443447,3.0,4.0,0.0,0.0,0.0,0.1746641074856046,8.0,9.0,0.0,1.0,1.0,0.755834829443447,3.0,4.0,0.0,0.0,0.0,0.1746641074856046,8.0,9.0,0.0,0.0,0.0,0.22800718132854578,9.0,11.0
Lang,44,1.0,1.0,1.0,0.0,1.0,1.0,1.0,1.0,1.0,0.0,1.0,1.0,1.0,1.0,1.0,0.0,1.0,1.0,1.0,1.0,1.0,0.0,1.0,1.0,1.0,1.0,1.0,0.0,1.0,1.0,1.0,1.0,1.0,0.0,1.0,1.0,1.0,1.0,1.0,0.0,1.0,1.0,1.0,1.0,1.0,0.0,1.0,1.0,1.0,1.0,1.0,0.0,1.0,1.0,1.0,1.0,1.0,0.0,1.0,1.0,0.0,1.0,1.0,0.9947089947089947,2.0,2.0,1.0,1.0,1.0,0.0,1.0,1.0,0.0,1.0,1.0,0.9947089947089947,2.0,2.0,1.0,1.0,1.0,0.0,1.0,1.0,1.0,1.0,1.0,0.0,1.0,1.0
Lang,45,0.0,0.0,0.0,,,,0.0,0.0,0.0,,,,0.0,0.0,0.0,,,,0.0,0.0,0.0,,,,0.0,0.0,0.0,,,,0.0,0.0,0.0,,,,0.0,0.0,0.0,,,,0.0,0.0,0.0,,,,0.0,0.0,0.0,,,,0.0,0.0,0.0,,,,0.0,0.0,0.0,,,,0.0,0.0,0.0,,,,0.0,0.0,0.0,,,,0.0,0.0,0.0,,,,0.0,0.0,0.0,,,
Lang,46,1.0,1.0,1.0,0.0,1.0,3.142857142857143,1.0,1.0,1.0,0.0,1.0,3.142857142857143,1.0,1.0,1.0,0.0,1.0,3.142857142857143,1.0,1.0,1.0,0.0,1.0,3.142857142857143,1.0,1.0,1.0,0.0,1.0,3.142857142857143,1.0,1.0,1.0,0.0,1.0,3.142857142857143,1.0,1.0,1.0,0.0,1.0,3.5714285714285716,1.0,1.0,1.0,0.0,1.0,3.142857142857143,1.0,1.0,1.0,0.0,1.0,3.142857142857143,1.0,1.0,1.0,0.0,1.0,3.142857142857143,1.0,1.0,1.0,0.00390625,1.0,2.0,1.0,1.0,1.0,0.0,1.0,3.142857142857143,1.0,1.0,1.0,0.0,1.0,2.142857142857143,1.0,1.0,1.0,0.0,1.0,3.142857142857143,1.0,1.0,1.0,0.0,1.0,3.142857142857143
Lang,47,0.0,1.0,1.0,0.000998003992015968,2.0,2.5,0.0,1.0,1.0,0.000998003992015968,2.0,2.5,0.0,1.0,1.0,0.000998003992015968,2.0,2.5,0.0,1.0,1.0,0.000998003992015968,2.0,2.5,0.0,1.0,1.0,0.000998003992015968,2.0,2.5,0.0,1.0,1.0,0.000998003992015968,2.0,2.5,0.0,0.0,0.0,0.03093812375249501,6.0,6.5,0.0,1.0,1.0,0.000998003992015968,2.0,2.5,0.0,1.0,1.0,0.000998003992015968,2.0,2.5,0.0,0.0,1.0,0.008982035928143712,5.0,5.5,0.0,1.0,1.0,0.9640718562874252,2.0,2.5,0.0,1.0,1.0,0.0010214504596527069,2.0,2.5,0.0,1.0,1.0,0.9640718562874252,2.0,2.5,0.0,1.0,1.0,0.0010214504596527069,2.0,2.5,0.0,1.0,1.0,0.000998003992015968,2.0,3.0
Lang,48,0.0,0.0,0.0,0.07929515418502203,6.0,6.0,0.0,0.0,0.0,0.07929515418502203,6.0,6.0,0.0,0.0,0.0,0.07929515418502203,6.0,6.0,0.0,0.0,0.0,0.07929515418502203,6.0,6.0,0.0,0.0,0.0,0.07929515418502203,6.0,6.0,0.0,0.0,1.0,0.039647577092511016,5.0,5.0,0.0,0.0,0.0,0.9955947136563876,26.0,26.0,0.0,0.0,0.0,0.07929515418502203,6.0,6.0,0.0,0.0,0.0,0.07929515418502203,6.0,6.0,0.0,0.0,1.0,0.039647577092511016,5.0,5.0,1.0,1.0,1.0,0.0,1.0,1.0,0.0,0.0,0.0,0.0855614973262032,6.0,6.0,0.0,1.0,1.0,0.013215859030837005,2.0,2.0,0.0,0.0,0.0,0.0855614973262032,6.0,6.0,0.0,0.0,0.0,0.9955947136563876,26.0,26.0
Lang,49,1.0,1.0,1.0,0.0,1.0,1.0,0.0,0.0,0.0,0.21235521235521235,7.0,7.0,1.0,1.0,1.0,0.0,1.0,1.0,0.0,0.0,0.0,0.21235521235521235,7.0,7.0,1.0,1.0,1.0,0.0,1.0,1.0,1.0,1.0,1.0,0.0,1.0,1.0,1.0,1.0,1.0,0.0,1.0,1.0,1.0,1.0,1.0,0.0,1.0,1.0,1.0,1.0,1.0,0.0,1.0,1.0,1.0,1.0,1.0,0.0,1.0,1.0,0.0,1.0,1.0,0.833976833976834,2.0,2.0,1.0,1.0,1.0,0.0,1.0,1.0,1.0,1.0,1.0,0.0,1.0,1.0,1.0,1.0,1.0,0.0,1.0,1.0,1.0,1.0,1.0,0.0,1.0,1.0
Lang,50,1.0,1.0,1.0,0.05324074074074074,1.0,1.75,0.0,1.0,1.0,0.06481481481481481,3.0,3.375,0.0,1.0,1.0,0.05787037037037037,3.0,3.75,0.0,1.0,1.0,0.06481481481481481,3.0,3.375,0.0,1.0,1.0,0.05787037037037037,3.0,3.75,0.0,1.0,1.0,0.05787037037037037,3.0,3.75,0.0,0.0,0.0,0.32407407407407407,9.0,9.375,1.0,1.0,1.0,0.05324074074074074,1.0,1.75,0.0,1.0,1.0,0.05787037037037037,3.0,3.75,0.0,0.0,1.0,0.08796296296296297,5.0,5.375,0.0,1.0,1.0,0.5787037037037037,2.0,2.375,0.0,0.0,1.0,0.2966360856269113,4.0,5.875,0.0,1.0,1.0,0.06018518518518518,3.0,3.75,1.0,1.0,1.0,0.0672782874617737,1.0,2.125,0.0,0.0,1.0,0.3055555555555556,5.0,5.75
Lang,51,0.0,0.0,0.0,,,,0.0,0.0,0.0,,,,0.0,0.0,0.0,,,,0.0,0.0,0.0,,,,0.0,0.0,0.0,,,,0.0,0.0,0.0,,,,0.0,0.0,0.0,,,,0.0,0.0,0.0,,,,0.0,0.0,0.0,,,,0.0,0.0,0.0,,,,0.0,0.0,0.0,,,,0.0,0.0,0.0,,,,0.0,0.0,0.0,,,,0.0,0.0,0.0,,,,0.0,0.0,0.0,,,
Lang,52,0.0,0.0,0.0,,,,0.0,0.0,0.0,,,,0.0,0.0,0.0,,,,0.0,0.0,0.0,,,,0.0,0.0,0.0,,,,0.0,0.0,0.0,,,,0.0,0.0,0.0,,,,0.0,0.0,0.0,,,,0.0,0.0,0.0,,,,0.0,0.0,0.0,,,,0.0,0.0,0.0,,,,0.0,0.0,0.0,,,,0.0,0.0,0.0,,,,0.0,0.0,0.0,,,,0.0,0.0,0.0,,,
Lang,53,0.0,0.0,1.0,0.28846153846153844,5.0,5.0,0.0,0.0,1.0,0.28846153846153844,5.0,5.0,0.0,0.0,1.0,0.28846153846153844,5.0,5.0,0.0,0.0,1.0,0.28846153846153844,5.0,5.0,0.0,0.0,1.0,0.28846153846153844,5.0,5.0,0.0,0.0,1.0,0.23076923076923078,4.0,4.0,0.0,0.0,0.0,0.9567307692307693,9.0,9.0,0.0,0.0,1.0,0.28846153846153844,5.0,5.0,0.0,0.0,1.0,0.28846153846153844,5.0,5.0,0.0,0.0,1.0,0.23076923076923078,4.0,4.0,1.0,1.0,1.0,0.0,1.0,1.0,0.0,0.0,1.0,0.29207920792079206,4.0,4.0,0.0,1.0,1.0,0.019230769230769232,2.0,2.0,0.0,0.0,1.0,0.29207920792079206,4.0,4.0,0.0,0.0,0.0,0.9663461538461539,8.0,8.0
Lang,54,0.0,1.0,1.0,0.013157894736842105,2.0,2.0,0.0,1.0,1.0,0.013157894736842105,2.0,2.0,0.0,1.0,1.0,0.013157894736842105,2.0,2.0,0.0,1.0,1.0,0.013157894736842105,2.0,2.0,0.0,1.0,1.0,0.013157894736842105,2.0,2.0,0.0,1.0,1.0,0.013157894736842105,2.0,2.0,0.0,1.0,1.0,0.013157894736842105,2.0,2.0,0.0,1.0,1.0,0.013157894736842105,2.0,2.0,0.0,1.0,1.0,0.013157894736842105,2.0,2.0,0.0,1.0,1.0,0.013157894736842105,2.0,2.0,0.0,1.0,1.0,0.8947368421052632,3.0,3.0,0.0,1.0,1.0,0.10526315789473684,2.0,2.0,0.0,1.0,1.0,0.8947368421052632,3.0,3.0,0.0,1.0,1.0,0.10526315789473684,2.0,2.0,0.0,1.0,1.0,0.10526315789473684,2.0,2.0
Lang,55,0.0,0.0,1.0,0.08771929824561403,4.0,4.0,0.0,0.0,1.0,0.08771929824561403,4.0,4.0,0.0,0.0,1.0,0.08771929824561403,4.0,4.0,0.0,0.0,1.0,0.08771929824561403,4.0,4.0,0.0,0.0,1.0,0.08771929824561403,4.0,4.0,0.0,0.0,1.0,0.08771929824561403,4.0,4.0,0.0,0.0,1.0,0.08771929824561403,4.0,4.0,0.0,0.0,1.0,0.08771929824561403,4.0,4.0,0.0,0.0,1.0,0.08771929824561403,4.0,4.0,0.0,0.0,1.0,0.08771929824561403,4.0,4.0,0.0,1.0,1.0,0.8947368421052632,3.0,3.0,0.0,1.0,1.0,0.26785714285714285,2.0,2.0,0.0,1.0,1.0,0.8771929824561403,3.0,3.0,0.0,1.0,1.0,0.26785714285714285,2.0,2.0,0.0,1.0,1.0,0.2631578947368421,2.0,2.0
Lang,56,0.0,0.0,0.0,,,,0.0,0.0,0.0,,,,0.0,0.0,0.0,,,,0.0,0.0,0.0,,,,0.0,0.0,0.0,,,,0.0,0.0,0.0,,,,0.0,0.0,0.0,,,,0.0,0.0,0.0,,,,0.0,0.0,0.0,,,,0.0,0.0,0.0,,,,0.0,0.0,0.0,,,,0.0,0.0,0.0,,,,0.0,0.0,0.0,,,,0.0,0.0,0.0,,,,0.0,0.0,0.0,,,
Lang,57,1.0,1.0,1.0,0.0,1.0,1.0,1.0,1.0,1.0,0.0,1.0,1.0,1.0,1.0,1.0,0.0,1.0,1.0,1.0,1.0,1.0,0.0,1.0,1.0,1.0,1.0,1.0,0.0,1.0,1.0,1.0,1.0,1.0,0.0,1.0,1.0,1.0,1.0,1.0,0.0,1.0,1.0,1.0,1.0,1.0,0.0,1.0,1.0,1.0,1.0,1.0,0.0,1.0,1.0,1.0,1.0,1.0,0.0,1.0,1.0,0.0,1.0,1.0,0.9947643979057592,2.0,2.0,1.0,1.0,1.0,0.0,1.0,1.0,1.0,1.0,1.0,0.0,1.0,1.0,1.0,1.0,1.0,0.0,1.0,1.0,1.0,1.0,1.0,0.0,1.0,1.0
Lang,58,0.0,0.0,0.0,,,,0.0,0.0,0.0,,,,0.0,0.0,0.0,,,,0.0,0.0,0.0,,,,0.0,0.0,0.0,,,,0.0,0.0,0.0,,,,0.0,0.0,0.0,,,,0.0,0.0,0.0,,,,0.0,0.0,0.0,,,,0.0,0.0,0.0,,,,0.0,0.0,0.0,,,,0.0,0.0,0.0,,,,0.0,0.0,0.0,,,,0.0,0.0,0.0,,,,0.0,0.0,0.0,,,
Lang,59,1.0,1.0,1.0,0.0,1.0,1.0,1.0,1.0,1.0,0.0,1.0,1.0,1.0,1.0,1.0,0.0,1.0,1.0,1.0,1.0,1.0,0.0,1.0,1.0,1.0,1.0,1.0,0.0,1.0,1.0,1.0,1.0,1.0,0.0,1.0,1.0,1.0,1.0,1.0,0.0,1.0,1.0,1.0,1.0,1.0,0.0,1.0,1.0,1.0,1.0,1.0,0.0,1.0,1.0,1.0,1.0,1.0,0.0,1.0,1.0,0.0,1.0,1.0,0.9922394678492239,2.0,2.0,1.0,1.0,1.0,0.0,1.0,1.0,0.0,1.0,1.0,0.9922394678492239,2.0,2.0,1.0,1.0,1.0,0.0,1.0,1.0,1.0,1.0,1.0,0.0,1.0,1.0
Lang,60,1.0,1.0,1.0,0.0,1.0,5.5,1.0,1.0,1.0,0.0,1.0,5.5,1.0,1.0,1.0,0.0,1.0,5.5,1.0,1.0,1.0,0.0,1.0,5.5,1.0,1.0,1.0,0.0,1.0,5.5,1.0,1.0,1.0,0.0,1.0,5.5,1.0,1.0,1.0,0.0,1.0,10.0,1.0,1.0,1.0,0.0,1.0,5.5,1.0,1.0,1.0,0.0,1.0,5.5,1.0,1.0,1.0,0.0,1.0,5.5,1.0,1.0,1.0,0.5005202913631633,1.0,1.5,1.0,1.0,1.0,0.0,1.0,5.5,1.0,1.0,1.0,0.0,1.0,1.5,1.0,1.0,1.0,0.0,1.0,5.5,1.0,1.0,1.0,0.0,1.0,7.0
Lang,61,0.0,1.0,1.0,0.026014568158168574,2.0,2.0,1.0,1.0,1.0,0.0,1.0,1.0,0.0,1.0,1.0,0.026014568158168574,2.0,2.0,1.0,1.0,1.0,0.0,1.0,1.0,0.0,1.0,1.0,0.026014568158168574,2.0,2.0,0.0,1.0,1.0,0.026014568158168574,2.0,2.0,1.0,1.0,1.0,0.0,1.0,1.0,0.0,1.0,1.0,0.026014568158168574,2.0,2.0,0.0,1.0,1.0,0.026014568158168574,2.0,2.0,1.0,1.0,1.0,0.0,1.0,1.0,0.0,1.0,1.0,0.9438085327783559,3.0,3.0,0.0,1.0,1.0,0.01597444089456869,2.0,2.0,0.0,1.0,1.0,0.9562955254942768,3.0,3.0,0.0,1.0,1.0,0.01597444089456869,2.0,2.0,0.0,1.0,1.0,0.036420395421436005,3.0,3.0
Lang,62,0.0,0.0,0.0,0.3869047619047619,10.0,10.0,0.0,0.0,0.0,0.3869047619047619,10.0,10.0,0.0,0.0,0.0,0.3869047619047619,10.0,10.0,0.0,0.0,0.0,0.3869047619047619,10.0,10.0,0.0,0.0,0.0,0.3869047619047619,10.0,10.0,0.0,0.0,0.0,0.36607142857142855,9.0,9.0,0.0,0.0,0.0,0.36607142857142855,11.0,11.666666666666666,0.0,0.0,0.0,0.3869047619047619,10.0,10.0,0.0,0.0,0.0,0.3869047619047619,10.0,10.0,0.0,0.0,0.0,0.36607142857142855,8.0,8.0,1.0,1.0,1.0,0.0,1.0,1.0,0.0,0.0,0.0,0.3880597014925373,10.0,10.0,0.0,1.0,1.0,0.03869047619047619,2.0,2.0,0.0,0.0,0.0,0.3880597014925373,10.0,10.0,0.0,0.0,0.0,0.3273809523809524,9.0,10.333333333333334
Lang,63,1.0,1.0,1.0,0.0,1.0,2.5,0.0,1.0,1.0,0.03056768558951965,2.0,4.25,1.0,1.0,1.0,0.0,1.0,2.5,0.0,1.0,1.0,0.03056768558951965,2.0,4.25,1.0,1.0,1.0,0.0,1.0,2.5,1.0,1.0,1.0,0.0,1.0,2.5,1.0,1.0,1.0,0.0,1.0,2.5,1.0,1.0,1.0,0.0,1.0,2.5,1.0,1.0,1.0,0.0,1.0,2.5,1.0,1.0,1.0,0.0,1.0,2.5,0.0,1.0,1.0,0.9004366812227074,2.0,3.5,1.0,1.0,1.0,0.0,1.0,2.5,1.0,1.0,1.0,0.0,1.0,3.25,1.0,1.0,1.0,0.0,1.0,2.5,1.0,1.0,1.0,0.0,1.0,2.5
Lang,64,1.0,1.0,1.0,0.0,1.0,1.0,1.0,1.0,1.0,0.0,1.0,1.0,1.0,1.0,1.0,0.0,1.0,1.0,1.0,1.0,1.0,0.0,1.0,1.0,1.0,1.0,1.0,0.0,1.0,1.0,1.0,1.0,1.0,0.0,1.0,1.0,1.0,1.0,1.0,0.0,1.0,1.0,1.0,1.0,1.0,0.0,1.0,1.0,1.0,1.0,1.0,0.0,1.0,1.0,1.0,1.0,1.0,0.0,1.0,1.0,0.0,1.0,1.0,0.964735516372796,2.0,2.0,1.0,1.0,1.0,0.0,1.0,1.0,0.0,1.0,1.0,0.964735516372796,2.0,2.0,1.0,1.0,1.0,0.0,1.0,1.0,1.0,1.0,1.0,0.0,1.0,1.0
Lang,65,0.0,1.0,1.0,0.06989247311827956,2.0,2.0,0.0,1.0,1.0,0.06989247311827956,2.0,2.0,0.0,1.0,1.0,0.06989247311827956,2.0,2.0,0.0,1.0,1.0,0.06989247311827956,2.0,2.0,0.0,1.0,1.0,0.06989247311827956,2.0,2.0,0.0,1.0,1.0,0.026881720430107527,2.0,2.0,0.0,1.0,1.0,0.026881720430107527,2.0,2.0,0.0,1.0,1.0,0.06989247311827956,2.0,2.0,0.0,1.0,1.0,0.06989247311827956,2.0,2.0,0.0,1.0,1.0,0.026881720430107527,2.0,2.0,0.0,1.0,1.0,0.9946236559139785,3.0,3.0,0.0,1.0,1.0,0.03888888888888889,2.0,2.0,0.0,1.0,1.0,0.9946236559139785,3.0,3.0,0.0,1.0,1.0,0.03888888888888889,2.0,2.0,0.0,0.0,1.0,0.6236559139784946,4.0,4.0
Chart,1,0.0,0.0,0.0,0.0046762080204052715,9.0,9.0,0.0,0.0,0.0,0.0046762080204052715,8.0,8.0,0.0,0.0,0.0,0.0046762080204052715,9.0,9.0,0.0,0.0,0.0,0.0046762080204052715,8.0,8.0,0.0,0.0,0.0,0.0046762080204052715,9.0,9.0,0.0,0.0,0.0,0.0046762080204052715,9.0,9.0,0.0,0.0,0.0,0.0046762080204052715,9.0,9.0,0.0,0.0,0.0,0.0046762080204052715,9.0,9.0,0.0,0.0,0.0,0.0046762080204052715,9.0,9.0,0.0,0.0,0.0,0.0046762080204052715,9.0,9.0,0.0,0.0,0.0,0.9156865523593595,10.0,10.0,0.0,0.0,0.0,0.00636574074074074,9.0,9.0,0.0,0.0,0.0,0.9159699589060507,10.0,10.0,0.0,0.0,0.0,0.00636574074074074,9.0,9.0,0.0,0.0,0.0,0.6791837891455292,44.0,44.0
Chart,2,0.0,0.0,0.0,0.036897590361445784,9.0,18.333333333333332,0.0,0.0,0.0,0.04743975903614458,14.0,21.666666666666668,0.0,0.0,0.0,0.0391566265060241,10.0,19.333333333333332,0.0,0.0,0.0,0.04894578313253012,15.0,22.0,0.0,0.0,0.0,0.050451807228915665,13.0,20.666666666666668,0.0,0.0,0.0,0.050451807228915665,15.0,22.666666666666668,0.0,0.0,0.0,0.10015060240963855,32.0,36.333333333333336,0.0,0.0,0.0,0.036897590361445784,9.0,18.333333333333332,0.0,0.0,0.0,0.050451807228915665,13.0,20.666666666666668,0.0,0.0,0.0,0.08734939759036145,28.0,31.0,1.0,1.0,1.0,0.6204819277108434,1.0,5.0,0.0,0.0,0.0,0.0632295719844358,15.0,22.666666666666668,0.0,0.0,1.0,0.6302710843373494,5.0,8.0,0.0,0.0,0.0,0.0632295719844358,15.0,22.666666666666668,0.0,0.0,0.0,0.6227409638554217,15.0,17.833333333333332
Chart,3,1.0,1.0,1.0,0.0,1.0,1.0,1.0,1.0,1.0,0.0,1.0,1.0,1.0,1.0,1.0,0.0,1.0,1.0,1.0,1.0,1.0,0.0,1.0,1.0,1.0,1.0,1.0,0.0,1.0,1.0,1.0,1.0,1.0,0.0,1.0,1.0,1.0,1.0,1.0,0.0,1.0,1.0,1.0,1.0,1.0,0.0,1.0,1.0,1.0,1.0,1.0,0.0,1.0,1.0,1.0,1.0,1.0,0.0,1.0,1.0,0.0,1.0,1.0,0.8412887828162291,2.0,2.0,1.0,1.0,1.0,0.0,1.0,1.0,0.0,1.0,1.0,0.8412887828162291,2.0,2.0,1.0,1.0,1.0,0.0,1.0,1.0,1.0,1.0,1.0,0.0,1.0,1.0
Chart,4,0.0,0.0,0.0,0.01923615276944611,52.0,52.0,0.0,0.0,0.0,0.001839632073585283,15.0,15.0,0.0,0.0,0.0,0.002479504099180164,18.0,18.0,0.0,0.0,0.0,0.0007198560287942411,8.0,8.0,0.0,0.0,0.0,0.0021595680863827236,17.0,17.0,0.0,0.0,0.0,0.0021595680863827236,17.0,17.0,0.0,0.0,0.0,0.000639872025594881,8.0,8.0,0.0,0.0,0.0,0.0059588082383523295,26.0,26.0,0.0,0.0,0.0,0.0021595680863827236,17.0,17.0,0.0,0.0,0.0,0.000639872025594881,8.0,8.0,0.0,0.0,0.0,0.9714857028594281,175.0,175.0,0.0,0.0,0.0,0.0031839622641509436,17.0,17.0,0.0,0.0,0.0,0.9705658868226354,171.0,171.0,0.0,0.0,0.0,0.007252358490566038,25.0,25.0,0.0,0.0,0.0,0.0005998800239952009,9.0,9.0
Chart,5,0.0,1.0,1.0,0.014084507042253521,3.0,3.0,0.0,1.0,1.0,0.014084507042253521,3.0,3.0,0.0,1.0,1.0,0.014084507042253521,3.0,3.0,0.0,1.0,1.0,0.014084507042253521,3.0,3.0,0.0,1.0,1.0,0.014084507042253521,3.0,3.0,0.0,1.0,1.0,0.014084507042253521,3.0,3.0,0.0,1.0,1.0,0.014084507042253521,3.0,3.0,0.0,1.0,1.0,0.014084507042253521,3.0,3.0,0.0,1.0,1.0,0.014084507042253521,3.0,3.0,0.0,1.0,1.0,0.014084507042253521,3.0,3.0,0.0,0.0,1.0,0.8345070422535211,4.0,4.0,0.0,1.0,1.0,0.0182648401826484,3.0,3.0,0.0,0.0,1.0,0.852112676056338,4.0,4.0,0.0,1.0,1.0,0.0182648401826484,3.0,3.0,0.0,0.0,1.0,0.24295774647887325,4.0,4.0
Chart,6,0.0,0.0,0.0,0.13757396449704143,17.0,17.0,0.0,0.0,0.0,0.06656804733727811,12.0,12.0,0.0,0.0,0.0,0.11390532544378698,15.0,15.0,0.0,0.0,0.0,0.13757396449704143,17.0,17.0,0.0,0.0,0.0,0.06656804733727811,12.0,12.0,0.0,0.0,0.0,0.07988165680473373,13.0,13.0,0.0,0.0,1.0,0.005917159763313609,4.0,4.0,0.0,0.0,0.0,0.11390532544378698,15.0,15.0,0.0,0.0,0.0,0.06656804733727811,12.0,12.0,0.0,0.0,1.0,0.005917159763313609,4.0,4.0,0.0,0.0,0.0,0.9482248520710059,18.0,18.0,0.0,0.0,0.0,0.08830022075055188,11.0,11.0,0.0,0.0,0.0,0.9482248520710059,18.0,18.0,0.0,0.0,0.0,0.08830022075055188,11.0,11.0,0.0,0.0,0.0,0.9467455621301775,61.0,61.0
Chart,7,0.0,0.0,1.0,0.03125,4.0,4.0,0.0,0.0,1.0,0.03125,4.0,4.0,0.0,0.0,1.0,0.03125,4.0,4.0,0.0,0.0,1.0,0.03125,4.0,4.0,0.0,0.0,1.0,0.03125,4.0,4.0,0.0,0.0,1.0,0.03125,4.0,4.0,0.0,0.0,1.0,0.03125,4.0,4.0,0.0,0.0,1.0,0.03125,4.0,4.0,0.0,0.0,1.0,0.03125,4.0,4.0,0.0,0.0,1.0,0.03125,4.0,4.0,0.0,0.0,1.0,0.8125,5.0,5.0,0.0,0.0,1.0,0.037037037037037035,4.0,4.0,0.0,0.0,1.0,0.8125,5.0,5.0,0.0,0.0,1.0,0.037037037037037035,4.0,4.0,0.0,0.0,0.0,0.5416666666666666,12.0,12.0
Chart,8,1.0,1.0,1.0,0.0,1.0,1.0,1.0,1.0,1.0,0.0,1.0,1.0,1.0,1.0,1.0,0.0,1.0,1.0,1.0,1.0,1.0,0.0,1.0,1.0,1.0,1.0,1.0,0.0,1.0,1.0,1.0,1.0,1.0,0.0,1.0,1.0,1.0,1.0,1.0,0.0,1.0,1.0,1.0,1.0,1.0,0.0,1.0,1.0,1.0,1.0,1.0,0.0,1.0,1.0,1.0,1.0,1.0,0.0,1.0,1.0,0.0,1.0,1.0,0.8350515463917526,3.0,3.0,0.0,1.0,1.0,0.08,2.0,2.0,0.0,1.0,1.0,0.8350515463917526,3.0,3.0,0.0,1.0,1.0,0.08,2.0,2.0,0.0,1.0,1.0,0.005154639175257732,2.0,2.0
Chart,9,1.0,1.0,1.0,0.0,1.0,1.0,1.0,1.0,1.0,0.0,1.0,1.0,1.0,1.0,1.0,0.0,1.0,1.0,1.0,1.0,1.0,0.0,1.0,1.0,1.0,1.0,1.0,0.0,1.0,1.0,1.0,1.0,1.0,0.0,1.0,1.0,1.0,1.0,1.0,0.0,1.0,1.0,1.0,1.0,1.0,0.0,1.0,1.0,1.0,1.0,1.0,0.0,1.0,1.0,1.0,1.0,1.0,0.0,1.0,1.0,0.0,1.0,1.0,0.8128286014721346,2.0,2.0,1.0,1.0,1.0,0.0,1.0,1.0,1.0,1.0,1.0,0.0,1.0,1.0,1.0,1.0,1.0,0.0,1.0,1.0,1.0,1.0,1.0,0.0,1.0,1.0
Chart,10,1.0,1.0,1.0,0.0,1.0,1.0,1.0,1.0,1.0,0.0,1.0,1.0,1.0,1.0,1.0,0.0,1.0,1.0,1.0,1.0,1.0,0.0,1.0,1.0,1.0,1.0,1.0,0.0,1.0,1.0,1.0,1.0,1.0,0.0,1.0,1.0,1.0,1.0,1.0,0.0,1.0,1.0,1.0,1.0,1.0,0.0,1.0,1.0,1.0,1.0,1.0,0.0,1.0,1.0,1.0,1.0,1.0,0.0,1.0,1.0,1.0,1.0,1.0,0.0,1.0,1.0,1.0,1.0,1.0,0.0,1.0,1.0,1.0,1.0,1.0,0.0,1.0,1.0,1.0,1.0,1.0,0.0,1.0,1.0,1.0,1.0,1.0,0.0,1.0,1.0
Chart,11,1.0,1.0,1.0,0.0,1.0,1.0,1.0,1.0,1.0,0.0,1.0,1.0,1.0,1.0,1.0,0.0,1.0,1.0,1.0,1.0,1.0,0.0,1.0,1.0,1.0,1.0,1.0,0.0,1.0,1.0,1.0,1.0,1.0,0.0,1.0,1.0,1.0,1.0,1.0,0.0,1.0,1.0,1.0,1.0,1.0,0.0,1.0,1.0,1.0,1.0,1.0,0.0,1.0,1.0,1.0,1.0,1.0,0.0,1.0,1.0,0.0,1.0,1.0,0.9948186528497409,3.0,3.0,0.0,1.0,1.0,0.012658227848101266,2.0,2.0,0.0,1.0,1.0,0.9948186528497409,3.0,3.0,0.0,1.0,1.0,0.012658227848101266,2.0,2.0,0.0,0.0,1.0,0.7357512953367875,5.0,5.0
Chart,12,0.0,1.0,1.0,0.0034586119437399125,3.0,3.0,0.0,1.0,1.0,0.0009222965183306433,2.0,2.0,0.0,1.0,1.0,0.0034586119437399125,3.0,3.0,0.0,1.0,1.0,0.0009222965183306433,2.0,2.0,0.0,1.0,1.0,0.0034586119437399125,3.0,3.0,0.0,1.0,1.0,0.0034586119437399125,3.0,3.0,0.0,1.0,1.0,0.001152870647913304,3.0,3.0,0.0,1.0,1.0,0.0034586119437399125,3.0,3.0,0.0,1.0,1.0,0.0034586119437399125,3.0,3.0,0.0,1.0,1.0,0.0034586119437399125,3.0,3.0,0.0,0.0,1.0,0.8777957113211897,4.0,4.0,0.0,1.0,1.0,0.0016700066800267202,3.0,3.0,0.0,0.0,1.0,0.882407193912843,4.0,4.0,0.0,1.0,1.0,0.0016700066800267202,3.0,3.0,0.0,0.0,1.0,0.3108139266774268,4.0,4.0
Chart,13,0.0,0.0,0.0,,,,0.0,0.0,0.0,,,,0.0,0.0,0.0,,,,0.0,0.0,0.0,,,,0.0,0.0,0.0,,,,0.0,0.0,0.0,,,,0.0,0.0,0.0,,,,0.0,0.0,0.0,,,,0.0,0.0,0.0,,,,0.0,0.0,0.0,,,,0.0,0.0,0.0,,,,0.0,0.0,0.0,,,,0.0,0.0,0.0,,,,0.0,0.0,0.0,,,,0.0,0.0,0.0,,,
Chart,14,1.0,1.0,1.0,0.0,1.0,1.0,0.0,1.0,1.0,0.0003167564143173899,2.0,2.0,1.0,1.0,1.0,0.0,1.0,1.0,0.0,0.0,1.0,0.0022172949002217295,5.0,5.0,1.0,1.0,1.0,0.0,1.0,1.0,1.0,1.0,1.0,0.0,1.0,1.0,0.0,0.0,0.0,0.0750712701932214,35.0,35.0,1.0,1.0,1.0,0.0,1.0,1.0,1.0,1.0,1.0,0.0,1.0,1.0,0.0,0.0,0.0,0.0750712701932214,35.0,35.0,0.0,1.0,1.0,0.921602787456446,2.0,2.0,1.0,1.0,1.0,0.0,1.0,1.0,1.0,1.0,1.0,0.0,1.0,1.0,1.0,1.0,1.0,0.0,1.0,1.0,1.0,1.0,1.0,0.0,1.0,1.0
Chart,15,0.0,1.0,1.0,0.0025928404148544662,3.0,47.0,0.0,1.0,1.0,0.0022582803613248577,2.0,46.0,0.0,1.0,1.0,0.0025928404148544662,3.0,47.0,0.0,1.0,1.0,0.0022582803613248577,2.0,46.0,0.0,1.0,1.0,0.0025928404148544662,3.0,47.0,0.0,1.0,1.0,0.0025928404148544662,3.0,47.0,0.0,1.0,1.0,0.0025928404148544662,3.0,48.333333333333336,0.0,1.0,1.0,0.0025928404148544662,3.0,47.0,0.0,1.0,1.0,0.0025928404148544662,3.0,47.0,0.0,1.0,1.0,0.0025928404148544662,3.0,47.0,1.0,1.0,1.0,0.0,1.0,2.0,0.0,1.0,1.0,0.0037929768750764713,3.0,47.0,0.0,1.0,1.0,0.003011040481766477,3.0,3.3333333333333335,0.0,1.0,1.0,0.0037929768750764713,3.0,47.0,0.0,1.0,1.0,0.0022582803613248577,3.0,6.333333333333333
Chart,16,1.0,1.0,1.0,0.0,1.0,3.0,1.0,1.0,1.0,0.0,1.0,3.3333333333333335,1.0,1.0,1.0,0.0,1.0,3.0,1.0,1.0,1.0,0.0,1.0,3.0,1.0,1.0,1.0,0.0,1.0,2.0,1.0,1.0,1.0,0.0,1.0,2.0,1.0,1.0,1.0,0.0,1.0,4.0,1.0,1.0,1.0,0.003355704697986577,1.0,1.6666666666666667,1.0,1.0,1.0,0.0,1.0,2.0,1.0,1.0,1.0,0.0,1.0,3.3333333333333335,0.0,1.0,1.0,0.8422818791946308,2.0,6.666666666666667,1.0,1.0,1.0,0.0,1.0,3.0,1.0,1.0,1.0,0.0,1.0,1.3333333333333333,1.0,1.0,1.0,0.0,1.0,1.6666666666666667,1.0,1.0,1.0,0.0,1.0,3.6666666666666665
Chart,17,0.0,1.0,1.0,0.0009328358208955224,2.0,2.0,0.0,1.0,1.0,0.0009328358208955224,2.0,2.0,0.0,1.0,1.0,0.0009328358208955224,2.0,2.0,0.0,1.0,1.0,0.0009328358208955224,2.0,2.0,0.0,1.0,1.0,0.0009328358208955224,2.0,2.0,0.0,1.0,1.0,0.0009328358208955224,2.0,2.0,0.0,1.0,1.0,0.0009328358208955224,2.0,2.0,0.0,1.0,1.0,0.0009328358208955224,2.0,2.0,0.0,1.0,1.0,0.0009328358208955224,2.0,2.0,0.0,1.0,1.0,0.0009328358208955224,2.0,2.0,0.0,1.0,1.0,0.9095149253731343,3.0,3.0,0.0,1.0,1.0,0.001422475106685633,2.0,2.0,0.0,1.0,1.0,0.9095149253731343,3.0,3.0,0.0,1.0,1.0,0.001422475106685633,2.0,2.0,0.0,1.0,1.0,0.0009328358208955224,2.0,2.0
Chart,18,1.0,1.0,1.0,0.0,1.0,1.0,1.0,1.0,1.0,0.0,1.0,6.2,1.0,1.0,1.0,0.0,1.0,2.4,1.0,1.0,1.0,0.0,1.0,6.4,1.0,1.0,1.0,0.0,1.0,2.4,1.0,1.0,1.0,0.0,1.0,2.4,1.0,1.0,1.0,0.0,1.0,5.6,1.0,1.0,1.0,0.0,1.0,1.0,1.0,1.0,1.0,0.0,1.0,2.4,1.0,1.0,1.0,0.0,1.0,5.0,0.0,0.0,1.0,0.7933673469387755,5.0,6.0,1.0,1.0,1.0,0.0,1.0,2.4,1.0,1.0,1.0,0.0,1.0,2.4,0.0,1.0,1.0,0.012232415902140673,2.0,2.6,1.0,1.0,1.0,0.0,1.0,2.4
Chart,19,1.0,1.0,1.0,0.0,1.0,1.0,1.0,1.0,1.0,0.0,1.0,1.0,1.0,1.0,1.0,0.0,1.0,1.0,0.0,1.0,1.0,0.00022256843979523704,2.0,2.0,1.0,1.0,1.0,0.0,1.0,1.0,1.0,1.0,1.0,0.0,1.0,1.0,0.0,0.0,0.0,0.15468506565768975,62.0,62.0,1.0,1.0,1.0,0.0,1.0,1.0,1.0,1.0,1.0,0.0,1.0,1.0,0.0,0.0,0.0,0.14800801246383263,60.0,60.0,0.0,1.0,1.0,0.8386378811484532,2.0,2.0,1.0,1.0,1.0,0.0,1.0,1.0,1.0,1.0,1.0,0.0,1.0,1.0,1.0,1.0,1.0,0.0,1.0,1.0,1.0,1.0,1.0,0.0,1.0,1.0
Chart,20,0.0,0.0,1.0,0.007736943907156673,5.0,5.0,0.0,0.0,1.0,0.007736943907156673,5.0,5.0,0.0,0.0,1.0,0.007736943907156673,5.0,5.0,0.0,0.0,1.0,0.007736943907156673,5.0,5.0,0.0,0.0,1.0,0.007736943907156673,5.0,5.0,0.0,0.0,1.0,0.007736943907156673,5.0,5.0,0.0,0.0,1.0,0.007736943907156673,5.0,5.0,0.0,0.0,1.0,0.007736943907156673,5.0,5.0,0.0,0.0,1.0,0.007736943907156673,5.0,5.0,0.0,0.0,1.0,0.007736943907156673,5.0,5.0,0.0,0.0,0.0,0.8588007736943907,6.0,6.0,0.0,0.0,1.0,0.010498687664041995,5.0,5.0,0.0,0.0,0.0,0.8588007736943907,6.0,6.0,0.0,0.0,1.0,0.010498687664041995,5.0,5.0,0.0,0.0,0.0,0.8297872340425532,41.0,41.0
Chart,21,0.0,1.0,1.0,0.0067226890756302525,2.0,2.0,1.0,1.0,1.0,0.0,1.0,1.0,0.0,1.0,1.0,0.0067226890756302525,2.0,2.0,1.0,1.0,1.0,0.0,1.0,1.0,0.0,1.0,1.0,0.0067226890756302525,2.0,2.0,0.0,1.0,1.0,0.0067226890756302525,2.0,2.0,0.0,1.0,1.0,0.0067226890756302525,2.0,2.0,0.0,1.0,1.0,0.0067226890756302525,2.0,2.0,0.0,1.0,1.0,0.0067226890756302525,2.0,2.0,0.0,1.0,1.0,0.0067226890756302525,2.0,2.0,0.0,1.0,1.0,0.7915966386554621,3.0,3.0,0.0,1.0,1.0,0.008438818565400843,2.0,2.0,0.0,1.0,1.0,0.0067226890756302525,2.0,2.0,0.0,1.0,1.0,0.008438818565400843,2.0,2.0,0.0,1.0,1.0,0.0067226890756302525,2.0,2.0
Chart,22,1.0,1.0,1.0,0.06504065040650407,1.0,2.2,0.0,0.0,1.0,0.10975609756097561,4.0,10.4,1.0,1.0,1.0,0.0,1.0,3.4,0.0,1.0,1.0,0.008130081300813009,2.0,4.0,1.0,1.0,1.0,0.0,1.0,4.6,1.0,1.0,1.0,0.0040650406504065045,1.0,3.8,0.0,0.0,0.0,0.2073170731707317,12.0,14.4,1.0,1.0,1.0,0.07723577235772358,1.0,2.2,1.0,1.0,1.0,0.0,1.0,4.6,0.0,0.0,1.0,0.1016260162601626,5.0,9.4,0.0,1.0,1.0,0.532520325203252,2.0,7.0,0.0,1.0,1.0,0.020833333333333332,2.0,10.0,1.0,1.0,1.0,0.0040650406504065045,1.0,4.2,1.0,1.0,1.0,0.078125,1.0,3.2,0.0,0.0,0.0,0.2032520325203252,11.0,13.0
Chart,23,0.0,0.0,0.0,,,,0.0,0.0,0.0,,,,0.0,0.0,0.0,,,,0.0,0.0,0.0,,,,0.0,0.0,0.0,,,,0.0,0.0,0.0,,,,0.0,0.0,0.0,,,,0.0,0.0,0.0,,,,0.0,0.0,0.0,,,,0.0,0.0,0.0,,,,0.0,0.0,0.0,,,,0.0,0.0,0.0,,,,0.0,0.0,0.0,,,,0.0,0.0,0.0,,,,0.0,0.0,0.0,,,
Chart,24,1.0,1.0,1.0,0.0,1.0,1.0,0.0,1.0,1.0,0.28,3.0,3.0,1.0,1.0,1.0,0.0,1.0,1.0,0.0,1.0,1.0,0.28,3.0,3.0,1.0,1.0,1.0,0.0,1.0,1.0,1.0,1.0,1.0,0.0,1.0,1.0,1.0,1.0,1.0,0.0,1.0,1.0,1.0,1.0,1.0,0.0,1.0,1.0,1.0,1.0,1.0,0.0,1.0,1.0,1.0,1.0,1.0,0.0,1.0,1.0,0.0,1.0,1.0,0.68,2.0,2.0,1.0,1.0,1.0,0.0,1.0,1.0,1.0,1.0,1.0,0.0,1.0,1.0,1.0,1.0,1.0,0.0,1.0,1.0,1.0,1.0,1.0,0.0,1.0,1.0
Chart,25,1.0,1.0,1.0,0.0,1.0,2.0,0.0,0.0,0.0,0.012252418240442193,8.0,10.0,0.0,0.0,1.0,0.003408567480423768,4.0,5.0,0.0,0.0,0.0,0.17549516351911562,60.0,60.5,0.0,0.0,1.0,0.0035006909258406263,4.0,6.0,0.0,0.0,1.0,0.0033164440350069093,4.0,6.5,0.0,0.0,0.0,0.2740672501151543,149.0,149.5,1.0,1.0,1.0,0.0,1.0,2.0,0.0,0.0,1.0,0.0035006909258406263,4.0,6.0,0.0,0.0,0.0,0.27397512666973745,148.0,148.5,0.0,1.0,1.0,0.6922155688622754,2.0,3.0,0.0,0.0,1.0,0.004887069079381852,5.0,7.0,0.0,0.0,1.0,0.003408567480423768,4.0,4.5,1.0,1.0,1.0,0.0,1.0,1.5,0.0,0.0,0.0,0.014463380930446799,14.0,15.0
Chart,26,0.0,0.0,0.0,0.03022473553356408,19.0,19.0,0.0,1.0,1.0,0.006434943694242676,2.0,2.0,0.0,1.0,1.0,0.006483693267683908,3.0,3.0,0.0,1.0,1.0,0.006434943694242676,2.0,2.0,0.0,1.0,1.0,0.006483693267683908,3.0,3.0,0.0,1.0,1.0,0.006483693267683908,3.0,3.0,0.0,1.0,1.0,0.006483693267683908,3.0,3.0,0.0,0.0,0.0,0.021498561887583485,8.0,8.0,0.0,1.0,1.0,0.006483693267683908,3.0,3.0,0.0,1.0,1.0,0.006483693267683908,3.0,3.0,0.0,0.0,0.0,0.8994296299907376,227.0,227.0,0.0,1.0,1.0,0.01033330743531971,3.0,3.0,0.0,1.0,1.0,0.006434943694242676,3.0,3.0,0.0,0.0,0.0,0.0484033874601818,25.0,25.0,0.0,1.0,1.0,0.006434943694242676,3.0,3.0
Mockito,1,0.0,0.0,0.0,,,,0.0,0.0,0.0,,,,0.0,0.0,0.0,,,,0.0,0.0,0.0,,,,0.0,0.0,0.0,,,,0.0,0.0,0.0,,,,0.0,0.0,0.0,,,,0.0,0.0,0.0,,,,0.0,0.0,0.0,,,,0.0,0.0,0.0,,,,0.0,0.0,0.0,,,,0.0,0.0,0.0,,,,0.0,0.0,0.0,,,,0.0,0.0,0.0,,,,0.0,0.0,0.0,,,
Mockito,2,0.0,0.0,0.0,,,,0.0,0.0,0.0,,,,0.0,0.0,0.0,,,,0.0,0.0,0.0,,,,0.0,0.0,0.0,,,,0.0,0.0,0.0,,,,0.0,0.0,0.0,,,,0.0,0.0,0.0,,,,0.0,0.0,0.0,,,,0.0,0.0,0.0,,,,0.0,0.0,0.0,,,,0.0,0.0,0.0,,,,0.0,0.0,0.0,,,,0.0,0.0,0.0,,,,0.0,0.0,0.0,,,
Mockito,3,0.0,0.0,0.0,,,,0.0,0.0,0.0,,,,0.0,0.0,0.0,,,,0.0,0.0,0.0,,,,0.0,0.0,0.0,,,,0.0,0.0,0.0,,,,0.0,0.0,0.0,,,,0.0,0.0,0.0,,,,0.0,0.0,0.0,,,,0.0,0.0,0.0,,,,0.0,0.0,0.0,,,,0.0,0.0,0.0,,,,0.0,0.0,0.0,,,,0.0,0.0,0.0,,,,0.0,0.0,0.0,,,
Mockito,4,1.0,1.0,1.0,0.0,1.0,1.0,1.0,1.0,1.0,0.0,1.0,1.0,1.0,1.0,1.0,0.0,1.0,1.0,0.0,0.0,1.0,0.0050062578222778474,4.0,4.0,1.0,1.0,1.0,0.0,1.0,1.0,1.0,1.0,1.0,0.0,1.0,1.0,0.0,0.0,0.0,0.3191489361702128,92.0,92.0,1.0,1.0,1.0,0.0,1.0,1.0,1.0,1.0,1.0,0.0,1.0,1.0,0.0,0.0,0.0,0.08010012515644556,44.0,44.0,0.0,1.0,1.0,0.6332916145181476,2.0,2.0,1.0,1.0,1.0,0.0,1.0,1.0,1.0,1.0,1.0,0.0,1.0,1.0,1.0,1.0,1.0,0.0,1.0,1.0,1.0,1.0,1.0,0.0,1.0,1.0
Mockito,5,0.0,0.0,0.0,,,,0.0,0.0,0.0,,,,0.0,0.0,0.0,,,,0.0,0.0,0.0,,,,0.0,0.0,0.0,,,,0.0,0.0,0.0,,,,0.0,0.0,0.0,,,,0.0,0.0,0.0,,,,0.0,0.0,0.0,,,,0.0,0.0,0.0,,,,0.0,0.0,0.0,,,,0.0,0.0,0.0,,,,0.0,0.0,0.0,,,,0.0,0.0,0.0,,,,0.0,0.0,0.0,,,
Mockito,6,0.0,1.0,1.0,0.003355704697986577,2.0,50.95,0.0,1.0,1.0,0.0011185682326621924,2.0,79.65,0.0,1.0,1.0,0.0011185682326621924,2.0,53.4,0.0,1.0,1.0,0.0011185682326621924,2.0,52.35,1.0,1.0,1.0,0.0,1.0,65.2,1.0,1.0,1.0,0.0,1.0,59.65,0.0,0.0,0.0,0.3534675615212528,139.0,149.4,0.0,1.0,1.0,0.003355704697986577,2.0,50.2,1.0,1.0,1.0,0.0,1.0,65.2,0.0,0.0,0.0,0.14205816554809844,90.0,127.55,1.0,1.0,1.0,0.5313199105145414,1.0,5.0,1.0,1.0,1.0,0.0,1.0,70.9,1.0,1.0,1.0,0.0,1.0,5.65,0.0,1.0,1.0,0.0035842293906810036,2.0,67.6,0.0,0.0,1.0,0.0145413870246085,4.0,15.85
Mockito,7,0.0,0.0,0.0,,,,0.0,0.0,0.0,,,,0.0,0.0,0.0,,,,0.0,0.0,0.0,,,,0.0,0.0,0.0,,,,0.0,0.0,0.0,,,,0.0,0.0,0.0,,,,0.0,0.0,0.0,,,,0.0,0.0,0.0,,,,0.0,0.0,0.0,,,,0.0,0.0,0.0,,,,0.0,0.0,0.0,,,,0.0,0.0,0.0,,,,0.0,0.0,0.0,,,,0.0,0.0,0.0,,,
Mockito,8,0.0,0.0,0.0,,,,0.0,0.0,0.0,,,,0.0,0.0,0.0,,,,0.0,0.0,0.0,,,,0.0,0.0,0.0,,,,0.0,0.0,0.0,,,,0.0,0.0,0.0,,,,0.0,0.0,0.0,,,,0.0,0.0,0.0,,,,0.0,0.0,0.0,,,,0.0,0.0,0.0,,,,0.0,0.0,0.0,,,,0.0,0.0,0.0,,,,0.0,0.0,0.0,,,,0.0,0.0,0.0,,,
Mockito,9,0.0,0.0,0.0,0.019656019656019656,12.0,12.0,0.0,0.0,0.0,0.014742014742014743,9.0,9.0,0.0,0.0,0.0,0.0171990171990172,10.0,10.0,0.0,0.0,0.0,0.009828009828009828,7.0,7.0,0.0,0.0,0.0,0.014742014742014743,9.0,9.0,0.0,0.0,0.0,0.014742014742014743,9.0,9.0,0.0,0.0,0.0,0.14127764127764128,33.0,33.0,0.0,0.0,0.0,0.018427518427518427,10.0,10.0,0.0,0.0,0.0,0.014742014742014743,9.0,9.0,0.0,0.0,1.0,0.0036855036855036856,4.0,4.0,0.0,0.0,0.0,0.7113022113022113,41.0,41.0,0.0,0.0,0.0,0.04046997389033943,16.0,16.0,0.0,0.0,0.0,0.7113022113022113,41.0,41.0,0.0,0.0,0.0,0.04046997389033943,16.0,16.0,0.0,0.0,0.0,0.5036855036855037,63.0,63.0
Mockito,10,0.0,0.0,0.0,,,,0.0,0.0,0.0,,,,0.0,0.0,0.0,,,,0.0,0.0,0.0,,,,0.0,0.0,0.0,,,,0.0,0.0,0.0,,,,0.0,0.0,0.0,,,,0.0,0.0,0.0,,,,0.0,0.0,0.0,,,,0.0,0.0,0.0,,,,0.0,0.0,0.0,,,,0.0,0.0,0.0,,,,0.0,0.0,0.0,,,,0.0,0.0,0.0,,,,0.0,0.0,0.0,,,
Mockito,11,1.0,1.0,1.0,0.0,1.0,33.5,1.0,1.0,1.0,0.0,1.0,33.5,1.0,1.0,1.0,0.0,1.0,33.5,1.0,1.0,1.0,0.0,1.0,33.5,1.0,1.0,1.0,0.0,1.0,33.5,1.0,1.0,1.0,0.0,1.0,33.5,0.0,0.0,0.0,0.28023598820059,32.0,49.0,1.0,1.0,1.0,0.0,1.0,33.0,1.0,1.0,1.0,0.0,1.0,33.5,1.0,1.0,1.0,0.0,1.0,33.5,1.0,1.0,1.0,0.0,1.0,1.5,1.0,1.0,1.0,0.0,1.0,1.0,1.0,1.0,1.0,0.0,1.0,1.5,1.0,1.0,1.0,0.0,1.0,1.0,1.0,1.0,1.0,0.0,1.0,1.5
Mockito,12,,,,,,,,,,,,,,,,,,,,,,,,,,,,,,,,,,,,,,,,,,,,,,,,,,,,,,,,,,,,,,,,,,,,,,,,,,,,,,,,,,,,,,,,,,
Mockito,13,,,,,,,,,,,,,,,,,,,,,,,,,,,,,,,,,,,,,,,,,,,,,,,,,,,,,,,,,,,,,,,,,,,,,,,,,,,,,,,,,,,,,,,,,,
Mockito,14,,,,,,,,,,,,,,,,,,,,,,,,,,,,,,,,,,,,,,,,,,,,,,,,,,,,,,,,,,,,,,,,,,,,,,,,,,,,,,,,,,,,,,,,,,
Mockito,15,,,,,,,,,,,,,,,,,,,,,,,,,,,,,,,,,,,,,,,,,,,,,,,,,,,,,,,,,,,,,,,,,,,,,,,,,,,,,,,,,,,,,,,,,,
Mockito,16,,,,,,,,,,,,,,,,,,,,,,,,,,,,,,,,,,,,,,,,,,,,,,,,,,,,,,,,,,,,,,,,,,,,,,,,,,,,,,,,,,,,,,,,,,
Mockito,17,,,,,,,,,,,,,,,,,,,,,,,,,,,,,,,,,,,,,,,,,,,,,,,,,,,,,,,,,,,,,,,,,,,,,,,,,,,,,,,,,,,,,,,,,,
Mockito,18,0.0,0.0,0.0,,,,0.0,0.0,0.0,,,,0.0,0.0,0.0,,,,0.0,0.0,0.0,,,,0.0,0.0,0.0,,,,0.0,0.0,0.0,,,,0.0,0.0,0.0,,,,0.0,0.0,0.0,,,,0.0,0.0,0.0,,,,0.0,0.0,0.0,,,,0.0,0.0,0.0,,,,0.0,0.0,0.0,,,,0.0,0.0,0.0,,,,0.0,0.0,0.0,,,,0.0,0.0,0.0,,,
Mockito,19,0.0,0.0,0.0,,,,0.0,0.0,0.0,,,,0.0,0.0,0.0,,,,0.0,0.0,0.0,,,,0.0,0.0,0.0,,,,0.0,0.0,0.0,,,,0.0,0.0,0.0,,,,0.0,0.0,0.0,,,,0.0,0.0,0.0,,,,0.0,0.0,0.0,,,,0.0,0.0,0.0,,,,0.0,0.0,0.0,,,,0.0,0.0,0.0,,,,0.0,0.0,0.0,,,,0.0,0.0,0.0,,,
Mockito,20,0.0,0.0,0.0,,,,0.0,0.0,0.0,,,,0.0,0.0,0.0,,,,0.0,0.0,0.0,,,,0.0,0.0,0.0,,,,0.0,0.0,0.0,,,,0.0,0.0,0.0,,,,0.0,0.0,0.0,,,,0.0,0.0,0.0,,,,0.0,0.0,0.0,,,,0.0,0.0,0.0,,,,0.0,0.0,0.0,,,,0.0,0.0,0.0,,,,0.0,0.0,0.0,,,,0.0,0.0,0.0,,,
Mockito,21,0.0,1.0,1.0,0.0030120481927710845,2.0,2.0,0.0,1.0,1.0,0.0030120481927710845,2.0,2.0,0.0,1.0,1.0,0.0030120481927710845,2.0,2.0,0.0,1.0,1.0,0.0030120481927710845,2.0,2.0,0.0,1.0,1.0,0.0030120481927710845,2.0,2.0,0.0,1.0,1.0,0.0030120481927710845,2.0,2.0,0.0,0.0,0.0,0.08734939759036145,10.0,10.0,0.0,1.0,1.0,0.0030120481927710845,2.0,2.0,0.0,1.0,1.0,0.0030120481927710845,2.0,2.0,0.0,1.0,1.0,0.0030120481927710845,2.0,2.0,0.0,1.0,1.0,0.6716867469879518,3.0,3.0,0.0,1.0,1.0,0.003257328990228013,2.0,2.0,0.0,1.0,1.0,0.6716867469879518,3.0,3.0,0.0,1.0,1.0,0.003257328990228013,2.0,2.0,0.0,1.0,1.0,0.0030120481927710845,2.0,2.0
Mockito,22,,,,,,,,,,,,,,,,,,,,,,,,,,,,,,,,,,,,,,,,,,,,,,,,,,,,,,,,,,,,,,,,,,,,,,,,,,,,,,,,,,,,,,,,,,
Mockito,23,,,,,,,,,,,,,,,,,,,,,,,,,,,,,,,,,,,,,,,,,,,,,,,,,,,,,,,,,,,,,,,,,,,,,,,,,,,,,,,,,,,,,,,,,,
Mockito,24,,,,,,,,,,,,,,,,,,,,,,,,,,,,,,,,,,,,,,,,,,,,,,,,,,,,,,,,,,,,,,,,,,,,,,,,,,,,,,,,,,,,,,,,,,
Mockito,25,,,,,,,,,,,,,,,,,,,,,,,,,,,,,,,,,,,,,,,,,,,,,,,,,,,,,,,,,,,,,,,,,,,,,,,,,,,,,,,,,,,,,,,,,,
Mockito,26,,,,,,,,,,,,,,,,,,,,,,,,,,,,,,,,,,,,,,,,,,,,,,,,,,,,,,,,,,,,,,,,,,,,,,,,,,,,,,,,,,,,,,,,,,
Mockito,27,,,,,,,,,,,,,,,,,,,,,,,,,,,,,,,,,,,,,,,,,,,,,,,,,,,,,,,,,,,,,,,,,,,,,,,,,,,,,,,,,,,,,,,,,,
Mockito,28,,,,,,,,,,,,,,,,,,,,,,,,,,,,,,,,,,,,,,,,,,,,,,,,,,,,,,,,,,,,,,,,,,,,,,,,,,,,,,,,,,,,,,,,,,
Mockito,29,,,,,,,,,,,,,,,,,,,,,,,,,,,,,,,,,,,,,,,,,,,,,,,,,,,,,,,,,,,,,,,,,,,,,,,,,,,,,,,,,,,,,,,,,,
Mockito,30,,,,,,,,,,,,,,,,,,,,,,,,,,,,,,,,,,,,,,,,,,,,,,,,,,,,,,,,,,,,,,,,,,,,,,,,,,,,,,,,,,,,,,,,,,
Mockito,31,,,,,,,,,,,,,,,,,,,,,,,,,,,,,,,,,,,,,,,,,,,,,,,,,,,,,,,,,,,,,,,,,,,,,,,,,,,,,,,,,,,,,,,,,,
Mockito,32,,,,,,,,,,,,,,,,,,,,,,,,,,,,,,,,,,,,,,,,,,,,,,,,,,,,,,,,,,,,,,,,,,,,,,,,,,,,,,,,,,,,,,,,,,
Mockito,33,,,,,,,,,,,,,,,,,,,,,,,,,,,,,,,,,,,,,,,,,,,,,,,,,,,,,,,,,,,,,,,,,,,,,,,,,,,,,,,,,,,,,,,,,,
Mockito,34,,,,,,,,,,,,,,,,,,,,,,,,,,,,,,,,,,,,,,,,,,,,,,,,,,,,,,,,,,,,,,,,,,,,,,,,,,,,,,,,,,,,,,,,,,
Mockito,35,,,,,,,,,,,,,,,,,,,,,,,,,,,,,,,,,,,,,,,,,,,,,,,,,,,,,,,,,,,,,,,,,,,,,,,,,,,,,,,,,,,,,,,,,,
Mockito,36,,,,,,,,,,,,,,,,,,,,,,,,,,,,,,,,,,,,,,,,,,,,,,,,,,,,,,,,,,,,,,,,,,,,,,,,,,,,,,,,,,,,,,,,,,
Mockito,37,,,,,,,,,,,,,,,,,,,,,,,,,,,,,,,,,,,,,,,,,,,,,,,,,,,,,,,,,,,,,,,,,,,,,,,,,,,,,,,,,,,,,,,,,,
Mockito,38,,,,,,,,,,,,,,,,,,,,,,,,,,,,,,,,,,,,,,,,,,,,,,,,,,,,,,,,,,,,,,,,,,,,,,,,,,,,,,,,,,,,,,,,,,
Time,1,0.0,1.0,1.0,0.0002532286654849329,2.0,5.5,1.0,1.0,1.0,0.0,1.0,4.5,0.0,1.0,1.0,0.0002532286654849329,2.0,5.5,1.0,1.0,1.0,0.0,1.0,4.5,0.0,1.0,1.0,0.0002532286654849329,2.0,5.5,0.0,1.0,1.0,0.0002532286654849329,2.0,5.5,0.0,1.0,1.0,0.0002532286654849329,2.0,5.5,0.0,1.0,1.0,0.0002532286654849329,2.0,5.5,0.0,1.0,1.0,0.0002532286654849329,2.0,5.5,0.0,1.0,1.0,0.0002532286654849329,2.0,5.5,0.0,1.0,1.0,0.7343631299063054,3.0,6.5,0.0,1.0,1.0,0.0002876042565429968,2.0,5.5,0.0,1.0,1.0,0.7343631299063054,3.0,6.5,0.0,1.0,1.0,0.0002876042565429968,2.0,5.5,0.0,0.0,0.0,0.29070650797670294,6.0,57.5
Time,2,0.0,1.0,1.0,0.0001753463089601964,2.0,97.0,0.0,1.0,1.0,0.0001753463089601964,2.0,97.0,0.0,1.0,1.0,0.0001753463089601964,2.0,97.0,0.0,1.0,1.0,0.0001753463089601964,2.0,97.0,0.0,1.0,1.0,0.0001753463089601964,2.0,97.0,0.0,1.0,1.0,0.0001753463089601964,2.0,97.0,0.0,1.0,1.0,0.0001753463089601964,2.0,99.0,0.0,1.0,1.0,0.0001753463089601964,2.0,97.0,0.0,1.0,1.0,0.0001753463089601964,2.0,97.0,0.0,1.0,1.0,0.0001753463089601964,2.0,97.0,1.0,1.0,1.0,0.5665439242503946,1.0,6.666666666666667,0.0,1.0,1.0,0.00020056157240272763,2.0,95.0,0.0,1.0,1.0,0.6456251095914431,2.0,7.0,0.0,1.0,1.0,0.00020056157240272763,2.0,95.0,0.0,0.0,1.0,0.2973873399964931,5.0,48.0
Time,3,1.0,1.0,1.0,0.0,1.0,104.7,1.0,1.0,1.0,0.0,1.0,107.1,1.0,1.0,1.0,0.0,1.0,105.6,1.0,1.0,1.0,0.0,1.0,109.1,1.0,1.0,1.0,0.0,1.0,106.1,1.0,1.0,1.0,0.0,1.0,106.1,1.0,1.0,1.0,0.0,1.0,232.6,1.0,1.0,1.0,0.0,1.0,105.1,1.0,1.0,1.0,0.0,1.0,106.1,1.0,1.0,1.0,0.0,1.0,201.1,1.0,1.0,1.0,0.5620425531914893,1.0,2.1,1.0,1.0,1.0,0.0,1.0,102.5,1.0,1.0,1.0,0.5620425531914893,1.0,1.9,1.0,1.0,1.0,0.0,1.0,102.0,1.0,1.0,1.0,0.0,1.0,4.5
Time,4,0.0,0.0,0.0,0.0030617678381256656,9.0,9.0,0.0,0.0,0.0,0.002263045793397231,8.0,8.0,0.0,0.0,0.0,0.0030617678381256656,9.0,9.0,0.0,0.0,0.0,0.002263045793397231,8.0,8.0,0.0,0.0,0.0,0.0030617678381256656,9.0,9.0,0.0,0.0,0.0,0.0030617678381256656,9.0,9.0,0.0,0.0,0.0,0.0030617678381256656,9.0,9.0,0.0,0.0,0.0,0.0030617678381256656,9.0,9.0,0.0,0.0,0.0,0.0030617678381256656,9.0,9.0,0.0,0.0,0.0,0.0030617678381256656,9.0,9.0,0.0,0.0,0.0,0.7694355697550586,10.0,10.0,0.0,0.0,0.0,0.004492641363284275,9.0,9.0,0.0,0.0,0.0,0.7706336528221512,10.0,10.0,0.0,0.0,0.0,0.004492641363284275,9.0,9.0,0.0,0.0,0.0,0.5292864749733759,31.0,31.0
Time,5,0.0,1.0,1.0,0.0002290950744558992,2.0,54.5,0.0,1.0,1.0,0.0002290950744558992,2.0,54.333333333333336,0.0,1.0,1.0,0.0002290950744558992,2.0,53.666666666666664,0.0,1.0,1.0,0.0002290950744558992,2.0,54.333333333333336,0.0,1.0,1.0,0.0002290950744558992,2.0,54.0,0.0,1.0,1.0,0.0002290950744558992,2.0,54.333333333333336,0.0,1.0,1.0,0.0002290950744558992,2.0,57.0,0.0,1.0,1.0,0.0002290950744558992,2.0,53.666666666666664,0.0,1.0,1.0,0.0002290950744558992,2.0,53.666666666666664,0.0,1.0,1.0,0.0002290950744558992,2.0,54.333333333333336,1.0,1.0,1.0,0.5725085910652921,1.0,20.666666666666668,0.0,1.0,1.0,0.0002559508574353724,2.0,53.666666666666664,0.0,1.0,1.0,0.5729667812142039,2.0,17.0,0.0,1.0,1.0,0.0002559508574353724,2.0,53.666666666666664,0.0,1.0,1.0,0.0002290950744558992,2.0,9.0
Time,6,0.0,0.0,0.0,,,,0.0,0.0,0.0,,,,0.0,0.0,0.0,,,,0.0,0.0,0.0,,,,0.0,0.0,0.0,,,,0.0,0.0,0.0,,,,0.0,0.0,0.0,,,,0.0,0.0,0.0,,,,0.0,0.0,0.0,,,,0.0,0.0,0.0,,,,0.0,0.0,0.0,,,,0.0,0.0,0.0,,,,0.0,0.0,0.0,,,,0.0,0.0,0.0,,,,0.0,0.0,0.0,,,
Time,7,0.0,1.0,1.0,0.001195536663124336,3.0,3.0,0.0,1.0,1.0,0.00013283740701381508,2.0,2.0,0.0,1.0,1.0,0.001195536663124336,3.0,3.0,0.0,1.0,1.0,0.00013283740701381508,2.0,2.0,0.0,1.0,1.0,0.001195536663124336,3.0,3.0,0.0,1.0,1.0,0.001195536663124336,3.0,3.0,0.0,1.0,1.0,0.001195536663124336,3.0,3.0,0.0,1.0,1.0,0.001195536663124336,3.0,3.0,0.0,1.0,1.0,0.001195536663124336,3.0,3.0,0.0,1.0,1.0,0.001195536663124336,3.0,3.0,0.0,0.0,0.0,0.7158607863974495,6.0,6.0,0.0,1.0,1.0,0.002133170806033826,3.0,3.0,0.0,0.0,0.0,0.7158607863974495,6.0,6.0,0.0,1.0,1.0,0.002133170806033826,3.0,3.0,0.0,0.0,0.0,0.5081030818278427,21.0,21.0
Time,8,0.0,0.0,0.0,0.0066316662061342915,9.0,27.0,0.0,0.0,0.0,0.0060790273556231,8.0,26.0,0.0,0.0,0.0,0.0066316662061342915,9.0,27.0,0.0,0.0,0.0,0.0060790273556231,8.0,26.0,0.0,0.0,0.0,0.0066316662061342915,9.0,27.0,0.0,0.0,0.0,0.0066316662061342915,9.0,27.0,0.0,0.0,0.0,0.0066316662061342915,9.0,28.666666666666668,0.0,0.0,0.0,0.0066316662061342915,9.0,27.0,0.0,0.0,0.0,0.0066316662061342915,9.0,27.0,0.0,0.0,0.0,0.0066316662061342915,9.0,27.0,1.0,1.0,1.0,0.5001381597126278,1.0,7.0,0.0,0.0,0.0,0.009262322196493549,9.0,26.666666666666668,0.0,1.0,1.0,0.5357833655705996,3.0,7.666666666666667,0.0,0.0,0.0,0.009262322196493549,9.0,26.666666666666668,0.0,0.0,0.0,0.3639126830616192,8.0,43.333333333333336
Time,9,0.0,1.0,1.0,0.0005532503457814661,3.0,8.6,0.0,1.0,1.0,0.00027662517289073305,2.0,7.6,0.0,1.0,1.0,0.0005532503457814661,3.0,8.6,0.0,1.0,1.0,0.00027662517289073305,2.0,7.6,0.0,1.0,1.0,0.0005532503457814661,3.0,8.6,0.0,1.0,1.0,0.0005532503457814661,3.0,8.6,0.0,1.0,1.0,0.0005532503457814661,3.0,8.6,0.0,1.0,1.0,0.0005532503457814661,3.0,8.6,0.0,1.0,1.0,0.0005532503457814661,3.0,8.6,0.0,1.0,1.0,0.0005532503457814661,3.0,8.6,0.0,0.0,1.0,0.8567081604426002,4.0,9.6,0.0,1.0,1.0,0.0006618133686300463,3.0,8.6,0.0,0.0,1.0,0.8567081604426002,4.0,9.6,0.0,1.0,1.0,0.0006618133686300463,3.0,8.6,0.0,0.0,0.0,0.318118948824343,6.0,51.2
Time,10,0.0,0.0,1.0,0.0018181818181818182,5.0,5.0,0.0,1.0,1.0,0.001038961038961039,2.0,2.0,0.0,1.0,1.0,0.0015584415584415584,3.0,3.0,0.0,1.0,1.0,0.00012987012987012987,2.0,2.0,0.0,1.0,1.0,0.00012987012987012987,2.0,2.0,0.0,1.0,1.0,0.0009090909090909091,3.0,3.0,0.0,1.0,1.0,0.00012987012987012987,2.0,2.0,0.0,0.0,1.0,0.0016883116883116883,4.0,4.0,0.0,1.0,1.0,0.00012987012987012987,2.0,2.0,0.0,1.0,1.0,0.00012987012987012987,2.0,2.0,0.0,0.0,0.0,0.7731168831168831,16.0,16.0,0.0,1.0,1.0,0.00014558159848595138,2.0,2.0,0.0,0.0,0.0,0.7712987012987013,14.0,14.0,0.0,1.0,1.0,0.0010190711894016596,3.0,3.0,0.0,0.0,0.0,0.3116883116883117,9.0,9.0
Time,11,0.0,1.0,1.0,0.002004811547714515,3.0,3.0,0.0,1.0,1.0,0.00020048115477145148,2.0,2.0,0.0,1.0,1.0,0.002004811547714515,3.0,3.0,0.0,1.0,1.0,0.00020048115477145148,2.0,2.0,0.0,1.0,1.0,0.002004811547714515,3.0,3.0,0.0,1.0,1.0,0.002004811547714515,3.0,3.0,0.0,1.0,1.0,0.002004811547714515,3.0,3.0,0.0,1.0,1.0,0.002004811547714515,3.0,3.0,0.0,1.0,1.0,0.002004811547714515,3.0,3.0,0.0,1.0,1.0,0.002004811547714515,3.0,3.0,0.0,0.0,1.0,0.7223336006415397,4.0,4.0,0.0,1.0,1.0,0.00225377507324769,3.0,3.0,0.0,0.0,1.0,0.7223336006415397,4.0,4.0,0.0,1.0,1.0,0.00225377507324769,3.0,3.0,0.0,0.0,1.0,0.11246992782678428,4.0,4.0
Time,12,1.0,1.0,1.0,0.0,1.0,3.0,0.0,0.0,0.0,0.0034209578682030967,8.0,11.0,0.0,1.0,1.0,0.0009002520705797623,3.0,6.0,0.0,0.0,0.0,0.007742167806985956,19.0,20.0,0.0,1.0,1.0,0.00018005041411595248,2.0,5.5,0.0,1.0,1.0,0.00018005041411595248,2.0,6.0,0.0,0.0,0.0,0.2842996038890889,230.0,231.0,1.0,1.0,1.0,0.0,1.0,3.0,0.0,1.0,1.0,0.00018005041411595248,2.0,5.5,0.0,0.0,0.0,0.11685271876125315,162.0,163.0,0.0,1.0,1.0,0.7142599927979835,2.0,3.0,0.0,1.0,1.0,0.0008235536339304097,3.0,6.5,1.0,1.0,1.0,0.0,1.0,3.0,1.0,1.0,1.0,0.0,1.0,5.5,0.0,0.0,1.0,0.0009002520705797623,4.0,7.0
Time,13,0.0,0.0,0.0,,,,0.0,0.0,0.0,,,,0.0,0.0,0.0,,,,0.0,0.0,0.0,,,,0.0,0.0,0.0,,,,0.0,0.0,0.0,,,,0.0,0.0,0.0,,,,0.0,0.0,0.0,,,,0.0,0.0,0.0,,,,0.0,0.0,0.0,,,,0.0,0.0,0.0,,,,0.0,0.0,0.0,,,,0.0,0.0,0.0,,,,0.0,0.0,0.0,,,,0.0,0.0,0.0,,,
Time,14,0.0,0.0,1.0,0.0011509135376204863,4.0,4.0,0.0,1.0,1.0,0.00014386419220256078,2.0,2.0,0.0,1.0,1.0,0.00014386419220256078,2.0,2.0,1.0,1.0,1.0,0.0,1.0,1.0,0.0,1.0,1.0,0.00014386419220256078,2.0,2.0,0.0,1.0,1.0,0.00014386419220256078,2.0,2.0,1.0,1.0,1.0,0.0,1.0,1.0,0.0,1.0,1.0,0.00014386419220256078,2.0,2.0,0.0,1.0,1.0,0.00014386419220256078,2.0,2.0,1.0,1.0,1.0,0.0,1.0,1.0,0.0,0.0,0.0,0.7162998129765501,36.0,36.0,0.0,1.0,1.0,0.00016633399866932801,2.0,2.0,0.0,0.0,0.0,0.7069486404833837,19.0,19.0,0.0,1.0,1.0,0.00016633399866932801,2.0,2.0,1.0,1.0,1.0,0.0,1.0,1.0
Time,15,0.0,1.0,1.0,0.005714285714285714,2.0,2.0,1.0,1.0,1.0,0.0,1.0,1.0,0.0,1.0,1.0,0.005714285714285714,2.0,2.0,1.0,1.0,1.0,0.0,1.0,1.0,0.0,1.0,1.0,0.005714285714285714,2.0,2.0,0.0,1.0,1.0,0.005714285714285714,2.0,2.0,0.0,1.0,1.0,0.005714285714285714,2.0,2.0,0.0,1.0,1.0,0.005714285714285714,2.0,2.0,0.0,1.0,1.0,0.005714285714285714,2.0,2.0,0.0,1.0,1.0,0.005714285714285714,2.0,2.0,0.0,1.0,1.0,0.9657142857142857,3.0,3.0,0.0,1.0,1.0,0.006211180124223602,2.0,2.0,0.0,1.0,1.0,0.9657142857142857,3.0,3.0,0.0,1.0,1.0,0.006211180124223602,2.0,2.0,0.0,0.0,0.0,0.5885714285714285,11.0,11.0
Time,16,0.0,0.0,0.0,,,,0.0,0.0,0.0,,,,0.0,0.0,0.0,,,,0.0,0.0,0.0,,,,0.0,0.0,0.0,,,,0.0,0.0,0.0,,,,0.0,0.0,0.0,,,,0.0,0.0,0.0,,,,0.0,0.0,0.0,,,,0.0,0.0,0.0,,,,0.0,0.0,0.0,,,,0.0,0.0,0.0,,,,0.0,0.0,0.0,,,,0.0,0.0,0.0,,,,0.0,0.0,0.0,,,
Time,17,1.0,1.0,1.0,0.0,1.0,1.0,1.0,1.0,1.0,0.0,1.0,1.0,1.0,1.0,1.0,0.0,1.0,1.0,1.0,1.0,1.0,0.0,1.0,1.0,1.0,1.0,1.0,0.0,1.0,1.0,1.0,1.0,1.0,0.0,1.0,1.0,1.0,1.0,1.0,0.0,1.0,1.0,1.0,1.0,1.0,0.0,1.0,1.0,1.0,1.0,1.0,0.0,1.0,1.0,1.0,1.0,1.0,0.0,1.0,1.0,0.0,1.0,1.0,0.7348274993704357,2.0,2.0,1.0,1.0,1.0,0.0,1.0,1.0,0.0,1.0,1.0,0.7348274993704357,2.0,2.0,1.0,1.0,1.0,0.0,1.0,1.0,1.0,1.0,1.0,0.0,1.0,1.0
Time,18,0.0,1.0,1.0,0.000687915615684476,3.0,76.5,0.0,1.0,1.0,0.000687915615684476,3.0,76.5,0.0,1.0,1.0,0.000687915615684476,3.0,76.5,0.0,1.0,1.0,0.000687915615684476,3.0,76.5,0.0,1.0,1.0,0.000687915615684476,3.0,76.5,0.0,1.0,1.0,0.000687915615684476,3.0,76.5,0.0,0.0,0.0,0.0710846136207292,24.0,95.5,0.0,1.0,1.0,0.000687915615684476,3.0,76.5,0.0,1.0,1.0,0.000687915615684476,3.0,76.5,0.0,1.0,1.0,0.000687915615684476,3.0,76.0,1.0,1.0,1.0,0.5001146526026141,1.0,2.5,0.0,1.0,1.0,0.000785751702462022,3.0,76.5,0.0,1.0,1.0,0.5003439578078422,2.0,3.0,0.0,1.0,1.0,0.000785751702462022,3.0,76.5,0.0,0.0,0.0,0.48452189864709927,19.0,20.5
Time,19,0.0,0.0,0.0,0.030500705218617773,60.0,60.0,0.0,0.0,0.0,0.030500705218617773,60.0,60.0,0.0,0.0,0.0,0.030500705218617773,60.0,60.0,0.0,0.0,0.0,0.030500705218617773,60.0,60.0,0.0,0.0,0.0,0.030500705218617773,60.0,60.0,0.0,0.0,0.0,0.030500705218617773,60.0,60.0,0.0,0.0,0.0,0.0691114245416079,75.0,75.0,0.0,0.0,0.0,0.030500705218617773,60.0,60.0,0.0,0.0,0.0,0.030500705218617773,60.0,60.0,0.0,0.0,0.0,0.030500705218617773,60.0,60.0,0.0,0.0,0.0,0.8705923836389281,95.0,95.0,0.0,0.0,0.0,0.19979550102249488,109.0,109.0,0.0,0.0,0.0,0.8705923836389281,95.0,95.0,0.0,0.0,0.0,0.19979550102249488,109.0,109.0,0.0,0.0,0.0,0.8846967559943583,344.0,344.0
Time,20,0.0,0.0,0.0,,,,0.0,0.0,0.0,,,,0.0,0.0,0.0,,,,0.0,0.0,0.0,,,,0.0,0.0,0.0,,,,0.0,0.0,0.0,,,,0.0,0.0,0.0,,,,0.0,0.0,0.0,,,,0.0,0.0,0.0,,,,0.0,0.0,0.0,,,,0.0,0.0,0.0,,,,0.0,0.0,0.0,,,,0.0,0.0,0.0,,,,0.0,0.0,0.0,,,,0.0,0.0,0.0,,,
Time,21,,,,,,,,,,,,,,,,,,,,,,,,,,,,,,,,,,,,,,,,,,,,,,,,,,,,,,,,,,,,,,,,,,,,,,,,,,,,,,,,,,,,,,,,,,
Time,22,0.0,0.0,0.0,0.021382289416846653,26.0,26.0,0.0,0.0,0.0,0.23909287257019438,154.0,154.0,0.0,0.0,0.0,0.02613390928725702,42.0,42.0,0.0,0.0,0.0,0.0034557235421166306,11.0,11.0,0.0,0.0,0.0,0.25118790496760257,157.0,157.0,0.0,0.0,0.0,0.05053995680345572,86.0,86.0,0.0,0.0,0.0,0.252267818574514,173.0,173.0,0.0,0.0,0.0,0.023326133909287255,27.0,27.0,0.0,0.0,0.0,0.25118790496760257,157.0,157.0,0.0,0.0,0.0,0.20259179265658747,161.0,161.0,0.0,0.0,0.0,0.7103671706263499,47.0,47.0,0.0,0.0,0.0,0.286376953125,164.0,164.0,0.0,0.0,0.0,0.7103671706263499,47.0,47.0,0.0,0.0,0.0,0.28662109375,161.0,161.0,0.0,0.0,0.0,0.7587473002159827,147.0,147.0
Time,23,0.0,0.0,0.0,0.17647058823529413,28.0,28.0,0.0,0.0,0.0,0.056293485135989876,15.0,15.0,0.0,0.0,0.0,0.05945604048070841,20.0,20.0,0.0,0.0,0.0,0.17710309930423782,29.0,29.0,0.0,0.0,0.0,0.056925996204933584,16.0,16.0,0.0,0.0,0.0,0.07526881720430108,22.0,22.0,1.0,1.0,1.0,0.0,1.0,1.0,0.0,0.0,0.0,0.05945604048070841,20.0,20.0,0.0,0.0,0.0,0.056925996204933584,16.0,16.0,0.0,0.0,0.0,0.07463630613535736,21.0,21.0,0.0,0.0,0.0,0.9089184060721063,17.0,17.0,0.0,0.0,0.0,0.16313094367227504,6.0,6.0,0.0,0.0,0.0,0.9177735610373181,17.0,17.0,0.0,0.0,0.0,0.16386247256766642,7.0,7.0,0.0,0.0,0.0,0.14104996837444655,6.0,6.0
Time,24,0.0,0.0,0.0,0.4113408939292862,497.0,497.0,0.0,0.0,0.0,0.4113408939292862,490.0,490.0,0.0,0.0,0.0,0.4113408939292862,476.0,476.0,0.0,0.0,0.0,0.4113408939292862,497.0,497.0,0.0,0.0,0.0,0.4113408939292862,487.0,487.0,0.0,0.0,0.0,0.4113408939292862,498.0,498.0,0.0,0.0,0.0,0.38345563709139424,498.0,498.0,0.0,0.0,0.0,0.4113408939292862,484.0,484.0,0.0,0.0,0.0,0.4113408939292862,486.0,486.0,0.0,0.0,0.0,0.4113408939292862,493.0,493.0,1.0,1.0,1.0,0.0,1.0,1.0,0.0,0.0,0.0,,,,0.0,0.0,0.0,0.004402935290193462,7.0,7.0,0.0,0.0,0.0,,,,0.0,0.0,0.0,0.20360240160106738,211.0,211.0
Time,25,0.0,0.0,0.0,,,,0.0,0.0,0.0,,,,0.0,0.0,0.0,,,,0.0,0.0,0.0,,,,0.0,0.0,0.0,,,,0.0,0.0,0.0,,,,0.0,0.0,0.0,,,,0.0,0.0,0.0,,,,0.0,0.0,0.0,,,,0.0,0.0,0.0,,,,0.0,0.0,0.0,,,,0.0,0.0,0.0,,,,0.0,0.0,0.0,,,,0.0,0.0,0.0,,,,0.0,0.0,0.0,,,
Time,26,0.0,0.0,0.0,,,,0.0,0.0,0.0,,,,0.0,0.0,0.0,,,,0.0,0.0,0.0,,,,0.0,0.0,0.0,,,,0.0,0.0,0.0,,,,0.0,0.0,0.0,,,,0.0,0.0,0.0,,,,0.0,0.0,0.0,,,,0.0,0.0,0.0,,,,0.0,0.0,0.0,,,,0.0,0.0,0.0,,,,0.0,0.0,0.0,,,,0.0,0.0,0.0,,,,0.0,0.0,0.0,,,
Math,1,1.0,1.0,1.0,0.0,1.0,1.0,0.0,1.0,1.0,0.0011824990145841545,2.0,2.0,0.0,1.0,1.0,0.0011824990145841545,2.0,2.0,0.0,0.0,0.0,0.005124162396531336,7.0,7.0,0.0,1.0,1.0,0.0011824990145841545,2.0,2.0,0.0,1.0,1.0,0.0011824990145841545,2.0,2.0,0.0,0.0,0.0,0.13992905005912495,15.0,15.0,1.0,1.0,1.0,0.0,1.0,1.0,0.0,1.0,1.0,0.0011824990145841545,2.0,2.0,0.0,0.0,0.0,0.1344107213243989,13.0,13.0,0.0,1.0,1.0,0.793062672447773,2.0,2.0,0.0,1.0,1.0,0.0012200081333875558,2.0,2.0,1.0,1.0,1.0,0.0,1.0,1.0,1.0,1.0,1.0,0.0,1.0,1.0,0.0,1.0,1.0,0.0015766653527788726,2.0,2.0
Math,2,1.0,1.0,1.0,0.0,1.0,1.0,1.0,1.0,1.0,0.0,1.0,1.0,1.0,1.0,1.0,0.0,1.0,1.0,1.0,1.0,1.0,0.0,1.0,1.0,1.0,1.0,1.0,0.0,1.0,1.0,1.0,1.0,1.0,0.0,1.0,1.0,1.0,1.0,1.0,0.0,1.0,1.0,1.0,1.0,1.0,0.0,1.0,1.0,1.0,1.0,1.0,0.0,1.0,1.0,1.0,1.0,1.0,0.0,1.0,1.0,0.0,1.0,1.0,0.9393792434529583,2.0,2.0,1.0,1.0,1.0,0.0,1.0,1.0,0.0,1.0,1.0,0.9393792434529583,2.0,2.0,1.0,1.0,1.0,0.0,1.0,1.0,0.0,0.0,0.0,0.4005819592628516,17.0,17.0
Math,3,0.0,0.0,0.0,,,,0.0,0.0,0.0,,,,0.0,0.0,0.0,,,,0.0,0.0,0.0,,,,0.0,0.0,0.0,,,,0.0,0.0,0.0,,,,0.0,0.0,0.0,,,,0.0,0.0,0.0,,,,0.0,0.0,0.0,,,,0.0,0.0,0.0,,,,0.0,0.0,0.0,,,,0.0,0.0,0.0,,,,0.0,0.0,0.0,,,,0.0,0.0,0.0,,,,0.0,0.0,0.0,,,
Math,4,0.0,0.0,0.0,,,,0.0,0.0,0.0,,,,0.0,0.0,0.0,,,,0.0,0.0,0.0,,,,0.0,0.0,0.0,,,,0.0,0.0,0.0,,,,0.0,0.0,0.0,,,,0.0,0.0,0.0,,,,0.0,0.0,0.0,,,,0.0,0.0,0.0,,,,0.0,0.0,0.0,,,,0.0,0.0,0.0,,,,0.0,0.0,0.0,,,,0.0,0.0,0.0,,,,0.0,0.0,0.0,,,
Math,5,1.0,1.0,1.0,0.0,1.0,1.0,0.0,0.0,0.0,0.10434782608695652,8.0,8.0,1.0,1.0,1.0,0.0,1.0,1.0,0.0,0.0,0.0,0.10434782608695652,8.0,8.0,1.0,1.0,1.0,0.0,1.0,1.0,1.0,1.0,1.0,0.0,1.0,1.0,1.0,1.0,1.0,0.0,1.0,1.0,1.0,1.0,1.0,0.0,1.0,1.0,1.0,1.0,1.0,0.0,1.0,1.0,1.0,1.0,1.0,0.0,1.0,1.0,0.0,1.0,1.0,0.9173913043478261,2.0,2.0,1.0,1.0,1.0,0.0,1.0,1.0,1.0,1.0,1.0,0.0,1.0,1.0,1.0,1.0,1.0,0.0,1.0,1.0,1.0,1.0,1.0,0.0,1.0,1.0
Math,6,0.0,0.0,0.0,0.05295607178245073,14.0,110.625,0.0,0.0,0.0,0.06077287239898712,53.0,216.25,0.0,0.0,0.0,0.0764064736320599,54.0,186.375,0.0,0.0,0.0,0.008147087966530882,26.0,169.0,0.0,0.0,0.0,0.06969063084883849,61.0,213.6875,0.0,0.0,0.0,0.07156225916547396,63.0,216.0625,0.0,0.0,0.0,0.005284597599911923,17.0,253.1875,0.0,0.0,0.0,0.06451612903225806,29.0,139.4375,0.0,0.0,0.0,0.06969063084883849,61.0,213.6875,0.0,0.0,0.0,0.0051745018165804246,17.0,252.9375,1.0,1.0,1.0,0.5647913684905869,1.0,50.625,0.0,0.0,0.0,0.07124955245255997,59.0,211.06666666666666,0.0,0.0,0.0,0.5946273257734229,17.0,60.0,0.0,0.0,0.0,0.08676453037355293,65.0,207.73333333333332,0.0,0.0,0.0,0.00759660904987339,24.0,162.0
Math,7,0.0,0.0,1.0,0.002753872633390706,4.0,77.33333333333333,0.0,0.0,1.0,0.002753872633390706,4.0,77.33333333333333,0.0,0.0,1.0,0.002753872633390706,4.0,77.33333333333333,0.0,0.0,1.0,0.002753872633390706,4.0,77.33333333333333,0.0,0.0,1.0,0.002753872633390706,4.0,77.33333333333333,0.0,0.0,1.0,0.002753872633390706,4.0,77.33333333333333,0.0,0.0,1.0,0.002753872633390706,4.0,79.88888888888889,0.0,0.0,1.0,0.002753872633390706,4.0,77.33333333333333,0.0,0.0,1.0,0.002753872633390706,4.0,77.33333333333333,0.0,0.0,1.0,0.002753872633390706,4.0,77.33333333333333,1.0,1.0,1.0,0.5521514629948365,1.0,3.3333333333333335,0.0,0.0,1.0,0.0028912179255511385,4.0,77.33333333333333,1.0,1.0,1.0,0.5521514629948365,1.0,3.3333333333333335,0.0,0.0,1.0,0.0028912179255511385,4.0,77.33333333333333,0.0,1.0,1.0,0.15215146299483648,3.0,11.88888888888889
Math,8,1.0,1.0,1.0,0.0,1.0,1.0,0.0,0.0,0.0,0.17738589211618258,16.0,16.0,1.0,1.0,1.0,0.0,1.0,1.0,0.0,0.0,0.0,0.17738589211618258,16.0,16.0,1.0,1.0,1.0,0.0,1.0,1.0,1.0,1.0,1.0,0.0,1.0,1.0,1.0,1.0,1.0,0.0,1.0,1.0,1.0,1.0,1.0,0.0,1.0,1.0,1.0,1.0,1.0,0.0,1.0,1.0,1.0,1.0,1.0,0.0,1.0,1.0,0.0,1.0,1.0,0.8796680497925311,2.0,2.0,1.0,1.0,1.0,0.0,1.0,1.0,1.0,1.0,1.0,0.0,1.0,1.0,1.0,1.0,1.0,0.0,1.0,1.0,1.0,1.0,1.0,0.0,1.0,1.0
Math,9,1.0,1.0,1.0,0.0,1.0,1.0,0.0,0.0,0.0,0.06601580660158066,15.0,15.0,1.0,1.0,1.0,0.0,1.0,1.0,0.0,0.0,0.0,0.06601580660158066,15.0,15.0,1.0,1.0,1.0,0.0,1.0,1.0,1.0,1.0,1.0,0.0,1.0,1.0,1.0,1.0,1.0,0.0,1.0,1.0,1.0,1.0,1.0,0.0,1.0,1.0,1.0,1.0,1.0,0.0,1.0,1.0,1.0,1.0,1.0,0.0,1.0,1.0,0.0,1.0,1.0,0.9479311947931195,2.0,2.0,1.0,1.0,1.0,0.0,1.0,1.0,1.0,1.0,1.0,0.0,1.0,1.0,1.0,1.0,1.0,0.0,1.0,1.0,1.0,1.0,1.0,0.0,1.0,1.0
Math,10,0.0,0.0,0.0,,,,0.0,0.0,0.0,,,,0.0,0.0,0.0,,,,0.0,0.0,0.0,,,,0.0,0.0,0.0,,,,0.0,0.0,0.0,,,,0.0,0.0,0.0,,,,0.0,0.0,0.0,,,,0.0,0.0,0.0,,,,0.0,0.0,0.0,,,,0.0,0.0,0.0,,,,0.0,0.0,0.0,,,,0.0,0.0,0.0,,,,0.0,0.0,0.0,,,,0.0,0.0,0.0,,,
Math,11,1.0,1.0,1.0,0.0,1.0,1.0,1.0,1.0,1.0,0.0,1.0,1.0,1.0,1.0,1.0,0.0,1.0,1.0,1.0,1.0,1.0,0.0,1.0,1.0,1.0,1.0,1.0,0.0,1.0,1.0,1.0,1.0,1.0,0.0,1.0,1.0,1.0,1.0,1.0,0.0,1.0,1.0,1.0,1.0,1.0,0.0,1.0,1.0,1.0,1.0,1.0,0.0,1.0,1.0,1.0,1.0,1.0,0.0,1.0,1.0,0.0,1.0,1.0,0.9208910466942739,2.0,2.0,1.0,1.0,1.0,0.0,1.0,1.0,0.0,1.0,1.0,0.9208910466942739,2.0,2.0,1.0,1.0,1.0,0.0,1.0,1.0,1.0,1.0,1.0,0.0,1.0,1.0
Math,12,0.0,0.0,0.0,,,,0.0,0.0,0.0,,,,0.0,0.0,0.0,,,,0.0,0.0,0.0,,,,0.0,0.0,0.0,,,,0.0,0.0,0.0,,,,0.0,0.0,0.0,,,,0.0,0.0,0.0,,,,0.0,0.0,0.0,,,,0.0,0.0,0.0,,,,0.0,0.0,0.0,,,,0.0,0.0,0.0,,,,0.0,0.0,0.0,,,,0.0,0.0,0.0,,,,0.0,0.0,0.0,,,
Math,15,0.0,1.0,1.0,0.0017476406850751485,3.0,3.0,0.0,1.0,1.0,0.0017476406850751485,3.0,3.0,0.0,1.0,1.0,0.0017476406850751485,3.0,3.0,0.0,1.0,1.0,0.0017476406850751485,3.0,3.0,0.0,1.0,1.0,0.0017476406850751485,3.0,3.0,0.0,1.0,1.0,0.0017476406850751485,3.0,3.0,0.0,1.0,1.0,0.0017476406850751485,3.0,3.0,0.0,1.0,1.0,0.0017476406850751485,3.0,3.0,0.0,1.0,1.0,0.0017476406850751485,3.0,3.0,0.0,1.0,1.0,0.0017476406850751485,3.0,3.0,0.0,0.0,1.0,0.7245718280321566,4.0,4.0,0.0,1.0,1.0,0.001846381093057607,3.0,3.0,0.0,0.0,1.0,0.7245718280321566,4.0,4.0,0.0,1.0,1.0,0.001846381093057607,3.0,3.0,0.0,0.0,0.0,0.5927997203774904,50.0,50.0
Math,16,1.0,1.0,1.0,0.0,1.0,15.166666666666666,0.0,1.0,1.0,0.0014044943820224719,3.0,15.666666666666666,1.0,1.0,1.0,0.0,1.0,15.166666666666666,0.0,0.0,0.0,0.22015449438202248,7.0,17.666666666666668,0.0,1.0,1.0,0.0014044943820224719,3.0,16.333333333333332,0.0,1.0,1.0,0.0014044943820224719,3.0,16.333333333333332,0.0,0.0,0.0,0.24578651685393257,26.0,35.0,1.0,1.0,1.0,0.0,1.0,15.166666666666666,0.0,1.0,1.0,0.0014044943820224719,3.0,16.333333333333332,0.0,0.0,0.0,0.24157303370786518,25.0,26.666666666666668,1.0,1.0,1.0,0.01580056179775281,1.0,1.6666666666666667,0.0,1.0,1.0,0.001484230055658627,3.0,16.333333333333332,1.0,1.0,1.0,0.01580056179775281,1.0,1.6666666666666667,0.0,1.0,1.0,0.001484230055658627,3.0,16.333333333333332,0.0,0.0,0.0,0.3163623595505618,9.0,17.166666666666668
Math,17,0.0,0.0,0.0,0.07308970099667775,13.0,13.0,0.0,0.0,0.0,0.05149501661129568,12.0,12.0,0.0,0.0,0.0,0.07308970099667775,13.0,13.0,0.0,0.0,0.0,0.05149501661129568,12.0,12.0,0.0,0.0,0.0,0.07308970099667775,13.0,13.0,0.0,0.0,0.0,0.07890365448504984,13.0,13.0,0.0,0.0,0.0,0.07308970099667775,13.0,13.0,0.0,0.0,0.0,0.07308970099667775,13.0,13.0,0.0,0.0,0.0,0.07308970099667775,13.0,13.0,0.0,0.0,0.0,0.07890365448504984,13.0,13.0,0.0,0.0,0.0,0.9617940199335548,14.0,14.0,0.0,0.0,0.0,0.6116681859617138,13.0,13.0,0.0,0.0,0.0,0.9626245847176079,14.0,14.0,0.0,0.0,0.0,0.6116681859617138,13.0,13.0,0.0,0.0,0.0,0.8870431893687708,30.0,30.0
Math,18,0.0,0.0,0.0,,,,0.0,0.0,0.0,,,,0.0,0.0,0.0,,,,0.0,0.0,0.0,,,,0.0,0.0,0.0,,,,0.0,0.0,0.0,,,,0.0,0.0,0.0,,,,0.0,0.0,0.0,,,,0.0,0.0,0.0,,,,0.0,0.0,0.0,,,,0.0,0.0,0.0,,,,0.0,0.0,0.0,,,,0.0,0.0,0.0,,,,0.0,0.0,0.0,,,,0.0,0.0,0.0,,,
Math,19,0.0,0.0,0.0,,,,0.0,0.0,0.0,,,,0.0,0.0,0.0,,,,0.0,0.0,0.0,,,,0.0,0.0,0.0,,,,0.0,0.0,0.0,,,,0.0,0.0,0.0,,,,0.0,0.0,0.0,,,,0.0,0.0,0.0,,,,0.0,0.0,0.0,,,,0.0,0.0,0.0,,,,0.0,0.0,0.0,,,,0.0,0.0,0.0,,,,0.0,0.0,0.0,,,,0.0,0.0,0.0,,,
Math,20,0.0,0.0,0.0,,,,0.0,0.0,0.0,,,,0.0,0.0,0.0,,,,0.0,0.0,0.0,,,,0.0,0.0,0.0,,,,0.0,0.0,0.0,,,,0.0,0.0,0.0,,,,0.0,0.0,0.0,,,,0.0,0.0,0.0,,,,0.0,0.0,0.0,,,,0.0,0.0,0.0,,,,0.0,0.0,0.0,,,,0.0,0.0,0.0,,,,0.0,0.0,0.0,,,,0.0,0.0,0.0,,,
Math,21,0.0,1.0,1.0,0.0027943368107302535,2.0,2.0,1.0,1.0,1.0,0.0,1.0,1.0,1.0,1.0,1.0,0.0,1.0,1.0,1.0,1.0,1.0,0.0,1.0,1.0,1.0,1.0,1.0,0.0,1.0,1.0,1.0,1.0,1.0,0.0,1.0,1.0,1.0,1.0,1.0,0.0,1.0,1.0,1.0,1.0,1.0,0.0,1.0,1.0,1.0,1.0,1.0,0.0,1.0,1.0,1.0,1.0,1.0,0.0,1.0,1.0,0.0,0.0,1.0,0.9649776453055141,4.0,4.0,1.0,1.0,1.0,0.0,1.0,1.0,0.0,0.0,1.0,0.9649776453055141,4.0,4.0,1.0,1.0,1.0,0.0,1.0,1.0,1.0,1.0,1.0,0.0,1.0,1.0
Math,22,1.0,1.0,1.0,0.0,1.0,1.0,1.0,1.0,1.0,0.0,1.0,1.0,1.0,1.0,1.0,0.0,1.0,1.0,1.0,1.0,1.0,0.0,1.0,1.0,1.0,1.0,1.0,0.0,1.0,1.0,1.0,1.0,1.0,0.0,1.0,1.0,0.0,0.0,0.0,0.022618529795563287,7.0,7.0,1.0,1.0,1.0,0.0,1.0,1.0,1.0,1.0,1.0,0.0,1.0,1.0,0.0,0.0,0.0,0.022618529795563287,7.0,7.0,0.0,1.0,1.0,0.8760330578512396,2.0,2.0,1.0,1.0,1.0,0.0,1.0,1.0,1.0,1.0,1.0,0.0,1.0,1.0,1.0,1.0,1.0,0.0,1.0,1.0,1.0,1.0,1.0,0.0,1.0,1.0
Math,23,0.0,0.0,0.0,0.011723838471558836,7.0,31.5,0.0,0.0,0.0,0.011723838471558836,7.0,31.5,0.0,0.0,0.0,0.011723838471558836,7.0,31.5,0.0,0.0,0.0,0.011723838471558836,7.0,31.5,0.0,0.0,0.0,0.011723838471558836,7.0,31.5,0.0,0.0,0.0,0.011723838471558836,7.0,31.5,0.0,0.0,0.0,0.011723838471558836,7.0,34.0,0.0,0.0,0.0,0.011723838471558836,7.0,31.5,0.0,0.0,0.0,0.011723838471558836,7.0,31.5,0.0,0.0,0.0,0.011723838471558836,7.0,31.5,1.0,1.0,1.0,0.0,1.0,4.5,0.0,0.0,0.0,0.01157943492357573,7.0,31.5,1.0,1.0,1.0,0.0,1.0,4.5,0.0,0.0,0.0,0.01157943492357573,7.0,31.5,0.0,0.0,0.0,0.3590968302214503,11.0,13.0
Math,24,0.0,0.0,0.0,0.012189812799303439,7.0,31.5,0.0,0.0,0.0,0.012189812799303439,7.0,31.5,0.0,0.0,0.0,0.012189812799303439,7.0,31.5,0.0,0.0,0.0,0.012189812799303439,7.0,31.5,0.0,0.0,0.0,0.012189812799303439,7.0,31.5,0.0,0.0,0.0,0.012189812799303439,7.0,31.5,0.0,0.0,0.0,0.011319111885067479,7.0,34.0,0.0,0.0,0.0,0.012189812799303439,7.0,31.5,0.0,0.0,0.0,0.012189812799303439,7.0,31.5,0.0,0.0,0.0,0.012189812799303439,7.0,31.5,1.0,1.0,1.0,0.0,1.0,4.5,0.0,0.0,0.0,0.012999071494893221,7.0,31.5,0.0,1.0,1.0,0.0021767522855899,2.0,5.0,0.0,0.0,0.0,0.012999071494893221,7.0,31.5,0.0,0.0,0.0,0.36134087940792337,12.0,13.0
Math,25,0.0,0.0,0.0,,,,0.0,0.0,0.0,,,,0.0,0.0,0.0,,,,0.0,0.0,0.0,,,,0.0,0.0,0.0,,,,0.0,0.0,0.0,,,,0.0,0.0,0.0,,,,0.0,0.0,0.0,,,,0.0,0.0,0.0,,,,0.0,0.0,0.0,,,,0.0,0.0,0.0,,,,0.0,0.0,0.0,,,,0.0,0.0,0.0,,,,0.0,0.0,0.0,,,,0.0,0.0,0.0,,,
Math,26,0.0,0.0,0.0,0.008492569002123142,8.0,9.5,0.0,0.0,0.0,0.014012738853503185,7.0,8.5,0.0,0.0,0.0,0.008492569002123142,8.0,9.5,0.0,0.0,0.0,0.014012738853503185,7.0,8.5,0.0,0.0,0.0,0.008492569002123142,8.0,9.5,0.0,0.0,0.0,0.008492569002123142,8.0,9.5,0.0,0.0,0.0,0.008492569002123142,8.0,9.5,0.0,0.0,0.0,0.008492569002123142,8.0,9.5,0.0,0.0,0.0,0.008492569002123142,8.0,9.5,0.0,0.0,0.0,0.008492569002123142,8.0,9.5,0.0,0.0,0.0,0.8246284501061572,9.0,10.5,0.0,0.0,0.0,0.011289622231871473,8.0,9.5,0.0,0.0,0.0,0.8246284501061572,9.0,10.5,0.0,0.0,0.0,0.011289622231871473,8.0,9.5,0.0,0.0,0.0,0.6106157112526539,49.0,52.5
Math,27,1.0,1.0,1.0,0.0,1.0,1.0,1.0,1.0,1.0,0.0,1.0,1.0,1.0,1.0,1.0,0.0,1.0,1.0,1.0,1.0,1.0,0.0,1.0,1.0,1.0,1.0,1.0,0.0,1.0,1.0,1.0,1.0,1.0,0.0,1.0,1.0,1.0,1.0,1.0,0.0,1.0,1.0,1.0,1.0,1.0,0.0,1.0,1.0,1.0,1.0,1.0,0.0,1.0,1.0,1.0,1.0,1.0,0.0,1.0,1.0,0.0,1.0,1.0,0.9660493827160493,2.0,2.0,1.0,1.0,1.0,0.0,1.0,1.0,1.0,1.0,1.0,0.0,1.0,1.0,1.0,1.0,1.0,0.0,1.0,1.0,1.0,1.0,1.0,0.0,1.0,1.0
Math,28,0.0,1.0,1.0,0.0013534088986635088,3.0,4.5,0.0,1.0,1.0,0.0003383522246658772,2.0,3.5,0.0,1.0,1.0,0.0013534088986635088,3.0,4.5,0.0,1.0,1.0,0.0003383522246658772,2.0,3.5,0.0,1.0,1.0,0.0013534088986635088,3.0,4.5,0.0,1.0,1.0,0.0013534088986635088,3.0,4.5,0.0,1.0,1.0,0.0013534088986635088,3.0,4.5,0.0,1.0,1.0,0.0013534088986635088,3.0,4.5,0.0,1.0,1.0,0.0013534088986635088,3.0,4.5,0.0,1.0,1.0,0.0013534088986635088,3.0,4.5,0.0,0.0,1.0,0.9326679072914904,4.0,5.5,0.0,1.0,1.0,0.0003660992128866923,3.0,4.5,0.0,0.0,1.0,0.9326679072914904,4.0,5.5,0.0,1.0,1.0,0.0003660992128866923,3.0,4.5,0.0,0.0,1.0,0.07612925054982236,4.0,8.5
Math,29,1.0,1.0,1.0,0.0,1.0,1.8,1.0,1.0,1.0,0.0,1.0,9.8,1.0,1.0,1.0,0.0,1.0,2.6,0.0,0.0,0.0,0.03750738334317779,28.0,32.0,1.0,1.0,1.0,0.0,1.0,4.2,1.0,1.0,1.0,0.0,1.0,4.2,0.0,0.0,0.0,0.055522740696987594,42.0,43.6,1.0,1.0,1.0,0.0,1.0,1.8,1.0,1.0,1.0,0.0,1.0,4.2,0.0,0.0,0.0,0.05020673360897814,35.0,41.4,0.0,1.0,1.0,0.9400472533963379,2.0,2.4,1.0,1.0,1.0,0.0,1.0,5.0,1.0,1.0,1.0,0.0,1.0,2.6,1.0,1.0,1.0,0.0,1.0,1.8,1.0,1.0,1.0,0.0,1.0,3.4
Math,30,1.0,1.0,1.0,0.0,1.0,1.0,1.0,1.0,1.0,0.0,1.0,1.0,1.0,1.0,1.0,0.0,1.0,1.0,1.0,1.0,1.0,0.0,1.0,1.0,1.0,1.0,1.0,0.0,1.0,1.0,1.0,1.0,1.0,0.0,1.0,1.0,1.0,1.0,1.0,0.0,1.0,1.0,1.0,1.0,1.0,0.0,1.0,1.0,1.0,1.0,1.0,0.0,1.0,1.0,1.0,1.0,1.0,0.0,1.0,1.0,0.0,1.0,1.0,0.8832468495181616,2.0,2.0,1.0,1.0,1.0,0.0,1.0,1.0,1.0,1.0,1.0,0.0,1.0,1.0,1.0,1.0,1.0,0.0,1.0,1.0,1.0,1.0,1.0,0.0,1.0,1.0
Math,31,0.0,0.0,0.0,0.04798146922567836,44.0,82.34482758620689,0.0,0.0,0.0,0.03474520185307743,25.0,73.89655172413794,0.0,0.0,0.0,0.04665784248841827,39.0,78.75862068965517,0.0,0.0,0.0,0.05823957643944408,52.0,85.06896551724138,0.0,0.0,0.0,0.03507610853739246,25.0,73.89655172413794,0.0,0.0,0.0,0.03507610853739246,26.0,74.89655172413794,0.0,0.0,0.0,0.008934480476505625,11.0,69.65517241379311,0.0,0.0,0.0,0.04731965585704831,42.0,80.58620689655173,0.0,0.0,0.0,0.03507610853739246,25.0,73.89655172413794,0.0,0.0,0.0,0.008934480476505625,11.0,68.6896551724138,1.0,1.0,1.0,0.6098610191925877,1.0,27.724137931034484,0.0,0.0,0.0,0.03631961259079903,25.0,70.5,0.0,1.0,1.0,0.6101919258769027,2.0,28.310344827586206,0.0,0.0,0.0,0.03631961259079903,25.0,70.5,0.0,1.0,1.0,0.02746525479814692,3.0,74.20689655172414
Math,32,1.0,1.0,1.0,0.0,1.0,1.0,0.0,0.0,0.0,0.5171794871794871,92.0,92.0,1.0,1.0,1.0,0.0,1.0,1.0,0.0,0.0,0.0,0.5171794871794871,92.0,92.0,1.0,1.0,1.0,0.0,1.0,1.0,1.0,1.0,1.0,0.0,1.0,1.0,1.0,1.0,1.0,0.0,1.0,1.0,1.0,1.0,1.0,0.0,1.0,1.0,1.0,1.0,1.0,0.0,1.0,1.0,1.0,1.0,1.0,0.0,1.0,1.0,0.0,1.0,1.0,0.6430769230769231,2.0,2.0,1.0,1.0,1.0,0.0,1.0,1.0,1.0,1.0,1.0,0.0,1.0,1.0,1.0,1.0,1.0,0.0,1.0,1.0,1.0,1.0,1.0,0.0,1.0,1.0
Math,33,0.0,0.0,0.0,0.004709576138147566,7.0,7.0,0.0,0.0,0.0,0.004709576138147566,7.0,7.0,0.0,0.0,0.0,0.004709576138147566,7.0,7.0,0.0,0.0,0.0,0.004709576138147566,7.0,7.0,0.0,0.0,0.0,0.004709576138147566,7.0,7.0,0.0,0.0,0.0,0.004709576138147566,7.0,7.0,0.0,0.0,0.0,0.003663003663003663,7.0,7.0,0.0,0.0,0.0,0.004709576138147566,7.0,7.0,0.0,0.0,0.0,0.004709576138147566,7.0,7.0,0.0,0.0,0.0,0.004709576138147566,7.0,7.0,0.0,0.0,0.0,0.9331937903366475,8.0,8.0,0.0,0.0,0.0,0.003972758229284903,7.0,7.0,0.0,0.0,0.0,0.9356357927786499,8.0,8.0,0.0,0.0,0.0,0.003972758229284903,7.0,7.0,0.0,0.0,0.0,0.6640502354788069,22.0,22.0
Math,34,1.0,1.0,1.0,0.0,1.0,1.0,1.0,1.0,1.0,0.0,1.0,1.0,1.0,1.0,1.0,0.0,1.0,1.0,1.0,1.0,1.0,0.0,1.0,1.0,1.0,1.0,1.0,0.0,1.0,1.0,1.0,1.0,1.0,0.0,1.0,1.0,1.0,1.0,1.0,0.0,1.0,1.0,1.0,1.0,1.0,0.0,1.0,1.0,1.0,1.0,1.0,0.0,1.0,1.0,1.0,1.0,1.0,0.0,1.0,1.0,0.0,1.0,1.0,0.8351063829787234,2.0,2.0,1.0,1.0,1.0,0.0,1.0,1.0,1.0,1.0,1.0,0.0,1.0,1.0,1.0,1.0,1.0,0.0,1.0,1.0,1.0,1.0,1.0,0.0,1.0,1.0
Math,35,1.0,1.0,1.0,0.0,1.0,2.0,1.0,1.0,1.0,0.0,1.0,2.0,1.0,1.0,1.0,0.0,1.0,2.0,1.0,1.0,1.0,0.0,1.0,2.0,1.0,1.0,1.0,0.0,1.0,2.0,1.0,1.0,1.0,0.0,1.0,2.0,1.0,1.0,1.0,0.0,1.0,2.0,1.0,1.0,1.0,0.0,1.0,2.0,1.0,1.0,1.0,0.0,1.0,2.0,1.0,1.0,1.0,0.0,1.0,2.0,0.0,1.0,1.0,0.9709864603481625,2.0,3.0,1.0,1.0,1.0,0.0,1.0,2.0,0.0,1.0,1.0,0.9709864603481625,2.0,3.0,1.0,1.0,1.0,0.0,1.0,2.0,1.0,1.0,1.0,0.0,1.0,3.0
Math,36,1.0,1.0,1.0,0.001557632398753894,1.0,1.5,1.0,1.0,1.0,0.001557632398753894,1.0,2.5,1.0,1.0,1.0,0.001557632398753894,1.0,2.5,1.0,1.0,1.0,0.001557632398753894,1.0,1.5,1.0,1.0,1.0,0.001557632398753894,1.0,2.5,1.0,1.0,1.0,0.001557632398753894,1.0,2.5,0.0,0.0,1.0,0.5514018691588785,4.0,4.5,1.0,1.0,1.0,0.001557632398753894,1.0,2.5,1.0,1.0,1.0,0.001557632398753894,1.0,2.5,0.0,1.0,1.0,0.056074766355140186,3.0,3.5,0.0,1.0,1.0,0.4439252336448598,2.0,2.5,1.0,1.0,1.0,0.0016313213703099511,1.0,2.5,1.0,1.0,1.0,0.0,1.0,2.0,1.0,1.0,1.0,0.0016313213703099511,1.0,2.5,1.0,1.0,1.0,0.0,1.0,14.0
Math,37,0.0,1.0,1.0,0.005737234652897304,3.0,3.0,0.0,0.0,1.0,0.0068846815834767644,4.0,4.0,0.0,1.0,1.0,0.0068846815834767644,3.0,3.0,0.0,0.0,0.0,0.043029259896729774,10.0,10.0,0.0,0.0,1.0,0.0068846815834767644,4.0,4.0,0.0,0.0,1.0,0.0068846815834767644,4.0,4.0,0.0,0.0,0.0,0.14629948364888123,36.0,36.0,0.0,1.0,1.0,0.005737234652897304,3.0,3.0,0.0,0.0,1.0,0.0068846815834767644,4.0,4.0,0.0,0.0,0.0,0.11876075731497418,32.0,32.0,0.0,0.0,1.0,0.8554216867469879,5.0,5.0,0.0,0.0,1.0,0.007228915662650603,4.0,4.0,0.0,1.0,1.0,0.005737234652897304,3.0,3.0,0.0,1.0,1.0,0.006024096385542169,3.0,3.0,0.0,0.0,1.0,0.0068846815834767644,4.0,4.0
Math,38,1.0,1.0,1.0,0.0007892659826361484,1.0,12.0,0.0,0.0,0.0,0.08208366219415943,44.0,44.0,1.0,1.0,1.0,0.0007892659826361484,1.0,12.0,0.0,0.0,0.0,0.08208366219415943,44.0,44.0,1.0,1.0,1.0,0.0007892659826361484,1.0,12.0,1.0,1.0,1.0,0.0007892659826361484,1.0,12.0,1.0,1.0,1.0,0.0007892659826361484,1.0,12.0,1.0,1.0,1.0,0.0007892659826361484,1.0,12.0,1.0,1.0,1.0,0.0007892659826361484,1.0,12.0,1.0,1.0,1.0,0.0007892659826361484,1.0,12.0,1.0,1.0,1.0,0.0,1.0,1.75,1.0,1.0,1.0,0.0,1.0,1.0,1.0,1.0,1.0,0.0027624309392265192,1.0,1.25,1.0,1.0,1.0,0.0,1.0,1.0,1.0,1.0,1.0,0.0005919494869771113,1.0,1.5
Math,39,0.0,0.0,0.0,,,,0.0,0.0,0.0,,,,0.0,0.0,0.0,,,,0.0,0.0,0.0,,,,0.0,0.0,0.0,,,,0.0,0.0,0.0,,,,0.0,0.0,0.0,,,,0.0,0.0,0.0,,,,0.0,0.0,0.0,,,,0.0,0.0,0.0,,,,0.0,0.0,0.0,,,,0.0,0.0,0.0,,,,0.0,0.0,0.0,,,,0.0,0.0,0.0,,,,0.0,0.0,0.0,,,
Math,40,0.0,0.0,0.0,0.008977556109725686,9.0,30.0,0.0,0.0,0.0,0.008977556109725686,9.0,30.0,0.0,0.0,0.0,0.008977556109725686,9.0,30.0,0.0,0.0,0.0,0.008977556109725686,9.0,30.0,0.0,0.0,0.0,0.008977556109725686,9.0,30.0,0.0,0.0,0.0,0.008977556109725686,9.0,30.0,0.0,0.0,0.0,0.008977556109725686,9.0,37.5,0.0,0.0,0.0,0.008977556109725686,9.0,30.0,0.0,0.0,0.0,0.008977556109725686,9.0,30.0,0.0,0.0,0.0,0.008977556109725686,9.0,30.0,1.0,1.0,1.0,0.5002493765586035,1.0,5.5,0.0,0.0,0.0,0.009549071618037135,9.0,30.0,0.0,1.0,1.0,0.5835411471321695,2.0,6.0,0.0,0.0,0.0,0.009549071618037135,9.0,30.0,0.0,0.0,0.0,0.49326683291770573,23.0,24.5
Math,41,0.0,1.0,1.0,0.00749063670411985,2.0,2.0,0.0,1.0,1.0,0.00749063670411985,2.0,2.0,0.0,1.0,1.0,0.00749063670411985,2.0,2.0,0.0,1.0,1.0,0.00749063670411985,2.0,2.0,0.0,1.0,1.0,0.00749063670411985,2.0,2.0,0.0,1.0,1.0,0.00749063670411985,2.0,2.0,0.0,1.0,1.0,0.006955591225254147,2.0,2.0,0.0,1.0,1.0,0.00749063670411985,2.0,2.0,0.0,1.0,1.0,0.00749063670411985,2.0,2.0,0.0,1.0,1.0,0.00749063670411985,2.0,2.0,0.0,1.0,1.0,0.9400749063670412,3.0,3.0,0.0,1.0,1.0,0.0005668934240362812,2.0,2.0,0.0,1.0,1.0,0.9534510433386838,3.0,3.0,0.0,1.0,1.0,0.0005668934240362812,2.0,2.0,0.0,1.0,1.0,0.0005350454788657035,2.0,2.0
Math,42,0.0,0.0,1.0,0.005386620330147697,4.0,4.0,0.0,0.0,1.0,0.005386620330147697,4.0,4.0,0.0,0.0,1.0,0.005386620330147697,4.0,4.0,0.0,0.0,1.0,0.005386620330147697,4.0,4.0,0.0,0.0,1.0,0.005386620330147697,4.0,4.0,0.0,0.0,1.0,0.005386620330147697,4.0,4.0,0.0,0.0,1.0,0.005386620330147697,4.0,4.0,0.0,0.0,1.0,0.005386620330147697,4.0,4.0,0.0,0.0,1.0,0.005386620330147697,4.0,4.0,0.0,0.0,1.0,0.005386620330147697,4.0,4.0,0.0,0.0,1.0,0.9393570807993049,5.0,5.0,0.0,0.0,1.0,0.004919583727530747,4.0,4.0,0.0,0.0,1.0,0.9393570807993049,5.0,5.0,0.0,0.0,1.0,0.004919583727530747,4.0,4.0,0.0,0.0,0.0,0.6818418766290183,20.0,20.0
Math,43,0.0,0.0,0.0,0.014853647881170816,13.0,13.0,0.0,0.0,0.0,0.007863695937090432,7.0,7.0,0.0,0.0,0.0,0.013543031891655745,12.0,12.0,0.0,1.0,1.0,0.0008737439930100481,3.0,3.0,0.0,0.0,0.0,0.007426823940585408,7.0,7.0,0.0,0.0,0.0,0.007863695937090432,7.0,7.0,0.0,1.0,1.0,0.0008737439930100481,3.0,3.0,0.0,0.0,0.0,0.015727391874180863,12.0,12.0,0.0,0.0,0.0,0.007426823940585408,7.0,7.0,0.0,1.0,1.0,0.0008737439930100481,3.0,3.0,0.0,0.0,0.0,0.9183049366535605,37.0,37.0,0.0,0.0,0.0,0.0062082139446036294,7.0,7.0,0.0,0.0,0.0,0.9213630406290957,37.0,37.0,0.0,0.0,0.0,0.010506208213944603,8.0,8.0,0.0,0.0,0.0,0.6968108344255133,53.0,53.0
Math,44,0.0,1.0,1.0,0.002081887578070784,3.0,48.0,0.0,1.0,1.0,0.002081887578070784,3.0,48.0,0.0,1.0,1.0,0.002081887578070784,3.0,48.0,0.0,1.0,1.0,0.002081887578070784,3.0,48.0,0.0,1.0,1.0,0.002081887578070784,3.0,48.0,0.0,1.0,1.0,0.002081887578070784,3.0,48.0,0.0,1.0,1.0,0.002081887578070784,3.0,51.666666666666664,0.0,1.0,1.0,0.002081887578070784,3.0,48.0,0.0,1.0,1.0,0.002081887578070784,3.0,48.0,0.0,1.0,1.0,0.002081887578070784,3.0,48.0,1.0,1.0,1.0,0.2501734906315059,1.0,14.666666666666666,0.0,1.0,1.0,0.002178649237472767,3.0,48.0,1.0,1.0,1.0,0.2501734906315059,1.0,14.666666666666666,0.0,1.0,1.0,0.002178649237472767,3.0,48.0,0.0,0.0,0.0,0.3823733518390007,13.0,51.666666666666664
Math,45,1.0,1.0,1.0,0.0,1.0,1.0,1.0,1.0,1.0,0.0,1.0,1.0,1.0,1.0,1.0,0.0,1.0,1.0,1.0,1.0,1.0,0.0,1.0,1.0,1.0,1.0,1.0,0.0,1.0,1.0,1.0,1.0,1.0,0.0,1.0,1.0,1.0,1.0,1.0,0.0,1.0,1.0,1.0,1.0,1.0,0.0,1.0,1.0,1.0,1.0,1.0,0.0,1.0,1.0,1.0,1.0,1.0,0.0,1.0,1.0,0.0,1.0,1.0,0.9960758665794637,2.0,2.0,1.0,1.0,1.0,0.0,1.0,1.0,0.0,1.0,1.0,0.9960758665794637,2.0,2.0,1.0,1.0,1.0,0.0,1.0,1.0,0.0,0.0,0.0,0.6749509483322433,24.0,24.0
Math,46,0.0,1.0,1.0,0.0003736920777279522,2.0,21.0,1.0,1.0,1.0,0.0,1.0,20.5,1.0,1.0,1.0,0.0,1.0,20.0,1.0,1.0,1.0,0.0,1.0,20.5,1.0,1.0,1.0,0.0,1.0,20.0,0.0,1.0,1.0,0.0003736920777279522,2.0,21.0,1.0,1.0,1.0,0.0,1.0,21.0,0.0,1.0,1.0,0.0003736920777279522,2.0,21.0,1.0,1.0,1.0,0.0,1.0,20.0,1.0,1.0,1.0,0.0,1.0,20.5,1.0,1.0,1.0,0.12518684603886399,1.0,6.0,1.0,1.0,1.0,0.0,1.0,20.5,0.0,1.0,1.0,0.0003736920777279522,2.0,2.5,0.0,1.0,1.0,0.000392156862745098,2.0,21.0,1.0,1.0,1.0,0.0,1.0,3.5
Math,47,0.0,1.0,1.0,0.00037383177570093456,2.0,22.75,1.0,1.0,1.0,0.0,1.0,20.0,0.0,1.0,1.0,0.00037383177570093456,2.0,22.5,1.0,1.0,1.0,0.0,1.0,20.75,0.0,1.0,1.0,0.00037383177570093456,2.0,21.0,0.0,1.0,1.0,0.00037383177570093456,2.0,21.0,0.0,1.0,1.0,0.00037383177570093456,2.0,15.25,0.0,1.0,1.0,0.00037383177570093456,2.0,22.75,0.0,1.0,1.0,0.00037383177570093456,2.0,21.0,0.0,1.0,1.0,0.00037383177570093456,2.0,15.0,1.0,1.0,1.0,0.6198130841121495,1.0,21.25,0.0,1.0,1.0,0.00039231071008238524,2.0,20.75,0.0,1.0,1.0,0.00037383177570093456,2.0,19.25,0.0,1.0,1.0,0.00039231071008238524,2.0,21.25,0.0,1.0,1.0,0.00037383177570093456,2.0,33.75
Math,48,0.0,1.0,1.0,0.0015807777426493834,3.0,3.0,0.0,1.0,1.0,0.0015807777426493834,3.0,3.0,0.0,1.0,1.0,0.0015807777426493834,3.0,3.0,0.0,1.0,1.0,0.0015807777426493834,3.0,3.0,0.0,1.0,1.0,0.0015807777426493834,3.0,3.0,0.0,1.0,1.0,0.0015807777426493834,3.0,3.0,0.0,1.0,1.0,0.0015807777426493834,3.0,3.0,0.0,1.0,1.0,0.0015807777426493834,3.0,3.0,0.0,1.0,1.0,0.0015807777426493834,3.0,3.0,0.0,1.0,1.0,0.0015807777426493834,3.0,3.0,0.0,0.0,1.0,0.7673095162820107,4.0,4.0,0.0,1.0,1.0,0.0016672224074691564,3.0,3.0,0.0,0.0,1.0,0.7673095162820107,4.0,4.0,0.0,1.0,1.0,0.0016672224074691564,3.0,3.0,0.0,0.0,0.0,0.3278533038254821,7.0,7.0
Math,49,1.0,1.0,1.0,0.00030950170225936243,1.0,22.75,1.0,1.0,1.0,0.00030950170225936243,1.0,22.75,1.0,1.0,1.0,0.00030950170225936243,1.0,22.75,1.0,1.0,1.0,0.00030950170225936243,1.0,22.75,1.0,1.0,1.0,0.00030950170225936243,1.0,22.75,1.0,1.0,1.0,0.00030950170225936243,1.0,22.75,1.0,1.0,1.0,0.00030950170225936243,1.0,23.0,1.0,1.0,1.0,0.00030950170225936243,1.0,22.75,1.0,1.0,1.0,0.00030950170225936243,1.0,22.75,1.0,1.0,1.0,0.00030950170225936243,1.0,22.75,1.0,1.0,1.0,0.0,1.0,1.25,1.0,1.0,1.0,0.0020222446916076846,1.0,15.5,1.0,1.0,1.0,0.00030950170225936243,1.0,1.75,1.0,1.0,1.0,0.0020222446916076846,1.0,15.5,1.0,1.0,1.0,0.0,1.0,3.0
Math,50,1.0,1.0,1.0,0.0,1.0,1.6666666666666667,0.0,1.0,1.0,0.0003178639542275906,2.0,24.666666666666668,1.0,1.0,1.0,0.0,1.0,1.6666666666666667,0.0,1.0,1.0,0.0003178639542275906,2.0,24.666666666666668,1.0,1.0,1.0,0.0,1.0,1.6666666666666667,1.0,1.0,1.0,0.0,1.0,1.6666666666666667,1.0,1.0,1.0,0.0,1.0,1.6666666666666667,1.0,1.0,1.0,0.0,1.0,1.6666666666666667,1.0,1.0,1.0,0.0,1.0,1.6666666666666667,1.0,1.0,1.0,0.0,1.0,1.6666666666666667,0.0,1.0,1.0,0.8753973299427845,2.0,2.6666666666666665,1.0,1.0,1.0,0.0,1.0,1.6666666666666667,1.0,1.0,1.0,0.0,1.0,2.0,1.0,1.0,1.0,0.0,1.0,1.6666666666666667,1.0,1.0,1.0,0.0,1.0,3.0
Math,51,0.0,0.0,0.0,,,,0.0,0.0,0.0,,,,0.0,0.0,0.0,,,,0.0,0.0,0.0,,,,0.0,0.0,0.0,,,,0.0,0.0,0.0,,,,0.0,0.0,0.0,,,,0.0,0.0,0.0,,,,0.0,0.0,0.0,,,,0.0,0.0,0.0,,,,0.0,0.0,0.0,,,,0.0,0.0,0.0,,,,0.0,0.0,0.0,,,,0.0,0.0,0.0,,,,0.0,0.0,0.0,,,
Math,52,1.0,1.0,1.0,0.0,1.0,9.0,1.0,1.0,1.0,0.0,1.0,9.0,1.0,1.0,1.0,0.0,1.0,9.0,1.0,1.0,1.0,0.0,1.0,9.0,1.0,1.0,1.0,0.0,1.0,9.0,1.0,1.0,1.0,0.0,1.0,9.0,1.0,1.0,1.0,0.0,1.0,9.666666666666666,1.0,1.0,1.0,0.0,1.0,9.0,1.0,1.0,1.0,0.0,1.0,9.0,1.0,1.0,1.0,0.0,1.0,9.0,1.0,1.0,1.0,0.2501697216564834,1.0,1.3333333333333333,1.0,1.0,1.0,0.0,1.0,9.0,1.0,1.0,1.0,0.0,1.0,1.6666666666666667,1.0,1.0,1.0,0.0,1.0,9.0,1.0,1.0,1.0,0.0,1.0,2.3333333333333335
Math,53,1.0,1.0,1.0,0.0,1.0,1.0,1.0,1.0,1.0,0.0,1.0,1.0,1.0,1.0,1.0,0.0,1.0,1.0,1.0,1.0,1.0,0.0,1.0,1.0,1.0,1.0,1.0,0.0,1.0,1.0,1.0,1.0,1.0,0.0,1.0,1.0,1.0,1.0,1.0,0.0,1.0,1.0,1.0,1.0,1.0,0.0,1.0,1.0,1.0,1.0,1.0,0.0,1.0,1.0,1.0,1.0,1.0,0.0,1.0,1.0,0.0,1.0,1.0,0.9758576874205845,2.0,2.0,1.0,1.0,1.0,0.0,1.0,1.0,0.0,1.0,1.0,0.9758576874205845,2.0,2.0,1.0,1.0,1.0,0.0,1.0,1.0,0.0,0.0,0.0,0.8030495552731893,18.0,18.0
Math,54,0.0,0.0,1.0,0.001381692573402418,4.0,9.0,0.0,0.0,1.0,0.001381692573402418,4.0,9.0,0.0,0.0,1.0,0.001381692573402418,4.0,9.0,0.0,0.0,1.0,0.001381692573402418,4.0,9.0,0.0,0.0,1.0,0.001381692573402418,4.0,9.0,0.0,0.0,1.0,0.001381692573402418,4.0,9.0,0.0,0.0,1.0,0.001381692573402418,4.0,9.0,0.0,0.0,1.0,0.001381692573402418,4.0,9.0,0.0,0.0,1.0,0.001381692573402418,4.0,9.0,0.0,0.0,1.0,0.001381692573402418,4.0,9.0,1.0,1.0,1.0,0.5001727115716753,1.0,3.0,0.0,0.0,1.0,0.0014571948998178506,4.0,4.0,1.0,1.0,1.0,0.5001727115716753,1.0,3.0,0.0,0.0,1.0,0.0014571948998178506,4.0,4.0,1.0,1.0,1.0,0.024870466321243522,1.0,10.5
Math,55,1.0,1.0,1.0,0.0,1.0,1.0,1.0,1.0,1.0,0.0,1.0,1.0,1.0,1.0,1.0,0.0,1.0,1.0,1.0,1.0,1.0,0.0,1.0,1.0,1.0,1.0,1.0,0.0,1.0,1.0,1.0,1.0,1.0,0.0,1.0,1.0,1.0,1.0,1.0,0.0,1.0,1.0,1.0,1.0,1.0,0.0,1.0,1.0,1.0,1.0,1.0,0.0,1.0,1.0,1.0,1.0,1.0,0.0,1.0,1.0,0.0,1.0,1.0,0.9824475865431497,2.0,2.0,1.0,1.0,1.0,0.0,1.0,1.0,0.0,1.0,1.0,0.9824475865431497,2.0,2.0,1.0,1.0,1.0,0.0,1.0,1.0,0.0,1.0,1.0,0.03217942467089225,2.0,2.0
Math,56,1.0,1.0,1.0,0.0,1.0,1.0,0.0,0.0,0.0,0.18319394663480684,9.0,9.0,1.0,1.0,1.0,0.0,1.0,1.0,0.0,0.0,0.0,0.18319394663480684,9.0,9.0,1.0,1.0,1.0,0.0,1.0,1.0,1.0,1.0,1.0,0.0,1.0,1.0,1.0,1.0,1.0,0.0,1.0,1.0,1.0,1.0,1.0,0.0,1.0,1.0,1.0,1.0,1.0,0.0,1.0,1.0,1.0,1.0,1.0,0.0,1.0,1.0,0.0,1.0,1.0,0.8677817602548785,2.0,2.0,1.0,1.0,1.0,0.0,1.0,1.0,1.0,1.0,1.0,0.0,1.0,1.0,1.0,1.0,1.0,0.0,1.0,1.0,1.0,1.0,1.0,0.0,1.0,1.0
Math,57,1.0,1.0,1.0,0.0,1.0,1.0,1.0,1.0,1.0,0.0,1.0,1.0,1.0,1.0,1.0,0.0,1.0,1.0,1.0,1.0,1.0,0.0,1.0,1.0,1.0,1.0,1.0,0.0,1.0,1.0,1.0,1.0,1.0,0.0,1.0,1.0,1.0,1.0,1.0,0.0,1.0,1.0,1.0,1.0,1.0,0.0,1.0,1.0,1.0,1.0,1.0,0.0,1.0,1.0,1.0,1.0,1.0,0.0,1.0,1.0,0.0,1.0,1.0,0.8669742406766628,2.0,2.0,1.0,1.0,1.0,0.0,1.0,1.0,0.0,1.0,1.0,0.8669742406766628,2.0,2.0,1.0,1.0,1.0,0.0,1.0,1.0,1.0,1.0,1.0,0.0,1.0,1.0
Math,58,0.0,1.0,1.0,0.004962779156327543,3.0,3.0,0.0,1.0,1.0,0.004962779156327543,3.0,3.0,0.0,1.0,1.0,0.004962779156327543,3.0,3.0,0.0,1.0,1.0,0.004962779156327543,3.0,3.0,0.0,1.0,1.0,0.004962779156327543,3.0,3.0,0.0,1.0,1.0,0.004962779156327543,3.0,3.0,0.0,1.0,1.0,0.004962779156327543,3.0,3.0,0.0,1.0,1.0,0.004962779156327543,3.0,3.0,0.0,1.0,1.0,0.004962779156327543,3.0,3.0,0.0,1.0,1.0,0.004962779156327543,3.0,3.0,0.0,0.0,1.0,0.5994328252392769,4.0,4.0,0.0,1.0,1.0,0.005173688100517369,3.0,3.0,0.0,0.0,1.0,0.5994328252392769,4.0,4.0,0.0,1.0,1.0,0.005173688100517369,3.0,3.0,0.0,0.0,0.0,0.15632754342431762,6.0,6.0
Math,59,1.0,1.0,1.0,0.0,1.0,1.0,0.0,0.0,0.0,0.403959708232025,8.0,8.0,1.0,1.0,1.0,0.0,1.0,1.0,0.0,0.0,0.0,0.403959708232025,8.0,8.0,1.0,1.0,1.0,0.0,1.0,1.0,1.0,1.0,1.0,0.0,1.0,1.0,1.0,1.0,1.0,0.0,1.0,1.0,1.0,1.0,1.0,0.0,1.0,1.0,1.0,1.0,1.0,0.0,1.0,1.0,1.0,1.0,1.0,0.0,1.0,1.0,0.0,1.0,1.0,0.6804445988190344,2.0,2.0,1.0,1.0,1.0,0.0,1.0,1.0,1.0,1.0,1.0,0.0,1.0,1.0,1.0,1.0,1.0,0.0,1.0,1.0,1.0,1.0,1.0,0.0,1.0,1.0
Math,60,0.0,0.0,0.0,0.3247002398081535,43.0,43.0,0.0,0.0,0.0,0.32326139088729017,42.0,42.0,0.0,0.0,0.0,0.3247002398081535,43.0,43.0,0.0,0.0,0.0,0.32326139088729017,42.0,42.0,0.0,0.0,0.0,0.3247002398081535,43.0,43.0,0.0,0.0,0.0,0.3247002398081535,43.0,43.0,0.0,0.0,0.0,0.260431654676259,43.0,43.0,0.0,0.0,0.0,0.3247002398081535,43.0,43.0,0.0,0.0,0.0,0.3247002398081535,43.0,43.0,0.0,0.0,0.0,0.3247002398081535,43.0,43.0,1.0,1.0,1.0,0.0,1.0,1.0,0.0,0.0,0.0,,,,0.0,1.0,1.0,0.0014388489208633094,2.0,2.0,0.0,0.0,0.0,,,,0.0,1.0,1.0,0.011031175059952039,3.0,3.0
Math,61,1.0,1.0,1.0,0.0,1.0,1.0,0.0,0.0,0.0,0.35071707953063885,14.0,14.0,1.0,1.0,1.0,0.0,1.0,1.0,0.0,0.0,0.0,0.35071707953063885,14.0,14.0,1.0,1.0,1.0,0.0,1.0,1.0,1.0,1.0,1.0,0.0,1.0,1.0,1.0,1.0,1.0,0.0,1.0,1.0,1.0,1.0,1.0,0.0,1.0,1.0,1.0,1.0,1.0,0.0,1.0,1.0,1.0,1.0,1.0,0.0,1.0,1.0,0.0,1.0,1.0,0.741851368970013,2.0,2.0,1.0,1.0,1.0,0.0,1.0,1.0,1.0,1.0,1.0,0.0,1.0,1.0,1.0,1.0,1.0,0.0,1.0,1.0,1.0,1.0,1.0,0.0,1.0,1.0
Math,62,1.0,1.0,1.0,0.0,1.0,1.0,1.0,1.0,1.0,0.0,1.0,1.0,1.0,1.0,1.0,0.0,1.0,1.0,1.0,1.0,1.0,0.0,1.0,1.0,1.0,1.0,1.0,0.0,1.0,1.0,1.0,1.0,1.0,0.0,1.0,1.0,1.0,1.0,1.0,0.0,1.0,1.0,1.0,1.0,1.0,0.0,1.0,1.0,1.0,1.0,1.0,0.0,1.0,1.0,1.0,1.0,1.0,0.0,1.0,1.0,0.0,1.0,1.0,0.800979519145147,2.0,2.0,1.0,1.0,1.0,0.0,1.0,1.0,1.0,1.0,1.0,0.0,1.0,1.0,1.0,1.0,1.0,0.0,1.0,1.0,1.0,1.0,1.0,0.0,1.0,1.0
Math,63,1.0,1.0,1.0,0.0,1.0,1.0,0.0,1.0,1.0,0.0011280315848843769,2.0,2.0,1.0,1.0,1.0,0.0,1.0,1.0,0.0,1.0,1.0,0.0011280315848843769,2.0,2.0,1.0,1.0,1.0,0.0,1.0,1.0,1.0,1.0,1.0,0.0,1.0,1.0,1.0,1.0,1.0,0.0,1.0,1.0,1.0,1.0,1.0,0.0,1.0,1.0,1.0,1.0,1.0,0.0,1.0,1.0,1.0,1.0,1.0,0.0,1.0,1.0,0.0,1.0,1.0,0.9983079526226735,2.0,2.0,1.0,1.0,1.0,0.0,1.0,1.0,1.0,1.0,1.0,0.0,1.0,1.0,1.0,1.0,1.0,0.0,1.0,1.0,1.0,1.0,1.0,0.0,1.0,1.0
Math,64,0.0,0.0,0.0,0.26802507836990597,14.0,16.22222222222222,0.0,0.0,0.0,0.26802507836990597,13.0,15.222222222222221,0.0,0.0,0.0,0.26802507836990597,13.0,15.222222222222221,0.0,0.0,0.0,0.26802507836990597,14.0,16.22222222222222,0.0,0.0,0.0,0.26802507836990597,13.0,15.222222222222221,0.0,0.0,0.0,0.26802507836990597,13.0,15.555555555555555,0.0,0.0,0.0,0.26802507836990597,13.0,17.11111111111111,0.0,0.0,0.0,0.26802507836990597,14.0,16.22222222222222,0.0,0.0,0.0,0.26802507836990597,13.0,15.222222222222221,0.0,0.0,0.0,0.26802507836990597,13.0,15.555555555555555,1.0,1.0,1.0,0.3463949843260188,1.0,10.555555555555555,0.0,0.0,0.0,0.3351851851851852,13.0,15.555555555555555,1.0,1.0,1.0,0.3463949843260188,1.0,10.555555555555555,0.0,0.0,0.0,0.3351851851851852,13.0,15.555555555555555,0.0,1.0,1.0,0.1833855799373041,2.0,27.11111111111111
Math,65,1.0,1.0,1.0,0.0008214676889375684,1.0,9.333333333333334,0.0,0.0,0.0,0.012869660460021906,10.0,15.333333333333334,1.0,1.0,1.0,0.0008214676889375684,1.0,9.333333333333334,0.0,0.0,0.0,0.012869660460021906,10.0,15.333333333333334,1.0,1.0,1.0,0.0008214676889375684,1.0,9.333333333333334,1.0,1.0,1.0,0.0008214676889375684,1.0,9.333333333333334,1.0,1.0,1.0,0.002738225629791895,1.0,9.333333333333334,1.0,1.0,1.0,0.0008214676889375684,1.0,9.333333333333334,1.0,1.0,1.0,0.0008214676889375684,1.0,9.333333333333334,1.0,1.0,1.0,0.0008214676889375684,1.0,9.333333333333334,0.0,1.0,1.0,0.8893756845564075,2.0,10.333333333333334,1.0,1.0,1.0,0.003115264797507788,1.0,9.333333333333334,1.0,1.0,1.0,0.0008214676889375684,1.0,10.166666666666666,1.0,1.0,1.0,0.003115264797507788,1.0,9.333333333333334,1.0,1.0,1.0,0.0030120481927710845,1.0,41.0
Math,66,0.0,1.0,1.0,0.04278379920136908,2.0,13.066666666666666,0.0,1.0,1.0,0.022247575584711923,3.0,10.266666666666667,0.0,0.0,1.0,0.030233884768967486,4.0,11.6,0.0,1.0,1.0,0.02167712492869367,2.0,9.666666666666666,0.0,0.0,1.0,0.04392470051340559,4.0,11.0,0.0,0.0,1.0,0.04392470051340559,4.0,11.133333333333333,0.0,1.0,1.0,0.02167712492869367,2.0,9.933333333333334,0.0,1.0,1.0,0.04335424985738734,2.0,11.333333333333334,0.0,0.0,1.0,0.04392470051340559,4.0,11.0,0.0,1.0,1.0,0.02167712492869367,2.0,9.866666666666667,1.0,1.0,1.0,0.5453508271534512,1.0,37.86666666666667,0.0,0.0,1.0,0.05112881806108898,4.0,7.857142857142857,0.0,0.0,1.0,0.04392470051340559,4.0,21.733333333333334,0.0,0.0,1.0,0.05112881806108898,4.0,10.357142857142858,0.0,1.0,1.0,0.02167712492869367,2.0,3.6666666666666665
Math,67,1.0,1.0,1.0,0.0029895366218236174,1.0,9.0,0.0,0.0,0.0,0.8011958146487295,16.0,16.0,1.0,1.0,1.0,0.0029895366218236174,1.0,9.0,0.0,0.0,0.0,0.8011958146487295,16.0,16.0,1.0,1.0,1.0,0.0029895366218236174,1.0,9.0,1.0,1.0,1.0,0.0029895366218236174,1.0,9.0,1.0,1.0,1.0,0.0029895366218236174,1.0,9.0,1.0,1.0,1.0,0.0029895366218236174,1.0,9.0,1.0,1.0,1.0,0.0029895366218236174,1.0,9.0,1.0,1.0,1.0,0.0029895366218236174,1.0,9.0,1.0,1.0,1.0,0.0,1.0,1.5,1.0,1.0,1.0,0.0,1.0,1.0,1.0,1.0,1.0,0.0029895366218236174,1.0,2.0,1.0,1.0,1.0,0.0,1.0,1.0,1.0,1.0,1.0,0.0029895366218236174,1.0,2.5
Math,68,0.0,0.0,0.0,0.20922570016474465,6.0,10.75,0.0,0.0,1.0,0.20757825370675453,5.0,9.75,0.0,0.0,1.0,0.20757825370675453,5.0,10.5,0.0,0.0,1.0,0.20757825370675453,5.0,10.5,0.0,0.0,1.0,0.20757825370675453,5.0,10.0,0.0,0.0,1.0,0.20757825370675453,5.0,10.0,0.0,0.0,1.0,0.20757825370675453,5.0,13.0,0.0,0.0,0.0,0.20922570016474465,6.0,10.75,0.0,0.0,1.0,0.20757825370675453,5.0,10.0,0.0,0.0,1.0,0.20757825370675453,5.0,10.0,1.0,1.0,1.0,0.0,1.0,8.0,0.0,0.0,1.0,0.2346368715083799,5.0,10.0,1.0,1.0,1.0,0.0,1.0,8.0,0.0,0.0,1.0,0.2346368715083799,5.0,10.0,0.0,0.0,0.0,0.514003294892916,18.0,27.25
Math,69,0.0,1.0,1.0,0.0021002100210021,2.0,2.0,1.0,1.0,1.0,0.0,1.0,1.0,0.0,1.0,1.0,0.0021002100210021,2.0,2.0,1.0,1.0,1.0,0.0,1.0,1.0,0.0,1.0,1.0,0.0021002100210021,2.0,2.0,0.0,1.0,1.0,0.0021002100210021,2.0,2.0,0.0,1.0,1.0,0.0021002100210021,2.0,2.0,0.0,1.0,1.0,0.0021002100210021,2.0,2.0,0.0,1.0,1.0,0.0021002100210021,2.0,2.0,0.0,1.0,1.0,0.0021002100210021,2.0,2.0,0.0,1.0,1.0,0.9246924692469247,3.0,3.0,0.0,1.0,1.0,0.0024088093599449415,2.0,2.0,0.0,1.0,1.0,0.9276927692769277,3.0,3.0,0.0,1.0,1.0,0.0024088093599449415,2.0,2.0,0.0,1.0,1.0,0.0006000600060006001,2.0,2.0
Math,70,1.0,1.0,1.0,0.0,1.0,1.0,0.0,0.0,0.0,0.20441988950276244,9.0,9.0,1.0,1.0,1.0,0.0,1.0,1.0,0.0,0.0,0.0,0.20441988950276244,9.0,9.0,1.0,1.0,1.0,0.0,1.0,1.0,1.0,1.0,1.0,0.0,1.0,1.0,1.0,1.0,1.0,0.0,1.0,1.0,1.0,1.0,1.0,0.0,1.0,1.0,1.0,1.0,1.0,0.0,1.0,1.0,1.0,1.0,1.0,0.0,1.0,1.0,0.0,1.0,1.0,0.8397790055248618,2.0,2.0,1.0,1.0,1.0,0.0,1.0,1.0,1.0,1.0,1.0,0.0,1.0,1.0,1.0,1.0,1.0,0.0,1.0,1.0,1.0,1.0,1.0,0.0,1.0,1.0
Math,71,1.0,1.0,1.0,0.0,1.0,1.0,1.0,1.0,1.0,0.0,1.0,1.0,1.0,1.0,1.0,0.0,1.0,1.0,1.0,1.0,1.0,0.0,1.0,1.0,1.0,1.0,1.0,0.0,1.0,1.0,1.0,1.0,1.0,0.0,1.0,1.0,0.0,0.0,0.0,0.24954792043399637,39.0,39.0,1.0,1.0,1.0,0.0,1.0,1.0,1.0,1.0,1.0,0.0,1.0,1.0,0.0,0.0,0.0,0.23688969258589512,37.0,37.0,0.0,1.0,1.0,0.5551537070524413,2.0,2.0,1.0,1.0,1.0,0.0,1.0,1.0,1.0,1.0,1.0,0.0,1.0,1.0,1.0,1.0,1.0,0.0,1.0,1.0,1.0,1.0,1.0,0.0,1.0,1.0
Math,72,1.0,1.0,1.0,0.0,1.0,9.0,0.0,0.0,0.0,0.3568281938325991,16.0,16.0,1.0,1.0,1.0,0.0,1.0,9.0,0.0,0.0,0.0,0.3568281938325991,16.0,16.0,1.0,1.0,1.0,0.0,1.0,9.0,1.0,1.0,1.0,0.0,1.0,9.0,1.0,1.0,1.0,0.0,1.0,9.0,1.0,1.0,1.0,0.0,1.0,9.0,1.0,1.0,1.0,0.0,1.0,9.0,1.0,1.0,1.0,0.0,1.0,9.0,1.0,1.0,1.0,0.5022026431718062,1.0,1.5,1.0,1.0,1.0,0.0,1.0,1.0,1.0,1.0,1.0,0.0,1.0,1.5,1.0,1.0,1.0,0.0,1.0,1.0,1.0,1.0,1.0,0.0,1.0,2.0
Math,73,0.0,0.0,0.0,,,,0.0,0.0,0.0,,,,0.0,0.0,0.0,,,,0.0,0.0,0.0,,,,0.0,0.0,0.0,,,,0.0,0.0,0.0,,,,0.0,0.0,0.0,,,,0.0,0.0,0.0,,,,0.0,0.0,0.0,,,,0.0,0.0,0.0,,,,0.0,0.0,0.0,,,,0.0,0.0,0.0,,,,0.0,0.0,0.0,,,,0.0,0.0,0.0,,,,0.0,0.0,0.0,,,
Math,74,0.0,0.0,0.0,0.12354211663066955,28.0,50.666666666666664,0.0,0.0,0.0,0.12354211663066955,28.0,50.666666666666664,0.0,0.0,0.0,0.12354211663066955,28.0,50.666666666666664,0.0,0.0,0.0,0.12354211663066955,28.0,50.666666666666664,0.0,0.0,0.0,0.12354211663066955,28.0,50.666666666666664,0.0,0.0,0.0,0.12354211663066955,28.0,50.666666666666664,0.0,0.0,0.0,0.12354211663066955,28.0,52.666666666666664,0.0,0.0,0.0,0.12354211663066955,28.0,50.666666666666664,0.0,0.0,0.0,0.12354211663066955,28.0,50.666666666666664,0.0,0.0,0.0,0.12354211663066955,28.0,50.666666666666664,1.0,1.0,1.0,0.5876889848812095,1.0,19.666666666666668,0.0,0.0,0.0,0.13920661961547823,28.0,50.666666666666664,0.0,1.0,1.0,0.588120950323974,2.0,20.0,0.0,0.0,0.0,0.13920661961547823,28.0,50.666666666666664,0.0,0.0,0.0,0.5840172786177106,12.0,46.666666666666664
Math,75,1.0,1.0,1.0,0.0,1.0,1.0,0.0,0.0,0.0,0.5343511450381679,14.0,14.0,1.0,1.0,1.0,0.0,1.0,1.0,0.0,0.0,0.0,0.5343511450381679,14.0,14.0,1.0,1.0,1.0,0.0,1.0,1.0,1.0,1.0,1.0,0.0,1.0,1.0,1.0,1.0,1.0,0.0,1.0,1.0,1.0,1.0,1.0,0.0,1.0,1.0,1.0,1.0,1.0,0.0,1.0,1.0,1.0,1.0,1.0,0.0,1.0,1.0,0.0,1.0,1.0,0.6030534351145038,2.0,2.0,1.0,1.0,1.0,0.0,1.0,1.0,1.0,1.0,1.0,0.0,1.0,1.0,1.0,1.0,1.0,0.0,1.0,1.0,1.0,1.0,1.0,0.0,1.0,1.0
Math,76,0.0,0.0,0.0,0.0027542789691127286,6.0,38.857142857142854,0.0,0.0,1.0,0.0027542789691127286,5.0,40.142857142857146,0.0,0.0,1.0,0.0027542789691127286,5.0,37.57142857142857,0.0,0.0,1.0,0.0027542789691127286,5.0,40.57142857142857,0.0,0.0,1.0,0.0027542789691127286,5.0,38.714285714285715,0.0,0.0,1.0,0.0027542789691127286,5.0,40.0,0.0,0.0,1.0,0.0027542789691127286,5.0,47.142857142857146,0.0,0.0,0.0,0.0027542789691127286,6.0,37.714285714285715,0.0,0.0,1.0,0.0027542789691127286,5.0,38.714285714285715,0.0,0.0,1.0,0.0027542789691127286,5.0,46.0,1.0,1.0,1.0,0.6293527444422585,1.0,3.857142857142857,0.0,0.0,1.0,0.0031616982836495033,5.0,40.0,0.0,1.0,1.0,0.629942947078497,3.0,5.285714285714286,0.0,0.0,1.0,0.0031616982836495033,5.0,40.0,0.0,0.0,0.0,0.406059413732048,8.0,9.0
Math,77,1.0,1.0,1.0,0.0,1.0,1.0,1.0,1.0,1.0,0.0,1.0,1.0,1.0,1.0,1.0,0.0,1.0,1.0,1.0,1.0,1.0,0.0,1.0,1.0,1.0,1.0,1.0,0.0,1.0,1.0,1.0,1.0,1.0,0.0,1.0,1.0,0.0,1.0,1.0,0.00043821209465381246,2.0,2.0,1.0,1.0,1.0,0.0,1.0,1.0,1.0,1.0,1.0,0.0,1.0,1.0,0.0,1.0,1.0,0.00043821209465381246,2.0,2.0,0.0,1.0,1.0,0.9734881682734443,2.0,2.0,1.0,1.0,1.0,0.0,1.0,1.0,1.0,1.0,1.0,0.0,1.0,1.0,1.0,1.0,1.0,0.0,1.0,1.0,1.0,1.0,1.0,0.0,1.0,1.0
Math,78,0.0,0.0,0.0,,,,0.0,0.0,0.0,,,,0.0,0.0,0.0,,,,0.0,0.0,0.0,,,,0.0,0.0,0.0,,,,0.0,0.0,0.0,,,,0.0,0.0,0.0,,,,0.0,0.0,0.0,,,,0.0,0.0,0.0,,,,0.0,0.0,0.0,,,,0.0,0.0,0.0,,,,0.0,0.0,0.0,,,,0.0,0.0,0.0,,,,0.0,0.0,0.0,,,,0.0,0.0,0.0,,,
Math,79,0.0,1.0,1.0,0.05918367346938776,3.0,3.0,0.0,1.0,1.0,0.05918367346938776,3.0,3.0,0.0,1.0,1.0,0.05918367346938776,3.0,3.0,0.0,1.0,1.0,0.05918367346938776,3.0,3.0,0.0,1.0,1.0,0.05918367346938776,3.0,3.0,0.0,1.0,1.0,0.05918367346938776,3.0,3.0,0.0,1.0,1.0,0.05918367346938776,3.0,3.0,0.0,1.0,1.0,0.05918367346938776,3.0,3.0,0.0,1.0,1.0,0.05918367346938776,3.0,3.0,0.0,1.0,1.0,0.05918367346938776,3.0,3.0,0.0,0.0,1.0,0.9775510204081632,4.0,4.0,0.0,1.0,1.0,0.05919661733615222,3.0,3.0,0.0,0.0,1.0,0.9836734693877551,4.0,4.0,0.0,1.0,1.0,0.05919661733615222,3.0,3.0,0.0,0.0,1.0,0.09183673469387756,4.0,4.0
Math,80,1.0,1.0,1.0,0.0,1.0,1.0,0.0,0.0,0.0,0.18701944821347807,43.0,43.0,1.0,1.0,1.0,0.0,1.0,1.0,0.0,0.0,0.0,0.18701944821347807,43.0,43.0,1.0,1.0,1.0,0.0,1.0,1.0,1.0,1.0,1.0,0.0,1.0,1.0,1.0,1.0,1.0,0.0,1.0,1.0,1.0,1.0,1.0,0.0,1.0,1.0,1.0,1.0,1.0,0.0,1.0,1.0,1.0,1.0,1.0,0.0,1.0,1.0,0.0,1.0,1.0,0.8668023518769787,2.0,2.0,1.0,1.0,1.0,0.0,1.0,1.0,1.0,1.0,1.0,0.0,1.0,1.0,1.0,1.0,1.0,0.0,1.0,1.0,1.0,1.0,1.0,0.0,1.0,1.0
Math,81,1.0,1.0,1.0,0.002940511196561864,1.0,18.0,1.0,1.0,1.0,0.002940511196561864,1.0,18.0,1.0,1.0,1.0,0.002940511196561864,1.0,18.0,1.0,1.0,1.0,0.002940511196561864,1.0,18.0,1.0,1.0,1.0,0.002940511196561864,1.0,18.0,1.0,1.0,1.0,0.002940511196561864,1.0,18.0,1.0,1.0,1.0,0.002940511196561864,1.0,19.0,1.0,1.0,1.0,0.002940511196561864,1.0,18.0,1.0,1.0,1.0,0.002940511196561864,1.0,18.0,1.0,1.0,1.0,0.002940511196561864,1.0,18.0,1.0,1.0,1.0,0.0,1.0,3.0,1.0,1.0,1.0,0.00332565873624968,1.0,18.0,1.0,1.0,1.0,0.0,1.0,3.0,1.0,1.0,1.0,0.00332565873624968,1.0,18.0,1.0,1.0,1.0,0.003166704365528161,1.0,12.25
Math,82,0.0,0.0,0.0,0.01999000499750125,6.0,6.0,0.0,0.0,0.0,0.01999000499750125,6.0,6.0,0.0,0.0,0.0,0.01999000499750125,6.0,6.0,0.0,0.0,0.0,0.01999000499750125,6.0,6.0,0.0,0.0,0.0,0.01999000499750125,6.0,6.0,0.0,0.0,0.0,0.01999000499750125,6.0,6.0,0.0,0.0,0.0,0.01999000499750125,6.0,6.0,0.0,0.0,0.0,0.01999000499750125,6.0,6.0,0.0,0.0,0.0,0.01999000499750125,6.0,6.0,0.0,0.0,0.0,0.01999000499750125,6.0,6.0,0.0,0.0,0.0,0.8940529735132434,7.0,7.0,0.0,0.0,0.0,0.022271714922048998,6.0,6.0,0.0,0.0,0.0,0.8940529735132434,7.0,7.0,0.0,0.0,0.0,0.022271714922048998,6.0,6.0,0.0,0.0,0.0,0.6901549225387307,17.0,17.0
Math,83,0.0,0.0,1.0,0.01,4.0,5.666666666666667,0.0,0.0,1.0,0.01,4.0,5.666666666666667,0.0,0.0,1.0,0.01,4.0,5.666666666666667,0.0,0.0,1.0,0.01,4.0,5.666666666666667,0.0,0.0,1.0,0.01,4.0,5.666666666666667,0.0,0.0,1.0,0.01,4.0,5.666666666666667,0.0,0.0,1.0,0.0125,4.0,5.666666666666667,0.0,0.0,1.0,0.01,4.0,5.666666666666667,0.0,0.0,1.0,0.01,4.0,5.666666666666667,0.0,0.0,1.0,0.01,4.0,5.666666666666667,0.0,0.0,1.0,0.88,5.0,6.666666666666667,0.0,0.0,1.0,0.002787068004459309,4.0,5.666666666666667,0.0,0.0,1.0,0.88,5.0,6.666666666666667,0.0,0.0,1.0,0.002787068004459309,4.0,5.666666666666667,0.0,0.0,0.0,0.662,12.0,15.333333333333334
Math,84,0.0,1.0,1.0,0.108,2.0,2.0,0.0,0.0,1.0,0.188,4.0,4.0,0.0,1.0,1.0,0.108,2.0,2.0,0.0,0.0,0.0,0.336,6.0,6.0,0.0,1.0,1.0,0.128,2.0,2.0,0.0,1.0,1.0,0.108,2.0,2.0,0.0,0.0,0.0,0.408,9.0,9.0,0.0,1.0,1.0,0.108,2.0,2.0,0.0,1.0,1.0,0.128,2.0,2.0,0.0,0.0,0.0,0.408,9.0,9.0,0.0,1.0,1.0,0.42,2.0,2.0,0.0,1.0,1.0,0.13617021276595745,3.0,3.0,0.0,1.0,1.0,0.516,3.0,3.0,0.0,1.0,1.0,0.1148936170212766,2.0,2.0,0.0,1.0,1.0,0.108,2.0,2.0
Math,85,0.0,0.0,0.0,0.09051724137931035,11.0,11.0,0.0,0.0,0.0,0.07543103448275862,10.0,10.0,0.0,0.0,0.0,0.09051724137931035,11.0,11.0,0.0,0.0,0.0,0.07543103448275862,10.0,10.0,0.0,0.0,0.0,0.09051724137931035,11.0,11.0,0.0,0.0,0.0,0.09051724137931035,11.0,11.0,0.0,0.0,0.0,0.09698275862068965,11.0,11.0,0.0,0.0,0.0,0.09051724137931035,11.0,11.0,0.0,0.0,0.0,0.09051724137931035,11.0,11.0,0.0,0.0,0.0,0.09051724137931035,11.0,11.0,0.0,0.0,0.0,0.8599137931034483,12.0,12.0,0.0,0.0,0.0,0.10451306413301663,11.0,11.0,0.0,0.0,0.0,0.8685344827586207,12.0,12.0,0.0,0.0,0.0,0.10451306413301663,11.0,11.0,0.0,0.0,0.0,0.5172413793103449,24.0,24.0
Math,86,0.0,1.0,1.0,0.02379333786539769,3.0,14.0,0.0,1.0,1.0,0.008157715839564922,2.0,13.5,0.0,1.0,1.0,0.02379333786539769,2.0,12.5,0.0,1.0,1.0,0.008157715839564922,2.0,13.5,0.0,1.0,1.0,0.008157715839564922,2.0,13.5,0.0,1.0,1.0,0.008157715839564922,2.0,13.5,0.0,1.0,1.0,0.008157715839564922,2.0,13.5,0.0,1.0,1.0,0.02379333786539769,3.0,13.5,0.0,1.0,1.0,0.008157715839564922,2.0,13.5,0.0,1.0,1.0,0.016315431679129844,2.0,13.5,1.0,1.0,1.0,0.5003399048266486,1.0,3.5,0.0,1.0,1.0,0.009202453987730062,2.0,2.0,1.0,1.0,1.0,0.5003399048266486,1.0,3.0,0.0,1.0,1.0,0.009202453987730062,2.0,2.0,1.0,1.0,1.0,0.003399048266485384,1.0,3.5
Math,87,0.0,0.0,0.0,0.047642928786359076,8.0,8.0,0.0,0.0,0.0,0.047642928786359076,8.0,8.0,0.0,0.0,0.0,0.047642928786359076,8.0,8.0,0.0,0.0,0.0,0.047642928786359076,8.0,8.0,0.0,0.0,0.0,0.047642928786359076,8.0,8.0,0.0,0.0,0.0,0.047642928786359076,8.0,8.0,0.0,0.0,0.0,0.05215646940822467,8.0,8.0,0.0,0.0,0.0,0.047642928786359076,8.0,8.0,0.0,0.0,0.0,0.047642928786359076,8.0,8.0,0.0,0.0,0.0,0.047642928786359076,8.0,8.0,0.0,0.0,0.0,0.9292878635907723,9.0,9.0,0.0,0.0,0.0,0.05555555555555555,8.0,8.0,0.0,0.0,0.0,0.9292878635907723,9.0,9.0,0.0,0.0,0.0,0.05555555555555555,8.0,8.0,0.0,0.0,0.0,0.765295887662989,20.0,20.0
Math,88,1.0,1.0,1.0,0.0,1.0,3.5,1.0,1.0,1.0,0.0,1.0,3.5,1.0,1.0,1.0,0.0,1.0,3.5,1.0,1.0,1.0,0.0,1.0,3.5,1.0,1.0,1.0,0.0,1.0,3.5,1.0,1.0,1.0,0.0,1.0,3.5,1.0,1.0,1.0,0.0,1.0,3.5,1.0,1.0,1.0,0.0,1.0,3.5,1.0,1.0,1.0,0.0,1.0,3.5,1.0,1.0,1.0,0.0,1.0,3.5,0.0,1.0,1.0,0.866098294884654,2.0,4.5,1.0,1.0,1.0,0.0,1.0,3.5,0.0,1.0,1.0,0.866098294884654,2.0,4.5,1.0,1.0,1.0,0.0,1.0,3.5,1.0,1.0,1.0,0.0,1.0,8.5
Math,89,1.0,1.0,1.0,0.0,1.0,2.0,1.0,1.0,1.0,0.0,1.0,2.0,1.0,1.0,1.0,0.0,1.0,2.0,1.0,1.0,1.0,0.0,1.0,2.0,1.0,1.0,1.0,0.0,1.0,2.0,1.0,1.0,1.0,0.0,1.0,1.5,1.0,1.0,1.0,0.0,1.0,2.5,1.0,1.0,1.0,0.0,1.0,2.0,1.0,1.0,1.0,0.0,1.0,2.0,1.0,1.0,1.0,0.0,1.0,1.5,1.0,1.0,1.0,0.12962962962962962,1.0,1.5,1.0,1.0,1.0,0.0,1.0,1.5,1.0,1.0,1.0,0.0,1.0,1.5,1.0,1.0,1.0,0.0,1.0,1.5,1.0,1.0,1.0,0.0,1.0,2.0
Math,90,0.0,1.0,1.0,0.02830188679245283,2.0,2.0,0.0,1.0,1.0,0.02830188679245283,2.0,2.0,0.0,1.0,1.0,0.02830188679245283,2.0,2.0,0.0,1.0,1.0,0.02830188679245283,2.0,2.0,0.0,1.0,1.0,0.02830188679245283,2.0,2.0,0.0,1.0,1.0,0.018867924528301886,2.0,2.0,0.0,1.0,1.0,0.02830188679245283,2.0,2.0,0.0,1.0,1.0,0.02830188679245283,2.0,2.0,0.0,1.0,1.0,0.02830188679245283,2.0,2.0,0.0,1.0,1.0,0.018867924528301886,2.0,2.0,0.0,1.0,1.0,0.9905660377358491,3.0,3.0,0.0,1.0,1.0,0.050505050505050504,2.0,2.0,0.0,1.0,1.0,0.9905660377358491,3.0,3.0,0.0,1.0,1.0,0.050505050505050504,2.0,2.0,0.0,1.0,1.0,0.04716981132075472,2.0,2.0
Math,91,1.0,1.0,1.0,0.0,1.0,1.0,0.0,0.0,0.0,0.10425531914893617,7.0,7.0,1.0,1.0,1.0,0.0,1.0,1.0,0.0,0.0,0.0,0.10425531914893617,7.0,7.0,1.0,1.0,1.0,0.0,1.0,1.0,1.0,1.0,1.0,0.0,1.0,1.0,1.0,1.0,1.0,0.0,1.0,1.0,1.0,1.0,1.0,0.0,1.0,1.0,1.0,1.0,1.0,0.0,1.0,1.0,1.0,1.0,1.0,0.0,1.0,1.0,0.0,1.0,1.0,0.9191489361702128,2.0,2.0,1.0,1.0,1.0,0.0,1.0,1.0,1.0,1.0,1.0,0.0,1.0,1.0,1.0,1.0,1.0,0.0,1.0,1.0,1.0,1.0,1.0,0.0,1.0,1.0
Math,92,1.0,1.0,1.0,0.0,1.0,3.6,1.0,1.0,1.0,0.0,1.0,3.6,1.0,1.0,1.0,0.0,1.0,3.6,1.0,1.0,1.0,0.0,1.0,3.6,1.0,1.0,1.0,0.0,1.0,3.6,1.0,1.0,1.0,0.0,1.0,3.4,1.0,1.0,1.0,0.0,1.0,3.8,1.0,1.0,1.0,0.0,1.0,3.6,1.0,1.0,1.0,0.0,1.0,3.6,1.0,1.0,1.0,0.0,1.0,3.4,1.0,1.0,1.0,0.6079295154185022,1.0,2.8,1.0,1.0,1.0,0.0,1.0,3.4,1.0,1.0,1.0,0.004405286343612335,1.0,2.8,1.0,1.0,1.0,0.0,1.0,3.4,1.0,1.0,1.0,0.0,1.0,4.2
Math,93,0.0,1.0,1.0,0.0045045045045045045,2.0,2.3333333333333335,1.0,1.0,1.0,0.0,1.0,1.3333333333333333,0.0,1.0,1.0,0.0045045045045045045,2.0,2.3333333333333335,1.0,1.0,1.0,0.0,1.0,1.3333333333333333,0.0,1.0,1.0,0.0045045045045045045,2.0,2.3333333333333335,0.0,1.0,1.0,0.0045045045045045045,2.0,2.3333333333333335,0.0,1.0,1.0,0.0045045045045045045,2.0,2.3333333333333335,0.0,1.0,1.0,0.0045045045045045045,2.0,2.3333333333333335,0.0,1.0,1.0,0.0045045045045045045,2.0,2.3333333333333335,0.0,1.0,1.0,0.0045045045045045045,2.0,2.3333333333333335,0.0,1.0,1.0,0.954954954954955,3.0,3.3333333333333335,0.0,1.0,1.0,0.0048543689320388345,2.0,2.3333333333333335,0.0,1.0,1.0,0.0045045045045045045,2.0,2.6666666666666665,0.0,1.0,1.0,0.0048543689320388345,2.0,2.3333333333333335,0.0,1.0,1.0,0.0045045045045045045,2.0,2.3333333333333335
Math,94,0.0,0.0,1.0,0.02262443438914027,4.0,4.0,0.0,0.0,1.0,0.02262443438914027,4.0,4.0,0.0,0.0,1.0,0.02262443438914027,4.0,4.0,0.0,0.0,1.0,0.02262443438914027,4.0,4.0,0.0,0.0,1.0,0.02262443438914027,4.0,4.0,0.0,0.0,1.0,0.02262443438914027,4.0,4.0,0.0,0.0,1.0,0.02262443438914027,4.0,4.0,0.0,0.0,1.0,0.02262443438914027,4.0,4.0,0.0,0.0,1.0,0.02262443438914027,4.0,4.0,0.0,0.0,1.0,0.02262443438914027,4.0,4.0,0.0,0.0,1.0,0.995475113122172,5.0,5.0,0.0,0.0,1.0,0.024390243902439025,4.0,4.0,0.0,0.0,1.0,0.995475113122172,5.0,5.0,0.0,0.0,1.0,0.024390243902439025,4.0,4.0,0.0,0.0,0.0,0.9366515837104072,20.0,20.0
Math,95,0.0,1.0,1.0,0.006696428571428571,2.0,2.0,0.0,1.0,1.0,0.006696428571428571,2.0,2.0,0.0,1.0,1.0,0.006696428571428571,2.0,2.0,0.0,1.0,1.0,0.006696428571428571,2.0,2.0,0.0,1.0,1.0,0.006696428571428571,2.0,2.0,0.0,1.0,1.0,0.006696428571428571,2.0,2.0,0.0,1.0,1.0,0.006696428571428571,2.0,2.0,0.0,1.0,1.0,0.006696428571428571,2.0,2.0,0.0,1.0,1.0,0.006696428571428571,2.0,2.0,0.0,1.0,1.0,0.006696428571428571,2.0,2.0,0.0,1.0,1.0,0.7924107142857143,3.0,3.0,0.0,1.0,1.0,0.002457002457002457,2.0,2.0,0.0,1.0,1.0,0.8013392857142857,3.0,3.0,0.0,1.0,1.0,0.002457002457002457,2.0,2.0,0.0,1.0,1.0,0.002232142857142857,2.0,2.0
Math,96,0.0,0.0,1.0,0.03125,4.0,4.0,0.0,0.0,1.0,0.03125,4.0,4.0,0.0,0.0,1.0,0.03125,4.0,4.0,0.0,0.0,1.0,0.03125,4.0,4.0,0.0,0.0,1.0,0.03125,4.0,4.0,0.0,0.0,1.0,0.03125,4.0,4.0,0.0,0.0,1.0,0.03125,4.0,4.0,0.0,0.0,1.0,0.03125,4.0,4.0,0.0,0.0,1.0,0.03125,4.0,4.0,0.0,0.0,1.0,0.03125,4.0,4.0,0.0,0.0,1.0,0.921875,5.0,5.0,0.0,0.0,1.0,0.112,4.0,4.0,0.0,0.0,1.0,0.921875,5.0,5.0,0.0,0.0,1.0,0.112,4.0,4.0,0.0,0.0,0.0,0.8984375,24.0,24.0
Math,97,0.0,0.0,0.0,0.0871559633027523,7.0,7.0,0.0,0.0,0.0,0.0871559633027523,7.0,7.0,0.0,0.0,0.0,0.0871559633027523,7.0,7.0,0.0,0.0,0.0,0.0871559633027523,7.0,7.0,0.0,0.0,0.0,0.0871559633027523,7.0,7.0,0.0,0.0,0.0,0.0871559633027523,7.0,7.0,0.0,0.0,0.0,0.0963302752293578,7.0,7.0,0.0,0.0,0.0,0.0871559633027523,7.0,7.0,0.0,0.0,0.0,0.0871559633027523,7.0,7.0,0.0,0.0,0.0,0.0871559633027523,7.0,7.0,0.0,0.0,0.0,0.8899082568807339,8.0,8.0,0.0,0.0,0.0,0.09405940594059406,7.0,7.0,0.0,0.0,0.0,0.8899082568807339,8.0,8.0,0.0,0.0,0.0,0.09405940594059406,7.0,7.0,0.0,0.0,0.0,0.6972477064220184,29.0,29.0
Math,98,1.0,1.0,1.0,0.0,1.0,1.0,1.0,1.0,1.0,0.0,1.0,1.0,1.0,1.0,1.0,0.0,1.0,1.0,1.0,1.0,1.0,0.0,1.0,1.0,1.0,1.0,1.0,0.0,1.0,1.0,1.0,1.0,1.0,0.0,1.0,1.0,1.0,1.0,1.0,0.0,1.0,1.0,1.0,1.0,1.0,0.0,1.0,1.0,1.0,1.0,1.0,0.0,1.0,1.0,1.0,1.0,1.0,0.0,1.0,1.0,0.0,1.0,1.0,0.9640914036996736,2.0,2.0,1.0,1.0,1.0,0.0,1.0,1.0,0.0,1.0,1.0,0.9640914036996736,2.0,2.0,1.0,1.0,1.0,0.0,1.0,1.0,1.0,1.0,1.0,0.0,1.0,1.0
Math,99,1.0,1.0,1.0,0.00949367088607595,1.0,3.5,1.0,1.0,1.0,0.00949367088607595,1.0,4.0,1.0,1.0,1.0,0.00949367088607595,1.0,3.5,1.0,1.0,1.0,0.00949367088607595,1.0,3.5,1.0,1.0,1.0,0.00949367088607595,1.0,4.0,1.0,1.0,1.0,0.0,1.0,3.5,0.0,0.0,1.0,0.0759493670886076,5.0,6.0,1.0,1.0,1.0,0.00949367088607595,1.0,3.5,1.0,1.0,1.0,0.00949367088607595,1.0,4.0,0.0,0.0,1.0,0.06962025316455696,4.0,5.0,0.0,1.0,1.0,0.9113924050632911,2.0,3.0,1.0,1.0,1.0,0.01048951048951049,1.0,4.0,1.0,1.0,1.0,0.00949367088607595,1.0,2.5,1.0,1.0,1.0,0.01048951048951049,1.0,4.0,1.0,1.0,1.0,0.00949367088607595,1.0,14.0
Math,100,0.0,1.0,1.0,0.009508716323296355,2.0,21.333333333333332,0.0,1.0,1.0,0.009508716323296355,2.0,21.333333333333332,0.0,1.0,1.0,0.009508716323296355,2.0,21.333333333333332,0.0,1.0,1.0,0.009508716323296355,2.0,21.333333333333332,0.0,1.0,1.0,0.009508716323296355,2.0,21.333333333333332,0.0,1.0,1.0,0.009508716323296355,2.0,21.333333333333332,0.0,1.0,1.0,0.009508716323296355,2.0,22.333333333333332,0.0,1.0,1.0,0.009508716323296355,2.0,21.333333333333332,0.0,1.0,1.0,0.009508716323296355,2.0,21.333333333333332,0.0,1.0,1.0,0.009508716323296355,2.0,21.333333333333332,1.0,1.0,1.0,0.5007923930269413,1.0,1.6666666666666667,0.0,1.0,1.0,0.009852216748768473,2.0,21.333333333333332,0.0,1.0,1.0,0.5451664025356577,2.0,2.3333333333333335,0.0,1.0,1.0,0.009852216748768473,2.0,21.333333333333332,0.0,1.0,1.0,0.009508716323296355,2.0,3.6666666666666665
Math,101,0.0,1.0,1.0,0.05714285714285714,3.0,3.0,0.0,1.0,1.0,0.05714285714285714,3.0,3.0,0.0,1.0,1.0,0.05714285714285714,3.0,3.0,0.0,1.0,1.0,0.05714285714285714,3.0,3.0,0.0,1.0,1.0,0.05714285714285714,3.0,3.0,0.0,1.0,1.0,0.05714285714285714,3.0,3.0,0.0,1.0,1.0,0.05714285714285714,3.0,3.0,0.0,1.0,1.0,0.05714285714285714,3.0,3.0,0.0,1.0,1.0,0.05714285714285714,3.0,3.0,0.0,1.0,1.0,0.05714285714285714,3.0,3.0,0.0,0.0,1.0,0.8,5.0,5.0,0.0,0.0,1.0,0.24166666666666667,4.0,4.0,0.0,0.0,1.0,0.8,5.0,5.0,0.0,0.0,1.0,0.24166666666666667,4.0,4.0,0.0,0.0,0.0,0.6,9.0,9.0
Math,102,0.0,0.0,0.0,0.019417475728155338,10.0,10.0,0.0,0.0,0.0,0.007551240560949299,6.0,6.0,0.0,0.0,0.0,0.015102481121898598,9.0,9.0,0.0,0.0,0.0,0.014023732470334413,6.0,6.0,0.0,0.0,0.0,0.014023732470334413,8.0,8.0,0.0,0.0,0.0,0.015102481121898598,9.0,9.0,0.0,0.0,0.0,0.015102481121898598,7.0,7.0,0.0,0.0,0.0,0.018338727076591153,9.0,9.0,0.0,0.0,0.0,0.014023732470334413,8.0,8.0,0.0,0.0,0.0,0.018338727076591153,7.0,7.0,0.0,0.0,0.0,0.9439050701186623,33.0,33.0,0.0,0.0,0.0,0.012422360248447204,8.0,8.0,0.0,0.0,0.0,0.9341963322545846,33.0,33.0,0.0,0.0,0.0,0.02111801242236025,9.0,9.0,0.0,0.0,0.0,0.012944983818770227,7.0,7.0
Math,103,0.0,0.0,1.0,0.046610169491525424,4.0,4.0,0.0,1.0,1.0,0.0423728813559322,3.0,3.0,0.0,0.0,1.0,0.046610169491525424,4.0,4.0,0.0,1.0,1.0,0.0423728813559322,3.0,3.0,0.0,0.0,1.0,0.046610169491525424,4.0,4.0,0.0,0.0,1.0,0.046610169491525424,4.0,4.0,0.0,0.0,1.0,0.046610169491525424,4.0,4.0,0.0,0.0,1.0,0.046610169491525424,4.0,4.0,0.0,0.0,1.0,0.046610169491525424,4.0,4.0,0.0,0.0,1.0,0.046610169491525424,4.0,4.0,0.0,0.0,1.0,0.7288135593220338,5.0,5.0,0.0,0.0,1.0,0.057291666666666664,4.0,4.0,0.0,0.0,1.0,0.7288135593220338,5.0,5.0,0.0,0.0,1.0,0.057291666666666664,4.0,4.0,0.0,0.0,0.0,0.4364406779661017,8.0,8.0
Math,104,0.0,0.0,0.0,,,,0.0,0.0,0.0,,,,0.0,0.0,0.0,,,,0.0,0.0,0.0,,,,0.0,0.0,0.0,,,,0.0,0.0,0.0,,,,0.0,0.0,0.0,,,,0.0,0.0,0.0,,,,0.0,0.0,0.0,,,,0.0,0.0,0.0,,,,0.0,0.0,0.0,,,,0.0,0.0,0.0,,,,0.0,0.0,0.0,,,,0.0,0.0,0.0,,,,0.0,0.0,0.0,,,
Math,105,1.0,1.0,1.0,0.0,1.0,1.0,1.0,1.0,1.0,0.0,1.0,1.0,1.0,1.0,1.0,0.0,1.0,1.0,1.0,1.0,1.0,0.0,1.0,1.0,1.0,1.0,1.0,0.0,1.0,1.0,1.0,1.0,1.0,0.0,1.0,1.0,1.0,1.0,1.0,0.0,1.0,1.0,1.0,1.0,1.0,0.0,1.0,1.0,1.0,1.0,1.0,0.0,1.0,1.0,1.0,1.0,1.0,0.0,1.0,1.0,0.0,1.0,1.0,0.9852941176470589,2.0,2.0,1.0,1.0,1.0,0.0,1.0,1.0,1.0,1.0,1.0,0.0,1.0,1.0,1.0,1.0,1.0,0.0,1.0,1.0,1.0,1.0,1.0,0.0,1.0,1.0
Math,106,0.0,0.0,0.0,,,,0.0,0.0,0.0,,,,0.0,0.0,0.0,,,,0.0,0.0,0.0,,,,0.0,0.0,0.0,,,,0.0,0.0,0.0,,,,0.0,0.0,0.0,,,,0.0,0.0,0.0,,,,0.0,0.0,0.0,,,,0.0,0.0,0.0,,,,0.0,0.0,0.0,,,,0.0,0.0,0.0,,,,0.0,0.0,0.0,,,,0.0,0.0,0.0,,,,0.0,0.0,0.0,,,
Collections,1,,,,,,,,,,,,,,,,,,,,,,,,,,,,,,,,,,,,,,,,,,,,,,,,,,,,,,,,,,,,,,,,,,,,,,,,,,,,,,,,,,,,,,,,,,
Collections,2,,,,,,,,,,,,,,,,,,,,,,,,,,,,,,,,,,,,,,,,,,,,,,,,,,,,,,,,,,,,,,,,,,,,,,,,,,,,,,,,,,,,,,,,,,
Collections,3,,,,,,,,,,,,,,,,,,,,,,,,,,,,,,,,,,,,,,,,,,,,,,,,,,,,,,,,,,,,,,,,,,,,,,,,,,,,,,,,,,,,,,,,,,
Collections,4,,,,,,,,,,,,,,,,,,,,,,,,,,,,,,,,,,,,,,,,,,,,,,,,,,,,,,,,,,,,,,,,,,,,,,,,,,,,,,,,,,,,,,,,,,
Collections,5,,,,,,,,,,,,,,,,,,,,,,,,,,,,,,,,,,,,,,,,,,,,,,,,,,,,,,,,,,,,,,,,,,,,,,,,,,,,,,,,,,,,,,,,,,
Collections,6,,,,,,,,,,,,,,,,,,,,,,,,,,,,,,,,,,,,,,,,,,,,,,,,,,,,,,,,,,,,,,,,,,,,,,,,,,,,,,,,,,,,,,,,,,
Collections,7,,,,,,,,,,,,,,,,,,,,,,,,,,,,,,,,,,,,,,,,,,,,,,,,,,,,,,,,,,,,,,,,,,,,,,,,,,,,,,,,,,,,,,,,,,
Collections,8,,,,,,,,,,,,,,,,,,,,,,,,,,,,,,,,,,,,,,,,,,,,,,,,,,,,,,,,,,,,,,,,,,,,,,,,,,,,,,,,,,,,,,,,,,
Collections,9,,,,,,,,,,,,,,,,,,,,,,,,,,,,,,,,,,,,,,,,,,,,,,,,,,,,,,,,,,,,,,,,,,,,,,,,,,,,,,,,,,,,,,,,,,
Collections,10,,,,,,,,,,,,,,,,,,,,,,,,,,,,,,,,,,,,,,,,,,,,,,,,,,,,,,,,,,,,,,,,,,,,,,,,,,,,,,,,,,,,,,,,,,
Collections,11,,,,,,,,,,,,,,,,,,,,,,,,,,,,,,,,,,,,,,,,,,,,,,,,,,,,,,,,,,,,,,,,,,,,,,,,,,,,,,,,,,,,,,,,,,
Collections,12,,,,,,,,,,,,,,,,,,,,,,,,,,,,,,,,,,,,,,,,,,,,,,,,,,,,,,,,,,,,,,,,,,,,,,,,,,,,,,,,,,,,,,,,,,
Collections,13,,,,,,,,,,,,,,,,,,,,,,,,,,,,,,,,,,,,,,,,,,,,,,,,,,,,,,,,,,,,,,,,,,,,,,,,,,,,,,,,,,,,,,,,,,
Collections,14,,,,,,,,,,,,,,,,,,,,,,,,,,,,,,,,,,,,,,,,,,,,,,,,,,,,,,,,,,,,,,,,,,,,,,,,,,,,,,,,,,,,,,,,,,
Collections,15,,,,,,,,,,,,,,,,,,,,,,,,,,,,,,,,,,,,,,,,,,,,,,,,,,,,,,,,,,,,,,,,,,,,,,,,,,,,,,,,,,,,,,,,,,
Collections,16,,,,,,,,,,,,,,,,,,,,,,,,,,,,,,,,,,,,,,,,,,,,,,,,,,,,,,,,,,,,,,,,,,,,,,,,,,,,,,,,,,,,,,,,,,
Collections,17,,,,,,,,,,,,,,,,,,,,,,,,,,,,,,,,,,,,,,,,,,,,,,,,,,,,,,,,,,,,,,,,,,,,,,,,,,,,,,,,,,,,,,,,,,
Collections,18,,,,,,,,,,,,,,,,,,,,,,,,,,,,,,,,,,,,,,,,,,,,,,,,,,,,,,,,,,,,,,,,,,,,,,,,,,,,,,,,,,,,,,,,,,
Collections,19,,,,,,,,,,,,,,,,,,,,,,,,,,,,,,,,,,,,,,,,,,,,,,,,,,,,,,,,,,,,,,,,,,,,,,,,,,,,,,,,,,,,,,,,,,
Collections,20,,,,,,,,,,,,,,,,,,,,,,,,,,,,,,,,,,,,,,,,,,,,,,,,,,,,,,,,,,,,,,,,,,,,,,,,,,,,,,,,,,,,,,,,,,
Collections,21,,,,,,,,,,,,,,,,,,,,,,,,,,,,,,,,,,,,,,,,,,,,,,,,,,,,,,,,,,,,,,,,,,,,,,,,,,,,,,,,,,,,,,,,,,
Collections,22,,,,,,,,,,,,,,,,,,,,,,,,,,,,,,,,,,,,,,,,,,,,,,,,,,,,,,,,,,,,,,,,,,,,,,,,,,,,,,,,,,,,,,,,,,
Collections,23,,,,,,,,,,,,,,,,,,,,,,,,,,,,,,,,,,,,,,,,,,,,,,,,,,,,,,,,,,,,,,,,,,,,,,,,,,,,,,,,,,,,,,,,,,
Collections,24,,,,,,,,,,,,,,,,,,,,,,,,,,,,,,,,,,,,,,,,,,,,,,,,,,,,,,,,,,,,,,,,,,,,,,,,,,,,,,,,,,,,,,,,,,
Collections,25,1.0,1.0,1.0,0.0,1.0,11.0,0.0,0.0,0.0,0.2827586206896552,15.0,15.0,1.0,1.0,1.0,0.0,1.0,11.0,0.0,0.0,0.0,0.2827586206896552,15.0,15.0,1.0,1.0,1.0,0.0,1.0,11.0,1.0,1.0,1.0,0.0,1.0,11.0,1.0,1.0,1.0,0.0,1.0,11.0,1.0,1.0,1.0,0.0,1.0,11.0,1.0,1.0,1.0,0.0,1.0,11.0,1.0,1.0,1.0,0.0,1.0,11.0,1.0,1.0,1.0,0.503448275862069,1.0,1.3333333333333333,1.0,1.0,1.0,0.0,1.0,1.0,1.0,1.0,1.0,0.0,1.0,1.6666666666666667,1.0,1.0,1.0,0.0,1.0,1.0,1.0,1.0,1.0,0.0,1.0,1.6666666666666667
Collections,26,0.0,0.0,0.0,,,,0.0,0.0,0.0,,,,0.0,0.0,0.0,,,,0.0,0.0,0.0,,,,0.0,0.0,0.0,,,,0.0,0.0,0.0,,,,0.0,0.0,0.0,,,,0.0,0.0,0.0,,,,0.0,0.0,0.0,,,,0.0,0.0,0.0,,,,0.0,0.0,0.0,,,,0.0,0.0,0.0,,,,0.0,0.0,0.0,,,,0.0,0.0,0.0,,,,0.0,0.0,0.0,,,
Collections,27,0.0,0.0,0.0,,,,0.0,0.0,0.0,,,,0.0,0.0,0.0,,,,0.0,0.0,0.0,,,,0.0,0.0,0.0,,,,0.0,0.0,0.0,,,,0.0,0.0,0.0,,,,0.0,0.0,0.0,,,,0.0,0.0,0.0,,,,0.0,0.0,0.0,,,,0.0,0.0,0.0,,,,0.0,0.0,0.0,,,,0.0,0.0,0.0,,,,0.0,0.0,0.0,,,,0.0,0.0,0.0,,,
Collections,28,0.0,0.0,0.0,,,,0.0,0.0,0.0,,,,0.0,0.0,0.0,,,,0.0,0.0,0.0,,,,0.0,0.0,0.0,,,,0.0,0.0,0.0,,,,0.0,0.0,0.0,,,,0.0,0.0,0.0,,,,0.0,0.0,0.0,,,,0.0,0.0,0.0,,,,0.0,0.0,0.0,,,,0.0,0.0,0.0,,,,0.0,0.0,0.0,,,,0.0,0.0,0.0,,,,0.0,0.0,0.0,,,
Codec,1,0.0,0.0,0.0,,,,0.0,0.0,0.0,,,,0.0,0.0,0.0,,,,0.0,0.0,0.0,,,,0.0,0.0,0.0,,,,0.0,0.0,0.0,,,,0.0,0.0,0.0,,,,0.0,0.0,0.0,,,,0.0,0.0,0.0,,,,0.0,0.0,0.0,,,,0.0,0.0,0.0,,,,0.0,0.0,0.0,,,,0.0,0.0,0.0,,,,0.0,0.0,0.0,,,,0.0,0.0,0.0,,,
Codec,2,0.0,0.0,0.0,,,,0.0,0.0,0.0,,,,0.0,0.0,0.0,,,,0.0,0.0,0.0,,,,0.0,0.0,0.0,,,,0.0,0.0,0.0,,,,0.0,0.0,0.0,,,,0.0,0.0,0.0,,,,0.0,0.0,0.0,,,,0.0,0.0,0.0,,,,0.0,0.0,0.0,,,,0.0,0.0,0.0,,,,0.0,0.0,0.0,,,,0.0,0.0,0.0,,,,0.0,0.0,0.0,,,
Codec,3,0.0,0.0,0.0,,,,0.0,0.0,0.0,,,,0.0,0.0,0.0,,,,0.0,0.0,0.0,,,,0.0,0.0,0.0,,,,0.0,0.0,0.0,,,,0.0,0.0,0.0,,,,0.0,0.0,0.0,,,,0.0,0.0,0.0,,,,0.0,0.0,0.0,,,,0.0,0.0,0.0,,,,0.0,0.0,0.0,,,,0.0,0.0,0.0,,,,0.0,0.0,0.0,,,,0.0,0.0,0.0,,,
Codec,4,0.0,0.0,1.0,0.10416666666666667,5.0,5.0,0.0,0.0,1.0,0.10416666666666667,5.0,5.0,0.0,0.0,1.0,0.10416666666666667,5.0,5.0,0.0,0.0,1.0,0.10416666666666667,5.0,5.0,0.0,0.0,1.0,0.10416666666666667,5.0,5.0,0.0,0.0,1.0,0.10416666666666667,5.0,5.0,0.0,0.0,1.0,0.08333333333333333,4.0,4.0,0.0,0.0,1.0,0.10416666666666667,5.0,5.0,0.0,0.0,1.0,0.10416666666666667,5.0,5.0,0.0,0.0,1.0,0.08333333333333333,4.0,4.0,0.0,0.0,0.0,0.8333333333333334,6.0,6.0,0.0,0.0,1.0,0.10416666666666667,5.0,5.0,0.0,0.0,0.0,0.8333333333333334,6.0,6.0,0.0,0.0,1.0,0.10416666666666667,5.0,5.0,0.0,0.0,0.0,0.6458333333333334,15.0,15.0
Codec,5,0.0,0.0,0.0,,,,0.0,0.0,0.0,,,,0.0,0.0,0.0,,,,0.0,0.0,0.0,,,,0.0,0.0,0.0,,,,0.0,0.0,0.0,,,,0.0,0.0,0.0,,,,0.0,0.0,0.0,,,,0.0,0.0,0.0,,,,0.0,0.0,0.0,,,,0.0,0.0,0.0,,,,0.0,0.0,0.0,,,,0.0,0.0,0.0,,,,0.0,0.0,0.0,,,,0.0,0.0,0.0,,,
Codec,6,0.0,0.0,0.0,,,,0.0,0.0,0.0,,,,0.0,0.0,0.0,,,,0.0,0.0,0.0,,,,0.0,0.0,0.0,,,,0.0,0.0,0.0,,,,0.0,0.0,0.0,,,,0.0,0.0,0.0,,,,0.0,0.0,0.0,,,,0.0,0.0,0.0,,,,0.0,0.0,0.0,,,,0.0,0.0,0.0,,,,0.0,0.0,0.0,,,,0.0,0.0,0.0,,,,0.0,0.0,0.0,,,
Codec,7,0.0,1.0,1.0,0.012658227848101266,2.0,2.0,1.0,1.0,1.0,0.0,1.0,1.0,1.0,1.0,1.0,0.0,1.0,1.0,1.0,1.0,1.0,0.0,1.0,1.0,1.0,1.0,1.0,0.0,1.0,1.0,0.0,1.0,1.0,0.012658227848101266,2.0,2.0,1.0,1.0,1.0,0.0,1.0,1.0,0.0,1.0,1.0,0.012658227848101266,2.0,2.0,1.0,1.0,1.0,0.0,1.0,1.0,1.0,1.0,1.0,0.0,1.0,1.0,0.0,0.0,1.0,0.7215189873417721,5.0,5.0,1.0,1.0,1.0,0.0,1.0,1.0,0.0,1.0,1.0,0.012658227848101266,2.0,2.0,0.0,1.0,1.0,0.01282051282051282,2.0,2.0,1.0,1.0,1.0,0.0,1.0,1.0
Codec,8,0.0,1.0,1.0,0.018518518518518517,2.0,2.0,0.0,1.0,1.0,0.018518518518518517,2.0,2.0,0.0,1.0,1.0,0.018518518518518517,2.0,2.0,0.0,1.0,1.0,0.018518518518518517,2.0,2.0,0.0,1.0,1.0,0.018518518518518517,2.0,2.0,0.0,1.0,1.0,0.018518518518518517,2.0,2.0,0.0,1.0,1.0,0.018518518518518517,2.0,2.0,0.0,1.0,1.0,0.018518518518518517,2.0,2.0,0.0,1.0,1.0,0.018518518518518517,2.0,2.0,0.0,1.0,1.0,0.018518518518518517,2.0,2.0,0.0,1.0,1.0,0.7592592592592593,3.0,3.0,0.0,1.0,1.0,0.018518518518518517,2.0,2.0,0.0,1.0,1.0,0.7592592592592593,3.0,3.0,0.0,1.0,1.0,0.018518518518518517,2.0,2.0,0.0,0.0,1.0,0.2037037037037037,4.0,4.0
Codec,9,0.0,0.0,0.0,,,,0.0,0.0,0.0,,,,0.0,0.0,0.0,,,,0.0,0.0,0.0,,,,0.0,0.0,0.0,,,,0.0,0.0,0.0,,,,0.0,0.0,0.0,,,,0.0,0.0,0.0,,,,0.0,0.0,0.0,,,,0.0,0.0,0.0,,,,0.0,0.0,0.0,,,,0.0,0.0,0.0,,,,0.0,0.0,0.0,,,,0.0,0.0,0.0,,,,0.0,0.0,0.0,,,
Codec,10,0.0,0.0,0.0,,,,0.0,0.0,0.0,,,,0.0,0.0,0.0,,,,0.0,0.0,0.0,,,,0.0,0.0,0.0,,,,0.0,0.0,0.0,,,,0.0,0.0,0.0,,,,0.0,0.0,0.0,,,,0.0,0.0,0.0,,,,0.0,0.0,0.0,,,,0.0,0.0,0.0,,,,0.0,0.0,0.0,,,,0.0,0.0,0.0,,,,0.0,0.0,0.0,,,,0.0,0.0,0.0,,,
Codec,11,0.0,0.0,0.0,,,,0.0,0.0,0.0,,,,0.0,0.0,0.0,,,,0.0,0.0,0.0,,,,0.0,0.0,0.0,,,,0.0,0.0,0.0,,,,0.0,0.0,0.0,,,,0.0,0.0,0.0,,,,0.0,0.0,0.0,,,,0.0,0.0,0.0,,,,0.0,0.0,0.0,,,,0.0,0.0,0.0,,,,0.0,0.0,0.0,,,,0.0,0.0,0.0,,,,0.0,0.0,0.0,,,
Codec,12,0.0,0.0,0.0,,,,0.0,0.0,0.0,,,,0.0,0.0,0.0,,,,0.0,0.0,0.0,,,,0.0,0.0,0.0,,,,0.0,0.0,0.0,,,,0.0,0.0,0.0,,,,0.0,0.0,0.0,,,,0.0,0.0,0.0,,,,0.0,0.0,0.0,,,,0.0,0.0,0.0,,,,0.0,0.0,0.0,,,,0.0,0.0,0.0,,,,0.0,0.0,0.0,,,,0.0,0.0,0.0,,,
Codec,13,1.0,1.0,1.0,0.0,1.0,1.0,1.0,1.0,1.0,0.0,1.0,1.0,1.0,1.0,1.0,0.0,1.0,1.0,1.0,1.0,1.0,0.0,1.0,1.0,1.0,1.0,1.0,0.0,1.0,1.0,1.0,1.0,1.0,0.0,1.0,1.0,1.0,1.0,1.0,0.0,1.0,1.0,1.0,1.0,1.0,0.0,1.0,1.0,1.0,1.0,1.0,0.0,1.0,1.0,1.0,1.0,1.0,0.0,1.0,1.0,0.0,1.0,1.0,0.9315068493150684,2.0,2.0,1.0,1.0,1.0,0.0,1.0,1.0,0.0,1.0,1.0,0.9315068493150684,2.0,2.0,1.0,1.0,1.0,0.0,1.0,1.0,1.0,1.0,1.0,0.0,1.0,1.0
Codec,14,0.0,0.0,0.0,,,,0.0,0.0,0.0,,,,0.0,0.0,0.0,,,,0.0,0.0,0.0,,,,0.0,0.0,0.0,,,,0.0,0.0,0.0,,,,0.0,0.0,0.0,,,,0.0,0.0,0.0,,,,0.0,0.0,0.0,,,,0.0,0.0,0.0,,,,0.0,0.0,0.0,,,,0.0,0.0,0.0,,,,0.0,0.0,0.0,,,,0.0,0.0,0.0,,,,0.0,0.0,0.0,,,
Codec,15,0.0,0.0,0.0,,,,0.0,0.0,0.0,,,,0.0,0.0,0.0,,,,0.0,0.0,0.0,,,,0.0,0.0,0.0,,,,0.0,0.0,0.0,,,,0.0,0.0,0.0,,,,0.0,0.0,0.0,,,,0.0,0.0,0.0,,,,0.0,0.0,0.0,,,,0.0,0.0,0.0,,,,0.0,0.0,0.0,,,,0.0,0.0,0.0,,,,0.0,0.0,0.0,,,,0.0,0.0,0.0,,,
Codec,16,0.0,0.0,0.0,,,,0.0,0.0,0.0,,,,0.0,0.0,0.0,,,,0.0,0.0,0.0,,,,0.0,0.0,0.0,,,,0.0,0.0,0.0,,,,0.0,0.0,0.0,,,,0.0,0.0,0.0,,,,0.0,0.0,0.0,,,,0.0,0.0,0.0,,,,0.0,0.0,0.0,,,,0.0,0.0,0.0,,,,0.0,0.0,0.0,,,,0.0,0.0,0.0,,,,0.0,0.0,0.0,,,
Codec,17,1.0,1.0,1.0,0.0,1.0,1.0,1.0,1.0,1.0,0.0,1.0,1.0,1.0,1.0,1.0,0.0,1.0,1.0,1.0,1.0,1.0,0.0,1.0,1.0,1.0,1.0,1.0,0.0,1.0,1.0,1.0,1.0,1.0,0.0,1.0,1.0,1.0,1.0,1.0,0.0,1.0,1.0,1.0,1.0,1.0,0.0,1.0,1.0,1.0,1.0,1.0,0.0,1.0,1.0,1.0,1.0,1.0,0.0,1.0,1.0,0.0,1.0,1.0,0.84,2.0,2.0,1.0,1.0,1.0,0.0,1.0,1.0,1.0,1.0,1.0,0.0,1.0,1.0,1.0,1.0,1.0,0.0,1.0,1.0,1.0,1.0,1.0,0.0,1.0,1.0
Codec,18,0.0,0.0,0.0,,,,0.0,0.0,0.0,,,,0.0,0.0,0.0,,,,0.0,0.0,0.0,,,,0.0,0.0,0.0,,,,0.0,0.0,0.0,,,,0.0,0.0,0.0,,,,0.0,0.0,0.0,,,,0.0,0.0,0.0,,,,0.0,0.0,0.0,,,,0.0,0.0,0.0,,,,0.0,0.0,0.0,,,,0.0,0.0,0.0,,,,0.0,0.0,0.0,,,,0.0,0.0,0.0,,,
Csv,1,0.0,0.0,0.0,,,,0.0,0.0,0.0,,,,0.0,0.0,0.0,,,,0.0,0.0,0.0,,,,0.0,0.0,0.0,,,,0.0,0.0,0.0,,,,0.0,0.0,0.0,,,,0.0,0.0,0.0,,,,0.0,0.0,0.0,,,,0.0,0.0,0.0,,,,0.0,0.0,0.0,,,,0.0,0.0,0.0,,,,0.0,0.0,0.0,,,,0.0,0.0,0.0,,,,0.0,0.0,0.0,,,
Csv,2,0.0,0.0,0.0,,,,0.0,0.0,0.0,,,,0.0,0.0,0.0,,,,0.0,0.0,0.0,,,,0.0,0.0,0.0,,,,0.0,0.0,0.0,,,,0.0,0.0,0.0,,,,0.0,0.0,0.0,,,,0.0,0.0,0.0,,,,0.0,0.0,0.0,,,,0.0,0.0,0.0,,,,0.0,0.0,0.0,,,,0.0,0.0,0.0,,,,0.0,0.0,0.0,,,,0.0,0.0,0.0,,,
Csv,3,0.0,0.0,0.0,,,,0.0,0.0,0.0,,,,0.0,0.0,0.0,,,,0.0,0.0,0.0,,,,0.0,0.0,0.0,,,,0.0,0.0,0.0,,,,0.0,0.0,0.0,,,,0.0,0.0,0.0,,,,0.0,0.0,0.0,,,,0.0,0.0,0.0,,,,0.0,0.0,0.0,,,,0.0,0.0,0.0,,,,0.0,0.0,0.0,,,,0.0,0.0,0.0,,,,0.0,0.0,0.0,,,
Csv,4,1.0,1.0,1.0,0.0,1.0,1.0,1.0,1.0,1.0,0.0,1.0,1.0,1.0,1.0,1.0,0.0,1.0,1.0,1.0,1.0,1.0,0.0,1.0,1.0,1.0,1.0,1.0,0.0,1.0,1.0,1.0,1.0,1.0,0.0,1.0,1.0,1.0,1.0,1.0,0.0,1.0,1.0,1.0,1.0,1.0,0.0,1.0,1.0,1.0,1.0,1.0,0.0,1.0,1.0,1.0,1.0,1.0,0.0,1.0,1.0,0.0,1.0,1.0,0.6565656565656566,2.0,2.0,1.0,1.0,1.0,0.0,1.0,1.0,1.0,1.0,1.0,0.0,1.0,1.0,1.0,1.0,1.0,0.0,1.0,1.0,1.0,1.0,1.0,0.0,1.0,1.0
Csv,5,0.0,0.0,0.0,,,,0.0,0.0,0.0,,,,0.0,0.0,0.0,,,,0.0,0.0,0.0,,,,0.0,0.0,0.0,,,,0.0,0.0,0.0,,,,0.0,0.0,0.0,,,,0.0,0.0,0.0,,,,0.0,0.0,0.0,,,,0.0,0.0,0.0,,,,0.0,0.0,0.0,,,,0.0,0.0,0.0,,,,0.0,0.0,0.0,,,,0.0,0.0,0.0,,,,0.0,0.0,0.0,,,
Csv,6,0.0,0.0,0.0,,,,0.0,0.0,0.0,,,,0.0,0.0,0.0,,,,0.0,0.0,0.0,,,,0.0,0.0,0.0,,,,0.0,0.0,0.0,,,,0.0,0.0,0.0,,,,0.0,0.0,0.0,,,,0.0,0.0,0.0,,,,0.0,0.0,0.0,,,,0.0,0.0,0.0,,,,0.0,0.0,0.0,,,,0.0,0.0,0.0,,,,0.0,0.0,0.0,,,,0.0,0.0,0.0,,,
Csv,7,0.0,0.0,0.0,,,,0.0,0.0,0.0,,,,0.0,0.0,0.0,,,,0.0,0.0,0.0,,,,0.0,0.0,0.0,,,,0.0,0.0,0.0,,,,0.0,0.0,0.0,,,,0.0,0.0,0.0,,,,0.0,0.0,0.0,,,,0.0,0.0,0.0,,,,0.0,0.0,0.0,,,,0.0,0.0,0.0,,,,0.0,0.0,0.0,,,,0.0,0.0,0.0,,,,0.0,0.0,0.0,,,
Csv,8,0.0,0.0,0.0,,,,0.0,0.0,0.0,,,,0.0,0.0,0.0,,,,0.0,0.0,0.0,,,,0.0,0.0,0.0,,,,0.0,0.0,0.0,,,,0.0,0.0,0.0,,,,0.0,0.0,0.0,,,,0.0,0.0,0.0,,,,0.0,0.0,0.0,,,,0.0,0.0,0.0,,,,0.0,0.0,0.0,,,,0.0,0.0,0.0,,,,0.0,0.0,0.0,,,,0.0,0.0,0.0,,,
Csv,9,0.0,1.0,1.0,0.008547008547008548,2.0,2.0,0.0,1.0,1.0,0.008547008547008548,2.0,2.0,0.0,1.0,1.0,0.008547008547008548,2.0,2.0,0.0,1.0,1.0,0.008547008547008548,2.0,2.0,0.0,1.0,1.0,0.008547008547008548,2.0,2.0,0.0,1.0,1.0,0.008547008547008548,2.0,2.0,0.0,1.0,1.0,0.008547008547008548,2.0,2.0,0.0,1.0,1.0,0.008547008547008548,2.0,2.0,0.0,1.0,1.0,0.008547008547008548,2.0,2.0,0.0,1.0,1.0,0.008547008547008548,2.0,2.0,0.0,1.0,1.0,0.49572649572649574,3.0,3.0,0.0,1.0,1.0,0.008771929824561403,2.0,2.0,0.0,1.0,1.0,0.49572649572649574,3.0,3.0,0.0,1.0,1.0,0.008771929824561403,2.0,2.0,0.0,0.0,1.0,0.05982905982905983,4.0,4.0
Csv,10,0.0,0.0,0.0,,,,0.0,0.0,0.0,,,,0.0,0.0,0.0,,,,0.0,0.0,0.0,,,,0.0,0.0,0.0,,,,0.0,0.0,0.0,,,,0.0,0.0,0.0,,,,0.0,0.0,0.0,,,,0.0,0.0,0.0,,,,0.0,0.0,0.0,,,,0.0,0.0,0.0,,,,0.0,0.0,0.0,,,,0.0,0.0,0.0,,,,0.0,0.0,0.0,,,,0.0,0.0,0.0,,,
Csv,11,0.0,0.0,0.0,,,,0.0,0.0,0.0,,,,0.0,0.0,0.0,,,,0.0,0.0,0.0,,,,0.0,0.0,0.0,,,,0.0,0.0,0.0,,,,0.0,0.0,0.0,,,,0.0,0.0,0.0,,,,0.0,0.0,0.0,,,,0.0,0.0,0.0,,,,0.0,0.0,0.0,,,,0.0,0.0,0.0,,,,0.0,0.0,0.0,,,,0.0,0.0,0.0,,,,0.0,0.0,0.0,,,
Csv,12,0.0,0.0,0.0,,,,0.0,0.0,0.0,,,,0.0,0.0,0.0,,,,0.0,0.0,0.0,,,,0.0,0.0,0.0,,,,0.0,0.0,0.0,,,,0.0,0.0,0.0,,,,0.0,0.0,0.0,,,,0.0,0.0,0.0,,,,0.0,0.0,0.0,,,,0.0,0.0,0.0,,,,0.0,0.0,0.0,,,,0.0,0.0,0.0,,,,0.0,0.0,0.0,,,,0.0,0.0,0.0,,,
Csv,13,0.0,0.0,0.0,,,,0.0,0.0,0.0,,,,0.0,0.0,0.0,,,,0.0,0.0,0.0,,,,0.0,0.0,0.0,,,,0.0,0.0,0.0,,,,0.0,0.0,0.0,,,,0.0,0.0,0.0,,,,0.0,0.0,0.0,,,,0.0,0.0,0.0,,,,0.0,0.0,0.0,,,,0.0,0.0,0.0,,,,0.0,0.0,0.0,,,,0.0,0.0,0.0,,,,0.0,0.0,0.0,,,
Csv,14,0.0,0.0,0.0,,,,0.0,0.0,0.0,,,,0.0,0.0,0.0,,,,0.0,0.0,0.0,,,,0.0,0.0,0.0,,,,0.0,0.0,0.0,,,,0.0,0.0,0.0,,,,0.0,0.0,0.0,,,,0.0,0.0,0.0,,,,0.0,0.0,0.0,,,,0.0,0.0,0.0,,,,0.0,0.0,0.0,,,,0.0,0.0,0.0,,,,0.0,0.0,0.0,,,,0.0,0.0,0.0,,,
Csv,15,0.0,0.0,0.0,,,,0.0,0.0,0.0,,,,0.0,0.0,0.0,,,,0.0,0.0,0.0,,,,0.0,0.0,0.0,,,,0.0,0.0,0.0,,,,0.0,0.0,0.0,,,,0.0,0.0,0.0,,,,0.0,0.0,0.0,,,,0.0,0.0,0.0,,,,0.0,0.0,0.0,,,,0.0,0.0,0.0,,,,0.0,0.0,0.0,,,,0.0,0.0,0.0,,,,0.0,0.0,0.0,,,
Csv,16,0.0,0.0,1.0,0.047619047619047616,5.0,5.0,0.0,0.0,1.0,0.047619047619047616,5.0,5.0,0.0,0.0,1.0,0.047619047619047616,5.0,5.0,0.0,0.0,1.0,0.047619047619047616,5.0,5.0,0.0,0.0,1.0,0.047619047619047616,5.0,5.0,0.0,0.0,1.0,0.047619047619047616,5.0,5.0,0.0,0.0,1.0,0.047619047619047616,5.0,5.0,0.0,0.0,1.0,0.047619047619047616,5.0,5.0,0.0,0.0,1.0,0.047619047619047616,5.0,5.0,0.0,0.0,1.0,0.047619047619047616,5.0,5.0,0.0,0.0,0.0,0.7619047619047619,6.0,6.0,0.0,0.0,1.0,0.20625,5.0,5.0,0.0,0.0,0.0,0.7619047619047619,6.0,6.0,0.0,0.0,1.0,0.20625,5.0,5.0,0.0,0.0,0.0,0.625,25.0,25.0
Cli,1,0.0,0.0,0.0,0.2542372881355932,18.0,30.6,0.0,0.0,0.0,0.288135593220339,21.0,31.2,0.0,0.0,0.0,0.288135593220339,20.0,30.2,0.0,0.0,0.0,0.19491525423728814,13.0,26.8,0.0,0.0,0.0,0.288135593220339,21.0,31.2,0.0,0.0,0.0,0.2033898305084746,14.0,28.0,0.0,0.0,0.0,0.288135593220339,21.0,31.4,0.0,0.0,0.0,0.288135593220339,21.0,31.2,0.0,0.0,0.0,0.288135593220339,21.0,31.2,0.0,0.0,0.0,0.2033898305084746,13.0,25.0,1.0,1.0,1.0,0.2796610169491525,1.0,10.2,0.0,0.0,0.0,0.40186915887850466,21.0,28.5,0.0,1.0,1.0,0.2966101694915254,2.0,11.8,0.0,0.0,0.0,0.40186915887850466,21.0,28.5,0.0,0.0,1.0,0.11864406779661017,5.0,26.6
Cli,2,0.0,0.0,0.0,,,,0.0,0.0,0.0,,,,0.0,0.0,0.0,,,,0.0,0.0,0.0,,,,0.0,0.0,0.0,,,,0.0,0.0,0.0,,,,0.0,0.0,0.0,,,,0.0,0.0,0.0,,,,0.0,0.0,0.0,,,,0.0,0.0,0.0,,,,0.0,0.0,0.0,,,,0.0,0.0,0.0,,,,0.0,0.0,0.0,,,,0.0,0.0,0.0,,,,0.0,0.0,0.0,,,
Cli,3,1.0,1.0,1.0,0.0,1.0,1.0,1.0,1.0,1.0,0.0,1.0,1.0,1.0,1.0,1.0,0.0,1.0,1.0,1.0,1.0,1.0,0.0,1.0,1.0,1.0,1.0,1.0,0.0,1.0,1.0,1.0,1.0,1.0,0.0,1.0,1.0,0.0,0.0,0.0,0.1925925925925926,15.0,15.0,1.0,1.0,1.0,0.0,1.0,1.0,1.0,1.0,1.0,0.0,1.0,1.0,0.0,0.0,1.0,0.0962962962962963,4.0,4.0,0.0,1.0,1.0,0.4148148148148148,2.0,2.0,1.0,1.0,1.0,0.0,1.0,1.0,1.0,1.0,1.0,0.0,1.0,1.0,1.0,1.0,1.0,0.0,1.0,1.0,0.0,1.0,1.0,0.06666666666666667,3.0,3.0
Cli,4,0.0,0.0,0.0,,,,0.0,0.0,0.0,,,,0.0,0.0,0.0,,,,0.0,0.0,0.0,,,,0.0,0.0,0.0,,,,0.0,0.0,0.0,,,,0.0,0.0,0.0,,,,0.0,0.0,0.0,,,,0.0,0.0,0.0,,,,0.0,0.0,0.0,,,,0.0,0.0,0.0,,,,0.0,0.0,0.0,,,,0.0,0.0,0.0,,,,0.0,0.0,0.0,,,,0.0,0.0,0.0,,,
Cli,5,0.0,0.0,1.0,0.030303030303030304,4.0,4.0,0.0,0.0,1.0,0.030303030303030304,4.0,4.0,0.0,0.0,1.0,0.030303030303030304,4.0,4.0,0.0,0.0,0.0,0.1919191919191919,12.0,12.0,0.0,0.0,1.0,0.030303030303030304,4.0,4.0,0.0,0.0,0.0,0.09090909090909091,7.0,7.0,0.0,1.0,1.0,0.010101010101010102,2.0,2.0,0.0,0.0,1.0,0.030303030303030304,4.0,4.0,0.0,0.0,1.0,0.030303030303030304,4.0,4.0,0.0,0.0,0.0,0.1111111111111111,8.0,8.0,0.0,0.0,0.0,0.9797979797979798,22.0,22.0,0.0,0.0,0.0,0.12359550561797752,9.0,9.0,0.0,0.0,0.0,0.9797979797979798,22.0,22.0,0.0,0.0,0.0,0.12359550561797752,9.0,9.0,0.0,0.0,0.0,0.46464646464646464,18.0,18.0
Cli,6,,,,,,,,,,,,,,,,,,,,,,,,,,,,,,,,,,,,,,,,,,,,,,,,,,,,,,,,,,,,,,,,,,,,,,,,,,,,,,,,,,,,,,,,,,
Cli,7,0.0,0.0,0.0,,,,0.0,0.0,0.0,,,,0.0,0.0,0.0,,,,0.0,0.0,0.0,,,,0.0,0.0,0.0,,,,0.0,0.0,0.0,,,,0.0,0.0,0.0,,,,0.0,0.0,0.0,,,,0.0,0.0,0.0,,,,0.0,0.0,0.0,,,,0.0,0.0,0.0,,,,0.0,0.0,0.0,,,,0.0,0.0,0.0,,,,0.0,0.0,0.0,,,,0.0,0.0,0.0,,,
Cli,8,0.0,0.0,0.0,,,,0.0,0.0,0.0,,,,0.0,0.0,0.0,,,,0.0,0.0,0.0,,,,0.0,0.0,0.0,,,,0.0,0.0,0.0,,,,0.0,0.0,0.0,,,,0.0,0.0,0.0,,,,0.0,0.0,0.0,,,,0.0,0.0,0.0,,,,0.0,0.0,0.0,,,,0.0,0.0,0.0,,,,0.0,0.0,0.0,,,,0.0,0.0,0.0,,,,0.0,0.0,0.0,,,
Cli,9,0.0,0.0,0.0,,,,0.0,0.0,0.0,,,,0.0,0.0,0.0,,,,0.0,0.0,0.0,,,,0.0,0.0,0.0,,,,0.0,0.0,0.0,,,,0.0,0.0,0.0,,,,0.0,0.0,0.0,,,,0.0,0.0,0.0,,,,0.0,0.0,0.0,,,,0.0,0.0,0.0,,,,0.0,0.0,0.0,,,,0.0,0.0,0.0,,,,0.0,0.0,0.0,,,,0.0,0.0,0.0,,,
Cli,10,0.0,0.0,0.0,,,,0.0,0.0,0.0,,,,0.0,0.0,0.0,,,,0.0,0.0,0.0,,,,0.0,0.0,0.0,,,,0.0,0.0,0.0,,,,0.0,0.0,0.0,,,,0.0,0.0,0.0,,,,0.0,0.0,0.0,,,,0.0,0.0,0.0,,,,0.0,0.0,0.0,,,,0.0,0.0,0.0,,,,0.0,0.0,0.0,,,,0.0,0.0,0.0,,,,0.0,0.0,0.0,,,
Cli,11,0.0,0.0,0.0,,,,0.0,0.0,0.0,,,,0.0,0.0,0.0,,,,0.0,0.0,0.0,,,,0.0,0.0,0.0,,,,0.0,0.0,0.0,,,,0.0,0.0,0.0,,,,0.0,0.0,0.0,,,,0.0,0.0,0.0,,,,0.0,0.0,0.0,,,,0.0,0.0,0.0,,,,0.0,0.0,0.0,,,,0.0,0.0,0.0,,,,0.0,0.0,0.0,,,,0.0,0.0,0.0,,,
Cli,12,0.0,0.0,0.0,,,,0.0,0.0,0.0,,,,0.0,0.0,0.0,,,,0.0,0.0,0.0,,,,0.0,0.0,0.0,,,,0.0,0.0,0.0,,,,0.0,0.0,0.0,,,,0.0,0.0,0.0,,,,0.0,0.0,0.0,,,,0.0,0.0,0.0,,,,0.0,0.0,0.0,,,,0.0,0.0,0.0,,,,0.0,0.0,0.0,,,,0.0,0.0,0.0,,,,0.0,0.0,0.0,,,
Cli,13,0.0,0.0,0.0,0.15217391304347827,18.0,18.0,0.0,0.0,0.0,0.15217391304347827,18.0,18.0,0.0,0.0,0.0,0.15217391304347827,18.0,18.0,0.0,0.0,0.0,0.15217391304347827,18.0,18.0,0.0,0.0,0.0,0.15217391304347827,18.0,18.0,0.0,0.0,0.0,0.15217391304347827,18.0,18.0,0.0,0.0,0.0,0.15217391304347827,18.0,18.0,0.0,0.0,0.0,0.15217391304347827,18.0,18.0,0.0,0.0,0.0,0.15217391304347827,18.0,18.0,0.0,0.0,0.0,0.15217391304347827,18.0,18.0,0.0,0.0,0.0,0.7554347826086957,19.0,19.0,0.0,0.0,0.0,0.15469613259668508,18.0,18.0,0.0,0.0,0.0,0.7554347826086957,19.0,19.0,0.0,0.0,0.0,0.15469613259668508,18.0,18.0,0.0,0.0,0.0,0.7010869565217391,49.0,49.0
Cli,14,0.0,0.0,0.0,,,,0.0,0.0,0.0,,,,0.0,0.0,0.0,,,,0.0,0.0,0.0,,,,0.0,0.0,0.0,,,,0.0,0.0,0.0,,,,0.0,0.0,0.0,,,,0.0,0.0,0.0,,,,0.0,0.0,0.0,,,,0.0,0.0,0.0,,,,0.0,0.0,0.0,,,,0.0,0.0,0.0,,,,0.0,0.0,0.0,,,,0.0,0.0,0.0,,,,0.0,0.0,0.0,,,
Cli,15,0.0,0.0,0.0,,,,0.0,0.0,0.0,,,,0.0,0.0,0.0,,,,0.0,0.0,0.0,,,,0.0,0.0,0.0,,,,0.0,0.0,0.0,,,,0.0,0.0,0.0,,,,0.0,0.0,0.0,,,,0.0,0.0,0.0,,,,0.0,0.0,0.0,,,,0.0,0.0,0.0,,,,0.0,0.0,0.0,,,,0.0,0.0,0.0,,,,0.0,0.0,0.0,,,,0.0,0.0,0.0,,,
Cli,16,0.0,0.0,0.0,,,,0.0,0.0,0.0,,,,0.0,0.0,0.0,,,,0.0,0.0,0.0,,,,0.0,0.0,0.0,,,,0.0,0.0,0.0,,,,0.0,0.0,0.0,,,,0.0,0.0,0.0,,,,0.0,0.0,0.0,,,,0.0,0.0,0.0,,,,0.0,0.0,0.0,,,,0.0,0.0,0.0,,,,0.0,0.0,0.0,,,,0.0,0.0,0.0,,,,0.0,0.0,0.0,,,
Cli,17,0.0,0.0,0.0,,,,0.0,0.0,0.0,,,,0.0,0.0,0.0,,,,0.0,0.0,0.0,,,,0.0,0.0,0.0,,,,0.0,0.0,0.0,,,,0.0,0.0,0.0,,,,0.0,0.0,0.0,,,,0.0,0.0,0.0,,,,0.0,0.0,0.0,,,,0.0,0.0,0.0,,,,0.0,0.0,0.0,,,,0.0,0.0,0.0,,,,0.0,0.0,0.0,,,,0.0,0.0,0.0,,,
Cli,18,0.0,0.0,0.0,0.5803571428571429,36.0,36.0,0.0,0.0,0.0,0.5803571428571429,36.0,36.0,0.0,0.0,0.0,0.5803571428571429,35.0,35.0,0.0,0.0,0.0,0.5803571428571429,36.0,36.0,0.0,0.0,0.0,0.5803571428571429,35.0,35.0,0.0,0.0,0.0,0.5803571428571429,36.0,36.0,0.0,0.0,0.0,0.5267857142857143,37.0,37.0,0.0,0.0,0.0,0.5803571428571429,35.0,35.0,0.0,0.0,0.0,0.5803571428571429,35.0,35.0,0.0,0.0,0.0,0.5803571428571429,34.0,34.0,1.0,1.0,1.0,0.0,1.0,1.0,0.0,0.0,0.0,0.6057692307692307,34.0,34.0,1.0,1.0,1.0,0.0,1.0,1.0,0.0,0.0,0.0,0.6057692307692307,34.0,34.0,0.0,0.0,1.0,0.15178571428571427,4.0,4.0
Cli,19,0.0,0.0,0.0,,,,0.0,0.0,0.0,,,,0.0,0.0,0.0,,,,0.0,0.0,0.0,,,,0.0,0.0,0.0,,,,0.0,0.0,0.0,,,,0.0,0.0,0.0,,,,0.0,0.0,0.0,,,,0.0,0.0,0.0,,,,0.0,0.0,0.0,,,,0.0,0.0,0.0,,,,0.0,0.0,0.0,,,,0.0,0.0,0.0,,,,0.0,0.0,0.0,,,,0.0,0.0,0.0,,,
Cli,20,0.0,0.0,0.0,,,,0.0,0.0,0.0,,,,0.0,0.0,0.0,,,,0.0,0.0,0.0,,,,0.0,0.0,0.0,,,,0.0,0.0,0.0,,,,0.0,0.0,0.0,,,,0.0,0.0,0.0,,,,0.0,0.0,0.0,,,,0.0,0.0,0.0,,,,0.0,0.0,0.0,,,,0.0,0.0,0.0,,,,0.0,0.0,0.0,,,,0.0,0.0,0.0,,,,0.0,0.0,0.0,,,
Cli,21,0.0,0.0,0.0,0.056768558951965066,12.0,18.5,0.0,0.0,0.0,0.056768558951965066,12.0,18.5,0.0,0.0,0.0,0.056768558951965066,12.0,18.5,0.0,0.0,0.0,0.056768558951965066,12.0,18.5,0.0,0.0,0.0,0.056768558951965066,12.0,18.5,0.0,0.0,0.0,0.056768558951965066,12.0,18.5,0.0,0.0,0.0,0.056768558951965066,12.0,18.5,0.0,0.0,0.0,0.056768558951965066,12.0,18.5,0.0,0.0,0.0,0.056768558951965066,12.0,18.5,0.0,0.0,0.0,0.056768558951965066,12.0,18.5,0.0,0.0,0.0,0.6812227074235808,13.0,19.5,0.0,0.0,0.0,0.05752212389380531,12.0,18.5,0.0,0.0,0.0,0.6812227074235808,13.0,19.5,0.0,0.0,0.0,0.05752212389380531,12.0,18.5,0.0,0.0,0.0,0.5720524017467249,38.0,49.0
Cli,22,0.0,1.0,1.0,0.007575757575757576,2.0,2.0,1.0,1.0,1.0,0.0,1.0,1.0,1.0,1.0,1.0,0.0,1.0,1.0,1.0,1.0,1.0,0.0,1.0,1.0,1.0,1.0,1.0,0.0,1.0,1.0,1.0,1.0,1.0,0.0,1.0,1.0,0.0,0.0,0.0,0.09090909090909091,10.0,10.0,0.0,1.0,1.0,0.007575757575757576,2.0,2.0,1.0,1.0,1.0,0.0,1.0,1.0,1.0,1.0,1.0,0.0,1.0,1.0,0.0,0.0,0.0,0.4696969696969697,8.0,8.0,0.0,0.0,1.0,0.032,4.0,4.0,0.0,0.0,0.0,0.4621212121212121,7.0,7.0,0.0,0.0,1.0,0.04,5.0,5.0,0.0,0.0,0.0,0.09090909090909091,6.0,6.0
Cli,23,0.0,0.0,0.0,,,,0.0,0.0,0.0,,,,0.0,0.0,0.0,,,,0.0,0.0,0.0,,,,0.0,0.0,0.0,,,,0.0,0.0,0.0,,,,0.0,0.0,0.0,,,,0.0,0.0,0.0,,,,0.0,0.0,0.0,,,,0.0,0.0,0.0,,,,0.0,0.0,0.0,,,,0.0,0.0,0.0,,,,0.0,0.0,0.0,,,,0.0,0.0,0.0,,,,0.0,0.0,0.0,,,
Cli,24,0.0,0.0,0.0,,,,0.0,0.0,0.0,,,,0.0,0.0,0.0,,,,0.0,0.0,0.0,,,,0.0,0.0,0.0,,,,0.0,0.0,0.0,,,,0.0,0.0,0.0,,,,0.0,0.0,0.0,,,,0.0,0.0,0.0,,,,0.0,0.0,0.0,,,,0.0,0.0,0.0,,,,0.0,0.0,0.0,,,,0.0,0.0,0.0,,,,0.0,0.0,0.0,,,,0.0,0.0,0.0,,,
Cli,25,0.0,0.0,0.0,,,,0.0,0.0,0.0,,,,0.0,0.0,0.0,,,,0.0,0.0,0.0,,,,0.0,0.0,0.0,,,,0.0,0.0,0.0,,,,0.0,0.0,0.0,,,,0.0,0.0,0.0,,,,0.0,0.0,0.0,,,,0.0,0.0,0.0,,,,0.0,0.0,0.0,,,,0.0,0.0,0.0,,,,0.0,0.0,0.0,,,,0.0,0.0,0.0,,,,0.0,0.0,0.0,,,
Cli,26,0.0,0.0,0.0,0.1044776119402985,8.0,8.0,0.0,0.0,0.0,0.07462686567164178,6.0,6.0,0.0,0.0,0.0,0.1044776119402985,8.0,8.0,0.0,0.0,0.0,0.13432835820895522,10.0,10.0,0.0,0.0,0.0,0.07462686567164178,6.0,6.0,0.0,0.0,0.0,0.08955223880597014,7.0,7.0,0.0,1.0,1.0,0.029850746268656716,3.0,3.0,0.0,0.0,0.0,0.1044776119402985,7.0,7.0,0.0,0.0,0.0,0.07462686567164178,6.0,6.0,0.0,0.0,1.0,0.04477611940298507,4.0,4.0,0.0,0.0,0.0,0.8507462686567164,19.0,19.0,0.0,0.0,0.0,0.1875,10.0,10.0,0.0,0.0,0.0,0.8507462686567164,19.0,19.0,0.0,0.0,0.0,0.203125,11.0,11.0,0.0,0.0,0.0,0.7313432835820896,32.0,32.0
Cli,27,0.0,0.0,0.0,,,,0.0,0.0,0.0,,,,0.0,0.0,0.0,,,,0.0,0.0,0.0,,,,0.0,0.0,0.0,,,,0.0,0.0,0.0,,,,0.0,0.0,0.0,,,,0.0,0.0,0.0,,,,0.0,0.0,0.0,,,,0.0,0.0,0.0,,,,0.0,0.0,0.0,,,,0.0,0.0,0.0,,,,0.0,0.0,0.0,,,,0.0,0.0,0.0,,,,0.0,0.0,0.0,,,
Cli,28,0.0,0.0,0.0,,,,0.0,0.0,0.0,,,,0.0,0.0,0.0,,,,0.0,0.0,0.0,,,,0.0,0.0,0.0,,,,0.0,0.0,0.0,,,,0.0,0.0,0.0,,,,0.0,0.0,0.0,,,,0.0,0.0,0.0,,,,0.0,0.0,0.0,,,,0.0,0.0,0.0,,,,0.0,0.0,0.0,,,,0.0,0.0,0.0,,,,0.0,0.0,0.0,,,,0.0,0.0,0.0,,,
Cli,29,1.0,1.0,1.0,0.0,1.0,1.0,1.0,1.0,1.0,0.0,1.0,1.0,1.0,1.0,1.0,0.0,1.0,1.0,1.0,1.0,1.0,0.0,1.0,1.0,1.0,1.0,1.0,0.0,1.0,1.0,1.0,1.0,1.0,0.0,1.0,1.0,1.0,1.0,1.0,0.0,1.0,1.0,1.0,1.0,1.0,0.0,1.0,1.0,1.0,1.0,1.0,0.0,1.0,1.0,1.0,1.0,1.0,0.0,1.0,1.0,0.0,1.0,1.0,0.6666666666666666,2.0,2.0,1.0,1.0,1.0,0.0,1.0,1.0,0.0,1.0,1.0,0.6666666666666666,2.0,2.0,1.0,1.0,1.0,0.0,1.0,1.0,0.0,1.0,1.0,0.6666666666666666,2.0,2.0
Cli,30,0.0,0.0,0.0,,,,0.0,0.0,0.0,,,,0.0,0.0,0.0,,,,0.0,0.0,0.0,,,,0.0,0.0,0.0,,,,0.0,0.0,0.0,,,,0.0,0.0,0.0,,,,0.0,0.0,0.0,,,,0.0,0.0,0.0,,,,0.0,0.0,0.0,,,,0.0,0.0,0.0,,,,0.0,0.0,0.0,,,,0.0,0.0,0.0,,,,0.0,0.0,0.0,,,,0.0,0.0,0.0,,,
Cli,31,0.0,0.0,0.0,,,,0.0,0.0,0.0,,,,0.0,0.0,0.0,,,,0.0,0.0,0.0,,,,0.0,0.0,0.0,,,,0.0,0.0,0.0,,,,0.0,0.0,0.0,,,,0.0,0.0,0.0,,,,0.0,0.0,0.0,,,,0.0,0.0,0.0,,,,0.0,0.0,0.0,,,,0.0,0.0,0.0,,,,0.0,0.0,0.0,,,,0.0,0.0,0.0,,,,0.0,0.0,0.0,,,
Cli,32,0.0,0.0,0.0,,,,0.0,0.0,0.0,,,,0.0,0.0,0.0,,,,0.0,0.0,0.0,,,,0.0,0.0,0.0,,,,0.0,0.0,0.0,,,,0.0,0.0,0.0,,,,0.0,0.0,0.0,,,,0.0,0.0,0.0,,,,0.0,0.0,0.0,,,,0.0,0.0,0.0,,,,0.0,0.0,0.0,,,,0.0,0.0,0.0,,,,0.0,0.0,0.0,,,,0.0,0.0,0.0,,,
Cli,33,0.0,0.0,0.0,,,,0.0,0.0,0.0,,,,0.0,0.0,0.0,,,,0.0,0.0,0.0,,,,0.0,0.0,0.0,,,,0.0,0.0,0.0,,,,0.0,0.0,0.0,,,,0.0,0.0,0.0,,,,0.0,0.0,0.0,,,,0.0,0.0,0.0,,,,0.0,0.0,0.0,,,,0.0,0.0,0.0,,,,0.0,0.0,0.0,,,,0.0,0.0,0.0,,,,0.0,0.0,0.0,,,
Cli,34,0.0,0.0,0.0,,,,0.0,0.0,0.0,,,,0.0,0.0,0.0,,,,0.0,0.0,0.0,,,,0.0,0.0,0.0,,,,0.0,0.0,0.0,,,,0.0,0.0,0.0,,,,0.0,0.0,0.0,,,,0.0,0.0,0.0,,,,0.0,0.0,0.0,,,,0.0,0.0,0.0,,,,0.0,0.0,0.0,,,,0.0,0.0,0.0,,,,0.0,0.0,0.0,,,,0.0,0.0,0.0,,,
Cli,35,0.0,0.0,0.0,,,,0.0,0.0,0.0,,,,0.0,0.0,0.0,,,,0.0,0.0,0.0,,,,0.0,0.0,0.0,,,,0.0,0.0,0.0,,,,0.0,0.0,0.0,,,,0.0,0.0,0.0,,,,0.0,0.0,0.0,,,,0.0,0.0,0.0,,,,0.0,0.0,0.0,,,,0.0,0.0,0.0,,,,0.0,0.0,0.0,,,,0.0,0.0,0.0,,,,0.0,0.0,0.0,,,
Cli,36,0.0,0.0,0.0,,,,0.0,0.0,0.0,,,,0.0,0.0,0.0,,,,0.0,0.0,0.0,,,,0.0,0.0,0.0,,,,0.0,0.0,0.0,,,,0.0,0.0,0.0,,,,0.0,0.0,0.0,,,,0.0,0.0,0.0,,,,0.0,0.0,0.0,,,,0.0,0.0,0.0,,,,0.0,0.0,0.0,,,,0.0,0.0,0.0,,,,0.0,0.0,0.0,,,,0.0,0.0,0.0,,,
Cli,37,0.0,0.0,0.0,0.04794520547945205,6.0,6.0,0.0,0.0,0.0,0.04794520547945205,6.0,6.0,0.0,0.0,0.0,0.04794520547945205,6.0,6.0,0.0,0.0,0.0,0.04794520547945205,6.0,6.0,0.0,0.0,0.0,0.04794520547945205,6.0,6.0,0.0,0.0,0.0,0.04794520547945205,6.0,6.0,0.0,0.0,0.0,0.04794520547945205,6.0,6.0,0.0,0.0,0.0,0.04794520547945205,6.0,6.0,0.0,0.0,0.0,0.04794520547945205,6.0,6.0,0.0,0.0,0.0,0.04794520547945205,6.0,6.0,0.0,0.0,0.0,0.6712328767123288,8.0,8.0,0.0,0.0,0.0,0.057971014492753624,7.0,7.0,0.0,0.0,0.0,0.6712328767123288,8.0,8.0,0.0,0.0,0.0,0.057971014492753624,7.0,7.0,0.0,0.0,0.0,0.4315068493150685,19.0,19.0
Cli,38,0.0,0.0,0.0,,,,0.0,0.0,0.0,,,,0.0,0.0,0.0,,,,0.0,0.0,0.0,,,,0.0,0.0,0.0,,,,0.0,0.0,0.0,,,,0.0,0.0,0.0,,,,0.0,0.0,0.0,,,,0.0,0.0,0.0,,,,0.0,0.0,0.0,,,,0.0,0.0,0.0,,,,0.0,0.0,0.0,,,,0.0,0.0,0.0,,,,0.0,0.0,0.0,,,,0.0,0.0,0.0,,,
Cli,39,0.0,0.0,0.0,,,,0.0,0.0,0.0,,,,0.0,0.0,0.0,,,,0.0,0.0,0.0,,,,0.0,0.0,0.0,,,,0.0,0.0,0.0,,,,0.0,0.0,0.0,,,,0.0,0.0,0.0,,,,0.0,0.0,0.0,,,,0.0,0.0,0.0,,,,0.0,0.0,0.0,,,,0.0,0.0,0.0,,,,0.0,0.0,0.0,,,,0.0,0.0,0.0,,,,0.0,0.0,0.0,,,
JxPath,1,0.0,0.0,0.0,,,,0.0,0.0,0.0,,,,0.0,0.0,0.0,,,,0.0,0.0,0.0,,,,0.0,0.0,0.0,,,,0.0,0.0,0.0,,,,0.0,0.0,0.0,,,,0.0,0.0,0.0,,,,0.0,0.0,0.0,,,,0.0,0.0,0.0,,,,0.0,0.0,0.0,,,,0.0,0.0,0.0,,,,0.0,0.0,0.0,,,,0.0,0.0,0.0,,,,0.0,0.0,0.0,,,
JxPath,2,0.0,0.0,0.0,,,,0.0,0.0,0.0,,,,0.0,0.0,0.0,,,,0.0,0.0,0.0,,,,0.0,0.0,0.0,,,,0.0,0.0,0.0,,,,0.0,0.0,0.0,,,,0.0,0.0,0.0,,,,0.0,0.0,0.0,,,,0.0,0.0,0.0,,,,0.0,0.0,0.0,,,,0.0,0.0,0.0,,,,0.0,0.0,0.0,,,,0.0,0.0,0.0,,,,0.0,0.0,0.0,,,
JxPath,3,0.0,0.0,0.0,,,,0.0,0.0,0.0,,,,0.0,0.0,0.0,,,,0.0,0.0,0.0,,,,0.0,0.0,0.0,,,,0.0,0.0,0.0,,,,0.0,0.0,0.0,,,,0.0,0.0,0.0,,,,0.0,0.0,0.0,,,,0.0,0.0,0.0,,,,0.0,0.0,0.0,,,,0.0,0.0,0.0,,,,0.0,0.0,0.0,,,,0.0,0.0,0.0,,,,0.0,0.0,0.0,,,
JxPath,4,0.0,0.0,0.0,0.054005400540054004,22.0,81.33333333333333,0.0,0.0,0.0,0.14311431143114312,52.0,89.33333333333333,0.0,0.0,0.0,0.06930693069306931,26.0,79.33333333333333,0.0,0.0,0.0,0.04950495049504951,19.0,80.33333333333333,0.0,0.0,0.0,0.12961296129612962,46.0,84.66666666666667,0.0,0.0,0.0,0.09090909090909091,36.0,86.0,0.0,0.0,0.0,0.35283528352835286,104.0,109.33333333333333,0.0,0.0,0.0,0.0675067506750675,26.0,81.33333333333333,0.0,0.0,0.0,0.12961296129612962,46.0,84.66666666666667,0.0,0.0,0.0,0.1188118811881188,47.0,87.66666666666667,1.0,1.0,1.0,0.0,1.0,4.0,0.0,0.0,0.0,0.4158730158730159,94.0,98.66666666666667,1.0,1.0,1.0,0.0,1.0,4.666666666666667,0.0,0.0,0.0,0.4148148148148148,94.0,98.66666666666667,0.0,0.0,0.0,0.2952295229522952,28.0,49.666666666666664
JxPath,5,0.0,0.0,0.0,,,,0.0,0.0,0.0,,,,0.0,0.0,0.0,,,,0.0,0.0,0.0,,,,0.0,0.0,0.0,,,,0.0,0.0,0.0,,,,0.0,0.0,0.0,,,,0.0,0.0,0.0,,,,0.0,0.0,0.0,,,,0.0,0.0,0.0,,,,0.0,0.0,0.0,,,,0.0,0.0,0.0,,,,0.0,0.0,0.0,,,,0.0,0.0,0.0,,,,0.0,0.0,0.0,,,
JxPath,6,0.0,0.0,0.0,,,,0.0,0.0,0.0,,,,0.0,0.0,0.0,,,,0.0,0.0,0.0,,,,0.0,0.0,0.0,,,,0.0,0.0,0.0,,,,0.0,0.0,0.0,,,,0.0,0.0,0.0,,,,0.0,0.0,0.0,,,,0.0,0.0,0.0,,,,0.0,0.0,0.0,,,,0.0,0.0,0.0,,,,0.0,0.0,0.0,,,,0.0,0.0,0.0,,,,0.0,0.0,0.0,,,
JxPath,7,0.0,1.0,1.0,0.0018867924528301887,2.0,42.5,0.0,1.0,1.0,0.0018867924528301887,2.0,42.5,0.0,1.0,1.0,0.0018867924528301887,2.0,42.5,0.0,1.0,1.0,0.0018867924528301887,2.0,42.5,0.0,1.0,1.0,0.0018867924528301887,2.0,42.5,0.0,1.0,1.0,0.0018867924528301887,2.0,42.5,0.0,1.0,1.0,0.0018867924528301887,2.0,45.5,0.0,1.0,1.0,0.0018867924528301887,2.0,42.5,0.0,1.0,1.0,0.0018867924528301887,2.0,42.5,0.0,1.0,1.0,0.0018867924528301887,2.0,42.5,1.0,1.0,1.0,0.12547169811320755,1.0,1.5,0.0,1.0,1.0,0.0021810250817884407,2.0,38.0,0.0,1.0,1.0,0.5018867924528302,2.0,2.25,0.0,1.0,1.0,0.0021810250817884407,2.0,38.0,0.0,0.0,1.0,0.21509433962264152,5.0,6.75
JxPath,8,0.0,0.0,0.0,,,,0.0,0.0,0.0,,,,0.0,0.0,0.0,,,,0.0,0.0,0.0,,,,0.0,0.0,0.0,,,,0.0,0.0,0.0,,,,0.0,0.0,0.0,,,,0.0,0.0,0.0,,,,0.0,0.0,0.0,,,,0.0,0.0,0.0,,,,0.0,0.0,0.0,,,,0.0,0.0,0.0,,,,0.0,0.0,0.0,,,,0.0,0.0,0.0,,,,0.0,0.0,0.0,,,
JxPath,9,0.0,0.0,0.0,0.036346691519105315,21.0,47.2,0.0,0.0,0.0,0.035414725069897485,20.0,46.2,0.0,0.0,0.0,0.036346691519105315,21.0,47.2,0.0,0.0,0.0,0.035414725069897485,20.0,46.2,0.0,0.0,0.0,0.036346691519105315,21.0,47.2,0.0,0.0,0.0,0.036346691519105315,21.0,47.2,0.0,0.0,0.0,0.036346691519105315,21.0,49.0,0.0,0.0,0.0,0.036346691519105315,21.0,47.2,0.0,0.0,0.0,0.036346691519105315,21.0,47.2,0.0,0.0,0.0,0.036346691519105315,21.0,47.2,1.0,1.0,1.0,0.5890027958993477,1.0,22.0,0.0,0.0,0.0,0.1668460710441335,31.0,49.4,0.0,1.0,1.0,0.5917986952469712,3.0,22.8,0.0,0.0,0.0,0.1668460710441335,31.0,49.4,0.0,0.0,0.0,0.2581547064305685,10.0,60.4
JxPath,10,0.0,0.0,0.0,0.008703220191470844,6.0,6.0,0.0,0.0,1.0,0.008703220191470844,5.0,5.0,0.0,0.0,0.0,0.008703220191470844,6.0,6.0,0.0,0.0,1.0,0.008703220191470844,5.0,5.0,0.0,0.0,0.0,0.008703220191470844,6.0,6.0,0.0,0.0,0.0,0.008703220191470844,6.0,6.0,0.0,0.0,0.0,0.006962576153176675,6.0,6.0,0.0,0.0,0.0,0.008703220191470844,6.0,6.0,0.0,0.0,0.0,0.008703220191470844,6.0,6.0,0.0,0.0,0.0,0.008703220191470844,6.0,6.0,0.0,0.0,0.0,0.6849434290687555,7.0,7.0,0.0,0.0,0.0,0.010030090270812437,6.0,6.0,0.0,0.0,0.0,0.6849434290687555,7.0,7.0,0.0,0.0,0.0,0.010030090270812437,6.0,6.0,0.0,0.0,0.0,0.31418624891209745,13.0,13.0
JxPath,11,0.0,0.0,0.0,,,,0.0,0.0,0.0,,,,0.0,0.0,0.0,,,,0.0,0.0,0.0,,,,0.0,0.0,0.0,,,,0.0,0.0,0.0,,,,0.0,0.0,0.0,,,,0.0,0.0,0.0,,,,0.0,0.0,0.0,,,,0.0,0.0,0.0,,,,0.0,0.0,0.0,,,,0.0,0.0,0.0,,,,0.0,0.0,0.0,,,,0.0,0.0,0.0,,,,0.0,0.0,0.0,,,
JxPath,12,0.0,0.0,0.0,,,,0.0,0.0,0.0,,,,0.0,0.0,0.0,,,,0.0,0.0,0.0,,,,0.0,0.0,0.0,,,,0.0,0.0,0.0,,,,0.0,0.0,0.0,,,,0.0,0.0,0.0,,,,0.0,0.0,0.0,,,,0.0,0.0,0.0,,,,0.0,0.0,0.0,,,,0.0,0.0,0.0,,,,0.0,0.0,0.0,,,,0.0,0.0,0.0,,,,0.0,0.0,0.0,,,
JxPath,13,0.0,0.0,0.0,0.013411567476948869,12.0,54.0,0.0,0.0,0.0,0.013411567476948869,12.0,54.0,0.0,0.0,0.0,0.013411567476948869,12.0,54.0,0.0,0.0,0.0,0.013411567476948869,12.0,54.0,0.0,0.0,0.0,0.013411567476948869,12.0,54.0,0.0,0.0,0.0,0.013411567476948869,12.0,54.0,0.0,0.0,0.0,0.013411567476948869,12.0,57.0,0.0,0.0,0.0,0.013411567476948869,12.0,54.0,0.0,0.0,0.0,0.013411567476948869,12.0,54.0,0.0,0.0,0.0,0.013411567476948869,12.0,54.0,1.0,1.0,1.0,0.5004191114836547,1.0,9.0,0.0,0.0,0.0,0.11607142857142858,16.0,48.5,0.0,1.0,1.0,0.501257334450964,2.0,9.5,0.0,0.0,0.0,0.11607142857142858,16.0,48.5,0.0,0.0,0.0,0.3067896060352054,13.0,29.5
JxPath,14,0.0,0.0,0.0,,,,0.0,0.0,0.0,,,,0.0,0.0,0.0,,,,0.0,0.0,0.0,,,,0.0,0.0,0.0,,,,0.0,0.0,0.0,,,,0.0,0.0,0.0,,,,0.0,0.0,0.0,,,,0.0,0.0,0.0,,,,0.0,0.0,0.0,,,,0.0,0.0,0.0,,,,0.0,0.0,0.0,,,,0.0,0.0,0.0,,,,0.0,0.0,0.0,,,,0.0,0.0,0.0,,,
JxPath,15,0.0,0.0,0.0,,,,0.0,0.0,0.0,,,,0.0,0.0,0.0,,,,0.0,0.0,0.0,,,,0.0,0.0,0.0,,,,0.0,0.0,0.0,,,,0.0,0.0,0.0,,,,0.0,0.0,0.0,,,,0.0,0.0,0.0,,,,0.0,0.0,0.0,,,,0.0,0.0,0.0,,,,0.0,0.0,0.0,,,,0.0,0.0,0.0,,,,0.0,0.0,0.0,,,,0.0,0.0,0.0,,,
JxPath,16,0.0,0.0,0.0,,,,0.0,0.0,0.0,,,,0.0,0.0,0.0,,,,0.0,0.0,0.0,,,,0.0,0.0,0.0,,,,0.0,0.0,0.0,,,,0.0,0.0,0.0,,,,0.0,0.0,0.0,,,,0.0,0.0,0.0,,,,0.0,0.0,0.0,,,,0.0,0.0,0.0,,,,0.0,0.0,0.0,,,,0.0,0.0,0.0,,,,0.0,0.0,0.0,,,,0.0,0.0,0.0,,,
JxPath,17,0.0,0.0,0.0,,,,0.0,0.0,0.0,,,,0.0,0.0,0.0,,,,0.0,0.0,0.0,,,,0.0,0.0,0.0,,,,0.0,0.0,0.0,,,,0.0,0.0,0.0,,,,0.0,0.0,0.0,,,,0.0,0.0,0.0,,,,0.0,0.0,0.0,,,,0.0,0.0,0.0,,,,0.0,0.0,0.0,,,,0.0,0.0,0.0,,,,0.0,0.0,0.0,,,,0.0,0.0,0.0,,,
JxPath,18,0.0,0.0,0.0,,,,0.0,0.0,0.0,,,,0.0,0.0,0.0,,,,0.0,0.0,0.0,,,,0.0,0.0,0.0,,,,0.0,0.0,0.0,,,,0.0,0.0,0.0,,,,0.0,0.0,0.0,,,,0.0,0.0,0.0,,,,0.0,0.0,0.0,,,,0.0,0.0,0.0,,,,0.0,0.0,0.0,,,,0.0,0.0,0.0,,,,0.0,0.0,0.0,,,,0.0,0.0,0.0,,,
JxPath,19,0.0,0.0,0.0,,,,0.0,0.0,0.0,,,,0.0,0.0,0.0,,,,0.0,0.0,0.0,,,,0.0,0.0,0.0,,,,0.0,0.0,0.0,,,,0.0,0.0,0.0,,,,0.0,0.0,0.0,,,,0.0,0.0,0.0,,,,0.0,0.0,0.0,,,,0.0,0.0,0.0,,,,0.0,0.0,0.0,,,,0.0,0.0,0.0,,,,0.0,0.0,0.0,,,,0.0,0.0,0.0,,,
JxPath,20,0.0,0.0,0.0,,,,0.0,0.0,0.0,,,,0.0,0.0,0.0,,,,0.0,0.0,0.0,,,,0.0,0.0,0.0,,,,0.0,0.0,0.0,,,,0.0,0.0,0.0,,,,0.0,0.0,0.0,,,,0.0,0.0,0.0,,,,0.0,0.0,0.0,,,,0.0,0.0,0.0,,,,0.0,0.0,0.0,,,,0.0,0.0,0.0,,,,0.0,0.0,0.0,,,,0.0,0.0,0.0,,,
JxPath,21,0.0,0.0,0.0,0.07125700560448359,49.0,49.0,0.0,0.0,0.0,0.03042433947157726,26.0,26.0,0.0,0.0,0.0,0.0632506004803843,43.0,43.0,0.0,0.0,0.0,0.09207365892714171,63.0,63.0,0.0,0.0,0.0,0.03042433947157726,27.0,27.0,0.0,0.0,0.0,0.041633306645316254,36.0,36.0,0.0,0.0,0.0,0.01200960768614892,14.0,14.0,0.0,0.0,0.0,0.0632506004803843,43.0,43.0,0.0,0.0,0.0,0.03042433947157726,27.0,27.0,0.0,0.0,0.0,0.01200960768614892,14.0,14.0,0.0,0.0,0.0,0.9415532425940752,133.0,133.0,0.0,0.0,0.0,0.23760523854069224,58.0,58.0,0.0,0.0,0.0,0.9415532425940752,133.0,133.0,0.0,0.0,0.0,0.23854069223573432,59.0,59.0,0.0,0.0,0.0,0.833466773418735,183.0,183.0
JxPath,22,0.0,0.0,0.0,,,,0.0,0.0,0.0,,,,0.0,0.0,0.0,,,,0.0,0.0,0.0,,,,0.0,0.0,0.0,,,,0.0,0.0,0.0,,,,0.0,0.0,0.0,,,,0.0,0.0,0.0,,,,0.0,0.0,0.0,,,,0.0,0.0,0.0,,,,0.0,0.0,0.0,,,,0.0,0.0,0.0,,,,0.0,0.0,0.0,,,,0.0,0.0,0.0,,,,0.0,0.0,0.0,,,
Jsoup,1,,,,,,,,,,,,,,,,,,,,,,,,,,,,,,,,,,,,,,,,,,,,,,,,,,,,,,,,,,,,,,,,,,,,,,,,,,,,,,,,,,,,,,,,,,
Jsoup,2,,,,,,,,,,,,,,,,,,,,,,,,,,,,,,,,,,,,,,,,,,,,,,,,,,,,,,,,,,,,,,,,,,,,,,,,,,,,,,,,,,,,,,,,,,
Jsoup,3,,,,,,,,,,,,,,,,,,,,,,,,,,,,,,,,,,,,,,,,,,,,,,,,,,,,,,,,,,,,,,,,,,,,,,,,,,,,,,,,,,,,,,,,,,
Jsoup,4,,,,,,,,,,,,,,,,,,,,,,,,,,,,,,,,,,,,,,,,,,,,,,,,,,,,,,,,,,,,,,,,,,,,,,,,,,,,,,,,,,,,,,,,,,
Jsoup,5,,,,,,,,,,,,,,,,,,,,,,,,,,,,,,,,,,,,,,,,,,,,,,,,,,,,,,,,,,,,,,,,,,,,,,,,,,,,,,,,,,,,,,,,,,
Jsoup,6,,,,,,,,,,,,,,,,,,,,,,,,,,,,,,,,,,,,,,,,,,,,,,,,,,,,,,,,,,,,,,,,,,,,,,,,,,,,,,,,,,,,,,,,,,
Jsoup,7,,,,,,,,,,,,,,,,,,,,,,,,,,,,,,,,,,,,,,,,,,,,,,,,,,,,,,,,,,,,,,,,,,,,,,,,,,,,,,,,,,,,,,,,,,
Jsoup,8,,,,,,,,,,,,,,,,,,,,,,,,,,,,,,,,,,,,,,,,,,,,,,,,,,,,,,,,,,,,,,,,,,,,,,,,,,,,,,,,,,,,,,,,,,
Jsoup,9,,,,,,,,,,,,,,,,,,,,,,,,,,,,,,,,,,,,,,,,,,,,,,,,,,,,,,,,,,,,,,,,,,,,,,,,,,,,,,,,,,,,,,,,,,
Jsoup,10,,,,,,,,,,,,,,,,,,,,,,,,,,,,,,,,,,,,,,,,,,,,,,,,,,,,,,,,,,,,,,,,,,,,,,,,,,,,,,,,,,,,,,,,,,
Jsoup,11,,,,,,,,,,,,,,,,,,,,,,,,,,,,,,,,,,,,,,,,,,,,,,,,,,,,,,,,,,,,,,,,,,,,,,,,,,,,,,,,,,,,,,,,,,
Jsoup,12,,,,,,,,,,,,,,,,,,,,,,,,,,,,,,,,,,,,,,,,,,,,,,,,,,,,,,,,,,,,,,,,,,,,,,,,,,,,,,,,,,,,,,,,,,
Jsoup,13,,,,,,,,,,,,,,,,,,,,,,,,,,,,,,,,,,,,,,,,,,,,,,,,,,,,,,,,,,,,,,,,,,,,,,,,,,,,,,,,,,,,,,,,,,
Jsoup,14,,,,,,,,,,,,,,,,,,,,,,,,,,,,,,,,,,,,,,,,,,,,,,,,,,,,,,,,,,,,,,,,,,,,,,,,,,,,,,,,,,,,,,,,,,
Jsoup,15,,,,,,,,,,,,,,,,,,,,,,,,,,,,,,,,,,,,,,,,,,,,,,,,,,,,,,,,,,,,,,,,,,,,,,,,,,,,,,,,,,,,,,,,,,
Jsoup,16,,,,,,,,,,,,,,,,,,,,,,,,,,,,,,,,,,,,,,,,,,,,,,,,,,,,,,,,,,,,,,,,,,,,,,,,,,,,,,,,,,,,,,,,,,
Jsoup,17,,,,,,,,,,,,,,,,,,,,,,,,,,,,,,,,,,,,,,,,,,,,,,,,,,,,,,,,,,,,,,,,,,,,,,,,,,,,,,,,,,,,,,,,,,
Jsoup,18,,,,,,,,,,,,,,,,,,,,,,,,,,,,,,,,,,,,,,,,,,,,,,,,,,,,,,,,,,,,,,,,,,,,,,,,,,,,,,,,,,,,,,,,,,
Jsoup,19,,,,,,,,,,,,,,,,,,,,,,,,,,,,,,,,,,,,,,,,,,,,,,,,,,,,,,,,,,,,,,,,,,,,,,,,,,,,,,,,,,,,,,,,,,
Jsoup,20,,,,,,,,,,,,,,,,,,,,,,,,,,,,,,,,,,,,,,,,,,,,,,,,,,,,,,,,,,,,,,,,,,,,,,,,,,,,,,,,,,,,,,,,,,
Jsoup,21,,,,,,,,,,,,,,,,,,,,,,,,,,,,,,,,,,,,,,,,,,,,,,,,,,,,,,,,,,,,,,,,,,,,,,,,,,,,,,,,,,,,,,,,,,
Jsoup,22,,,,,,,,,,,,,,,,,,,,,,,,,,,,,,,,,,,,,,,,,,,,,,,,,,,,,,,,,,,,,,,,,,,,,,,,,,,,,,,,,,,,,,,,,,
Jsoup,23,,,,,,,,,,,,,,,,,,,,,,,,,,,,,,,,,,,,,,,,,,,,,,,,,,,,,,,,,,,,,,,,,,,,,,,,,,,,,,,,,,,,,,,,,,
Jsoup,24,,,,,,,,,,,,,,,,,,,,,,,,,,,,,,,,,,,,,,,,,,,,,,,,,,,,,,,,,,,,,,,,,,,,,,,,,,,,,,,,,,,,,,,,,,
Jsoup,25,,,,,,,,,,,,,,,,,,,,,,,,,,,,,,,,,,,,,,,,,,,,,,,,,,,,,,,,,,,,,,,,,,,,,,,,,,,,,,,,,,,,,,,,,,
Jsoup,26,,,,,,,,,,,,,,,,,,,,,,,,,,,,,,,,,,,,,,,,,,,,,,,,,,,,,,,,,,,,,,,,,,,,,,,,,,,,,,,,,,,,,,,,,,
Jsoup,27,,,,,,,,,,,,,,,,,,,,,,,,,,,,,,,,,,,,,,,,,,,,,,,,,,,,,,,,,,,,,,,,,,,,,,,,,,,,,,,,,,,,,,,,,,
Jsoup,28,,,,,,,,,,,,,,,,,,,,,,,,,,,,,,,,,,,,,,,,,,,,,,,,,,,,,,,,,,,,,,,,,,,,,,,,,,,,,,,,,,,,,,,,,,
Jsoup,29,,,,,,,,,,,,,,,,,,,,,,,,,,,,,,,,,,,,,,,,,,,,,,,,,,,,,,,,,,,,,,,,,,,,,,,,,,,,,,,,,,,,,,,,,,
Jsoup,30,,,,,,,,,,,,,,,,,,,,,,,,,,,,,,,,,,,,,,,,,,,,,,,,,,,,,,,,,,,,,,,,,,,,,,,,,,,,,,,,,,,,,,,,,,
Jsoup,31,,,,,,,,,,,,,,,,,,,,,,,,,,,,,,,,,,,,,,,,,,,,,,,,,,,,,,,,,,,,,,,,,,,,,,,,,,,,,,,,,,,,,,,,,,
Jsoup,32,,,,,,,,,,,,,,,,,,,,,,,,,,,,,,,,,,,,,,,,,,,,,,,,,,,,,,,,,,,,,,,,,,,,,,,,,,,,,,,,,,,,,,,,,,
Jsoup,33,,,,,,,,,,,,,,,,,,,,,,,,,,,,,,,,,,,,,,,,,,,,,,,,,,,,,,,,,,,,,,,,,,,,,,,,,,,,,,,,,,,,,,,,,,
Jsoup,34,,,,,,,,,,,,,,,,,,,,,,,,,,,,,,,,,,,,,,,,,,,,,,,,,,,,,,,,,,,,,,,,,,,,,,,,,,,,,,,,,,,,,,,,,,
Jsoup,35,,,,,,,,,,,,,,,,,,,,,,,,,,,,,,,,,,,,,,,,,,,,,,,,,,,,,,,,,,,,,,,,,,,,,,,,,,,,,,,,,,,,,,,,,,
Jsoup,36,,,,,,,,,,,,,,,,,,,,,,,,,,,,,,,,,,,,,,,,,,,,,,,,,,,,,,,,,,,,,,,,,,,,,,,,,,,,,,,,,,,,,,,,,,
Jsoup,37,,,,,,,,,,,,,,,,,,,,,,,,,,,,,,,,,,,,,,,,,,,,,,,,,,,,,,,,,,,,,,,,,,,,,,,,,,,,,,,,,,,,,,,,,,
Jsoup,38,,,,,,,,,,,,,,,,,,,,,,,,,,,,,,,,,,,,,,,,,,,,,,,,,,,,,,,,,,,,,,,,,,,,,,,,,,,,,,,,,,,,,,,,,,
Jsoup,39,,,,,,,,,,,,,,,,,,,,,,,,,,,,,,,,,,,,,,,,,,,,,,,,,,,,,,,,,,,,,,,,,,,,,,,,,,,,,,,,,,,,,,,,,,
Jsoup,40,,,,,,,,,,,,,,,,,,,,,,,,,,,,,,,,,,,,,,,,,,,,,,,,,,,,,,,,,,,,,,,,,,,,,,,,,,,,,,,,,,,,,,,,,,
Jsoup,41,,,,,,,,,,,,,,,,,,,,,,,,,,,,,,,,,,,,,,,,,,,,,,,,,,,,,,,,,,,,,,,,,,,,,,,,,,,,,,,,,,,,,,,,,,
Jsoup,42,,,,,,,,,,,,,,,,,,,,,,,,,,,,,,,,,,,,,,,,,,,,,,,,,,,,,,,,,,,,,,,,,,,,,,,,,,,,,,,,,,,,,,,,,,
Jsoup,43,,,,,,,,,,,,,,,,,,,,,,,,,,,,,,,,,,,,,,,,,,,,,,,,,,,,,,,,,,,,,,,,,,,,,,,,,,,,,,,,,,,,,,,,,,
Jsoup,44,,,,,,,,,,,,,,,,,,,,,,,,,,,,,,,,,,,,,,,,,,,,,,,,,,,,,,,,,,,,,,,,,,,,,,,,,,,,,,,,,,,,,,,,,,
Jsoup,45,,,,,,,,,,,,,,,,,,,,,,,,,,,,,,,,,,,,,,,,,,,,,,,,,,,,,,,,,,,,,,,,,,,,,,,,,,,,,,,,,,,,,,,,,,
Jsoup,46,,,,,,,,,,,,,,,,,,,,,,,,,,,,,,,,,,,,,,,,,,,,,,,,,,,,,,,,,,,,,,,,,,,,,,,,,,,,,,,,,,,,,,,,,,
Jsoup,47,,,,,,,,,,,,,,,,,,,,,,,,,,,,,,,,,,,,,,,,,,,,,,,,,,,,,,,,,,,,,,,,,,,,,,,,,,,,,,,,,,,,,,,,,,
Jsoup,48,,,,,,,,,,,,,,,,,,,,,,,,,,,,,,,,,,,,,,,,,,,,,,,,,,,,,,,,,,,,,,,,,,,,,,,,,,,,,,,,,,,,,,,,,,
Jsoup,49,,,,,,,,,,,,,,,,,,,,,,,,,,,,,,,,,,,,,,,,,,,,,,,,,,,,,,,,,,,,,,,,,,,,,,,,,,,,,,,,,,,,,,,,,,
Jsoup,50,,,,,,,,,,,,,,,,,,,,,,,,,,,,,,,,,,,,,,,,,,,,,,,,,,,,,,,,,,,,,,,,,,,,,,,,,,,,,,,,,,,,,,,,,,
Jsoup,51,,,,,,,,,,,,,,,,,,,,,,,,,,,,,,,,,,,,,,,,,,,,,,,,,,,,,,,,,,,,,,,,,,,,,,,,,,,,,,,,,,,,,,,,,,
Jsoup,52,,,,,,,,,,,,,,,,,,,,,,,,,,,,,,,,,,,,,,,,,,,,,,,,,,,,,,,,,,,,,,,,,,,,,,,,,,,,,,,,,,,,,,,,,,
Jsoup,53,,,,,,,,,,,,,,,,,,,,,,,,,,,,,,,,,,,,,,,,,,,,,,,,,,,,,,,,,,,,,,,,,,,,,,,,,,,,,,,,,,,,,,,,,,
Jsoup,54,0.0,0.0,0.0,,,,0.0,0.0,0.0,,,,0.0,0.0,0.0,,,,0.0,0.0,0.0,,,,0.0,0.0,0.0,,,,0.0,0.0,0.0,,,,0.0,0.0,0.0,,,,0.0,0.0,0.0,,,,0.0,0.0,0.0,,,,0.0,0.0,0.0,,,,0.0,0.0,0.0,,,,0.0,0.0,0.0,,,,0.0,0.0,0.0,,,,0.0,0.0,0.0,,,,0.0,0.0,0.0,,,
Jsoup,55,0.0,0.0,0.0,,,,0.0,0.0,0.0,,,,0.0,0.0,0.0,,,,0.0,0.0,0.0,,,,0.0,0.0,0.0,,,,0.0,0.0,0.0,,,,0.0,0.0,0.0,,,,0.0,0.0,0.0,,,,0.0,0.0,0.0,,,,0.0,0.0,0.0,,,,0.0,0.0,0.0,,,,0.0,0.0,0.0,,,,0.0,0.0,0.0,,,,0.0,0.0,0.0,,,,0.0,0.0,0.0,,,
Jsoup,56,0.0,1.0,1.0,0.003436426116838488,2.0,2.0,0.0,1.0,1.0,0.003436426116838488,2.0,2.0,0.0,1.0,1.0,0.003436426116838488,2.0,2.0,0.0,1.0,1.0,0.003436426116838488,2.0,2.0,0.0,1.0,1.0,0.003436426116838488,2.0,2.0,0.0,1.0,1.0,0.003436426116838488,2.0,2.0,0.0,0.0,0.0,0.022909507445589918,12.0,12.0,0.0,1.0,1.0,0.003436426116838488,2.0,2.0,0.0,1.0,1.0,0.003436426116838488,2.0,2.0,0.0,1.0,1.0,0.003436426116838488,2.0,2.0,0.0,1.0,1.0,0.7709049255441008,3.0,3.0,0.0,1.0,1.0,0.003978779840848806,2.0,2.0,0.0,1.0,1.0,0.003436426116838488,2.0,2.0,0.0,1.0,1.0,0.003978779840848806,2.0,2.0,0.0,1.0,1.0,0.003436426116838488,2.0,2.0
Jsoup,57,0.0,0.0,0.0,,,,0.0,0.0,0.0,,,,0.0,0.0,0.0,,,,0.0,0.0,0.0,,,,0.0,0.0,0.0,,,,0.0,0.0,0.0,,,,0.0,0.0,0.0,,,,0.0,0.0,0.0,,,,0.0,0.0,0.0,,,,0.0,0.0,0.0,,,,0.0,0.0,0.0,,,,0.0,0.0,0.0,,,,0.0,0.0,0.0,,,,0.0,0.0,0.0,,,,0.0,0.0,0.0,,,
Jsoup,58,0.0,1.0,1.0,0.0020470829068577278,3.0,3.0,0.0,0.0,1.0,0.0030706243602865915,4.0,4.0,0.0,1.0,1.0,0.0030706243602865915,3.0,3.0,0.0,0.0,0.0,0.032753326509723645,10.0,10.0,0.0,0.0,1.0,0.0030706243602865915,4.0,4.0,0.0,0.0,1.0,0.0030706243602865915,4.0,4.0,0.0,0.0,0.0,0.20880245649948823,96.0,96.0,0.0,1.0,1.0,0.0020470829068577278,3.0,3.0,0.0,0.0,1.0,0.0030706243602865915,4.0,4.0,0.0,0.0,0.0,0.05629477993858751,30.0,30.0,0.0,1.0,1.0,0.6929375639713409,3.0,3.0,0.0,0.0,1.0,0.00351288056206089,4.0,4.0,0.0,1.0,1.0,0.0020470829068577278,3.0,3.0,0.0,1.0,1.0,0.00234192037470726,3.0,3.0,0.0,0.0,1.0,0.0030706243602865915,4.0,4.0
Jsoup,59,0.0,0.0,0.0,,,,0.0,0.0,0.0,,,,0.0,0.0,0.0,,,,0.0,0.0,0.0,,,,0.0,0.0,0.0,,,,0.0,0.0,0.0,,,,0.0,0.0,0.0,,,,0.0,0.0,0.0,,,,0.0,0.0,0.0,,,,0.0,0.0,0.0,,,,0.0,0.0,0.0,,,,0.0,0.0,0.0,,,,0.0,0.0,0.0,,,,0.0,0.0,0.0,,,,0.0,0.0,0.0,,,
Jsoup,60,0.0,0.0,0.0,0.12135922330097088,17.0,17.0,0.0,0.0,0.0,0.10679611650485436,13.0,13.0,0.0,0.0,0.0,0.12135922330097088,17.0,17.0,0.0,0.0,0.0,0.12135922330097088,17.0,17.0,0.0,0.0,0.0,0.10679611650485436,14.0,14.0,0.0,0.0,0.0,0.11165048543689321,15.0,15.0,0.0,0.0,0.0,0.06310679611650485,6.0,6.0,0.0,0.0,0.0,0.12135922330097088,17.0,17.0,0.0,0.0,0.0,0.10679611650485436,14.0,14.0,0.0,0.0,1.0,0.05825242718446602,5.0,5.0,0.0,0.0,0.0,0.9660194174757282,24.0,24.0,0.0,0.0,0.0,0.13664596273291926,16.0,16.0,0.0,0.0,0.0,0.9660194174757282,24.0,24.0,0.0,0.0,0.0,0.13664596273291926,16.0,16.0,0.0,0.0,0.0,0.9368932038834952,61.0,61.0
Jsoup,61,0.0,1.0,1.0,0.000984251968503937,2.0,2.0,0.0,1.0,1.0,0.000984251968503937,2.0,2.0,0.0,1.0,1.0,0.000984251968503937,2.0,2.0,1.0,1.0,1.0,0.0,1.0,1.0,0.0,1.0,1.0,0.000984251968503937,2.0,2.0,0.0,1.0,1.0,0.000984251968503937,2.0,2.0,0.0,0.0,0.0,0.01673228346456693,10.0,10.0,0.0,1.0,1.0,0.000984251968503937,2.0,2.0,0.0,1.0,1.0,0.000984251968503937,2.0,2.0,1.0,1.0,1.0,0.0,1.0,1.0,0.0,0.0,0.0,0.7942913385826772,21.0,21.0,0.0,1.0,1.0,0.002257336343115124,3.0,3.0,0.0,0.0,0.0,0.7933070866141733,20.0,20.0,0.0,1.0,1.0,0.002257336343115124,3.0,3.0,0.0,0.0,0.0,0.5649606299212598,25.0,25.0
Jsoup,62,0.0,0.0,0.0,,,,0.0,0.0,0.0,,,,0.0,0.0,0.0,,,,0.0,0.0,0.0,,,,0.0,0.0,0.0,,,,0.0,0.0,0.0,,,,0.0,0.0,0.0,,,,0.0,0.0,0.0,,,,0.0,0.0,0.0,,,,0.0,0.0,0.0,,,,0.0,0.0,0.0,,,,0.0,0.0,0.0,,,,0.0,0.0,0.0,,,,0.0,0.0,0.0,,,,0.0,0.0,0.0,,,
Jsoup,63,0.0,0.0,0.0,0.03015075376884422,22.0,57.0,0.0,0.0,0.0,0.019095477386934675,18.0,47.5,0.0,0.0,0.0,0.022110552763819097,20.0,54.0,0.0,0.0,0.0,0.03015075376884422,22.0,56.5,0.0,0.0,0.0,0.018090452261306532,17.0,47.0,0.0,0.0,0.0,0.018090452261306532,17.0,52.5,0.0,0.0,0.0,0.12361809045226131,61.0,71.5,0.0,0.0,0.0,0.02814070351758794,21.0,55.0,0.0,0.0,0.0,0.018090452261306532,17.0,47.0,0.0,0.0,0.0,0.017085427135678392,17.0,49.5,0.0,0.0,0.0,0.8241206030150754,42.0,56.5,0.0,0.0,0.0,0.11609195402298851,44.0,46.5,0.0,0.0,0.0,0.8241206030150754,42.0,56.5,0.0,0.0,0.0,0.11609195402298851,44.0,45.5,0.0,0.0,0.0,0.6743718592964824,66.0,99.5
Jsoup,64,0.0,1.0,1.0,0.0033482142857142855,2.0,2.0,0.0,1.0,1.0,0.0033482142857142855,2.0,2.0,0.0,1.0,1.0,0.0033482142857142855,2.0,2.0,1.0,1.0,1.0,0.0,1.0,1.0,0.0,1.0,1.0,0.0033482142857142855,2.0,2.0,0.0,1.0,1.0,0.0033482142857142855,2.0,2.0,0.0,0.0,0.0,0.020089285714285716,10.0,10.0,0.0,1.0,1.0,0.0033482142857142855,2.0,2.0,0.0,1.0,1.0,0.0033482142857142855,2.0,2.0,1.0,1.0,1.0,0.0,1.0,1.0,0.0,0.0,1.0,0.7544642857142857,4.0,4.0,0.0,1.0,1.0,0.002583979328165375,3.0,3.0,0.0,0.0,1.0,0.7589285714285714,4.0,4.0,0.0,1.0,1.0,0.002583979328165375,3.0,3.0,0.0,0.0,0.0,0.41964285714285715,11.0,11.0
Jsoup,65,0.0,0.0,0.0,0.02385685884691849,12.0,12.0,0.0,0.0,0.0,0.02385685884691849,12.0,12.0,0.0,0.0,0.0,0.02385685884691849,12.0,12.0,0.0,0.0,0.0,0.0268389662027833,12.0,12.0,0.0,0.0,0.0,0.02385685884691849,12.0,12.0,0.0,0.0,0.0,0.02385685884691849,12.0,12.0,0.0,0.0,0.0,0.039761431411530816,22.0,22.0,0.0,0.0,0.0,0.02385685884691849,12.0,12.0,0.0,0.0,0.0,0.02385685884691849,12.0,12.0,0.0,0.0,0.0,0.0268389662027833,12.0,12.0,0.0,0.0,0.0,0.7673956262425448,13.0,13.0,0.0,0.0,0.0,0.04602991944764097,22.0,22.0,0.0,0.0,0.0,0.7673956262425448,13.0,13.0,0.0,0.0,0.0,0.04602991944764097,22.0,22.0,0.0,0.0,0.0,0.5914512922465208,36.0,36.0
Jsoup,66,0.0,0.0,0.0,,,,0.0,0.0,0.0,,,,0.0,0.0,0.0,,,,0.0,0.0,0.0,,,,0.0,0.0,0.0,,,,0.0,0.0,0.0,,,,0.0,0.0,0.0,,,,0.0,0.0,0.0,,,,0.0,0.0,0.0,,,,0.0,0.0,0.0,,,,0.0,0.0,0.0,,,,0.0,0.0,0.0,,,,0.0,0.0,0.0,,,,0.0,0.0,0.0,,,,0.0,0.0,0.0,,,
Jsoup,67,0.0,0.0,0.0,,,,0.0,0.0,0.0,,,,0.0,0.0,0.0,,,,0.0,0.0,0.0,,,,0.0,0.0,0.0,,,,0.0,0.0,0.0,,,,0.0,0.0,0.0,,,,0.0,0.0,0.0,,,,0.0,0.0,0.0,,,,0.0,0.0,0.0,,,,0.0,0.0,0.0,,,,0.0,0.0,0.0,,,,0.0,0.0,0.0,,,,0.0,0.0,0.0,,,,0.0,0.0,0.0,,,
Jsoup,68,0.0,0.0,0.0,0.0166358595194085,16.0,16.0,0.0,0.0,0.0,0.0166358595194085,16.0,16.0,0.0,0.0,0.0,0.0166358595194085,16.0,16.0,0.0,0.0,0.0,0.0166358595194085,16.0,16.0,0.0,0.0,0.0,0.0166358595194085,16.0,16.0,0.0,0.0,0.0,0.0166358595194085,16.0,16.0,0.0,0.0,0.0,0.015711645101663587,16.0,16.0,0.0,0.0,0.0,0.0166358595194085,16.0,16.0,0.0,0.0,0.0,0.0166358595194085,16.0,16.0,0.0,0.0,0.0,0.0166358595194085,16.0,16.0,0.0,0.0,0.0,0.9842883548983364,56.0,56.0,0.0,0.0,0.0,0.15705128205128205,55.0,55.0,0.0,0.0,0.0,0.9842883548983364,56.0,56.0,0.0,0.0,0.0,0.15705128205128205,55.0,55.0,0.0,0.0,0.0,0.911275415896488,173.0,173.0
Jsoup,69,0.0,0.0,0.0,,,,0.0,0.0,0.0,,,,0.0,0.0,0.0,,,,0.0,0.0,0.0,,,,0.0,0.0,0.0,,,,0.0,0.0,0.0,,,,0.0,0.0,0.0,,,,0.0,0.0,0.0,,,,0.0,0.0,0.0,,,,0.0,0.0,0.0,,,,0.0,0.0,0.0,,,,0.0,0.0,0.0,,,,0.0,0.0,0.0,,,,0.0,0.0,0.0,,,,0.0,0.0,0.0,,,
Jsoup,70,0.0,0.0,0.0,,,,0.0,0.0,0.0,,,,0.0,0.0,0.0,,,,0.0,0.0,0.0,,,,0.0,0.0,0.0,,,,0.0,0.0,0.0,,,,0.0,0.0,0.0,,,,0.0,0.0,0.0,,,,0.0,0.0,0.0,,,,0.0,0.0,0.0,,,,0.0,0.0,0.0,,,,0.0,0.0,0.0,,,,0.0,0.0,0.0,,,,0.0,0.0,0.0,,,,0.0,0.0,0.0,,,
Jsoup,71,0.0,0.0,0.0,,,,0.0,0.0,0.0,,,,0.0,0.0,0.0,,,,0.0,0.0,0.0,,,,0.0,0.0,0.0,,,,0.0,0.0,0.0,,,,0.0,0.0,0.0,,,,0.0,0.0,0.0,,,,0.0,0.0,0.0,,,,0.0,0.0,0.0,,,,0.0,0.0,0.0,,,,0.0,0.0,0.0,,,,0.0,0.0,0.0,,,,0.0,0.0,0.0,,,,0.0,0.0,0.0,,,
Jsoup,72,0.0,0.0,0.0,,,,0.0,0.0,0.0,,,,0.0,0.0,0.0,,,,0.0,0.0,0.0,,,,0.0,0.0,0.0,,,,0.0,0.0,0.0,,,,0.0,0.0,0.0,,,,0.0,0.0,0.0,,,,0.0,0.0,0.0,,,,0.0,0.0,0.0,,,,0.0,0.0,0.0,,,,0.0,0.0,0.0,,,,0.0,0.0,0.0,,,,0.0,0.0,0.0,,,,0.0,0.0,0.0,,,
Jsoup,73,0.0,0.0,0.0,,,,0.0,0.0,0.0,,,,0.0,0.0,0.0,,,,0.0,0.0,0.0,,,,0.0,0.0,0.0,,,,0.0,0.0,0.0,,,,0.0,0.0,0.0,,,,0.0,0.0,0.0,,,,0.0,0.0,0.0,,,,0.0,0.0,0.0,,,,0.0,0.0,0.0,,,,0.0,0.0,0.0,,,,0.0,0.0,0.0,,,,0.0,0.0,0.0,,,,0.0,0.0,0.0,,,
Jsoup,74,0.0,0.0,0.0,,,,0.0,0.0,0.0,,,,0.0,0.0,0.0,,,,0.0,0.0,0.0,,,,0.0,0.0,0.0,,,,0.0,0.0,0.0,,,,0.0,0.0,0.0,,,,0.0,0.0,0.0,,,,0.0,0.0,0.0,,,,0.0,0.0,0.0,,,,0.0,0.0,0.0,,,,0.0,0.0,0.0,,,,0.0,0.0,0.0,,,,0.0,0.0,0.0,,,,0.0,0.0,0.0,,,
Jsoup,75,0.0,0.0,0.0,,,,0.0,0.0,0.0,,,,0.0,0.0,0.0,,,,0.0,0.0,0.0,,,,0.0,0.0,0.0,,,,0.0,0.0,0.0,,,,0.0,0.0,0.0,,,,0.0,0.0,0.0,,,,0.0,0.0,0.0,,,,0.0,0.0,0.0,,,,0.0,0.0,0.0,,,,0.0,0.0,0.0,,,,0.0,0.0,0.0,,,,0.0,0.0,0.0,,,,0.0,0.0,0.0,,,
Jsoup,76,0.0,0.0,0.0,,,,0.0,0.0,0.0,,,,0.0,0.0,0.0,,,,0.0,0.0,0.0,,,,0.0,0.0,0.0,,,,0.0,0.0,0.0,,,,0.0,0.0,0.0,,,,0.0,0.0,0.0,,,,0.0,0.0,0.0,,,,0.0,0.0,0.0,,,,0.0,0.0,0.0,,,,0.0,0.0,0.0,,,,0.0,0.0,0.0,,,,0.0,0.0,0.0,,,,0.0,0.0,0.0,,,
Jsoup,77,0.0,1.0,1.0,0.0011123470522803114,2.0,2.0,0.0,1.0,1.0,0.0011123470522803114,2.0,2.0,0.0,1.0,1.0,0.0011123470522803114,2.0,2.0,0.0,1.0,1.0,0.0011123470522803114,2.0,2.0,0.0,1.0,1.0,0.0011123470522803114,2.0,2.0,0.0,1.0,1.0,0.0011123470522803114,2.0,2.0,0.0,1.0,1.0,0.0011123470522803114,2.0,2.0,0.0,1.0,1.0,0.0011123470522803114,2.0,2.0,0.0,1.0,1.0,0.0011123470522803114,2.0,2.0,0.0,1.0,1.0,0.0011123470522803114,2.0,2.0,0.0,1.0,1.0,0.8008898776418243,3.0,3.0,0.0,1.0,1.0,0.0012919896640826874,2.0,2.0,0.0,1.0,1.0,0.8008898776418243,3.0,3.0,0.0,1.0,1.0,0.0012919896640826874,2.0,2.0,0.0,0.0,0.0,0.4460511679644049,13.0,13.0
Jsoup,78,0.0,0.0,0.0,,,,0.0,0.0,0.0,,,,0.0,0.0,0.0,,,,0.0,0.0,0.0,,,,0.0,0.0,0.0,,,,0.0,0.0,0.0,,,,0.0,0.0,0.0,,,,0.0,0.0,0.0,,,,0.0,0.0,0.0,,,,0.0,0.0,0.0,,,,0.0,0.0,0.0,,,,0.0,0.0,0.0,,,,0.0,0.0,0.0,,,,0.0,0.0,0.0,,,,0.0,0.0,0.0,,,
Jsoup,79,1.0,1.0,1.0,0.0,1.0,1.0,0.0,0.0,0.0,0.23593466424682397,96.0,96.0,1.0,1.0,1.0,0.0,1.0,1.0,0.0,0.0,0.0,0.23593466424682397,96.0,96.0,1.0,1.0,1.0,0.0,1.0,1.0,1.0,1.0,1.0,0.0,1.0,1.0,1.0,1.0,1.0,0.0,1.0,1.0,1.0,1.0,1.0,0.0,1.0,1.0,1.0,1.0,1.0,0.0,1.0,1.0,1.0,1.0,1.0,0.0,1.0,1.0,0.0,1.0,1.0,0.8121597096188747,2.0,2.0,1.0,1.0,1.0,0.0,1.0,1.0,1.0,1.0,1.0,0.0,1.0,1.0,1.0,1.0,1.0,0.0,1.0,1.0,1.0,1.0,1.0,0.0,1.0,1.0
Jsoup,80,0.0,0.0,0.0,,,,0.0,0.0,0.0,,,,0.0,0.0,0.0,,,,0.0,0.0,0.0,,,,0.0,0.0,0.0,,,,0.0,0.0,0.0,,,,0.0,0.0,0.0,,,,0.0,0.0,0.0,,,,0.0,0.0,0.0,,,,0.0,0.0,0.0,,,,0.0,0.0,0.0,,,,0.0,0.0,0.0,,,,0.0,0.0,0.0,,,,0.0,0.0,0.0,,,,0.0,0.0,0.0,,,
Jsoup,81,0.0,0.0,0.0,,,,0.0,0.0,0.0,,,,0.0,0.0,0.0,,,,0.0,0.0,0.0,,,,0.0,0.0,0.0,,,,0.0,0.0,0.0,,,,0.0,0.0,0.0,,,,0.0,0.0,0.0,,,,0.0,0.0,0.0,,,,0.0,0.0,0.0,,,,0.0,0.0,0.0,,,,0.0,0.0,0.0,,,,0.0,0.0,0.0,,,,0.0,0.0,0.0,,,,0.0,0.0,0.0,,,
Jsoup,82,0.0,0.0,0.0,,,,0.0,0.0,0.0,,,,0.0,0.0,0.0,,,,0.0,0.0,0.0,,,,0.0,0.0,0.0,,,,0.0,0.0,0.0,,,,0.0,0.0,0.0,,,,0.0,0.0,0.0,,,,0.0,0.0,0.0,,,,0.0,0.0,0.0,,,,0.0,0.0,0.0,,,,0.0,0.0,0.0,,,,0.0,0.0,0.0,,,,0.0,0.0,0.0,,,,0.0,0.0,0.0,,,
Jsoup,83,0.0,0.0,0.0,,,,0.0,0.0,0.0,,,,0.0,0.0,0.0,,,,0.0,0.0,0.0,,,,0.0,0.0,0.0,,,,0.0,0.0,0.0,,,,0.0,0.0,0.0,,,,0.0,0.0,0.0,,,,0.0,0.0,0.0,,,,0.0,0.0,0.0,,,,0.0,0.0,0.0,,,,0.0,0.0,0.0,,,,0.0,0.0,0.0,,,,0.0,0.0,0.0,,,,0.0,0.0,0.0,,,
Jsoup,84,0.0,0.0,0.0,,,,0.0,0.0,0.0,,,,0.0,0.0,0.0,,,,0.0,0.0,0.0,,,,0.0,0.0,0.0,,,,0.0,0.0,0.0,,,,0.0,0.0,0.0,,,,0.0,0.0,0.0,,,,0.0,0.0,0.0,,,,0.0,0.0,0.0,,,,0.0,0.0,0.0,,,,0.0,0.0,0.0,,,,0.0,0.0,0.0,,,,0.0,0.0,0.0,,,,0.0,0.0,0.0,,,
Jsoup,85,0.0,0.0,0.0,,,,0.0,0.0,0.0,,,,0.0,0.0,0.0,,,,0.0,0.0,0.0,,,,0.0,0.0,0.0,,,,0.0,0.0,0.0,,,,0.0,0.0,0.0,,,,0.0,0.0,0.0,,,,0.0,0.0,0.0,,,,0.0,0.0,0.0,,,,0.0,0.0,0.0,,,,0.0,0.0,0.0,,,,0.0,0.0,0.0,,,,0.0,0.0,0.0,,,,0.0,0.0,0.0,,,
Jsoup,86,0.0,0.0,0.0,,,,0.0,0.0,0.0,,,,0.0,0.0,0.0,,,,0.0,0.0,0.0,,,,0.0,0.0,0.0,,,,0.0,0.0,0.0,,,,0.0,0.0,0.0,,,,0.0,0.0,0.0,,,,0.0,0.0,0.0,,,,0.0,0.0,0.0,,,,0.0,0.0,0.0,,,,0.0,0.0,0.0,,,,0.0,0.0,0.0,,,,0.0,0.0,0.0,,,,0.0,0.0,0.0,,,
Jsoup,87,0.0,1.0,1.0,0.0020942408376963353,3.0,57.666666666666664,0.0,1.0,1.0,0.0020942408376963353,3.0,57.666666666666664,0.0,1.0,1.0,0.0020942408376963353,3.0,57.0,0.0,1.0,1.0,0.0020942408376963353,3.0,54.0,0.0,1.0,1.0,0.0020942408376963353,3.0,57.0,0.0,1.0,1.0,0.0020942408376963353,3.0,55.0,0.0,0.0,0.0,0.025130890052356022,15.0,72.0,0.0,1.0,1.0,0.0020942408376963353,3.0,57.666666666666664,0.0,1.0,1.0,0.0020942408376963353,3.0,57.0,0.0,0.0,1.0,0.0031413612565445027,4.0,53.666666666666664,1.0,1.0,1.0,0.5005235602094241,1.0,33.0,0.0,0.0,1.0,0.0036363636363636364,4.0,73.0,1.0,1.0,1.0,0.5005235602094241,1.0,33.0,0.0,0.0,1.0,0.0036363636363636364,4.0,73.0,0.0,0.0,0.0,0.44293193717277485,16.0,89.0
Jsoup,88,0.0,1.0,1.0,0.002074688796680498,3.0,3.0,0.0,1.0,1.0,0.002074688796680498,3.0,3.0,0.0,1.0,1.0,0.002074688796680498,3.0,3.0,0.0,1.0,1.0,0.002074688796680498,3.0,3.0,0.0,1.0,1.0,0.002074688796680498,3.0,3.0,0.0,1.0,1.0,0.002074688796680498,3.0,3.0,0.0,1.0,1.0,0.002074688796680498,3.0,3.0,0.0,1.0,1.0,0.002074688796680498,3.0,3.0,0.0,1.0,1.0,0.002074688796680498,3.0,3.0,0.0,1.0,1.0,0.002074688796680498,3.0,3.0,0.0,0.0,1.0,0.8132780082987552,5.0,5.0,0.0,0.0,1.0,0.0035842293906810036,4.0,4.0,0.0,0.0,1.0,0.8132780082987552,5.0,5.0,0.0,0.0,1.0,0.0035842293906810036,4.0,4.0,0.0,0.0,0.0,0.5881742738589212,40.0,40.0
Jsoup,89,0.0,1.0,1.0,0.025,3.0,3.0,0.0,1.0,1.0,0.025,3.0,3.0,0.0,1.0,1.0,0.025,3.0,3.0,0.0,1.0,1.0,0.025,3.0,3.0,0.0,1.0,1.0,0.025,3.0,3.0,0.0,1.0,1.0,0.025,3.0,3.0,0.0,1.0,1.0,0.025,3.0,3.0,0.0,1.0,1.0,0.025,3.0,3.0,0.0,1.0,1.0,0.025,3.0,3.0,0.0,1.0,1.0,0.025,3.0,3.0,0.0,0.0,1.0,0.95,4.0,4.0,0.0,1.0,1.0,0.04225352112676056,3.0,3.0,0.0,0.0,1.0,0.95,4.0,4.0,0.0,1.0,1.0,0.04225352112676056,3.0,3.0,0.0,0.0,0.0,0.55,12.0,12.0
Jsoup,90,0.0,0.0,0.0,,,,0.0,0.0,0.0,,,,0.0,0.0,0.0,,,,0.0,0.0,0.0,,,,0.0,0.0,0.0,,,,0.0,0.0,0.0,,,,0.0,0.0,0.0,,,,0.0,0.0,0.0,,,,0.0,0.0,0.0,,,,0.0,0.0,0.0,,,,0.0,0.0,0.0,,,,0.0,0.0,0.0,,,,0.0,0.0,0.0,,,,0.0,0.0,0.0,,,,0.0,0.0,0.0,,,
Jsoup,91,0.0,0.0,0.0,,,,0.0,0.0,0.0,,,,0.0,0.0,0.0,,,,0.0,0.0,0.0,,,,0.0,0.0,0.0,,,,0.0,0.0,0.0,,,,0.0,0.0,0.0,,,,0.0,0.0,0.0,,,,0.0,0.0,0.0,,,,0.0,0.0,0.0,,,,0.0,0.0,0.0,,,,0.0,0.0,0.0,,,,0.0,0.0,0.0,,,,0.0,0.0,0.0,,,,0.0,0.0,0.0,,,
Jsoup,92,0.0,0.0,0.0,,,,0.0,0.0,0.0,,,,0.0,0.0,0.0,,,,0.0,0.0,0.0,,,,0.0,0.0,0.0,,,,0.0,0.0,0.0,,,,0.0,0.0,0.0,,,,0.0,0.0,0.0,,,,0.0,0.0,0.0,,,,0.0,0.0,0.0,,,,0.0,0.0,0.0,,,,0.0,0.0,0.0,,,,0.0,0.0,0.0,,,,0.0,0.0,0.0,,,,0.0,0.0,0.0,,,
Jsoup,93,0.0,0.0,0.0,,,,0.0,0.0,0.0,,,,0.0,0.0,0.0,,,,0.0,0.0,0.0,,,,0.0,0.0,0.0,,,,0.0,0.0,0.0,,,,0.0,0.0,0.0,,,,0.0,0.0,0.0,,,,0.0,0.0,0.0,,,,0.0,0.0,0.0,,,,0.0,0.0,0.0,,,,0.0,0.0,0.0,,,,0.0,0.0,0.0,,,,0.0,0.0,0.0,,,,0.0,0.0,0.0,,,
JacksonXml,1,0.0,0.0,0.0,,,,0.0,0.0,0.0,,,,0.0,0.0,0.0,,,,0.0,0.0,0.0,,,,0.0,0.0,0.0,,,,0.0,0.0,0.0,,,,0.0,0.0,0.0,,,,0.0,0.0,0.0,,,,0.0,0.0,0.0,,,,0.0,0.0,0.0,,,,0.0,0.0,0.0,,,,0.0,0.0,0.0,,,,0.0,0.0,0.0,,,,0.0,0.0,0.0,,,,0.0,0.0,0.0,,,
JacksonXml,2,0.0,0.0,0.0,,,,0.0,0.0,0.0,,,,0.0,0.0,0.0,,,,0.0,0.0,0.0,,,,0.0,0.0,0.0,,,,0.0,0.0,0.0,,,,0.0,0.0,0.0,,,,0.0,0.0,0.0,,,,0.0,0.0,0.0,,,,0.0,0.0,0.0,,,,0.0,0.0,0.0,,,,0.0,0.0,0.0,,,,0.0,0.0,0.0,,,,0.0,0.0,0.0,,,,0.0,0.0,0.0,,,
JacksonXml,3,0.0,0.0,0.0,,,,0.0,0.0,0.0,,,,0.0,0.0,0.0,,,,0.0,0.0,0.0,,,,0.0,0.0,0.0,,,,0.0,0.0,0.0,,,,0.0,0.0,0.0,,,,0.0,0.0,0.0,,,,0.0,0.0,0.0,,,,0.0,0.0,0.0,,,,0.0,0.0,0.0,,,,0.0,0.0,0.0,,,,0.0,0.0,0.0,,,,0.0,0.0,0.0,,,,0.0,0.0,0.0,,,
JacksonXml,4,1.0,1.0,1.0,0.0,1.0,1.0,0.0,0.0,0.0,0.3489010989010989,60.0,60.0,0.0,0.0,0.0,0.34065934065934067,57.0,57.0,0.0,0.0,0.0,0.0521978021978022,11.0,11.0,0.0,0.0,0.0,0.30494505494505497,47.0,47.0,0.0,0.0,0.0,0.1510989010989011,25.0,25.0,0.0,0.0,0.0,0.3489010989010989,61.0,61.0,1.0,1.0,1.0,0.0,1.0,1.0,0.0,0.0,0.0,0.30494505494505497,47.0,47.0,0.0,0.0,0.0,0.31868131868131866,57.0,57.0,0.0,1.0,1.0,0.5934065934065934,2.0,2.0,0.0,0.0,0.0,0.5,51.0,51.0,0.0,0.0,1.0,0.046703296703296704,5.0,5.0,1.0,1.0,1.0,0.0,1.0,1.0,0.0,0.0,0.0,0.32967032967032966,53.0,53.0
JacksonXml,5,0.0,0.0,0.0,,,,0.0,0.0,0.0,,,,0.0,0.0,0.0,,,,0.0,0.0,0.0,,,,0.0,0.0,0.0,,,,0.0,0.0,0.0,,,,0.0,0.0,0.0,,,,0.0,0.0,0.0,,,,0.0,0.0,0.0,,,,0.0,0.0,0.0,,,,0.0,0.0,0.0,,,,0.0,0.0,0.0,,,,0.0,0.0,0.0,,,,0.0,0.0,0.0,,,,0.0,0.0,0.0,,,
JacksonXml,6,0.0,0.0,0.0,,,,0.0,0.0,0.0,,,,0.0,0.0,0.0,,,,0.0,0.0,0.0,,,,0.0,0.0,0.0,,,,0.0,0.0,0.0,,,,0.0,0.0,0.0,,,,0.0,0.0,0.0,,,,0.0,0.0,0.0,,,,0.0,0.0,0.0,,,,0.0,0.0,0.0,,,,0.0,0.0,0.0,,,,0.0,0.0,0.0,,,,0.0,0.0,0.0,,,,0.0,0.0,0.0,,,
JacksonDatabind,1,0.0,0.0,0.0,,,,0.0,0.0,0.0,,,,0.0,0.0,0.0,,,,0.0,0.0,0.0,,,,0.0,0.0,0.0,,,,0.0,0.0,0.0,,,,0.0,0.0,0.0,,,,0.0,0.0,0.0,,,,0.0,0.0,0.0,,,,0.0,0.0,0.0,,,,0.0,0.0,0.0,,,,0.0,0.0,0.0,,,,0.0,0.0,0.0,,,,0.0,0.0,0.0,,,,0.0,0.0,0.0,,,
JacksonDatabind,2,0.0,0.0,0.0,0.02837071061875169,43.0,43.0,0.0,0.0,0.0,0.288840853823291,526.0,526.0,0.0,0.0,0.0,0.1264523101864361,243.0,243.0,0.0,0.0,0.0,0.05376925155363415,108.0,108.0,0.0,0.0,0.0,0.2599297487165631,442.0,442.0,0.0,0.0,0.0,0.19156984598757093,407.0,407.0,0.0,0.0,0.0,0.2993785463388273,556.0,556.0,0.0,0.0,0.0,0.03215347203458525,40.0,40.0,0.0,0.0,0.0,0.2599297487165631,442.0,442.0,0.0,0.0,0.0,0.2642529046203729,540.0,540.0,0.0,0.0,0.0,0.6754931099702783,9.0,9.0,0.0,0.0,0.0,0.35667396061269147,477.0,477.0,0.0,0.0,0.0,0.6771142934342069,13.0,13.0,0.0,0.0,0.0,0.34682713347921224,454.0,454.0,0.0,0.0,0.0,0.6779248851661713,248.0,248.0
JacksonDatabind,3,0.0,0.0,0.0,,,,0.0,0.0,0.0,,,,0.0,0.0,0.0,,,,0.0,0.0,0.0,,,,0.0,0.0,0.0,,,,0.0,0.0,0.0,,,,0.0,0.0,0.0,,,,0.0,0.0,0.0,,,,0.0,0.0,0.0,,,,0.0,0.0,0.0,,,,0.0,0.0,0.0,,,,0.0,0.0,0.0,,,,0.0,0.0,0.0,,,,0.0,0.0,0.0,,,,0.0,0.0,0.0,,,
JacksonDatabind,4,0.0,0.0,0.0,,,,0.0,0.0,0.0,,,,0.0,0.0,0.0,,,,0.0,0.0,0.0,,,,0.0,0.0,0.0,,,,0.0,0.0,0.0,,,,0.0,0.0,0.0,,,,0.0,0.0,0.0,,,,0.0,0.0,0.0,,,,0.0,0.0,0.0,,,,0.0,0.0,0.0,,,,0.0,0.0,0.0,,,,0.0,0.0,0.0,,,,0.0,0.0,0.0,,,,0.0,0.0,0.0,,,
JacksonDatabind,5,0.0,0.0,0.0,,,,0.0,0.0,0.0,,,,0.0,0.0,0.0,,,,0.0,0.0,0.0,,,,0.0,0.0,0.0,,,,0.0,0.0,0.0,,,,0.0,0.0,0.0,,,,0.0,0.0,0.0,,,,0.0,0.0,0.0,,,,0.0,0.0,0.0,,,,0.0,0.0,0.0,,,,0.0,0.0,0.0,,,,0.0,0.0,0.0,,,,0.0,0.0,0.0,,,,0.0,0.0,0.0,,,
JacksonDatabind,6,0.0,0.0,0.0,,,,0.0,0.0,0.0,,,,0.0,0.0,0.0,,,,0.0,0.0,0.0,,,,0.0,0.0,0.0,,,,0.0,0.0,0.0,,,,0.0,0.0,0.0,,,,0.0,0.0,0.0,,,,0.0,0.0,0.0,,,,0.0,0.0,0.0,,,,0.0,0.0,0.0,,,,0.0,0.0,0.0,,,,0.0,0.0,0.0,,,,0.0,0.0,0.0,,,,0.0,0.0,0.0,,,
JacksonDatabind,7,0.0,0.0,0.0,0.011275167785234899,17.0,17.0,0.0,0.0,0.0,0.28859060402684567,538.0,538.0,0.0,0.0,0.0,0.11543624161073826,227.0,227.0,0.0,0.0,0.0,0.05395973154362416,118.0,118.0,0.0,0.0,0.0,0.23865771812080536,412.0,412.0,0.0,0.0,0.0,0.1229530201342282,276.0,276.0,0.0,0.0,0.0,0.2934228187919463,563.0,563.0,0.0,0.0,0.0,0.016375838926174495,24.0,24.0,0.0,0.0,0.0,0.23865771812080536,410.0,410.0,0.0,0.0,0.0,0.25852348993288593,545.0,545.0,0.0,0.0,1.0,0.6681879194630872,5.0,5.0,0.0,0.0,0.0,0.3286283025696706,443.0,443.0,0.0,0.0,0.0,0.6695302013422819,9.0,9.0,0.0,0.0,0.0,0.30184581976112923,388.0,388.0,0.0,0.0,0.0,0.4306040268456376,261.0,261.0
JacksonDatabind,8,0.0,0.0,0.0,,,,0.0,0.0,0.0,,,,0.0,0.0,0.0,,,,0.0,0.0,0.0,,,,0.0,0.0,0.0,,,,0.0,0.0,0.0,,,,0.0,0.0,0.0,,,,0.0,0.0,0.0,,,,0.0,0.0,0.0,,,,0.0,0.0,0.0,,,,0.0,0.0,0.0,,,,0.0,0.0,0.0,,,,0.0,0.0,0.0,,,,0.0,0.0,0.0,,,,0.0,0.0,0.0,,,
JacksonDatabind,9,0.0,0.0,0.0,0.09793139565331238,178.0,178.0,0.0,0.0,0.0,0.31421838177533384,562.0,562.0,0.0,0.0,0.0,0.3040062843676355,466.0,466.0,0.0,0.0,0.0,0.08955223880597014,156.0,156.0,0.0,0.0,0.0,0.31133804660905995,541.0,541.0,0.0,0.0,0.0,0.27572663000785547,568.0,568.0,0.0,0.0,0.0,0.31421838177533384,576.0,576.0,0.0,0.0,0.0,0.18119926682377585,326.0,326.0,0.0,0.0,0.0,0.31133804660905995,541.0,541.0,0.0,0.0,0.0,0.27965435978004716,567.0,567.0,0.0,0.0,0.0,0.7043728724797067,38.0,38.0,0.0,0.0,0.0,0.4270833333333333,567.0,567.0,0.0,0.0,0.0,0.7412935323383084,45.0,45.0,0.0,0.0,0.0,0.4270833333333333,567.0,567.0,0.0,0.0,0.0,0.8554595443833464,341.0,341.0
JacksonDatabind,10,0.0,0.0,0.0,0.033499084009421615,42.0,42.0,0.0,0.0,0.0,0.2915467155194975,526.0,526.0,0.0,0.0,0.0,0.11829364040827009,218.0,218.0,0.0,0.0,0.0,0.05705312745354619,108.0,108.0,0.0,0.0,0.0,0.2711332112012562,467.0,467.0,0.0,0.0,0.0,0.20125621565035332,433.0,433.0,0.0,0.0,0.0,0.29678094739596966,548.0,548.0,0.0,0.0,0.0,0.03506935357236326,39.0,39.0,0.0,0.0,0.0,0.2711332112012562,467.0,467.0,0.0,0.0,0.0,0.2622350170112536,541.0,541.0,0.0,0.0,0.0,0.6898717613190264,11.0,11.0,0.0,0.0,0.0,0.37383177570093457,496.0,496.0,0.0,0.0,0.0,0.7252028264852133,15.0,15.0,0.0,0.0,0.0,0.36951833213515456,488.0,488.0,0.0,0.0,0.0,0.7126406699816802,222.0,222.0
JacksonDatabind,11,0.0,0.0,0.0,,,,0.0,0.0,0.0,,,,0.0,0.0,0.0,,,,0.0,0.0,0.0,,,,0.0,0.0,0.0,,,,0.0,0.0,0.0,,,,0.0,0.0,0.0,,,,0.0,0.0,0.0,,,,0.0,0.0,0.0,,,,0.0,0.0,0.0,,,,0.0,0.0,0.0,,,,0.0,0.0,0.0,,,,0.0,0.0,0.0,,,,0.0,0.0,0.0,,,,0.0,0.0,0.0,,,
JacksonDatabind,12,0.0,0.0,0.0,0.14105263157894737,288.0,288.0,0.0,0.0,0.0,0.2731578947368421,511.0,511.0,0.0,0.0,0.0,0.3128947368421053,485.0,485.0,0.0,0.0,0.0,0.1376315789473684,270.0,270.0,0.0,0.0,0.0,0.3031578947368421,527.0,527.0,0.0,0.0,0.0,0.2736842105263158,555.0,555.0,0.0,0.0,0.0,0.24868421052631579,472.0,472.0,0.0,0.0,0.0,0.3231578947368421,521.0,521.0,0.0,0.0,0.0,0.3031578947368421,525.0,525.0,0.0,0.0,0.0,0.19631578947368422,438.0,438.0,0.0,0.0,0.0,0.7813157894736842,217.0,217.0,0.0,0.0,0.0,0.40084985835694054,539.0,539.0,0.0,0.0,0.0,0.7839473684210526,225.0,225.0,0.0,0.0,0.0,0.40439093484419264,544.0,544.0,0.0,0.0,0.0,0.9928947368421053,662.0,662.0
JacksonDatabind,13,0.0,0.0,0.0,,,,0.0,0.0,0.0,,,,0.0,0.0,0.0,,,,0.0,0.0,0.0,,,,0.0,0.0,0.0,,,,0.0,0.0,0.0,,,,0.0,0.0,0.0,,,,0.0,0.0,0.0,,,,0.0,0.0,0.0,,,,0.0,0.0,0.0,,,,0.0,0.0,0.0,,,,0.0,0.0,0.0,,,,0.0,0.0,0.0,,,,0.0,0.0,0.0,,,,0.0,0.0,0.0,,,
JacksonDatabind,14,0.0,0.0,0.0,,,,0.0,0.0,0.0,,,,0.0,0.0,0.0,,,,0.0,0.0,0.0,,,,0.0,0.0,0.0,,,,0.0,0.0,0.0,,,,0.0,0.0,0.0,,,,0.0,0.0,0.0,,,,0.0,0.0,0.0,,,,0.0,0.0,0.0,,,,0.0,0.0,0.0,,,,0.0,0.0,0.0,,,,0.0,0.0,0.0,,,,0.0,0.0,0.0,,,,0.0,0.0,0.0,,,
JacksonDatabind,15,0.0,0.0,0.0,0.5002565418163161,623.0,623.0,0.0,0.0,0.0,0.5002565418163161,600.0,600.0,0.0,0.0,0.0,0.5002565418163161,534.0,534.0,0.0,0.0,0.0,0.5002565418163161,624.0,624.0,0.0,0.0,0.0,0.5002565418163161,579.0,579.0,0.0,0.0,0.0,0.38712160082093383,623.0,623.0,0.0,0.0,0.0,0.4122626988199076,624.0,624.0,0.0,0.0,0.0,0.5002565418163161,541.0,541.0,0.0,0.0,0.0,0.5002565418163161,577.0,577.0,0.0,0.0,0.0,0.38712160082093383,609.0,609.0,1.0,1.0,1.0,0.0,1.0,1.0,0.0,0.0,0.0,,,,0.0,0.0,0.0,0.0849153412006157,6.0,6.0,0.0,0.0,0.0,,,,0.0,0.0,0.0,0.2675731144176501,180.0,180.0
JacksonDatabind,16,0.0,0.0,0.0,,,,0.0,0.0,0.0,,,,0.0,0.0,0.0,,,,0.0,0.0,0.0,,,,0.0,0.0,0.0,,,,0.0,0.0,0.0,,,,0.0,0.0,0.0,,,,0.0,0.0,0.0,,,,0.0,0.0,0.0,,,,0.0,0.0,0.0,,,,0.0,0.0,0.0,,,,0.0,0.0,0.0,,,,0.0,0.0,0.0,,,,0.0,0.0,0.0,,,,0.0,0.0,0.0,,,
JacksonDatabind,17,0.0,0.0,0.0,,,,0.0,0.0,0.0,,,,0.0,0.0,0.0,,,,0.0,0.0,0.0,,,,0.0,0.0,0.0,,,,0.0,0.0,0.0,,,,0.0,0.0,0.0,,,,0.0,0.0,0.0,,,,0.0,0.0,0.0,,,,0.0,0.0,0.0,,,,0.0,0.0,0.0,,,,0.0,0.0,0.0,,,,0.0,0.0,0.0,,,,0.0,0.0,0.0,,,,0.0,0.0,0.0,,,
JacksonDatabind,18,0.0,0.0,0.0,0.016140350877192983,24.0,235.0,0.0,0.0,0.0,0.17309941520467836,338.0,438.3333333333333,0.0,0.0,0.0,0.01590643274853801,36.0,216.33333333333334,0.0,0.0,0.0,0.020350877192982456,57.0,256.3333333333333,0.0,0.0,0.0,0.05660818713450293,132.0,297.0,0.0,0.0,0.0,0.020818713450292396,53.0,254.0,0.0,0.0,0.0,0.22807017543859648,484.0,542.3333333333334,0.0,0.0,0.0,0.01590643274853801,23.0,210.0,0.0,0.0,0.0,0.05660818713450293,132.0,297.0,0.0,0.0,0.0,0.19228070175438597,459.0,520.0,1.0,1.0,1.0,0.5649122807017544,1.0,59.0,0.0,0.0,0.0,0.21271159374001916,277.0,402.6666666666667,0.0,0.0,0.0,0.6711111111111111,6.0,50.666666666666664,0.0,0.0,0.0,0.1977004152028106,231.0,372.0,0.0,0.0,0.0,0.14619883040935672,235.0,238.33333333333334
JacksonDatabind,19,0.0,0.0,0.0,0.10784313725490197,230.0,230.0,0.0,0.0,0.0,0.1232843137254902,211.0,211.0,0.0,0.0,0.0,0.04681372549019608,117.0,117.0,0.0,0.0,0.0,0.1230392156862745,266.0,266.0,0.0,0.0,0.0,0.1284313725490196,216.0,216.0,0.0,0.0,0.0,0.031127450980392157,95.0,95.0,0.0,0.0,0.0,0.1674019607843137,298.0,298.0,0.0,0.0,0.0,0.07549019607843137,129.0,129.0,0.0,0.0,0.0,0.1284313725490196,216.0,216.0,0.0,0.0,0.0,0.05196078431372549,127.0,127.0,0.0,0.0,0.0,0.8098039215686275,314.0,314.0,0.0,0.0,0.0,0.20977393617021275,279.0,279.0,0.0,0.0,0.0,0.8428921568627451,314.0,314.0,0.0,0.0,0.0,0.21575797872340424,289.0,289.0,0.0,0.0,0.0,0.8980392156862745,474.0,474.0
JacksonDatabind,20,0.0,0.0,0.0,,,,0.0,0.0,0.0,,,,0.0,0.0,0.0,,,,0.0,0.0,0.0,,,,0.0,0.0,0.0,,,,0.0,0.0,0.0,,,,0.0,0.0,0.0,,,,0.0,0.0,0.0,,,,0.0,0.0,0.0,,,,0.0,0.0,0.0,,,,0.0,0.0,0.0,,,,0.0,0.0,0.0,,,,0.0,0.0,0.0,,,,0.0,0.0,0.0,,,,0.0,0.0,0.0,,,
JacksonDatabind,21,0.0,0.0,0.0,,,,0.0,0.0,0.0,,,,0.0,0.0,0.0,,,,0.0,0.0,0.0,,,,0.0,0.0,0.0,,,,0.0,0.0,0.0,,,,0.0,0.0,0.0,,,,0.0,0.0,0.0,,,,0.0,0.0,0.0,,,,0.0,0.0,0.0,,,,0.0,0.0,0.0,,,,0.0,0.0,0.0,,,,0.0,0.0,0.0,,,,0.0,0.0,0.0,,,,0.0,0.0,0.0,,,
JacksonDatabind,22,0.0,0.0,0.0,0.07885211995863495,115.0,314.5,0.0,0.0,0.0,0.16623578076525336,317.0,392.75,0.0,0.0,0.0,0.03645294725956567,85.0,276.0,0.0,0.0,0.0,0.03516028955532575,85.0,306.5,0.0,0.0,0.0,0.16985522233712513,304.0,384.25,0.0,0.0,0.0,0.07161323681489142,176.0,334.5,0.0,0.0,0.0,0.13547052740434332,224.0,415.25,0.0,0.0,0.0,0.07238883143743537,91.0,287.75,0.0,0.0,0.0,0.16985522233712513,304.0,384.25,0.0,0.0,0.0,0.09643226473629783,226.0,375.5,1.0,1.0,1.0,0.562564632885212,1.0,206.25,0.0,0.0,0.0,0.21622574955908289,285.0,410.0,0.0,0.0,0.0,0.5889348500517063,7.0,207.75,0.0,0.0,0.0,0.22645502645502646,292.0,410.0,0.0,0.0,0.0,0.8808169596690796,369.0,444.0
JacksonDatabind,23,0.0,0.0,0.0,,,,0.0,0.0,0.0,,,,0.0,0.0,0.0,,,,0.0,0.0,0.0,,,,0.0,0.0,0.0,,,,0.0,0.0,0.0,,,,0.0,0.0,0.0,,,,0.0,0.0,0.0,,,,0.0,0.0,0.0,,,,0.0,0.0,0.0,,,,0.0,0.0,0.0,,,,0.0,0.0,0.0,,,,0.0,0.0,0.0,,,,0.0,0.0,0.0,,,,0.0,0.0,0.0,,,
JacksonDatabind,24,0.0,0.0,0.0,,,,0.0,0.0,0.0,,,,0.0,0.0,0.0,,,,0.0,0.0,0.0,,,,0.0,0.0,0.0,,,,0.0,0.0,0.0,,,,0.0,0.0,0.0,,,,0.0,0.0,0.0,,,,0.0,0.0,0.0,,,,0.0,0.0,0.0,,,,0.0,0.0,0.0,,,,0.0,0.0,0.0,,,,0.0,0.0,0.0,,,,0.0,0.0,0.0,,,,0.0,0.0,0.0,,,
JacksonDatabind,25,0.0,0.0,0.0,,,,0.0,0.0,0.0,,,,0.0,0.0,0.0,,,,0.0,0.0,0.0,,,,0.0,0.0,0.0,,,,0.0,0.0,0.0,,,,0.0,0.0,0.0,,,,0.0,0.0,0.0,,,,0.0,0.0,0.0,,,,0.0,0.0,0.0,,,,0.0,0.0,0.0,,,,0.0,0.0,0.0,,,,0.0,0.0,0.0,,,,0.0,0.0,0.0,,,,0.0,0.0,0.0,,,
JacksonDatabind,26,0.0,0.0,0.0,,,,0.0,0.0,0.0,,,,0.0,0.0,0.0,,,,0.0,0.0,0.0,,,,0.0,0.0,0.0,,,,0.0,0.0,0.0,,,,0.0,0.0,0.0,,,,0.0,0.0,0.0,,,,0.0,0.0,0.0,,,,0.0,0.0,0.0,,,,0.0,0.0,0.0,,,,0.0,0.0,0.0,,,,0.0,0.0,0.0,,,,0.0,0.0,0.0,,,,0.0,0.0,0.0,,,
JacksonDatabind,27,0.0,0.0,0.0,,,,0.0,0.0,0.0,,,,0.0,0.0,0.0,,,,0.0,0.0,0.0,,,,0.0,0.0,0.0,,,,0.0,0.0,0.0,,,,0.0,0.0,0.0,,,,0.0,0.0,0.0,,,,0.0,0.0,0.0,,,,0.0,0.0,0.0,,,,0.0,0.0,0.0,,,,0.0,0.0,0.0,,,,0.0,0.0,0.0,,,,0.0,0.0,0.0,,,,0.0,0.0,0.0,,,
JacksonDatabind,28,0.0,0.0,0.0,,,,0.0,0.0,0.0,,,,0.0,0.0,0.0,,,,0.0,0.0,0.0,,,,0.0,0.0,0.0,,,,0.0,0.0,0.0,,,,0.0,0.0,0.0,,,,0.0,0.0,0.0,,,,0.0,0.0,0.0,,,,0.0,0.0,0.0,,,,0.0,0.0,0.0,,,,0.0,0.0,0.0,,,,0.0,0.0,0.0,,,,0.0,0.0,0.0,,,,0.0,0.0,0.0,,,
JacksonDatabind,29,0.0,0.0,0.0,,,,0.0,0.0,0.0,,,,0.0,0.0,0.0,,,,0.0,0.0,0.0,,,,0.0,0.0,0.0,,,,0.0,0.0,0.0,,,,0.0,0.0,0.0,,,,0.0,0.0,0.0,,,,0.0,0.0,0.0,,,,0.0,0.0,0.0,,,,0.0,0.0,0.0,,,,0.0,0.0,0.0,,,,0.0,0.0,0.0,,,,0.0,0.0,0.0,,,,0.0,0.0,0.0,,,
JacksonDatabind,30,0.0,0.0,0.0,,,,0.0,0.0,0.0,,,,0.0,0.0,0.0,,,,0.0,0.0,0.0,,,,0.0,0.0,0.0,,,,0.0,0.0,0.0,,,,0.0,0.0,0.0,,,,0.0,0.0,0.0,,,,0.0,0.0,0.0,,,,0.0,0.0,0.0,,,,0.0,0.0,0.0,,,,0.0,0.0,0.0,,,,0.0,0.0,0.0,,,,0.0,0.0,0.0,,,,0.0,0.0,0.0,,,
JacksonDatabind,31,0.0,0.0,0.0,0.018418201516793065,17.0,467.6,0.0,0.0,0.0,0.20422535211267606,395.0,536.8,0.0,0.0,0.0,0.0552546045503792,119.0,429.2,0.0,0.0,0.0,0.03629469122426869,90.0,479.1,0.0,0.0,0.0,0.21587215601300108,375.0,509.6,0.0,0.0,0.0,0.12432286023835319,282.0,518.8,0.0,0.0,0.0,0.20937161430119178,416.0,552.2,0.0,0.0,0.0,0.021397616468039005,20.0,408.0,0.0,0.0,0.0,0.21587215601300108,375.0,509.6,0.0,0.0,0.0,0.17036836403033587,398.0,534.6,1.0,1.0,1.0,0.0,1.0,13.9,0.0,0.0,0.0,0.29840208101077664,402.0,516.1666666666666,0.0,0.0,0.0,0.06500541711809317,7.0,19.5,0.0,0.0,0.0,0.28056484578223706,368.0,510.6666666666667,0.0,0.0,0.0,0.23266522210184182,200.0,216.6
JacksonDatabind,32,0.0,0.0,0.0,,,,0.0,0.0,0.0,,,,0.0,0.0,0.0,,,,0.0,0.0,0.0,,,,0.0,0.0,0.0,,,,0.0,0.0,0.0,,,,0.0,0.0,0.0,,,,0.0,0.0,0.0,,,,0.0,0.0,0.0,,,,0.0,0.0,0.0,,,,0.0,0.0,0.0,,,,0.0,0.0,0.0,,,,0.0,0.0,0.0,,,,0.0,0.0,0.0,,,,0.0,0.0,0.0,,,
JacksonDatabind,33,0.0,0.0,0.0,,,,0.0,0.0,0.0,,,,0.0,0.0,0.0,,,,0.0,0.0,0.0,,,,0.0,0.0,0.0,,,,0.0,0.0,0.0,,,,0.0,0.0,0.0,,,,0.0,0.0,0.0,,,,0.0,0.0,0.0,,,,0.0,0.0,0.0,,,,0.0,0.0,0.0,,,,0.0,0.0,0.0,,,,0.0,0.0,0.0,,,,0.0,0.0,0.0,,,,0.0,0.0,0.0,,,
JacksonDatabind,34,0.0,0.0,0.0,,,,0.0,0.0,0.0,,,,0.0,0.0,0.0,,,,0.0,0.0,0.0,,,,0.0,0.0,0.0,,,,0.0,0.0,0.0,,,,0.0,0.0,0.0,,,,0.0,0.0,0.0,,,,0.0,0.0,0.0,,,,0.0,0.0,0.0,,,,0.0,0.0,0.0,,,,0.0,0.0,0.0,,,,0.0,0.0,0.0,,,,0.0,0.0,0.0,,,,0.0,0.0,0.0,,,
JacksonDatabind,35,0.0,0.0,0.0,,,,0.0,0.0,0.0,,,,0.0,0.0,0.0,,,,0.0,0.0,0.0,,,,0.0,0.0,0.0,,,,0.0,0.0,0.0,,,,0.0,0.0,0.0,,,,0.0,0.0,0.0,,,,0.0,0.0,0.0,,,,0.0,0.0,0.0,,,,0.0,0.0,0.0,,,,0.0,0.0,0.0,,,,0.0,0.0,0.0,,,,0.0,0.0,0.0,,,,0.0,0.0,0.0,,,
JacksonDatabind,36,0.0,0.0,0.0,,,,0.0,0.0,0.0,,,,0.0,0.0,0.0,,,,0.0,0.0,0.0,,,,0.0,0.0,0.0,,,,0.0,0.0,0.0,,,,0.0,0.0,0.0,,,,0.0,0.0,0.0,,,,0.0,0.0,0.0,,,,0.0,0.0,0.0,,,,0.0,0.0,0.0,,,,0.0,0.0,0.0,,,,0.0,0.0,0.0,,,,0.0,0.0,0.0,,,,0.0,0.0,0.0,,,
JacksonDatabind,37,0.0,0.0,0.0,,,,0.0,0.0,0.0,,,,0.0,0.0,0.0,,,,0.0,0.0,0.0,,,,0.0,0.0,0.0,,,,0.0,0.0,0.0,,,,0.0,0.0,0.0,,,,0.0,0.0,0.0,,,,0.0,0.0,0.0,,,,0.0,0.0,0.0,,,,0.0,0.0,0.0,,,,0.0,0.0,0.0,,,,0.0,0.0,0.0,,,,0.0,0.0,0.0,,,,0.0,0.0,0.0,,,
JacksonDatabind,38,1.0,1.0,1.0,0.0,1.0,1.0,0.0,0.0,0.0,0.2718039302274233,616.0,616.0,0.0,0.0,0.0,0.10333406933097813,253.0,253.0,0.0,0.0,0.0,0.04482225656877898,134.0,134.0,0.0,0.0,0.0,0.012585559726208876,35.0,35.0,0.0,0.0,0.0,0.0090527710311327,28.0,28.0,0.0,0.0,0.0,0.2762199160962685,644.0,644.0,1.0,1.0,1.0,0.0,1.0,1.0,0.0,0.0,0.0,0.012585559726208876,35.0,35.0,0.0,0.0,0.0,0.24420401854714066,636.0,636.0,0.0,1.0,1.0,0.6714506513579157,2.0,2.0,0.0,0.0,0.0,0.1980958230958231,252.0,252.0,0.0,0.0,0.0,0.03311989401633915,6.0,6.0,1.0,1.0,1.0,0.0,1.0,1.0,0.0,0.0,0.0,0.15036431883417972,274.0,274.0
JacksonDatabind,39,0.0,0.0,0.0,0.017765933821896514,18.0,18.0,0.0,0.0,0.0,0.2742616033755274,608.0,608.0,0.0,0.0,0.0,0.14612480568509884,332.0,332.0,0.0,0.0,0.0,0.059293804130579615,138.0,138.0,0.0,0.0,0.0,0.2314012880302021,476.0,476.0,0.0,0.0,0.0,0.15789473684210525,393.0,393.0,0.0,0.0,0.0,0.2807017543859649,641.0,641.0,0.0,0.0,0.0,0.02043082389518099,24.0,24.0,0.0,0.0,0.0,0.2314012880302021,473.0,473.0,0.0,0.0,0.0,0.2502775927159671,617.0,617.0,0.0,0.0,0.0,0.6802131912058628,6.0,6.0,0.0,0.0,0.0,0.319490754774174,507.0,507.0,0.0,0.0,0.0,0.711747723739729,10.0,10.0,0.0,0.0,0.0,0.3022127917550773,468.0,468.0,0.0,0.0,0.0,0.5360870530757272,280.0,280.0
JacksonDatabind,40,0.0,0.0,0.0,,,,0.0,0.0,0.0,,,,0.0,0.0,0.0,,,,0.0,0.0,0.0,,,,0.0,0.0,0.0,,,,0.0,0.0,0.0,,,,0.0,0.0,0.0,,,,0.0,0.0,0.0,,,,0.0,0.0,0.0,,,,0.0,0.0,0.0,,,,0.0,0.0,0.0,,,,0.0,0.0,0.0,,,,0.0,0.0,0.0,,,,0.0,0.0,0.0,,,,0.0,0.0,0.0,,,
JacksonDatabind,41,1.0,1.0,1.0,0.0,1.0,1.0,0.0,0.0,0.0,0.24413965087281794,515.0,515.0,0.0,0.0,0.0,0.06758104738154613,159.0,159.0,0.0,0.0,0.0,0.0428927680798005,114.0,114.0,0.0,0.0,0.0,0.008977556109725686,24.0,24.0,0.0,0.0,0.0,0.009476309226932668,24.0,24.0,0.0,0.0,0.0,0.25586034912718203,553.0,553.0,1.0,1.0,1.0,0.0,1.0,1.0,0.0,0.0,0.0,0.008977556109725686,24.0,24.0,0.0,0.0,0.0,0.2197007481296758,547.0,547.0,0.0,1.0,1.0,0.6902743142144638,2.0,2.0,0.0,0.0,0.0,0.1708595387840671,195.0,195.0,0.0,0.0,1.0,0.03690773067331671,5.0,5.0,1.0,1.0,1.0,0.0,1.0,1.0,0.0,0.0,0.0,0.128428927680798,215.0,215.0
JacksonDatabind,42,0.0,0.0,0.0,,,,0.0,0.0,0.0,,,,0.0,0.0,0.0,,,,0.0,0.0,0.0,,,,0.0,0.0,0.0,,,,0.0,0.0,0.0,,,,0.0,0.0,0.0,,,,0.0,0.0,0.0,,,,0.0,0.0,0.0,,,,0.0,0.0,0.0,,,,0.0,0.0,0.0,,,,0.0,0.0,0.0,,,,0.0,0.0,0.0,,,,0.0,0.0,0.0,,,,0.0,0.0,0.0,,,
JacksonDatabind,43,0.0,0.0,0.0,0.030542737859811032,49.0,49.0,0.0,0.0,0.0,0.12261041529334213,207.0,207.0,0.0,0.0,0.0,0.011426060206548011,29.0,29.0,0.0,0.0,0.0,0.011426060206548011,31.0,31.0,0.0,0.0,0.0,0.014941771039332015,40.0,40.0,0.0,0.0,0.0,0.015161502966381015,38.0,38.0,0.0,0.0,0.0,0.2001757855416392,426.0,426.0,0.0,0.0,0.0,0.023731048121292023,37.0,37.0,0.0,0.0,0.0,0.014941771039332015,40.0,40.0,0.0,0.0,0.0,0.14172709294660515,364.0,364.0,0.0,0.0,0.0,0.7668644254010107,190.0,190.0,0.0,0.0,0.0,0.19981724032896742,257.0,257.0,0.0,0.0,0.0,0.7976268951878708,186.0,186.0,0.0,0.0,0.0,0.1745354858361255,194.0,194.0,0.0,0.0,0.0,0.14765985497692816,265.0,265.0
JacksonDatabind,44,0.0,0.0,0.0,,,,0.0,0.0,0.0,,,,0.0,0.0,0.0,,,,0.0,0.0,0.0,,,,0.0,0.0,0.0,,,,0.0,0.0,0.0,,,,0.0,0.0,0.0,,,,0.0,0.0,0.0,,,,0.0,0.0,0.0,,,,0.0,0.0,0.0,,,,0.0,0.0,0.0,,,,0.0,0.0,0.0,,,,0.0,0.0,0.0,,,,0.0,0.0,0.0,,,,0.0,0.0,0.0,,,
JacksonDatabind,45,0.0,0.0,0.0,,,,0.0,0.0,0.0,,,,0.0,0.0,0.0,,,,0.0,0.0,0.0,,,,0.0,0.0,0.0,,,,0.0,0.0,0.0,,,,0.0,0.0,0.0,,,,0.0,0.0,0.0,,,,0.0,0.0,0.0,,,,0.0,0.0,0.0,,,,0.0,0.0,0.0,,,,0.0,0.0,0.0,,,,0.0,0.0,0.0,,,,0.0,0.0,0.0,,,,0.0,0.0,0.0,,,
JacksonDatabind,46,0.0,0.0,0.0,,,,0.0,0.0,0.0,,,,0.0,0.0,0.0,,,,0.0,0.0,0.0,,,,0.0,0.0,0.0,,,,0.0,0.0,0.0,,,,0.0,0.0,0.0,,,,0.0,0.0,0.0,,,,0.0,0.0,0.0,,,,0.0,0.0,0.0,,,,0.0,0.0,0.0,,,,0.0,0.0,0.0,,,,0.0,0.0,0.0,,,,0.0,0.0,0.0,,,,0.0,0.0,0.0,,,
JacksonDatabind,47,0.0,0.0,0.0,,,,0.0,0.0,0.0,,,,0.0,0.0,0.0,,,,0.0,0.0,0.0,,,,0.0,0.0,0.0,,,,0.0,0.0,0.0,,,,0.0,0.0,0.0,,,,0.0,0.0,0.0,,,,0.0,0.0,0.0,,,,0.0,0.0,0.0,,,,0.0,0.0,0.0,,,,0.0,0.0,0.0,,,,0.0,0.0,0.0,,,,0.0,0.0,0.0,,,,0.0,0.0,0.0,,,
JacksonDatabind,48,0.0,0.0,0.0,,,,0.0,0.0,0.0,,,,0.0,0.0,0.0,,,,0.0,0.0,0.0,,,,0.0,0.0,0.0,,,,0.0,0.0,0.0,,,,0.0,0.0,0.0,,,,0.0,0.0,0.0,,,,0.0,0.0,0.0,,,,0.0,0.0,0.0,,,,0.0,0.0,0.0,,,,0.0,0.0,0.0,,,,0.0,0.0,0.0,,,,0.0,0.0,0.0,,,,0.0,0.0,0.0,,,
JacksonDatabind,49,0.0,0.0,0.0,0.04012553239184039,54.0,54.0,0.0,0.0,0.0,0.22976911006500786,485.0,485.0,0.0,0.0,0.0,0.026899798251513115,62.0,62.0,0.0,0.0,0.0,0.026675633266083836,70.0,70.0,0.0,0.0,0.0,0.177090338489128,354.0,354.0,0.0,0.0,0.0,0.07195696032279758,173.0,173.0,0.0,0.0,0.0,0.242098184263618,538.0,538.0,0.0,0.0,0.0,0.04236718224613315,49.0,49.0,0.0,0.0,0.0,0.177090338489128,353.0,353.0,0.0,0.0,0.0,0.20959426137637302,518.0,518.0,0.0,0.0,0.0,0.7321228424120152,106.0,106.0,0.0,0.0,0.0,0.29535095715587967,445.0,445.0,0.0,0.0,0.0,0.7605917955615333,105.0,105.0,0.0,0.0,0.0,0.27620783956244305,404.0,404.0,0.0,0.0,0.0,0.7271912127325711,312.0,312.0
JacksonDatabind,50,0.0,0.0,0.0,,,,0.0,0.0,0.0,,,,0.0,0.0,0.0,,,,0.0,0.0,0.0,,,,0.0,0.0,0.0,,,,0.0,0.0,0.0,,,,0.0,0.0,0.0,,,,0.0,0.0,0.0,,,,0.0,0.0,0.0,,,,0.0,0.0,0.0,,,,0.0,0.0,0.0,,,,0.0,0.0,0.0,,,,0.0,0.0,0.0,,,,0.0,0.0,0.0,,,,0.0,0.0,0.0,,,
JacksonDatabind,51,0.0,0.0,0.0,,,,0.0,0.0,0.0,,,,0.0,0.0,0.0,,,,0.0,0.0,0.0,,,,0.0,0.0,0.0,,,,0.0,0.0,0.0,,,,0.0,0.0,0.0,,,,0.0,0.0,0.0,,,,0.0,0.0,0.0,,,,0.0,0.0,0.0,,,,0.0,0.0,0.0,,,,0.0,0.0,0.0,,,,0.0,0.0,0.0,,,,0.0,0.0,0.0,,,,0.0,0.0,0.0,,,
JacksonDatabind,52,0.0,0.0,0.0,,,,0.0,0.0,0.0,,,,0.0,0.0,0.0,,,,0.0,0.0,0.0,,,,0.0,0.0,0.0,,,,0.0,0.0,0.0,,,,0.0,0.0,0.0,,,,0.0,0.0,0.0,,,,0.0,0.0,0.0,,,,0.0,0.0,0.0,,,,0.0,0.0,0.0,,,,0.0,0.0,0.0,,,,0.0,0.0,0.0,,,,0.0,0.0,0.0,,,,0.0,0.0,0.0,,,
JacksonDatabind,54,0.0,0.0,0.0,0.02445342451559424,35.0,369.5,0.0,0.0,0.0,0.1928815666770283,766.0,958.5,0.0,0.0,0.0,0.1814837840638276,619.0,657.0,0.0,0.0,0.0,0.07968086208683038,237.0,493.5,0.0,0.0,0.0,0.21707595067868615,805.0,866.5,0.0,0.0,0.0,0.17619935757952543,763.0,810.0,0.0,0.0,0.0,0.16604496943321936,651.0,928.0,0.0,0.0,0.0,0.02725106206610714,41.0,391.0,0.0,0.0,0.0,0.21707595067868615,805.0,866.5,0.0,0.0,0.0,0.10781266190032121,518.0,837.5,0.0,0.0,0.0,0.6581701378095535,7.0,351.5,0.0,0.0,0.0,0.26860416954300703,793.0,894.5,0.0,0.0,0.0,0.6606569267433426,13.0,356.5,0.0,0.0,0.0,0.28268673201711997,810.0,881.0,0.0,0.0,0.0,0.5612889855973474,495.0,883.0
JacksonDatabind,55,0.0,0.0,0.0,0.05812787075655984,105.0,105.0,0.0,0.0,0.0,0.3086426271052215,1127.0,1127.0,0.0,0.0,0.0,0.2641360012670925,765.0,765.0,0.0,0.0,0.0,0.09154743677736128,251.0,251.0,0.0,0.0,0.0,0.2936486985903595,1012.0,1012.0,0.0,0.0,0.0,0.250145187688084,1061.0,1061.0,0.0,0.0,0.0,0.3110712211604456,1195.0,1195.0,0.0,0.0,0.0,0.06620558576632701,114.0,114.0,0.0,0.0,0.0,0.2936486985903595,1012.0,1012.0,0.0,0.0,0.0,0.2803970223325062,1152.0,1152.0,0.0,0.0,0.0,0.6868697534449079,16.0,16.0,0.0,0.0,0.0,0.39229902857947346,1106.0,1106.0,0.0,0.0,0.0,0.7188638403463387,22.0,22.0,0.0,0.0,0.0,0.3860340701112206,1099.0,1099.0,0.0,0.0,0.0,0.7247769389155799,494.0,494.0
JacksonDatabind,56,0.0,0.0,0.0,,,,0.0,0.0,0.0,,,,0.0,0.0,0.0,,,,0.0,0.0,0.0,,,,0.0,0.0,0.0,,,,0.0,0.0,0.0,,,,0.0,0.0,0.0,,,,0.0,0.0,0.0,,,,0.0,0.0,0.0,,,,0.0,0.0,0.0,,,,0.0,0.0,0.0,,,,0.0,0.0,0.0,,,,0.0,0.0,0.0,,,,0.0,0.0,0.0,,,,0.0,0.0,0.0,,,
JacksonDatabind,57,1.0,1.0,1.0,0.0,1.0,1.0,0.0,0.0,0.0,0.2627645117452922,1137.0,1137.0,0.0,0.0,0.0,0.12041351193942924,456.0,456.0,0.0,0.0,0.0,0.06100757134536983,240.0,240.0,0.0,0.0,0.0,0.024267132595612504,106.0,106.0,0.0,0.0,0.0,0.008833236264802952,41.0,41.0,0.0,0.0,0.0,0.2719374878664337,1225.0,1225.0,1.0,1.0,1.0,0.0,1.0,1.0,0.0,0.0,0.0,0.024267132595612504,106.0,106.0,0.0,0.0,0.0,0.24373907979033196,1186.0,1186.0,0.0,1.0,1.0,0.6625412541254125,2.0,2.0,0.0,0.0,0.0,0.15615162644281216,409.0,409.0,0.0,0.0,0.0,0.02965443603183848,6.0,6.0,1.0,1.0,1.0,0.0,1.0,1.0,0.0,0.0,0.0,0.1269656377402446,455.0,455.0
JacksonDatabind,58,1.0,1.0,1.0,0.0,1.0,1.0,1.0,1.0,1.0,0.0,1.0,1.0,1.0,1.0,1.0,0.0,1.0,1.0,1.0,1.0,1.0,0.0,1.0,1.0,1.0,1.0,1.0,0.0,1.0,1.0,1.0,1.0,1.0,0.0,1.0,1.0,0.0,0.0,0.0,0.8437132784958872,222.0,222.0,1.0,1.0,1.0,0.0,1.0,1.0,1.0,1.0,1.0,0.0,1.0,1.0,1.0,1.0,1.0,0.0,1.0,1.0,1.0,1.0,1.0,0.0,1.0,1.0,0.0,0.0,0.0,,,,1.0,1.0,1.0,0.0,1.0,1.0,0.0,0.0,0.0,,,,0.0,0.0,0.0,0.9062484034128646,233.0,233.0
JacksonDatabind,59,0.0,0.0,0.0,0.04357950765136394,155.0,155.0,0.0,0.0,0.0,0.043151791654785665,154.0,154.0,0.0,0.0,0.0,0.04357950765136394,155.0,155.0,0.0,0.0,0.0,0.043151791654785665,154.0,154.0,0.0,0.0,0.0,0.04357950765136394,155.0,155.0,0.0,0.0,0.0,0.04357950765136394,155.0,155.0,0.0,0.0,0.0,0.04343693565250451,155.0,155.0,0.0,0.0,0.0,0.04357950765136394,155.0,155.0,0.0,0.0,0.0,0.04357950765136394,155.0,155.0,0.0,0.0,0.0,0.04357950765136394,155.0,155.0,0.0,0.0,0.0,0.9456325444349396,199.0,199.0,0.0,0.0,0.0,0.16177464154342766,198.0,198.0,0.0,0.0,0.0,0.9456325444349396,199.0,199.0,0.0,0.0,0.0,0.16177464154342766,198.0,198.0,0.0,0.0,0.0,0.9054272407565821,398.0,398.0
JacksonDatabind,60,1.0,1.0,1.0,0.0,1.0,1.0,0.0,0.0,0.0,0.24869158020383803,553.0,553.0,1.0,1.0,1.0,0.0,1.0,1.0,0.0,0.0,0.0,0.24869158020383803,593.0,593.0,1.0,1.0,1.0,0.0,1.0,1.0,1.0,1.0,1.0,0.0,1.0,1.0,1.0,1.0,1.0,0.0,1.0,1.0,1.0,1.0,1.0,0.0,1.0,1.0,1.0,1.0,1.0,0.0,1.0,1.0,1.0,1.0,1.0,0.0,1.0,1.0,0.0,0.0,0.0,0.8034615737765127,9.0,9.0,1.0,1.0,1.0,0.0,1.0,1.0,1.0,1.0,1.0,0.0,1.0,1.0,0.0,1.0,1.0,0.0004360148245040331,2.0,2.0,1.0,1.0,1.0,0.0,1.0,1.0
JacksonDatabind,61,0.0,0.0,0.0,0.03185160897465923,89.0,89.0,0.0,0.0,0.0,0.0315705653660593,88.0,88.0,0.0,0.0,0.0,0.03185160897465923,89.0,89.0,0.0,0.0,0.0,0.0315705653660593,88.0,88.0,0.0,0.0,0.0,0.03185160897465923,89.0,89.0,0.0,0.0,0.0,0.03185160897465923,89.0,89.0,0.0,0.0,0.0,0.03185160897465923,89.0,89.0,0.0,0.0,0.0,0.03185160897465923,89.0,89.0,0.0,0.0,0.0,0.03185160897465923,89.0,89.0,0.0,0.0,0.0,0.03185160897465923,89.0,89.0,0.0,0.0,0.0,0.8718441144784299,112.0,112.0,0.0,0.0,0.0,0.12836684722119165,111.0,111.0,0.0,0.0,0.0,0.8718441144784299,112.0,112.0,0.0,0.0,0.0,0.12836684722119165,111.0,111.0,0.0,0.0,0.0,0.8628975596046653,228.0,228.0
JacksonDatabind,62,0.0,0.0,0.0,,,,0.0,0.0,0.0,,,,0.0,0.0,0.0,,,,0.0,0.0,0.0,,,,0.0,0.0,0.0,,,,0.0,0.0,0.0,,,,0.0,0.0,0.0,,,,0.0,0.0,0.0,,,,0.0,0.0,0.0,,,,0.0,0.0,0.0,,,,0.0,0.0,0.0,,,,0.0,0.0,0.0,,,,0.0,0.0,0.0,,,,0.0,0.0,0.0,,,,0.0,0.0,0.0,,,
JacksonDatabind,63,0.0,0.0,0.0,,,,0.0,0.0,0.0,,,,0.0,0.0,0.0,,,,0.0,0.0,0.0,,,,0.0,0.0,0.0,,,,0.0,0.0,0.0,,,,0.0,0.0,0.0,,,,0.0,0.0,0.0,,,,0.0,0.0,0.0,,,,0.0,0.0,0.0,,,,0.0,0.0,0.0,,,,0.0,0.0,0.0,,,,0.0,0.0,0.0,,,,0.0,0.0,0.0,,,,0.0,0.0,0.0,,,
JacksonDatabind,64,0.0,0.0,1.0,0.0019085993001802565,5.0,6.0,0.0,0.0,1.0,0.001378432827907963,4.0,5.0,0.0,0.0,1.0,0.0019085993001802565,5.0,6.0,0.0,0.0,1.0,0.001378432827907963,4.0,5.0,0.0,0.0,1.0,0.0019085993001802565,5.0,6.0,0.0,0.0,1.0,0.0019085993001802565,5.0,6.0,0.0,0.0,1.0,0.0019085993001802565,5.0,6.0,0.0,0.0,1.0,0.0019085993001802565,5.0,6.0,0.0,0.0,1.0,0.0019085993001802565,5.0,6.0,0.0,0.0,1.0,0.0019085993001802565,5.0,6.0,0.0,0.0,0.0,0.9005937864489449,8.0,9.0,0.0,0.0,0.0,0.05358484266755697,7.0,8.0,0.0,0.0,0.0,0.899904570034991,8.0,9.0,0.0,0.0,0.0,0.05358484266755697,7.0,8.0,0.0,0.0,0.0,0.595695048245149,12.0,14.0
JacksonDatabind,65,1.0,1.0,1.0,0.0,1.0,1.0,1.0,1.0,1.0,0.0,1.0,1.0,1.0,1.0,1.0,0.0,1.0,1.0,1.0,1.0,1.0,0.0,1.0,1.0,1.0,1.0,1.0,0.0,1.0,1.0,1.0,1.0,1.0,0.0,1.0,1.0,1.0,1.0,1.0,0.10925013683634373,1.0,13.333333333333334,1.0,1.0,1.0,0.0,1.0,1.0,1.0,1.0,1.0,0.0,1.0,1.0,1.0,1.0,1.0,0.0,1.0,1.0,1.0,1.0,1.0,0.0,1.0,1.0,0.0,0.0,0.0,,,,1.0,1.0,1.0,0.0,1.0,1.0,0.0,0.0,0.0,,,,1.0,1.0,1.0,0.10925013683634373,1.0,13.333333333333334
JacksonDatabind,66,0.0,0.0,0.0,,,,0.0,0.0,0.0,,,,0.0,0.0,0.0,,,,0.0,0.0,0.0,,,,0.0,0.0,0.0,,,,0.0,0.0,0.0,,,,0.0,0.0,0.0,,,,0.0,0.0,0.0,,,,0.0,0.0,0.0,,,,0.0,0.0,0.0,,,,0.0,0.0,0.0,,,,0.0,0.0,0.0,,,,0.0,0.0,0.0,,,,0.0,0.0,0.0,,,,0.0,0.0,0.0,,,
JacksonDatabind,67,0.0,0.0,0.0,0.005635860773365339,6.0,143.0,0.0,0.0,1.0,0.004800918436570475,5.0,142.0,0.0,0.0,0.0,0.005635860773365339,6.0,143.0,0.0,0.0,1.0,0.004800918436570475,5.0,142.0,0.0,0.0,0.0,0.005635860773365339,6.0,143.0,0.0,0.0,0.0,0.005635860773365339,6.0,143.0,0.0,0.0,0.0,0.005218389604967907,6.0,143.0,0.0,0.0,0.0,0.005635860773365339,6.0,143.0,0.0,0.0,0.0,0.005635860773365339,6.0,143.0,0.0,0.0,0.0,0.005635860773365339,6.0,143.0,1.0,1.0,1.0,0.5000260919480248,1.0,4.0,0.0,0.0,0.0,0.02298473157117058,6.0,6.0,0.0,1.0,1.0,0.7565621249282471,3.0,5.0,0.0,0.0,0.0,0.02298473157117058,6.0,6.0,0.0,0.0,1.0,0.13828732453164952,4.0,7.0
JacksonDatabind,68,1.0,1.0,1.0,0.0,1.0,287.3,0.0,1.0,1.0,0.00020156210632401108,2.0,276.45,0.0,1.0,1.0,0.00040312421264802217,3.0,271.85,0.0,0.0,0.0,0.00327538422776518,15.0,289.75,0.0,1.0,1.0,0.00040312421264802217,3.0,272.55,0.0,1.0,1.0,0.00040312421264802217,3.0,290.85,0.0,0.0,0.0,0.11746031746031746,286.0,372.8,1.0,1.0,1.0,5.039052658100277e-05,1.0,266.45,0.0,1.0,1.0,0.00040312421264802217,3.0,272.55,0.0,0.0,0.0,0.03567649281934996,141.0,316.4,1.0,1.0,1.0,0.5000251952632905,1.0,4.95,0.0,1.0,1.0,0.0006388755789809935,3.0,207.33333333333334,0.0,1.0,1.0,0.00040312421264802217,3.0,8.3,1.0,1.0,1.0,0.0,1.0,206.33333333333334,0.0,0.0,1.0,0.0011589821113630638,4.0,21.6
JacksonDatabind,69,0.0,0.0,1.0,0.00030665440049064706,4.0,140.71428571428572,0.0,1.0,1.0,0.0002555453337422059,3.0,139.71428571428572,0.0,0.0,1.0,0.00030665440049064706,4.0,140.71428571428572,0.0,1.0,1.0,0.0002555453337422059,3.0,139.71428571428572,0.0,0.0,1.0,0.00030665440049064706,4.0,140.71428571428572,0.0,0.0,1.0,0.0003577634672390882,4.0,140.28571428571428,0.0,0.0,1.0,0.00030665440049064706,4.0,143.0,0.0,0.0,1.0,0.00030665440049064706,4.0,140.71428571428572,0.0,0.0,1.0,0.00030665440049064706,4.0,140.71428571428572,0.0,0.0,1.0,0.0003577634672390882,4.0,140.28571428571428,1.0,1.0,1.0,0.0,1.0,36.857142857142854,0.0,0.0,1.0,0.04846500204666394,4.0,119.16666666666667,0.0,1.0,1.0,0.03005213124808341,3.0,37.714285714285715,0.0,0.0,1.0,0.04846500204666394,4.0,119.16666666666667,0.0,0.0,1.0,0.29750587754267604,4.0,94.57142857142857
JacksonDatabind,70,0.0,0.0,0.0,0.00555247084952804,13.0,13.0,0.0,0.0,0.0,0.00555247084952804,12.0,12.0,0.0,0.0,0.0,0.00555247084952804,13.0,13.0,0.0,0.0,0.0,0.00555247084952804,12.0,12.0,0.0,0.0,0.0,0.00555247084952804,13.0,13.0,0.0,0.0,0.0,0.00555247084952804,13.0,13.0,0.0,0.0,0.0,0.00555247084952804,13.0,13.0,0.0,0.0,0.0,0.00555247084952804,13.0,13.0,0.0,0.0,0.0,0.00555247084952804,13.0,13.0,0.0,0.0,0.0,0.00555247084952804,13.0,13.0,0.0,0.0,0.0,0.9194891726818434,22.0,22.0,0.0,0.0,0.0,0.06162846610033659,21.0,21.0,0.0,0.0,0.0,0.9194891726818434,22.0,22.0,0.0,0.0,0.0,0.06162846610033659,21.0,21.0,0.0,0.0,0.0,0.7662409772348695,53.0,53.0
JacksonDatabind,71,1.0,1.0,1.0,0.0,1.0,1.0,1.0,1.0,1.0,0.0,1.0,1.0,1.0,1.0,1.0,0.0,1.0,1.0,1.0,1.0,1.0,0.0,1.0,1.0,1.0,1.0,1.0,0.0,1.0,1.0,1.0,1.0,1.0,0.0,1.0,1.0,0.0,0.0,0.0,0.8188553759990665,103.0,103.0,1.0,1.0,1.0,0.0,1.0,1.0,1.0,1.0,1.0,0.0,1.0,1.0,1.0,1.0,1.0,0.0,1.0,1.0,1.0,1.0,1.0,0.0,1.0,1.0,0.0,0.0,0.0,,,,1.0,1.0,1.0,0.0,1.0,1.0,0.0,0.0,0.0,,,,0.0,0.0,0.0,0.8699609124321801,104.0,104.0
JacksonDatabind,72,0.0,0.0,0.0,,,,0.0,0.0,0.0,,,,0.0,0.0,0.0,,,,0.0,0.0,0.0,,,,0.0,0.0,0.0,,,,0.0,0.0,0.0,,,,0.0,0.0,0.0,,,,0.0,0.0,0.0,,,,0.0,0.0,0.0,,,,0.0,0.0,0.0,,,,0.0,0.0,0.0,,,,0.0,0.0,0.0,,,,0.0,0.0,0.0,,,,0.0,0.0,0.0,,,,0.0,0.0,0.0,,,
JacksonDatabind,73,1.0,1.0,1.0,0.0,1.0,1.0,1.0,1.0,1.0,0.0,1.0,1.0,1.0,1.0,1.0,0.0,1.0,1.0,1.0,1.0,1.0,0.0,1.0,1.0,1.0,1.0,1.0,0.0,1.0,1.0,1.0,1.0,1.0,0.0,1.0,1.0,0.0,0.0,0.0,0.9460285132382892,527.0,527.0,1.0,1.0,1.0,0.0,1.0,1.0,1.0,1.0,1.0,0.0,1.0,1.0,1.0,1.0,1.0,0.0,1.0,1.0,1.0,1.0,1.0,0.0,1.0,1.0,0.0,0.0,0.0,,,,1.0,1.0,1.0,0.0,1.0,1.0,0.0,0.0,0.0,,,,0.0,0.0,0.0,0.8777519154301232,186.0,186.0
JacksonDatabind,74,0.0,0.0,0.0,,,,0.0,0.0,0.0,,,,0.0,0.0,0.0,,,,0.0,0.0,0.0,,,,0.0,0.0,0.0,,,,0.0,0.0,0.0,,,,0.0,0.0,0.0,,,,0.0,0.0,0.0,,,,0.0,0.0,0.0,,,,0.0,0.0,0.0,,,,0.0,0.0,0.0,,,,0.0,0.0,0.0,,,,0.0,0.0,0.0,,,,0.0,0.0,0.0,,,,0.0,0.0,0.0,,,
JacksonDatabind,75,0.0,0.0,0.0,0.0007893490501499764,8.0,113.66666666666667,0.0,0.0,0.0,0.0007893490501499764,8.0,113.66666666666667,0.0,0.0,0.0,0.0007893490501499764,8.0,113.66666666666667,0.0,0.0,0.0,0.0007893490501499764,8.0,113.66666666666667,0.0,0.0,0.0,0.0007893490501499764,8.0,113.66666666666667,0.0,0.0,0.0,0.0007893490501499764,8.0,113.66666666666667,0.0,0.0,0.0,0.0007893490501499764,8.0,113.66666666666667,0.0,0.0,0.0,0.0007893490501499764,8.0,113.66666666666667,0.0,0.0,0.0,0.0007893490501499764,8.0,113.66666666666667,0.0,0.0,0.0,0.0007893490501499764,8.0,113.66666666666667,1.0,1.0,1.0,0.500026311635005,1.0,9.333333333333334,0.0,0.0,0.0,0.05121870882740448,11.0,12.5,0.0,1.0,1.0,0.500078934905015,2.0,9.666666666666666,0.0,0.0,0.0,0.05121870882740448,11.0,12.5,0.0,1.0,1.0,0.11856022733252644,2.0,26.333333333333332
JacksonDatabind,76,1.0,1.0,1.0,0.0,1.0,1.0,1.0,1.0,1.0,0.0,1.0,1.0,1.0,1.0,1.0,0.0,1.0,1.0,1.0,1.0,1.0,0.0,1.0,1.0,1.0,1.0,1.0,0.0,1.0,1.0,1.0,1.0,1.0,0.0,1.0,1.0,1.0,1.0,1.0,0.0,1.0,1.0,1.0,1.0,1.0,0.0,1.0,1.0,1.0,1.0,1.0,0.0,1.0,1.0,1.0,1.0,1.0,0.0,1.0,1.0,1.0,1.0,1.0,0.0,1.0,1.0,0.0,0.0,0.0,,,,1.0,1.0,1.0,0.0,1.0,1.0,0.0,0.0,0.0,,,,1.0,1.0,1.0,0.0,1.0,1.0
JacksonDatabind,77,0.0,0.0,0.0,,,,0.0,0.0,0.0,,,,0.0,0.0,0.0,,,,0.0,0.0,0.0,,,,0.0,0.0,0.0,,,,0.0,0.0,0.0,,,,0.0,0.0,0.0,,,,0.0,0.0,0.0,,,,0.0,0.0,0.0,,,,0.0,0.0,0.0,,,,0.0,0.0,0.0,,,,0.0,0.0,0.0,,,,0.0,0.0,0.0,,,,0.0,0.0,0.0,,,,0.0,0.0,0.0,,,
JacksonDatabind,78,0.0,0.0,0.0,,,,0.0,0.0,0.0,,,,0.0,0.0,0.0,,,,0.0,0.0,0.0,,,,0.0,0.0,0.0,,,,0.0,0.0,0.0,,,,0.0,0.0,0.0,,,,0.0,0.0,0.0,,,,0.0,0.0,0.0,,,,0.0,0.0,0.0,,,,0.0,0.0,0.0,,,,0.0,0.0,0.0,,,,0.0,0.0,0.0,,,,0.0,0.0,0.0,,,,0.0,0.0,0.0,,,
JacksonDatabind,79,1.0,1.0,1.0,0.0,1.0,1.0,1.0,1.0,1.0,0.0,1.0,1.0,1.0,1.0,1.0,0.0,1.0,1.0,1.0,1.0,1.0,0.0,1.0,1.0,1.0,1.0,1.0,0.0,1.0,1.0,1.0,1.0,1.0,0.0,1.0,1.0,1.0,1.0,1.0,0.11356364227995011,1.0,3.25,1.0,1.0,1.0,0.0,1.0,1.0,1.0,1.0,1.0,0.0,1.0,1.0,1.0,1.0,1.0,0.0,1.0,1.0,1.0,1.0,1.0,0.0,1.0,1.0,0.0,0.0,0.0,,,,1.0,1.0,1.0,0.0,1.0,1.0,0.0,0.0,0.0,,,,1.0,1.0,1.0,0.31433374911871576,1.0,3.25
JacksonDatabind,80,0.0,0.0,1.0,0.0003362097949120251,4.0,27.5,0.0,0.0,1.0,0.0003362097949120251,4.0,27.5,0.0,0.0,1.0,0.0003362097949120251,4.0,27.5,0.0,0.0,1.0,0.0003362097949120251,4.0,27.5,0.0,0.0,1.0,0.0003362097949120251,4.0,27.5,0.0,0.0,1.0,0.0003362097949120251,4.0,27.5,0.0,0.0,1.0,0.0003362097949120251,4.0,47.0,0.0,0.0,1.0,0.0003362097949120251,4.0,27.5,0.0,0.0,1.0,0.0003362097949120251,4.0,27.5,0.0,0.0,1.0,0.0003362097949120251,4.0,27.5,1.0,1.0,1.0,0.0,1.0,6.5,0.0,0.0,0.0,0.05697806519269422,11.0,30.5,1.0,1.0,1.0,0.0,1.0,6.5,0.0,0.0,0.0,0.05697806519269422,11.0,30.5,0.0,0.0,0.0,0.7839852067690238,50.0,53.5
JacksonDatabind,81,0.0,0.0,0.0,0.11544289847086375,249.0,249.0,0.0,0.0,0.0,0.11544289847086375,249.0,249.0,0.0,0.0,0.0,0.11544289847086375,249.0,249.0,0.0,0.0,0.0,0.11544289847086375,249.0,249.0,0.0,0.0,0.0,0.11544289847086375,249.0,249.0,0.0,0.0,0.0,0.11544289847086375,249.0,249.0,0.0,0.0,0.0,0.9009046241447398,415.0,525.3333333333334,0.0,0.0,0.0,0.11544289847086375,249.0,249.0,0.0,0.0,0.0,0.11544289847086375,249.0,249.0,0.0,0.0,0.0,0.11544289847086375,249.0,249.0,1.0,1.0,1.0,0.0,1.0,1.0,0.0,0.0,0.0,0.18800396095628802,233.0,233.0,0.0,1.0,1.0,0.0008265601322496211,2.0,2.0,0.0,0.0,0.0,0.18800396095628802,233.0,233.0,0.0,0.0,0.0,0.8655921384947421,253.0,420.0
JacksonDatabind,82,0.0,0.0,1.0,0.0010130246020260492,5.0,5.0,0.0,0.0,1.0,0.0010130246020260492,5.0,5.0,0.0,0.0,1.0,0.0010130246020260492,5.0,5.0,0.0,0.0,1.0,0.0010130246020260492,5.0,5.0,0.0,0.0,1.0,0.0010130246020260492,5.0,5.0,0.0,0.0,1.0,0.0010130246020260492,5.0,5.0,0.0,0.0,1.0,0.0010130246020260492,5.0,5.0,0.0,0.0,1.0,0.0010130246020260492,5.0,5.0,0.0,0.0,1.0,0.0010130246020260492,5.0,5.0,0.0,0.0,1.0,0.0010130246020260492,5.0,5.0,0.0,0.0,0.0,0.878726483357453,8.0,8.0,0.0,0.0,0.0,0.04848530978840006,7.0,7.0,0.0,0.0,0.0,0.878726483357453,8.0,8.0,0.0,0.0,0.0,0.04848530978840006,7.0,7.0,0.0,0.0,0.0,0.6512783405692234,15.0,15.0
JacksonDatabind,83,0.0,0.0,0.0,0.0033877425315676007,6.0,6.0,0.0,0.0,1.0,0.0020018478595626734,5.0,5.0,0.0,0.0,0.0,0.0033877425315676007,6.0,6.0,0.0,0.0,1.0,0.0020018478595626734,5.0,5.0,0.0,0.0,0.0,0.0033877425315676007,6.0,6.0,0.0,0.0,0.0,0.0033877425315676007,6.0,6.0,0.0,0.0,0.0,0.0033877425315676007,6.0,6.0,0.0,0.0,0.0,0.0033877425315676007,6.0,6.0,0.0,0.0,0.0,0.0033877425315676007,6.0,6.0,0.0,0.0,0.0,0.0033877425315676007,6.0,6.0,0.0,0.0,0.0,0.9017554665845395,7.0,7.0,0.0,0.0,0.0,0.007310411311053985,6.0,6.0,0.0,0.0,0.0,0.9043219381993635,7.0,7.0,0.0,0.0,0.0,0.007310411311053985,6.0,6.0,0.0,0.0,0.0,0.510830510214557,9.0,9.0
JacksonDatabind,84,0.0,0.0,0.0,,,,0.0,0.0,0.0,,,,0.0,0.0,0.0,,,,0.0,0.0,0.0,,,,0.0,0.0,0.0,,,,0.0,0.0,0.0,,,,0.0,0.0,0.0,,,,0.0,0.0,0.0,,,,0.0,0.0,0.0,,,,0.0,0.0,0.0,,,,0.0,0.0,0.0,,,,0.0,0.0,0.0,,,,0.0,0.0,0.0,,,,0.0,0.0,0.0,,,,0.0,0.0,0.0,,,
JacksonDatabind,85,1.0,1.0,1.0,0.000524824183898394,1.0,101.14285714285714,1.0,1.0,1.0,0.000524824183898394,1.0,101.14285714285714,1.0,1.0,1.0,0.000524824183898394,1.0,101.14285714285714,1.0,1.0,1.0,0.000524824183898394,1.0,101.14285714285714,1.0,1.0,1.0,0.000524824183898394,1.0,101.14285714285714,1.0,1.0,1.0,0.000524824183898394,1.0,101.14285714285714,1.0,1.0,1.0,0.000524824183898394,1.0,102.14285714285714,1.0,1.0,1.0,0.000524824183898394,1.0,101.14285714285714,1.0,1.0,1.0,0.000524824183898394,1.0,101.14285714285714,1.0,1.0,1.0,0.000524824183898394,1.0,101.14285714285714,1.0,1.0,1.0,0.622861341450614,1.0,2.142857142857143,1.0,1.0,1.0,0.0014732362088721558,1.0,82.0,1.0,1.0,1.0,0.622861341450614,1.0,2.142857142857143,1.0,1.0,1.0,0.0014732362088721558,1.0,82.0,0.0,1.0,1.0,0.3590847066232812,2.0,4.571428571428571
JacksonDatabind,86,0.0,0.0,0.0,,,,0.0,0.0,0.0,,,,0.0,0.0,0.0,,,,0.0,0.0,0.0,,,,0.0,0.0,0.0,,,,0.0,0.0,0.0,,,,0.0,0.0,0.0,,,,0.0,0.0,0.0,,,,0.0,0.0,0.0,,,,0.0,0.0,0.0,,,,0.0,0.0,0.0,,,,0.0,0.0,0.0,,,,0.0,0.0,0.0,,,,0.0,0.0,0.0,,,,0.0,0.0,0.0,,,
JacksonDatabind,87,1.0,1.0,1.0,0.0,1.0,1.0,1.0,1.0,1.0,0.0,1.0,1.0,1.0,1.0,1.0,0.0,1.0,1.0,1.0,1.0,1.0,0.0,1.0,1.0,1.0,1.0,1.0,0.0,1.0,1.0,1.0,1.0,1.0,0.0,1.0,1.0,1.0,1.0,1.0,0.0,1.0,72.625,1.0,1.0,1.0,0.0,1.0,1.0,1.0,1.0,1.0,0.0,1.0,1.0,1.0,1.0,1.0,0.0,1.0,1.0,1.0,1.0,1.0,0.0,1.0,1.0,0.0,0.0,0.0,,,,1.0,1.0,1.0,0.0,1.0,1.0,0.0,0.0,0.0,,,,1.0,1.0,1.0,0.0,1.0,1.25
JacksonDatabind,88,0.0,1.0,1.0,0.0008192376271023083,3.0,3.0,0.0,1.0,1.0,9.638089730615392e-05,2.0,2.0,0.0,1.0,1.0,0.0008192376271023083,3.0,3.0,0.0,1.0,1.0,9.638089730615392e-05,2.0,2.0,0.0,1.0,1.0,0.0008192376271023083,3.0,3.0,0.0,1.0,1.0,0.0008192376271023083,3.0,3.0,0.0,1.0,1.0,0.0008192376271023083,3.0,3.0,0.0,1.0,1.0,0.0008192376271023083,3.0,3.0,0.0,1.0,1.0,0.0008192376271023083,3.0,3.0,0.0,1.0,1.0,0.0008192376271023083,3.0,3.0,0.0,0.0,1.0,0.8465134210399499,4.0,4.0,0.0,1.0,1.0,0.0012934642014760709,3.0,3.0,0.0,0.0,1.0,0.8484410389860729,4.0,4.0,0.0,1.0,1.0,0.0012934642014760709,3.0,3.0,0.0,1.0,1.0,0.0008192376271023083,3.0,3.0
JacksonDatabind,89,0.0,0.0,0.0,,,,0.0,0.0,0.0,,,,0.0,0.0,0.0,,,,0.0,0.0,0.0,,,,0.0,0.0,0.0,,,,0.0,0.0,0.0,,,,0.0,0.0,0.0,,,,0.0,0.0,0.0,,,,0.0,0.0,0.0,,,,0.0,0.0,0.0,,,,0.0,0.0,0.0,,,,0.0,0.0,0.0,,,,0.0,0.0,0.0,,,,0.0,0.0,0.0,,,,0.0,0.0,0.0,,,
JacksonDatabind,90,0.0,0.0,0.0,,,,0.0,0.0,0.0,,,,0.0,0.0,0.0,,,,0.0,0.0,0.0,,,,0.0,0.0,0.0,,,,0.0,0.0,0.0,,,,0.0,0.0,0.0,,,,0.0,0.0,0.0,,,,0.0,0.0,0.0,,,,0.0,0.0,0.0,,,,0.0,0.0,0.0,,,,0.0,0.0,0.0,,,,0.0,0.0,0.0,,,,0.0,0.0,0.0,,,,0.0,0.0,0.0,,,
JacksonDatabind,91,1.0,1.0,1.0,0.0,1.0,1.0,1.0,1.0,1.0,0.0,1.0,1.0,1.0,1.0,1.0,0.0,1.0,1.0,1.0,1.0,1.0,0.0,1.0,1.0,1.0,1.0,1.0,0.0,1.0,1.0,1.0,1.0,1.0,0.0,1.0,1.0,0.0,0.0,0.0,0.8336668334167083,203.0,203.0,1.0,1.0,1.0,0.0,1.0,1.0,1.0,1.0,1.0,0.0,1.0,1.0,1.0,1.0,1.0,0.0,1.0,1.0,1.0,1.0,1.0,0.0,1.0,1.0,0.0,0.0,0.0,,,,1.0,1.0,1.0,0.0,1.0,1.0,0.0,0.0,0.0,,,,0.0,0.0,0.0,0.8950975487743872,216.0,216.0
JacksonDatabind,92,0.0,0.0,0.0,,,,0.0,0.0,0.0,,,,0.0,0.0,0.0,,,,0.0,0.0,0.0,,,,0.0,0.0,0.0,,,,0.0,0.0,0.0,,,,0.0,0.0,0.0,,,,0.0,0.0,0.0,,,,0.0,0.0,0.0,,,,0.0,0.0,0.0,,,,0.0,0.0,0.0,,,,0.0,0.0,0.0,,,,0.0,0.0,0.0,,,,0.0,0.0,0.0,,,,0.0,0.0,0.0,,,
JacksonDatabind,93,1.0,1.0,1.0,0.0,1.0,72.5,1.0,1.0,1.0,0.0,1.0,72.5,1.0,1.0,1.0,0.0,1.0,72.5,1.0,1.0,1.0,0.0,1.0,72.5,1.0,1.0,1.0,0.0,1.0,72.5,1.0,1.0,1.0,0.0,1.0,72.5,1.0,1.0,1.0,0.0,1.0,72.5,1.0,1.0,1.0,0.0,1.0,72.5,1.0,1.0,1.0,0.0,1.0,72.5,1.0,1.0,1.0,0.0,1.0,72.5,0.0,1.0,1.0,0.8684515754881114,2.0,109.5,1.0,1.0,1.0,0.00015261350629530712,1.0,108.5,1.0,1.0,1.0,0.0,1.0,109.0,1.0,1.0,1.0,0.00015261350629530712,1.0,108.5,1.0,1.0,1.0,9.665571235260003e-05,1.0,245.5
JacksonDatabind,94,0.0,0.0,0.0,,,,0.0,0.0,0.0,,,,0.0,0.0,0.0,,,,0.0,0.0,0.0,,,,0.0,0.0,0.0,,,,0.0,0.0,0.0,,,,0.0,0.0,0.0,,,,0.0,0.0,0.0,,,,0.0,0.0,0.0,,,,0.0,0.0,0.0,,,,0.0,0.0,0.0,,,,0.0,0.0,0.0,,,,0.0,0.0,0.0,,,,0.0,0.0,0.0,,,,0.0,0.0,0.0,,,
JacksonDatabind,95,1.0,1.0,1.0,0.0,1.0,1.0,1.0,1.0,1.0,0.0,1.0,1.0,1.0,1.0,1.0,0.0,1.0,1.0,1.0,1.0,1.0,0.0,1.0,1.0,1.0,1.0,1.0,0.0,1.0,1.0,1.0,1.0,1.0,0.0,1.0,1.0,0.0,0.0,1.0,0.5357385976855004,4.0,28.5,1.0,1.0,1.0,0.0,1.0,1.0,1.0,1.0,1.0,0.0,1.0,1.0,1.0,1.0,1.0,0.0,1.0,1.0,1.0,1.0,1.0,0.0,1.0,1.0,0.0,0.0,0.0,,,,1.0,1.0,1.0,0.0,1.0,1.0,0.0,0.0,0.0,,,,0.0,0.0,1.0,0.5636487406398911,4.0,32.0
JacksonDatabind,96,1.0,1.0,1.0,0.0,1.0,1.0,1.0,1.0,1.0,0.0,1.0,1.0,1.0,1.0,1.0,0.0,1.0,1.0,1.0,1.0,1.0,0.0,1.0,1.0,1.0,1.0,1.0,0.0,1.0,1.0,1.0,1.0,1.0,0.0,1.0,1.0,0.0,1.0,1.0,0.49176567732464793,3.0,3.0,1.0,1.0,1.0,0.0,1.0,1.0,1.0,1.0,1.0,0.0,1.0,1.0,1.0,1.0,1.0,0.0,1.0,1.0,1.0,1.0,1.0,0.0,1.0,1.0,0.0,0.0,0.0,,,,1.0,1.0,1.0,0.0,1.0,1.0,0.0,0.0,0.0,,,,0.0,1.0,1.0,0.49176567732464793,3.0,3.0
JacksonDatabind,97,1.0,1.0,1.0,0.0,1.0,1.0,1.0,1.0,1.0,0.0,1.0,1.0,1.0,1.0,1.0,0.0,1.0,1.0,1.0,1.0,1.0,0.0,1.0,1.0,1.0,1.0,1.0,0.0,1.0,1.0,1.0,1.0,1.0,0.0,1.0,1.0,0.0,0.0,1.0,0.5402872882664882,4.0,4.0,1.0,1.0,1.0,0.0,1.0,1.0,1.0,1.0,1.0,0.0,1.0,1.0,1.0,1.0,1.0,0.0,1.0,1.0,1.0,1.0,1.0,0.0,1.0,1.0,0.0,0.0,0.0,,,,1.0,1.0,1.0,0.0,1.0,1.0,0.0,0.0,0.0,,,,0.0,0.0,1.0,0.5402872882664882,4.0,4.0
JacksonDatabind,98,0.0,1.0,1.0,0.00025527569775357384,2.0,2.0,1.0,1.0,1.0,0.0,1.0,1.0,0.0,1.0,1.0,0.00025527569775357384,2.0,2.0,1.0,1.0,1.0,0.0,1.0,1.0,0.0,1.0,1.0,0.00025527569775357384,2.0,2.0,0.0,1.0,1.0,0.00025527569775357384,2.0,2.0,0.0,1.0,1.0,0.0008934649421375085,2.0,2.0,0.0,1.0,1.0,0.00025527569775357384,2.0,2.0,0.0,1.0,1.0,0.00025527569775357384,2.0,2.0,0.0,1.0,1.0,0.00025527569775357384,2.0,2.0,0.0,1.0,1.0,0.7753148400272294,3.0,3.0,0.0,1.0,1.0,0.0004015257980325236,2.0,2.0,0.0,1.0,1.0,0.00025527569775357384,2.0,2.0,0.0,1.0,1.0,0.0004015257980325236,2.0,2.0,0.0,1.0,1.0,0.00025527569775357384,2.0,2.0
JacksonDatabind,99,1.0,1.0,1.0,0.0,1.0,1.0,1.0,1.0,1.0,0.0,1.0,1.0,1.0,1.0,1.0,0.0,1.0,1.0,1.0,1.0,1.0,0.0,1.0,1.0,1.0,1.0,1.0,0.0,1.0,1.0,1.0,1.0,1.0,0.0,1.0,1.0,1.0,1.0,1.0,0.0,1.0,1.0,1.0,1.0,1.0,0.0,1.0,1.0,1.0,1.0,1.0,0.0,1.0,1.0,1.0,1.0,1.0,0.0,1.0,1.0,1.0,1.0,1.0,0.0,1.0,1.0,0.0,0.0,0.0,,,,1.0,1.0,1.0,0.0,1.0,1.0,0.0,0.0,0.0,,,,1.0,1.0,1.0,0.0,1.0,1.0
JacksonDatabind,100,0.0,0.0,0.0,,,,0.0,0.0,0.0,,,,0.0,0.0,0.0,,,,0.0,0.0,0.0,,,,0.0,0.0,0.0,,,,0.0,0.0,0.0,,,,0.0,0.0,0.0,,,,0.0,0.0,0.0,,,,0.0,0.0,0.0,,,,0.0,0.0,0.0,,,,0.0,0.0,0.0,,,,0.0,0.0,0.0,,,,0.0,0.0,0.0,,,,0.0,0.0,0.0,,,,0.0,0.0,0.0,,,
JacksonDatabind,101,1.0,1.0,1.0,0.0,1.0,1.5,1.0,1.0,1.0,0.0011637275087279563,1.0,194.0,1.0,1.0,1.0,0.0,1.0,1.5,1.0,1.0,1.0,0.0011637275087279563,1.0,194.0,1.0,1.0,1.0,0.0,1.0,1.5,1.0,1.0,1.0,0.0,1.0,1.5,1.0,1.0,1.0,0.0,1.0,1.5,1.0,1.0,1.0,0.0,1.0,1.5,1.0,1.0,1.0,0.0,1.0,1.5,1.0,1.0,1.0,0.0,1.0,1.5,0.0,1.0,1.0,0.8502372213767792,2.0,2.5,1.0,1.0,1.0,0.0,1.0,1.5,1.0,1.0,1.0,0.0,1.0,1.5,1.0,1.0,1.0,0.0,1.0,1.5,1.0,1.0,1.0,0.0,1.0,1.5
JacksonDatabind,102,0.0,0.0,1.0,0.0004988277547762757,4.0,6.0,0.0,0.0,1.0,0.0004988277547762757,4.0,6.0,0.0,0.0,1.0,0.0004988277547762757,4.0,6.0,0.0,0.0,1.0,0.0004988277547762757,4.0,6.0,0.0,0.0,1.0,0.0004988277547762757,4.0,6.0,0.0,0.0,1.0,0.0004988277547762757,4.0,6.0,0.0,0.0,1.0,0.0004988277547762757,4.0,6.0,0.0,0.0,1.0,0.0004988277547762757,4.0,6.0,0.0,0.0,1.0,0.0004988277547762757,4.0,6.0,0.0,0.0,1.0,0.0004988277547762757,4.0,6.0,0.0,0.0,1.0,0.9041751883074775,5.0,7.0,0.0,0.0,1.0,0.0009263547938860583,4.0,6.0,0.0,0.0,1.0,0.9041751883074775,5.0,7.0,0.0,0.0,1.0,0.0009263547938860583,4.0,6.0,0.0,0.0,0.0,0.6382002294607672,14.0,22.0
JacksonDatabind,103,0.0,0.0,0.0,0.17927426322357684,359.0,359.0,0.0,0.0,0.0,0.17879427858308533,358.0,358.0,0.0,0.0,0.0,0.17927426322357684,359.0,359.0,0.0,0.0,0.0,0.17879427858308533,358.0,358.0,0.0,0.0,0.0,0.17927426322357684,359.0,359.0,0.0,0.0,0.0,0.17927426322357684,359.0,359.0,0.0,0.0,0.0,0.37923586445233753,359.0,360.0,0.0,0.0,0.0,0.17927426322357684,359.0,359.0,0.0,0.0,0.0,0.17927426322357684,359.0,359.0,0.0,0.0,0.0,0.17927426322357684,359.0,359.0,1.0,1.0,1.0,0.0,1.0,1.0,0.0,0.0,0.0,0.2439952260182008,302.0,302.0,0.0,1.0,1.0,0.0011999616012287606,3.0,3.0,0.0,0.0,0.0,0.2439952260182008,302.0,302.0,0.0,1.0,1.0,0.259095708937314,3.0,5.0
JacksonDatabind,104,0.0,0.0,1.0,0.00019968051118210862,4.0,6.5,0.0,1.0,1.0,0.00014976038338658146,3.0,9.0,0.0,1.0,1.0,0.00019968051118210862,3.0,7.0,0.0,1.0,1.0,0.00014976038338658146,3.0,11.0,0.0,1.0,1.0,0.00014976038338658146,3.0,9.0,0.0,0.0,1.0,0.00019968051118210862,4.0,10.0,0.0,1.0,1.0,0.00014976038338658146,3.0,142.0,0.0,0.0,1.0,0.00019968051118210862,4.0,7.0,0.0,1.0,1.0,0.00014976038338658146,3.0,9.0,0.0,1.0,1.0,0.00014976038338658146,3.0,57.5,0.0,1.0,1.0,0.8972643769968051,3.0,4.5,0.0,1.0,1.0,0.0002316065776268046,3.0,10.0,0.0,1.0,1.0,0.8972643769968051,3.0,4.5,0.0,0.0,1.0,0.0003088087701690728,4.0,9.5,0.0,0.0,1.0,0.00019968051118210862,4.0,8.5
JacksonDatabind,105,0.0,0.0,0.0,,,,0.0,0.0,0.0,,,,0.0,0.0,0.0,,,,0.0,0.0,0.0,,,,0.0,0.0,0.0,,,,0.0,0.0,0.0,,,,0.0,0.0,0.0,,,,0.0,0.0,0.0,,,,0.0,0.0,0.0,,,,0.0,0.0,0.0,,,,0.0,0.0,0.0,,,,0.0,0.0,0.0,,,,0.0,0.0,0.0,,,,0.0,0.0,0.0,,,,0.0,0.0,0.0,,,
JacksonDatabind,106,0.0,0.0,0.0,,,,0.0,0.0,0.0,,,,0.0,0.0,0.0,,,,0.0,0.0,0.0,,,,0.0,0.0,0.0,,,,0.0,0.0,0.0,,,,0.0,0.0,0.0,,,,0.0,0.0,0.0,,,,0.0,0.0,0.0,,,,0.0,0.0,0.0,,,,0.0,0.0,0.0,,,,0.0,0.0,0.0,,,,0.0,0.0,0.0,,,,0.0,0.0,0.0,,,,0.0,0.0,0.0,,,
JacksonDatabind,107,1.0,1.0,1.0,0.0,1.0,1.0,1.0,1.0,1.0,0.0,1.0,1.0,1.0,1.0,1.0,0.0,1.0,1.0,1.0,1.0,1.0,0.0,1.0,1.0,1.0,1.0,1.0,0.0,1.0,1.0,1.0,1.0,1.0,0.0,1.0,1.0,1.0,1.0,1.0,0.0,1.0,1.0,1.0,1.0,1.0,0.0,1.0,1.0,1.0,1.0,1.0,0.0,1.0,1.0,1.0,1.0,1.0,0.0,1.0,1.0,1.0,1.0,1.0,0.0,1.0,1.0,0.0,0.0,0.0,,,,1.0,1.0,1.0,0.0,1.0,1.0,0.0,0.0,0.0,,,,1.0,1.0,1.0,0.0,1.0,1.0
JacksonDatabind,108,1.0,1.0,1.0,0.0,1.0,1.0,1.0,1.0,1.0,0.0,1.0,1.0,1.0,1.0,1.0,0.0,1.0,1.0,1.0,1.0,1.0,0.0,1.0,1.0,1.0,1.0,1.0,0.0,1.0,1.0,1.0,1.0,1.0,0.0,1.0,1.0,1.0,1.0,1.0,0.0,1.0,1.0,1.0,1.0,1.0,0.0,1.0,1.0,1.0,1.0,1.0,0.0,1.0,1.0,1.0,1.0,1.0,0.0,1.0,1.0,1.0,1.0,1.0,0.0,1.0,1.0,0.0,0.0,0.0,,,,1.0,1.0,1.0,0.0,1.0,1.0,0.0,0.0,0.0,,,,1.0,1.0,1.0,0.0,1.0,1.0
JacksonDatabind,109,0.0,1.0,1.0,0.0002875215641173088,3.0,3.0,0.0,1.0,1.0,0.0001437607820586544,2.0,2.0,0.0,1.0,1.0,0.0002875215641173088,3.0,3.0,0.0,1.0,1.0,0.0001437607820586544,2.0,2.0,0.0,1.0,1.0,0.0002875215641173088,3.0,3.0,0.0,1.0,1.0,0.0002875215641173088,3.0,3.0,0.0,1.0,1.0,0.0002875215641173088,3.0,3.0,0.0,1.0,1.0,0.0002875215641173088,3.0,3.0,0.0,1.0,1.0,0.0002875215641173088,3.0,3.0,0.0,1.0,1.0,0.0002875215641173088,3.0,3.0,0.0,0.0,1.0,0.8762219666474985,4.0,4.0,0.0,1.0,1.0,0.00044686080285990913,3.0,3.0,0.0,0.0,1.0,0.8762219666474985,4.0,4.0,0.0,1.0,1.0,0.00044686080285990913,3.0,3.0,0.0,1.0,1.0,0.0002875215641173088,3.0,3.0
JacksonDatabind,110,1.0,1.0,1.0,0.0,1.0,1.0,1.0,1.0,1.0,0.0,1.0,1.0,1.0,1.0,1.0,0.0,1.0,1.0,1.0,1.0,1.0,0.0,1.0,1.0,1.0,1.0,1.0,0.0,1.0,1.0,1.0,1.0,1.0,0.0,1.0,1.0,1.0,1.0,1.0,0.0,1.0,1.0,1.0,1.0,1.0,0.0,1.0,1.0,1.0,1.0,1.0,0.0,1.0,1.0,1.0,1.0,1.0,0.0,1.0,1.0,1.0,1.0,1.0,0.0,1.0,1.0,0.0,0.0,0.0,,,,1.0,1.0,1.0,0.0,1.0,1.0,0.0,0.0,0.0,,,,1.0,1.0,1.0,0.0,1.0,1.0
JacksonDatabind,111,1.0,1.0,1.0,0.0,1.0,1.0,1.0,1.0,1.0,0.0,1.0,1.0,1.0,1.0,1.0,0.0,1.0,1.0,1.0,1.0,1.0,0.0,1.0,1.0,1.0,1.0,1.0,0.0,1.0,1.0,1.0,1.0,1.0,0.0,1.0,1.0,1.0,1.0,1.0,0.3186917150966347,1.0,47.0,1.0,1.0,1.0,0.0,1.0,1.0,1.0,1.0,1.0,0.0,1.0,1.0,1.0,1.0,1.0,0.0,1.0,1.0,1.0,1.0,1.0,0.0,1.0,1.0,0.0,0.0,0.0,,,,1.0,1.0,1.0,0.0,1.0,1.0,0.0,0.0,0.0,,,,1.0,1.0,1.0,0.25809794116322027,1.0,48.0
JacksonDatabind,112,1.0,1.0,1.0,0.0,1.0,1.0,1.0,1.0,1.0,0.0,1.0,1.0,1.0,1.0,1.0,0.0,1.0,1.0,1.0,1.0,1.0,0.0,1.0,1.0,1.0,1.0,1.0,0.0,1.0,1.0,1.0,1.0,1.0,0.0,1.0,1.0,1.0,1.0,1.0,0.21106166560712014,1.0,7.5,1.0,1.0,1.0,0.0,1.0,1.0,1.0,1.0,1.0,0.0,1.0,1.0,1.0,1.0,1.0,0.0,1.0,1.0,1.0,1.0,1.0,0.0,1.0,1.0,0.0,0.0,0.0,,,,1.0,1.0,1.0,0.0,1.0,1.0,0.0,0.0,0.0,,,,1.0,1.0,1.0,0.01916265552629189,1.0,7.5
JacksonCore,1,0.0,1.0,1.0,0.002959375840731773,3.0,39.75,0.0,1.0,1.0,0.0025558245897228946,2.0,38.75,0.0,1.0,1.0,0.002959375840731773,3.0,39.75,0.0,1.0,1.0,0.0025558245897228946,2.0,38.75,0.0,1.0,1.0,0.002959375840731773,3.0,39.75,0.0,1.0,1.0,0.002959375840731773,3.0,39.75,0.0,1.0,1.0,0.002959375840731773,3.0,39.75,0.0,1.0,1.0,0.002959375840731773,3.0,39.75,0.0,1.0,1.0,0.002959375840731773,3.0,39.75,0.0,1.0,1.0,0.002959375840731773,3.0,39.75,1.0,1.0,1.0,0.0,1.0,1.75,0.0,1.0,1.0,0.0035903250188964475,3.0,3.0,0.0,1.0,1.0,0.002959375840731773,3.0,3.25,0.0,1.0,1.0,0.0035903250188964475,3.0,3.0,0.0,1.0,1.0,0.002959375840731773,3.0,3.75
JacksonCore,2,0.0,0.0,0.0,0.004891969017529555,12.0,38.666666666666664,0.0,0.0,0.0,0.048647914118766136,26.0,43.333333333333336,0.0,0.0,0.0,0.004891969017529555,12.0,37.333333333333336,0.0,0.0,0.0,0.0040766408479412965,11.0,38.333333333333336,0.0,0.0,0.0,0.048512026090501426,24.0,41.333333333333336,0.0,0.0,0.0,0.004891969017529555,12.0,38.666666666666664,0.0,0.0,0.0,0.048376138062236715,26.0,43.333333333333336,0.0,0.0,0.0,0.004891969017529555,12.0,36.0,0.0,0.0,0.0,0.048512026090501426,24.0,41.333333333333336,0.0,0.0,0.0,0.004891969017529555,12.0,38.0,1.0,1.0,1.0,0.0,1.0,4.666666666666667,0.0,0.0,0.0,0.06887998473573745,26.0,26.0,1.0,1.0,1.0,0.0,1.0,4.666666666666667,0.0,0.0,0.0,0.06887998473573745,26.0,26.0,1.0,1.0,1.0,0.0,1.0,25.0
JacksonCore,3,0.0,0.0,0.0,0.009284176533907427,12.0,12.0,0.0,0.0,0.0,0.009284176533907427,12.0,12.0,0.0,0.0,0.0,0.009284176533907427,12.0,12.0,0.0,0.0,0.0,0.009284176533907427,12.0,12.0,0.0,0.0,0.0,0.009284176533907427,12.0,12.0,0.0,0.0,0.0,0.009284176533907427,12.0,12.0,0.0,0.0,0.0,0.009284176533907427,12.0,12.0,0.0,0.0,0.0,0.009284176533907427,12.0,12.0,0.0,0.0,0.0,0.009284176533907427,12.0,12.0,0.0,0.0,0.0,0.009284176533907427,12.0,12.0,0.0,0.0,0.0,0.9913885898815931,25.0,25.0,0.0,0.0,0.0,0.07231873111782477,24.0,24.0,0.0,0.0,0.0,0.9916576964477933,25.0,25.0,0.0,0.0,0.0,0.07231873111782477,24.0,24.0,0.0,0.0,0.0,0.9756458557588805,96.0,96.0
JacksonCore,4,1.0,1.0,1.0,0.0,1.0,1.0,1.0,1.0,1.0,0.0,1.0,1.0,1.0,1.0,1.0,0.0,1.0,1.0,1.0,1.0,1.0,0.0,1.0,1.0,1.0,1.0,1.0,0.0,1.0,1.0,1.0,1.0,1.0,0.0,1.0,1.0,1.0,1.0,1.0,0.0,1.0,1.0,1.0,1.0,1.0,0.0,1.0,1.0,1.0,1.0,1.0,0.0,1.0,1.0,1.0,1.0,1.0,0.0,1.0,1.0,0.0,1.0,1.0,0.9388059701492537,2.0,2.0,1.0,1.0,1.0,0.0,1.0,1.0,1.0,1.0,1.0,0.0,1.0,1.0,1.0,1.0,1.0,0.0,1.0,1.0,1.0,1.0,1.0,0.0,1.0,1.0
JacksonCore,5,0.0,1.0,1.0,0.006578947368421052,3.0,3.0,0.0,1.0,1.0,0.006578947368421052,3.0,3.0,0.0,1.0,1.0,0.006578947368421052,3.0,3.0,0.0,1.0,1.0,0.006578947368421052,3.0,3.0,0.0,1.0,1.0,0.006578947368421052,3.0,3.0,0.0,1.0,1.0,0.006578947368421052,3.0,3.0,0.0,1.0,1.0,0.006578947368421052,3.0,3.0,0.0,1.0,1.0,0.006578947368421052,3.0,3.0,0.0,1.0,1.0,0.006578947368421052,3.0,3.0,0.0,1.0,1.0,0.006578947368421052,3.0,3.0,0.0,0.0,1.0,0.8092105263157895,4.0,4.0,0.0,1.0,1.0,0.008875739644970414,3.0,3.0,0.0,0.0,1.0,0.8092105263157895,4.0,4.0,0.0,1.0,1.0,0.008875739644970414,3.0,3.0,0.0,0.0,1.0,0.2916666666666667,4.0,4.0
JacksonCore,6,0.0,0.0,1.0,0.008771929824561403,4.0,4.0,0.0,0.0,1.0,0.008771929824561403,4.0,4.0,0.0,0.0,1.0,0.008771929824561403,4.0,4.0,0.0,0.0,1.0,0.008771929824561403,4.0,4.0,0.0,0.0,1.0,0.008771929824561403,4.0,4.0,0.0,0.0,1.0,0.008771929824561403,4.0,4.0,0.0,0.0,1.0,0.008771929824561403,4.0,4.0,0.0,0.0,1.0,0.008771929824561403,4.0,4.0,0.0,0.0,1.0,0.008771929824561403,4.0,4.0,0.0,0.0,1.0,0.008771929824561403,4.0,4.0,0.0,0.0,1.0,0.8070175438596491,5.0,5.0,0.0,0.0,1.0,0.011834319526627219,4.0,4.0,0.0,0.0,1.0,0.8070175438596491,5.0,5.0,0.0,0.0,1.0,0.011834319526627219,4.0,4.0,0.0,0.0,0.0,0.44956140350877194,6.0,6.0
JacksonCore,7,0.0,0.0,0.0,0.008421429851281132,10.0,10.0,0.0,1.0,1.0,0.0026876903780684463,3.0,3.0,0.0,0.0,0.0,0.006271277548826375,9.0,9.0,0.0,0.0,0.0,0.010213223436660097,13.0,13.0,0.0,0.0,1.0,0.003404407812220032,4.0,4.0,0.0,0.0,1.0,0.003941945887833721,5.0,5.0,1.0,1.0,1.0,0.0,1.0,1.0,0.0,0.0,0.0,0.006629636265902168,9.0,9.0,0.0,0.0,1.0,0.003404407812220032,4.0,4.0,1.0,1.0,1.0,0.0,1.0,1.0,0.0,0.0,0.0,0.9922952875828704,39.0,39.0,0.0,0.0,0.0,0.06285572878000495,10.0,10.0,0.0,0.0,0.0,0.9922952875828704,39.0,39.0,0.0,0.0,0.0,0.06483543677307597,11.0,11.0,0.0,0.0,0.0,0.8652571223795019,47.0,47.0
JacksonCore,8,1.0,1.0,1.0,0.0,1.0,1.0,1.0,1.0,1.0,0.0,1.0,1.0,1.0,1.0,1.0,0.0,1.0,1.0,1.0,1.0,1.0,0.0,1.0,1.0,1.0,1.0,1.0,0.0,1.0,1.0,1.0,1.0,1.0,0.0,1.0,1.0,1.0,1.0,1.0,0.0,1.0,1.0,1.0,1.0,1.0,0.0,1.0,1.0,1.0,1.0,1.0,0.0,1.0,1.0,1.0,1.0,1.0,0.0,1.0,1.0,0.0,1.0,1.0,0.9753265602322206,3.0,3.0,0.0,1.0,1.0,0.014787430683918669,2.0,2.0,0.0,1.0,1.0,0.9753265602322206,3.0,3.0,0.0,1.0,1.0,0.014787430683918669,2.0,2.0,0.0,0.0,0.0,0.8287373004354136,37.0,37.0
JacksonCore,9,1.0,1.0,1.0,0.0,1.0,26.333333333333332,1.0,1.0,1.0,0.0,1.0,26.0,0.0,1.0,1.0,0.00046887820888524205,2.0,25.666666666666668,1.0,1.0,1.0,0.0,1.0,26.333333333333332,0.0,1.0,1.0,0.00046887820888524205,2.0,25.0,0.0,1.0,1.0,0.00046887820888524205,2.0,27.333333333333332,0.0,0.0,0.0,0.04512952760520455,24.0,42.0,1.0,1.0,1.0,0.0,1.0,24.333333333333332,0.0,1.0,1.0,0.00046887820888524205,2.0,25.0,0.0,0.0,0.0,0.003399367014418005,9.0,31.666666666666668,1.0,1.0,1.0,0.0,1.0,1.6666666666666667,0.0,1.0,1.0,0.0006454736162659351,2.0,2.0,0.0,1.0,1.0,0.00046887820888524205,2.0,2.3333333333333335,1.0,1.0,1.0,0.0,1.0,1.0,0.0,1.0,1.0,0.00046887820888524205,2.0,2.3333333333333335
JacksonCore,10,0.0,0.0,0.0,0.0037748798901853123,9.0,17.5,0.0,1.0,1.0,0.0004575611988103409,3.0,9.0,0.0,1.0,1.0,0.0011439029970258523,3.0,11.5,0.0,1.0,1.0,0.00034317089910775565,2.0,10.5,0.0,1.0,1.0,0.0009151223976206818,3.0,9.5,0.0,0.0,1.0,0.0009151223976206818,4.0,11.0,0.0,1.0,1.0,0.00034317089910775565,2.0,4.0,0.0,0.0,1.0,0.002745367192862045,4.0,12.5,0.0,1.0,1.0,0.0009151223976206818,3.0,9.5,0.0,1.0,1.0,0.00034317089910775565,2.0,4.0,0.0,0.0,0.0,0.98318462594372,74.0,78.0,0.0,0.0,1.0,0.0012380068090374497,4.0,12.0,0.0,0.0,0.0,0.9421185083504918,35.0,58.5,0.0,0.0,0.0,0.0032497678737233053,7.0,14.5,0.0,1.0,1.0,0.00034317089910775565,2.0,26.0
JacksonCore,11,0.0,0.0,0.0,,,,0.0,0.0,0.0,,,,0.0,0.0,0.0,,,,0.0,0.0,0.0,,,,0.0,0.0,0.0,,,,0.0,0.0,0.0,,,,0.0,0.0,0.0,,,,0.0,0.0,0.0,,,,0.0,0.0,0.0,,,,0.0,0.0,0.0,,,,0.0,0.0,0.0,,,,0.0,0.0,0.0,,,,0.0,0.0,0.0,,,,0.0,0.0,0.0,,,,0.0,0.0,0.0,,,
JacksonCore,12,0.0,1.0,1.0,0.000474158368895211,2.0,95.54545454545455,0.0,1.0,1.0,0.000632211158526948,2.0,93.72727272727273,0.0,1.0,1.0,0.000632211158526948,2.0,88.9090909090909,0.0,1.0,1.0,0.000632211158526948,2.0,96.9090909090909,0.0,1.0,1.0,0.000632211158526948,2.0,94.72727272727273,0.0,1.0,1.0,0.000632211158526948,2.0,95.0909090909091,0.0,0.0,0.0,0.047257784099889365,26.0,102.27272727272727,0.0,1.0,1.0,0.000632211158526948,2.0,88.0909090909091,0.0,1.0,1.0,0.000632211158526948,2.0,94.72727272727273,0.0,0.0,0.0,0.008376797850482062,10.0,85.72727272727273,1.0,1.0,1.0,0.5000790263948158,1.0,15.0,0.0,1.0,1.0,0.0025651988029072254,3.0,97.18181818181819,0.0,1.0,1.0,0.5024498182392919,2.0,15.909090909090908,0.0,1.0,1.0,0.0006412997007268063,2.0,97.0909090909091,0.0,1.0,1.0,0.000632211158526948,2.0,38.09090909090909
JacksonCore,13,0.0,0.0,0.0,,,,0.0,0.0,0.0,,,,0.0,0.0,0.0,,,,0.0,0.0,0.0,,,,0.0,0.0,0.0,,,,0.0,0.0,0.0,,,,0.0,0.0,0.0,,,,0.0,0.0,0.0,,,,0.0,0.0,0.0,,,,0.0,0.0,0.0,,,,0.0,0.0,0.0,,,,0.0,0.0,0.0,,,,0.0,0.0,0.0,,,,0.0,0.0,0.0,,,,0.0,0.0,0.0,,,
JacksonCore,14,1.0,1.0,1.0,0.0,1.0,10.333333333333334,1.0,1.0,1.0,0.0,1.0,8.0,1.0,1.0,1.0,0.0,1.0,10.333333333333334,1.0,1.0,1.0,0.0,1.0,13.0,1.0,1.0,1.0,0.0,1.0,8.0,1.0,1.0,1.0,0.0,1.0,9.666666666666666,0.0,0.0,0.0,0.03278688524590164,6.0,11.666666666666666,1.0,1.0,1.0,0.0,1.0,10.333333333333334,1.0,1.0,1.0,0.0,1.0,8.0,0.0,1.0,1.0,0.012295081967213115,3.0,9.0,0.0,1.0,1.0,0.7076502732240437,2.0,23.0,1.0,1.0,1.0,0.0,1.0,11.666666666666666,1.0,1.0,1.0,0.0,1.0,23.0,1.0,1.0,1.0,0.0,1.0,11.666666666666666,1.0,1.0,1.0,0.0,1.0,40.0
JacksonCore,15,0.0,0.0,0.0,,,,0.0,0.0,0.0,,,,0.0,0.0,0.0,,,,0.0,0.0,0.0,,,,0.0,0.0,0.0,,,,0.0,0.0,0.0,,,,0.0,0.0,0.0,,,,0.0,0.0,0.0,,,,0.0,0.0,0.0,,,,0.0,0.0,0.0,,,,0.0,0.0,0.0,,,,0.0,0.0,0.0,,,,0.0,0.0,0.0,,,,0.0,0.0,0.0,,,,0.0,0.0,0.0,,,
JacksonCore,16,1.0,1.0,1.0,0.0,1.0,17.571428571428573,1.0,1.0,1.0,0.0,1.0,17.0,1.0,1.0,1.0,0.0,1.0,16.857142857142858,1.0,1.0,1.0,0.0,1.0,17.571428571428573,1.0,1.0,1.0,0.0,1.0,17.142857142857142,1.0,1.0,1.0,0.0,1.0,17.428571428571427,0.0,0.0,0.0,0.0557625434674615,38.0,49.42857142857143,1.0,1.0,1.0,0.0,1.0,17.142857142857142,1.0,1.0,1.0,0.0,1.0,17.142857142857142,0.0,0.0,0.0,0.012419274714356682,18.0,31.0,1.0,1.0,1.0,0.6315201192250373,1.0,1.8571428571428572,0.0,1.0,1.0,0.023793452581842726,2.0,18.0,0.0,1.0,1.0,0.01751117734724292,2.0,2.142857142857143,1.0,1.0,1.0,0.0,1.0,17.142857142857142,0.0,1.0,1.0,0.01751117734724292,2.0,2.5714285714285716
JacksonCore,17,1.0,1.0,1.0,0.0,1.0,30.5,1.0,1.0,1.0,0.0,1.0,31.75,1.0,1.0,1.0,0.0,1.0,29.0,0.0,1.0,1.0,0.00016528925619834712,2.0,31.25,1.0,1.0,1.0,0.0,1.0,30.75,1.0,1.0,1.0,0.0,1.0,31.5,0.0,0.0,0.0,0.060165289256198344,43.0,64.5,1.0,1.0,1.0,0.0,1.0,28.75,1.0,1.0,1.0,0.0,1.0,30.75,0.0,0.0,0.0,0.017685950413223142,22.0,45.75,1.0,1.0,1.0,0.6249586776859504,1.0,5.75,1.0,1.0,1.0,0.0,1.0,43.0,1.0,1.0,1.0,0.0,1.0,6.0,1.0,1.0,1.0,0.0,1.0,42.0,1.0,1.0,1.0,0.0,1.0,14.25
JacksonCore,18,0.0,1.0,1.0,0.0014795331251027453,2.0,81.0,0.0,1.0,1.0,0.0031234588196613513,2.0,76.44444444444444,0.0,1.0,1.0,0.0031234588196613513,2.0,75.55555555555556,0.0,1.0,1.0,0.0031234588196613513,2.0,81.0,0.0,1.0,1.0,0.0031234588196613513,2.0,78.77777777777777,0.0,1.0,1.0,0.0031234588196613513,2.0,81.0,0.0,0.0,0.0,0.061647213545947724,49.0,92.77777777777777,0.0,1.0,1.0,0.0014795331251027453,2.0,78.66666666666667,0.0,1.0,1.0,0.0031234588196613513,2.0,78.77777777777777,0.0,0.0,0.0,0.019727108334703272,28.0,83.66666666666667,1.0,1.0,1.0,0.0,1.0,1.8888888888888888,0.0,1.0,1.0,0.0037527593818984547,2.0,80.125,0.0,1.0,1.0,0.003287851389117212,2.0,3.3333333333333335,0.0,1.0,1.0,0.004415011037527594,2.0,79.75,0.0,1.0,1.0,0.003287851389117212,2.0,6.333333333333333
JacksonCore,19,0.0,0.0,1.0,0.0030373831775700934,5.0,57.5,0.0,0.0,1.0,0.0030373831775700934,5.0,56.5,0.0,0.0,1.0,0.0030373831775700934,5.0,54.0,0.0,0.0,1.0,0.0030373831775700934,5.0,57.5,0.0,0.0,1.0,0.0030373831775700934,5.0,57.0,0.0,0.0,1.0,0.0030373831775700934,5.0,57.5,0.0,0.0,0.0,0.04836448598130841,41.0,80.0,0.0,0.0,1.0,0.0030373831775700934,5.0,54.5,0.0,0.0,1.0,0.0030373831775700934,5.0,57.0,0.0,0.0,0.0,0.006658878504672897,13.0,59.5,1.0,1.0,1.0,0.03130841121495327,1.0,3.5,0.0,0.0,0.0,0.04300405110626363,22.0,65.5,1.0,1.0,1.0,0.03130841121495327,1.0,3.5,0.0,0.0,0.0,0.04300405110626363,22.0,65.5,0.0,0.0,0.0,0.6404205607476635,10.0,13.5
JacksonCore,20,1.0,1.0,1.0,0.0,1.0,1.0,1.0,1.0,1.0,0.0,1.0,1.0,1.0,1.0,1.0,0.0,1.0,1.0,1.0,1.0,1.0,0.0,1.0,1.0,1.0,1.0,1.0,0.0,1.0,1.0,1.0,1.0,1.0,0.0,1.0,1.0,0.0,0.0,0.0,0.03833700297888874,18.0,18.0,1.0,1.0,1.0,0.0,1.0,1.0,1.0,1.0,1.0,0.0,1.0,1.0,0.0,0.0,0.0,0.005698743686051029,7.0,7.0,0.0,0.0,0.0,0.9051936277684238,6.0,6.0,0.0,1.0,1.0,0.024749868351764088,2.0,2.0,1.0,1.0,1.0,0.0,1.0,1.0,1.0,1.0,1.0,0.0,1.0,1.0,0.0,1.0,1.0,0.018261883175754435,2.0,2.0
JacksonCore,21,0.0,0.0,1.0,0.005082311346812507,5.0,5.0,0.0,0.0,0.0,0.02077118550436416,28.0,28.0,0.0,0.0,0.0,0.0069605568445475635,7.0,7.0,0.0,0.0,1.0,0.004861341288255441,5.0,5.0,0.0,0.0,0.0,0.00519279637609104,6.0,6.0,0.0,0.0,0.0,0.005082311346812507,6.0,6.0,0.0,0.0,0.0,0.04563031709203403,40.0,40.0,0.0,0.0,1.0,0.006518616727433433,5.0,5.0,0.0,0.0,0.0,0.00519279637609104,6.0,6.0,0.0,0.0,0.0,0.006076676610319302,8.0,8.0,0.0,0.0,0.0,0.9043199646447906,52.0,52.0,0.0,0.0,0.0,0.0216695753344968,7.0,7.0,0.0,0.0,0.0,0.8928295215998232,20.0,20.0,0.0,0.0,0.0,0.02428737638161722,8.0,8.0,0.0,0.0,0.0,0.01635178433322285,6.0,6.0
JacksonCore,22,1.0,1.0,1.0,0.0,1.0,8.333333333333334,0.0,0.0,0.0,0.10132494519111619,184.0,254.66666666666666,0.0,0.0,0.0,0.08473930035268325,120.0,234.83333333333334,0.0,0.0,0.0,0.01553712706129063,23.0,58.333333333333336,0.0,0.0,0.0,0.013630731102850062,16.0,102.0,0.0,0.0,0.0,0.01143837575064341,16.0,84.33333333333333,0.0,0.0,0.0,0.10132494519111619,187.0,255.16666666666666,1.0,1.0,1.0,0.0,1.0,9.166666666666666,0.0,0.0,0.0,0.013630731102850062,16.0,101.16666666666667,0.0,0.0,0.0,0.06986941187684682,138.0,239.83333333333334,0.0,1.0,1.0,0.815746830616719,2.0,44.0,0.0,0.0,0.0,0.05201446925283772,31.0,155.66666666666666,0.0,0.0,0.0,0.021923553522066534,18.0,38.666666666666664,1.0,1.0,1.0,0.00024946987651241115,1.0,7.666666666666667,0.0,0.0,0.0,0.09531979792202841,163.0,217.0
JacksonCore,23,1.0,1.0,1.0,0.0,1.0,1.0,0.0,0.0,0.0,0.05419617943764756,76.0,76.0,0.0,0.0,0.0,0.053015668598411676,75.0,75.0,0.0,1.0,1.0,0.0005365958360163126,2.0,2.0,0.0,1.0,1.0,0.0021463833440652502,2.0,2.0,0.0,1.0,1.0,0.0021463833440652502,2.0,2.0,0.0,0.0,0.0,0.05419617943764756,76.0,76.0,1.0,1.0,1.0,0.0,1.0,1.0,0.0,1.0,1.0,0.0021463833440652502,2.0,2.0,0.0,0.0,0.0,0.041532517707662586,72.0,72.0,0.0,1.0,1.0,0.8893539386134364,2.0,2.0,0.0,0.0,0.0,0.025346260387811636,8.0,8.0,0.0,0.0,1.0,0.0026829791800815628,4.0,4.0,1.0,1.0,1.0,0.0,1.0,1.0,0.0,0.0,0.0,0.0197467267654003,9.0,9.0
JacksonCore,24,1.0,1.0,1.0,0.0,1.0,63.4,0.0,0.0,0.0,0.057929268682989275,117.0,165.6,0.0,0.0,0.0,0.05680908945431269,105.0,152.8,0.0,0.0,0.0,0.0006401024163866218,6.0,69.4,0.0,0.0,1.0,0.0017602816450632101,4.0,63.2,0.0,1.0,1.0,0.00024003840614498319,3.0,66.6,0.0,0.0,0.0,0.05808929428708593,119.0,167.0,1.0,1.0,1.0,0.0,1.0,53.2,0.0,0.0,1.0,0.0017602816450632101,4.0,63.2,0.0,0.0,0.0,0.04872779644743159,112.0,157.4,1.0,1.0,1.0,0.6215394463114098,1.0,27.8,0.0,0.0,0.0,0.023697650663942797,14.0,19.5,0.0,0.0,0.0,0.010481677068330933,7.0,9.4,0.0,1.0,1.0,0.001634320735444331,2.0,3.25,0.0,0.0,0.0,0.042166746679468715,70.0,80.6
JacksonCore,25,1.0,1.0,1.0,0.0,1.0,1.0,0.0,0.0,0.0,0.0700514787523973,122.0,122.0,0.0,0.0,0.0,0.06823458160896335,113.0,113.0,0.0,1.0,1.0,0.0001009387301907742,2.0,2.0,0.0,1.0,1.0,0.002119713334006258,2.0,2.0,0.0,1.0,1.0,0.002018774603815484,2.0,2.0,0.0,0.0,0.0,0.0700514787523973,122.0,122.0,1.0,1.0,1.0,0.0,1.0,1.0,0.0,1.0,1.0,0.002119713334006258,2.0,2.0,0.0,0.0,0.0,0.057333198748359744,111.0,111.0,0.0,1.0,1.0,0.8637327142424548,2.0,2.0,0.0,0.0,0.0,0.037685232498722535,17.0,17.0,0.0,0.0,1.0,0.002523468254769355,4.0,4.0,1.0,1.0,1.0,0.0,1.0,1.0,0.0,0.0,0.0,0.029877864136469163,18.0,18.0
JacksonCore,26,0.0,0.0,0.0,0.02553444180522565,43.0,43.0,0.0,0.0,0.0,0.03167062549485352,22.0,22.0,0.0,0.0,1.0,0.002672209026128266,4.0,4.0,0.0,0.0,0.0,0.03533254156769596,63.0,63.0,0.0,0.0,0.0,0.00900633412509897,7.0,7.0,0.0,0.0,0.0,0.009600158353127474,13.0,13.0,0.0,0.0,0.0,0.032957244655581946,26.0,26.0,0.0,0.0,0.0,0.023555027711797308,27.0,27.0,0.0,0.0,0.0,0.00900633412509897,7.0,7.0,0.0,0.0,1.0,0.003167062549485352,4.0,4.0,0.0,0.0,0.0,0.9663499604117182,183.0,183.0,0.0,0.0,0.0,0.03833102928239286,21.0,21.0,0.0,0.0,0.0,0.9750593824228029,184.0,184.0,0.0,0.0,0.0,0.043483725021993214,27.0,27.0,0.0,0.0,0.0,0.5461203483768804,34.0,34.0
Gson,1,0.0,0.0,0.0,,,,0.0,0.0,0.0,,,,0.0,0.0,0.0,,,,0.0,0.0,0.0,,,,0.0,0.0,0.0,,,,0.0,0.0,0.0,,,,0.0,0.0,0.0,,,,0.0,0.0,0.0,,,,0.0,0.0,0.0,,,,0.0,0.0,0.0,,,,0.0,0.0,0.0,,,,0.0,0.0,0.0,,,,0.0,0.0,0.0,,,,0.0,0.0,0.0,,,,0.0,0.0,0.0,,,
Gson,2,0.0,0.0,0.0,,,,0.0,0.0,0.0,,,,0.0,0.0,0.0,,,,0.0,0.0,0.0,,,,0.0,0.0,0.0,,,,0.0,0.0,0.0,,,,0.0,0.0,0.0,,,,0.0,0.0,0.0,,,,0.0,0.0,0.0,,,,0.0,0.0,0.0,,,,0.0,0.0,0.0,,,,0.0,0.0,0.0,,,,0.0,0.0,0.0,,,,0.0,0.0,0.0,,,,0.0,0.0,0.0,,,
Gson,3,0.0,0.0,0.0,0.010490693739424704,15.0,15.0,0.0,0.0,0.0,0.010490693739424704,15.0,15.0,0.0,0.0,0.0,0.010490693739424704,13.0,13.0,0.0,0.0,0.0,0.01116751269035533,16.0,16.0,0.0,0.0,0.0,0.010490693739424704,14.0,14.0,0.0,0.0,0.0,0.010490693739424704,15.0,15.0,0.0,0.0,0.0,0.009137055837563452,12.0,12.0,0.0,0.0,0.0,0.010490693739424704,15.0,15.0,0.0,0.0,0.0,0.010490693739424704,14.0,14.0,0.0,0.0,0.0,0.009137055837563452,12.0,12.0,0.0,0.0,0.0,0.82165820642978,18.0,18.0,0.0,0.0,0.0,0.011702529256323141,15.0,15.0,0.0,0.0,0.0,0.82165820642978,18.0,18.0,0.0,0.0,0.0,0.011702529256323141,15.0,15.0,0.0,0.0,0.0,0.6558375634517767,75.0,75.0
Gson,4,1.0,1.0,1.0,0.0,1.0,20.357142857142858,1.0,1.0,1.0,0.0,1.0,20.428571428571427,1.0,1.0,1.0,0.0,1.0,20.428571428571427,0.0,1.0,1.0,0.0011376564277588168,2.0,20.071428571428573,1.0,1.0,1.0,0.0,1.0,20.428571428571427,1.0,1.0,1.0,0.0,1.0,20.5,0.0,0.0,1.0,0.004550625711035267,4.0,56.357142857142854,1.0,1.0,1.0,0.0,1.0,19.571428571428573,1.0,1.0,1.0,0.0,1.0,20.428571428571427,0.0,0.0,1.0,0.004550625711035267,4.0,20.714285714285715,1.0,1.0,1.0,0.0,1.0,4.428571428571429,1.0,1.0,1.0,0.0,1.0,20.428571428571427,1.0,1.0,1.0,0.0,1.0,5.0,1.0,1.0,1.0,0.0,1.0,20.357142857142858,1.0,1.0,1.0,0.0,1.0,69.28571428571429
Gson,5,0.0,0.0,0.0,,,,0.0,0.0,0.0,,,,0.0,0.0,0.0,,,,0.0,0.0,0.0,,,,0.0,0.0,0.0,,,,0.0,0.0,0.0,,,,0.0,0.0,0.0,,,,0.0,0.0,0.0,,,,0.0,0.0,0.0,,,,0.0,0.0,0.0,,,,0.0,0.0,0.0,,,,0.0,0.0,0.0,,,,0.0,0.0,0.0,,,,0.0,0.0,0.0,,,,0.0,0.0,0.0,,,
Gson,6,0.0,0.0,1.0,0.0016276041666666667,4.0,42.0,0.0,0.0,1.0,0.0016276041666666667,4.0,42.0,0.0,0.0,1.0,0.0016276041666666667,4.0,41.0,0.0,0.0,1.0,0.0016276041666666667,4.0,42.0,0.0,0.0,1.0,0.0016276041666666667,4.0,42.0,0.0,0.0,1.0,0.0016276041666666667,4.0,42.0,0.0,0.0,1.0,0.0016276041666666667,4.0,48.5,0.0,0.0,1.0,0.0016276041666666667,4.0,41.5,0.0,0.0,1.0,0.0016276041666666667,4.0,42.0,0.0,0.0,1.0,0.0016276041666666667,4.0,40.0,1.0,1.0,1.0,0.0003255208333333333,1.0,3.0,0.0,0.0,1.0,0.001819505094614265,4.0,41.5,1.0,1.0,1.0,0.0003255208333333333,1.0,3.0,0.0,0.0,1.0,0.001819505094614265,4.0,41.5,0.0,0.0,0.0,0.400390625,11.0,15.0
Gson,7,0.0,0.0,1.0,0.001661681621801263,5.0,6.0,0.0,0.0,1.0,0.001661681621801263,5.0,7.5,0.0,0.0,0.0,0.002326354270521768,6.0,6.5,0.0,0.0,1.0,0.001661681621801263,5.0,11.0,0.0,0.0,1.0,0.0019940179461615153,5.0,6.5,0.0,0.0,0.0,0.002326354270521768,6.0,7.5,0.0,0.0,0.0,0.0322366234629445,28.0,72.0,0.0,0.0,1.0,0.001661681621801263,5.0,6.0,0.0,0.0,1.0,0.0019940179461615153,5.0,6.5,0.0,0.0,0.0,0.005317381189764041,12.0,51.0,0.0,1.0,1.0,0.8089066134928548,3.0,10.5,0.0,0.0,0.0,0.00258493353028065,6.0,8.0,0.0,1.0,1.0,0.8089066134928548,3.0,9.0,0.0,0.0,0.0,0.0022156573116691287,6.0,7.0,0.0,0.0,0.0,0.3180458624127617,9.0,12.0
Gson,8,0.0,0.0,0.0,,,,0.0,0.0,0.0,,,,0.0,0.0,0.0,,,,0.0,0.0,0.0,,,,0.0,0.0,0.0,,,,0.0,0.0,0.0,,,,0.0,0.0,0.0,,,,0.0,0.0,0.0,,,,0.0,0.0,0.0,,,,0.0,0.0,0.0,,,,0.0,0.0,0.0,,,,0.0,0.0,0.0,,,,0.0,0.0,0.0,,,,0.0,0.0,0.0,,,,0.0,0.0,0.0,,,
Gson,9,0.0,0.0,0.0,,,,0.0,0.0,0.0,,,,0.0,0.0,0.0,,,,0.0,0.0,0.0,,,,0.0,0.0,0.0,,,,0.0,0.0,0.0,,,,0.0,0.0,0.0,,,,0.0,0.0,0.0,,,,0.0,0.0,0.0,,,,0.0,0.0,0.0,,,,0.0,0.0,0.0,,,,0.0,0.0,0.0,,,,0.0,0.0,0.0,,,,0.0,0.0,0.0,,,,0.0,0.0,0.0,,,
Gson,10,0.0,0.0,0.0,,,,0.0,0.0,0.0,,,,0.0,0.0,0.0,,,,0.0,0.0,0.0,,,,0.0,0.0,0.0,,,,0.0,0.0,0.0,,,,0.0,0.0,0.0,,,,0.0,0.0,0.0,,,,0.0,0.0,0.0,,,,0.0,0.0,0.0,,,,0.0,0.0,0.0,,,,0.0,0.0,0.0,,,,0.0,0.0,0.0,,,,0.0,0.0,0.0,,,,0.0,0.0,0.0,,,
Gson,11,0.0,0.0,0.0,,,,0.0,0.0,0.0,,,,0.0,0.0,0.0,,,,0.0,0.0,0.0,,,,0.0,0.0,0.0,,,,0.0,0.0,0.0,,,,0.0,0.0,0.0,,,,0.0,0.0,0.0,,,,0.0,0.0,0.0,,,,0.0,0.0,0.0,,,,0.0,0.0,0.0,,,,0.0,0.0,0.0,,,,0.0,0.0,0.0,,,,0.0,0.0,0.0,,,,0.0,0.0,0.0,,,
Gson,12,0.0,1.0,1.0,0.005852231163130944,3.0,29.0,1.0,1.0,1.0,0.0,1.0,27.666666666666668,0.0,1.0,1.0,0.0021945866861741038,2.0,27.333333333333332,1.0,1.0,1.0,0.0,1.0,28.333333333333332,0.0,1.0,1.0,0.0021945866861741038,2.0,28.0,0.0,1.0,1.0,0.0021945866861741038,2.0,28.666666666666668,1.0,1.0,1.0,0.0,1.0,34.333333333333336,0.0,1.0,1.0,0.0021945866861741038,2.0,27.333333333333332,0.0,1.0,1.0,0.0021945866861741038,2.0,28.0,1.0,1.0,1.0,0.0,1.0,28.333333333333332,1.0,1.0,1.0,0.5003657644476956,1.0,5.666666666666667,0.0,1.0,1.0,0.00247320692497939,2.0,28.666666666666668,0.0,1.0,1.0,0.5413313825896123,2.0,6.0,0.0,1.0,1.0,0.00247320692497939,2.0,28.666666666666668,0.0,0.0,1.0,0.20848573518653987,4.0,13.333333333333334
Gson,13,0.0,0.0,0.0,0.03868194842406877,16.0,16.0,0.0,0.0,0.0,0.03868194842406877,16.0,16.0,0.0,0.0,0.0,0.03868194842406877,16.0,16.0,0.0,0.0,0.0,0.03868194842406877,16.0,16.0,0.0,0.0,0.0,0.03868194842406877,16.0,16.0,0.0,0.0,0.0,0.03868194842406877,16.0,16.0,0.0,0.0,0.0,0.03868194842406877,16.0,16.0,0.0,0.0,0.0,0.03868194842406877,16.0,16.0,0.0,0.0,0.0,0.03868194842406877,16.0,16.0,0.0,0.0,0.0,0.03868194842406877,16.0,16.0,0.0,0.0,0.0,0.9512893982808023,30.0,30.0,0.0,0.0,0.0,0.14771048744460857,29.0,29.0,0.0,0.0,0.0,0.9512893982808023,30.0,30.0,0.0,0.0,0.0,0.14771048744460857,29.0,29.0,0.0,0.0,0.0,0.8825214899713467,123.0,123.0
Gson,14,0.0,0.0,0.0,,,,0.0,0.0,0.0,,,,0.0,0.0,0.0,,,,0.0,0.0,0.0,,,,0.0,0.0,0.0,,,,0.0,0.0,0.0,,,,0.0,0.0,0.0,,,,0.0,0.0,0.0,,,,0.0,0.0,0.0,,,,0.0,0.0,0.0,,,,0.0,0.0,0.0,,,,0.0,0.0,0.0,,,,0.0,0.0,0.0,,,,0.0,0.0,0.0,,,,0.0,0.0,0.0,,,
Gson,15,0.0,1.0,1.0,0.005076142131979695,2.0,2.0,0.0,1.0,1.0,0.005076142131979695,2.0,2.0,0.0,1.0,1.0,0.005076142131979695,2.0,2.0,0.0,1.0,1.0,0.005076142131979695,2.0,2.0,0.0,1.0,1.0,0.005076142131979695,2.0,2.0,0.0,1.0,1.0,0.005076142131979695,2.0,2.0,0.0,1.0,1.0,0.005076142131979695,2.0,2.0,0.0,1.0,1.0,0.005076142131979695,2.0,2.0,0.0,1.0,1.0,0.005076142131979695,2.0,2.0,0.0,1.0,1.0,0.005076142131979695,2.0,2.0,0.0,1.0,1.0,0.9035532994923858,3.0,3.0,0.0,1.0,1.0,0.15789473684210525,2.0,2.0,0.0,1.0,1.0,0.9035532994923858,3.0,3.0,0.0,1.0,1.0,0.15789473684210525,2.0,2.0,0.0,0.0,1.0,0.3096446700507614,5.0,5.0
Gson,16,0.0,0.0,0.0,,,,0.0,0.0,0.0,,,,0.0,0.0,0.0,,,,0.0,0.0,0.0,,,,0.0,0.0,0.0,,,,0.0,0.0,0.0,,,,0.0,0.0,0.0,,,,0.0,0.0,0.0,,,,0.0,0.0,0.0,,,,0.0,0.0,0.0,,,,0.0,0.0,0.0,,,,0.0,0.0,0.0,,,,0.0,0.0,0.0,,,,0.0,0.0,0.0,,,,0.0,0.0,0.0,,,
Gson,17,1.0,1.0,1.0,0.0,1.0,2.5,0.0,1.0,1.0,0.0032441200324412004,3.0,17.0,1.0,1.0,1.0,0.0,1.0,2.5,0.0,1.0,1.0,0.0032441200324412004,3.0,17.0,1.0,1.0,1.0,0.0,1.0,2.5,1.0,1.0,1.0,0.0,1.0,2.5,1.0,1.0,1.0,0.0,1.0,2.5,1.0,1.0,1.0,0.0,1.0,2.5,1.0,1.0,1.0,0.0,1.0,2.5,1.0,1.0,1.0,0.0,1.0,2.5,0.0,1.0,1.0,0.9115977291159773,2.0,4.5,1.0,1.0,1.0,0.0,1.0,2.5,1.0,1.0,1.0,0.0,1.0,3.0,1.0,1.0,1.0,0.0,1.0,2.5,1.0,1.0,1.0,0.0,1.0,3.5
Gson,18,0.0,0.0,0.0,,,,0.0,0.0,0.0,,,,0.0,0.0,0.0,,,,0.0,0.0,0.0,,,,0.0,0.0,0.0,,,,0.0,0.0,0.0,,,,0.0,0.0,0.0,,,,0.0,0.0,0.0,,,,0.0,0.0,0.0,,,,0.0,0.0,0.0,,,,0.0,0.0,0.0,,,,0.0,0.0,0.0,,,,0.0,0.0,0.0,,,,0.0,0.0,0.0,,,,0.0,0.0,0.0,,,
Compress,1,0.0,1.0,1.0,0.00392156862745098,2.0,2.0,1.0,1.0,1.0,0.0,1.0,1.0,0.0,1.0,1.0,0.00392156862745098,2.0,2.0,1.0,1.0,1.0,0.0,1.0,1.0,0.0,1.0,1.0,0.00392156862745098,2.0,2.0,0.0,1.0,1.0,0.00392156862745098,2.0,2.0,0.0,1.0,1.0,0.00392156862745098,2.0,2.0,0.0,1.0,1.0,0.00392156862745098,2.0,2.0,0.0,1.0,1.0,0.00392156862745098,2.0,2.0,0.0,1.0,1.0,0.00392156862745098,2.0,2.0,0.0,1.0,1.0,0.88,3.0,3.0,0.0,1.0,1.0,0.005714285714285714,2.0,2.0,0.0,1.0,1.0,0.00392156862745098,2.0,2.0,0.0,1.0,1.0,0.005714285714285714,2.0,2.0,0.0,1.0,1.0,0.00392156862745098,2.0,2.0
Compress,2,0.0,1.0,1.0,0.0007479431563201197,2.0,9.0,1.0,1.0,1.0,0.0,1.0,8.0,0.0,1.0,1.0,0.0007479431563201197,2.0,9.0,1.0,1.0,1.0,0.0,1.0,8.0,0.0,1.0,1.0,0.0007479431563201197,2.0,9.0,0.0,1.0,1.0,0.0007479431563201197,2.0,9.0,0.0,1.0,1.0,0.0007479431563201197,2.0,9.0,0.0,1.0,1.0,0.0007479431563201197,2.0,9.0,0.0,1.0,1.0,0.0007479431563201197,2.0,9.0,0.0,1.0,1.0,0.0007479431563201197,2.0,9.0,1.0,1.0,1.0,0.5003739715781601,1.0,2.0,0.0,1.0,1.0,0.001040582726326743,2.0,2.0,0.0,1.0,1.0,0.0007479431563201197,2.0,2.5,0.0,1.0,1.0,0.001040582726326743,2.0,2.0,0.0,1.0,1.0,0.0007479431563201197,2.0,3.0
Compress,3,0.0,0.0,1.0,0.02518891687657431,5.0,17.333333333333332,0.0,0.0,1.0,0.023509655751469353,4.0,16.333333333333332,0.0,0.0,1.0,0.02518891687657431,5.0,17.333333333333332,0.0,0.0,1.0,0.023509655751469353,4.0,16.333333333333332,0.0,0.0,1.0,0.02518891687657431,5.0,17.333333333333332,0.0,0.0,1.0,0.02518891687657431,5.0,17.333333333333332,0.0,0.0,1.0,0.02518891687657431,5.0,19.666666666666668,0.0,0.0,1.0,0.02518891687657431,5.0,17.333333333333332,0.0,0.0,1.0,0.02518891687657431,5.0,17.333333333333332,0.0,0.0,1.0,0.02518891687657431,5.0,17.333333333333332,1.0,1.0,1.0,0.5948782535684299,1.0,4.333333333333333,0.0,0.0,1.0,0.03305785123966942,5.0,16.666666666666668,0.0,1.0,1.0,0.5902602854743912,2.0,4.666666666666667,0.0,0.0,1.0,0.03305785123966942,5.0,16.666666666666668,0.0,0.0,0.0,0.3610411418975651,10.0,11.666666666666666
Compress,4,0.0,0.0,0.0,0.1953125,22.0,44.0,0.0,0.0,0.0,0.1279296875,11.0,40.333333333333336,0.0,0.0,0.0,0.142578125,11.0,37.666666666666664,0.0,0.0,0.0,0.11865234375,7.0,39.0,0.0,0.0,0.0,0.1416015625,11.0,38.333333333333336,0.0,0.0,0.0,0.1416015625,13.0,42.333333333333336,0.0,0.0,0.0,0.09033203125,7.0,47.666666666666664,0.0,0.0,0.0,0.18994140625,19.0,40.333333333333336,0.0,0.0,0.0,0.1416015625,11.0,38.333333333333336,0.0,0.0,0.0,0.12353515625,8.0,40.0,1.0,1.0,1.0,0.0,1.0,14.0,0.0,0.0,0.0,0.16748466257668712,12.0,40.666666666666664,0.0,0.0,0.0,0.1201171875,15.0,22.0,0.0,0.0,0.0,0.20306748466257668,19.0,43.666666666666664,0.0,0.0,0.0,0.0927734375,7.0,45.666666666666664
Compress,5,0.0,0.0,0.0,0.06559766763848396,6.0,17.0,0.0,0.0,0.0,0.06559766763848396,6.0,17.0,0.0,0.0,0.0,0.06559766763848396,6.0,17.0,0.0,0.0,0.0,0.06559766763848396,6.0,17.0,0.0,0.0,0.0,0.06559766763848396,6.0,17.0,0.0,0.0,0.0,0.06559766763848396,6.0,17.0,0.0,0.0,0.0,0.05830903790087463,6.0,17.0,0.0,0.0,0.0,0.06559766763848396,6.0,17.0,0.0,0.0,0.0,0.06559766763848396,6.0,17.0,0.0,0.0,0.0,0.06559766763848396,6.0,17.0,1.0,1.0,1.0,0.25072886297376096,1.0,4.0,0.0,0.0,0.0,0.07407407407407407,6.0,6.0,1.0,1.0,1.0,0.25072886297376096,1.0,4.0,0.0,0.0,0.0,0.07407407407407407,6.0,6.0,0.0,1.0,1.0,0.12682215743440234,2.0,11.0
Compress,6,1.0,1.0,1.0,0.0,1.0,1.75,1.0,1.0,1.0,0.0,1.0,1.75,1.0,1.0,1.0,0.0,1.0,1.75,1.0,1.0,1.0,0.0,1.0,1.75,1.0,1.0,1.0,0.0,1.0,1.75,1.0,1.0,1.0,0.0,1.0,1.5,1.0,1.0,1.0,0.0,1.0,1.75,1.0,1.0,1.0,0.0,1.0,1.75,1.0,1.0,1.0,0.0,1.0,1.75,1.0,1.0,1.0,0.0,1.0,1.5,1.0,1.0,1.0,0.7045454545454546,1.0,2.25,1.0,1.0,1.0,0.008928571428571428,1.0,1.6666666666666667,1.0,1.0,1.0,0.007575757575757576,1.0,2.25,1.0,1.0,1.0,0.008928571428571428,1.0,1.6666666666666667,1.0,1.0,1.0,0.022727272727272728,1.0,2.0
Compress,7,1.0,1.0,1.0,0.0,1.0,1.0,1.0,1.0,1.0,0.0,1.0,1.0,1.0,1.0,1.0,0.0,1.0,1.0,1.0,1.0,1.0,0.0,1.0,1.0,1.0,1.0,1.0,0.0,1.0,1.0,1.0,1.0,1.0,0.0,1.0,1.0,1.0,1.0,1.0,0.0,1.0,1.0,1.0,1.0,1.0,0.0,1.0,1.0,1.0,1.0,1.0,0.0,1.0,1.0,1.0,1.0,1.0,0.0,1.0,1.0,0.0,1.0,1.0,0.9354838709677419,3.0,3.0,0.0,1.0,1.0,0.08333333333333333,2.0,2.0,0.0,1.0,1.0,0.9354838709677419,3.0,3.0,0.0,1.0,1.0,0.08333333333333333,2.0,2.0,0.0,0.0,1.0,0.3064516129032258,5.0,5.0
Compress,8,1.0,1.0,1.0,0.0,1.0,1.7777777777777777,1.0,1.0,1.0,0.0,1.0,1.7777777777777777,1.0,1.0,1.0,0.0,1.0,1.7777777777777777,1.0,1.0,1.0,0.0,1.0,1.7777777777777777,1.0,1.0,1.0,0.0,1.0,1.7777777777777777,1.0,1.0,1.0,0.0,1.0,1.7777777777777777,1.0,1.0,1.0,0.0,1.0,4.0,1.0,1.0,1.0,0.0,1.0,1.7777777777777777,1.0,1.0,1.0,0.0,1.0,1.7777777777777777,1.0,1.0,1.0,0.0,1.0,1.7777777777777777,1.0,1.0,1.0,0.1323529411764706,1.0,1.2222222222222223,1.0,1.0,1.0,0.0,1.0,1.7777777777777777,1.0,1.0,1.0,0.1323529411764706,1.0,1.2222222222222223,1.0,1.0,1.0,0.0,1.0,1.7777777777777777,0.0,0.0,1.0,0.2647058823529412,4.0,7.222222222222222
Compress,10,0.0,0.0,0.0,0.04755784061696658,17.0,17.0,0.0,0.0,0.0,0.04723650385604113,16.0,16.0,0.0,0.0,0.0,0.04755784061696658,17.0,17.0,0.0,0.0,0.0,0.04723650385604113,16.0,16.0,0.0,0.0,0.0,0.04755784061696658,17.0,17.0,0.0,0.0,0.0,0.04755784061696658,17.0,17.0,0.0,0.0,0.0,0.04755784061696658,17.0,17.0,0.0,0.0,0.0,0.04755784061696658,17.0,17.0,0.0,0.0,0.0,0.04755784061696658,17.0,17.0,0.0,0.0,0.0,0.04755784061696658,17.0,17.0,0.0,0.0,0.0,0.8997429305912596,18.0,18.0,0.0,0.0,0.0,0.059271125350420506,17.0,17.0,0.0,0.0,0.0,0.8997429305912596,18.0,18.0,0.0,0.0,0.0,0.059271125350420506,17.0,17.0,0.0,0.0,0.0,0.6892673521850899,40.0,40.0
Compress,12,0.0,0.0,1.0,0.0028478437754271765,4.0,4.0,0.0,0.0,1.0,0.0028478437754271765,4.0,4.0,0.0,0.0,1.0,0.0028478437754271765,4.0,4.0,0.0,0.0,1.0,0.0028478437754271765,4.0,4.0,0.0,0.0,1.0,0.0028478437754271765,4.0,4.0,0.0,0.0,1.0,0.0028478437754271765,4.0,4.0,0.0,0.0,1.0,0.004475183075671277,4.0,4.0,0.0,0.0,1.0,0.0028478437754271765,4.0,4.0,0.0,0.0,1.0,0.0028478437754271765,4.0,4.0,0.0,0.0,1.0,0.0028478437754271765,4.0,4.0,0.0,0.0,1.0,0.95240032546786,5.0,5.0,0.0,0.0,1.0,0.014314928425357873,4.0,4.0,0.0,0.0,1.0,0.9694873881204231,5.0,5.0,0.0,0.0,1.0,0.014314928425357873,4.0,4.0,0.0,0.0,0.0,0.580960130187144,21.0,21.0
Compress,13,0.0,0.0,0.0,0.30057803468208094,61.0,61.0,0.0,0.0,0.0,0.25959012086179717,47.0,47.0,0.0,0.0,0.0,0.29900157645822384,55.0,55.0,0.0,0.0,0.0,0.301629006831319,63.0,63.0,0.0,0.0,0.0,0.25959012086179717,48.0,48.0,0.0,0.0,0.0,0.2979506043089858,58.0,58.0,0.0,0.0,0.0,0.12979506043089858,33.0,33.0,0.0,0.0,0.0,0.29900157645822384,53.0,53.0,0.0,0.0,0.0,0.25959012086179717,48.0,48.0,0.0,0.0,0.0,0.1303205465055176,33.0,33.0,0.0,0.0,0.0,0.9931686810299527,69.0,69.0,0.0,0.0,0.0,0.17350746268656717,47.0,47.0,0.0,0.0,0.0,0.9931686810299527,69.0,69.0,0.0,0.0,0.0,0.17848258706467662,48.0,48.0,0.0,0.0,0.0,0.9511297950604309,128.0,128.0
Compress,14,0.0,0.0,0.0,0.20763358778625954,14.0,14.0,0.0,0.0,0.0,0.20763358778625954,14.0,14.0,0.0,0.0,0.0,0.20763358778625954,14.0,14.0,0.0,0.0,0.0,0.20763358778625954,14.0,14.0,0.0,0.0,0.0,0.20763358778625954,14.0,14.0,0.0,0.0,0.0,0.20763358778625954,14.0,14.0,0.0,0.0,0.0,0.20916030534351146,14.0,14.0,0.0,0.0,0.0,0.20763358778625954,14.0,14.0,0.0,0.0,0.0,0.20763358778625954,14.0,14.0,0.0,0.0,0.0,0.20763358778625954,14.0,14.0,0.0,0.0,0.0,0.9282442748091603,15.0,15.0,0.0,0.0,0.0,0.2755905511811024,14.0,14.0,0.0,0.0,0.0,0.9282442748091603,15.0,15.0,0.0,0.0,0.0,0.2755905511811024,14.0,14.0,0.0,0.0,0.0,0.8717557251908397,33.0,33.0
Compress,15,1.0,1.0,1.0,0.0,1.0,4.75,1.0,1.0,1.0,0.0,1.0,5.5,1.0,1.0,1.0,0.0,1.0,4.75,1.0,1.0,1.0,0.0,1.0,5.5,1.0,1.0,1.0,0.0,1.0,4.75,1.0,1.0,1.0,0.0,1.0,4.75,1.0,1.0,1.0,0.0,1.0,4.75,1.0,1.0,1.0,0.0,1.0,4.75,1.0,1.0,1.0,0.0,1.0,4.75,1.0,1.0,1.0,0.0,1.0,4.75,1.0,1.0,1.0,0.6590584878744651,1.0,1.75,1.0,1.0,1.0,0.0,1.0,1.5,1.0,1.0,1.0,0.0,1.0,2.0,1.0,1.0,1.0,0.0,1.0,1.5,1.0,1.0,1.0,0.0,1.0,2.25
Compress,16,0.0,1.0,1.0,0.00035385704175513094,2.0,20.5,1.0,1.0,1.0,0.0,1.0,19.5,0.0,1.0,1.0,0.00035385704175513094,2.0,20.5,1.0,1.0,1.0,0.0,1.0,19.5,0.0,1.0,1.0,0.00035385704175513094,2.0,20.5,0.0,1.0,1.0,0.00035385704175513094,2.0,20.5,0.0,1.0,1.0,0.00035385704175513094,2.0,20.5,0.0,1.0,1.0,0.00035385704175513094,2.0,20.5,0.0,1.0,1.0,0.00035385704175513094,2.0,20.5,0.0,1.0,1.0,0.00035385704175513094,2.0,20.5,1.0,1.0,1.0,0.2501769285208776,1.0,2.0,0.0,1.0,1.0,0.00044863167339614175,2.0,2.0,0.0,1.0,1.0,0.00035385704175513094,2.0,2.5,0.0,1.0,1.0,0.00044863167339614175,2.0,2.0,0.0,1.0,1.0,0.00035385704175513094,2.0,3.0
Compress,17,0.0,0.0,0.0,0.09783845278725825,8.0,8.0,0.0,0.0,0.0,0.09783845278725825,8.0,8.0,0.0,0.0,0.0,0.09783845278725825,8.0,8.0,0.0,0.0,0.0,0.09783845278725825,8.0,8.0,0.0,0.0,0.0,0.09783845278725825,8.0,8.0,0.0,0.0,0.0,0.09783845278725825,8.0,8.0,0.0,0.0,0.0,0.09783845278725825,8.0,8.0,0.0,0.0,0.0,0.09783845278725825,8.0,8.0,0.0,0.0,0.0,0.09783845278725825,8.0,8.0,0.0,0.0,0.0,0.09783845278725825,8.0,8.0,0.0,0.0,0.0,0.9078498293515358,9.0,9.0,0.0,0.0,0.0,0.1308980213089802,8.0,8.0,0.0,0.0,0.0,0.9101251422070534,9.0,9.0,0.0,0.0,0.0,0.1308980213089802,8.0,8.0,0.0,0.0,0.0,0.8873720136518771,36.0,36.0
Compress,18,0.0,0.0,0.0,0.009996429846483398,8.0,8.0,0.0,0.0,0.0,0.007140307033202428,7.0,7.0,0.0,0.0,0.0,0.009996429846483398,8.0,8.0,0.0,0.0,0.0,0.007140307033202428,7.0,7.0,0.0,0.0,0.0,0.009996429846483398,8.0,8.0,0.0,0.0,0.0,0.009996429846483398,8.0,8.0,0.0,0.0,0.0,0.009996429846483398,8.0,8.0,0.0,0.0,0.0,0.009996429846483398,8.0,8.0,0.0,0.0,0.0,0.009996429846483398,8.0,8.0,0.0,0.0,0.0,0.009996429846483398,8.0,8.0,0.0,0.0,0.0,0.9082470546233488,9.0,9.0,0.0,0.0,0.0,0.009391771019677997,8.0,8.0,0.0,0.0,0.0,0.914673330953231,9.0,9.0,0.0,0.0,0.0,0.009391771019677997,8.0,8.0,0.0,0.0,0.0,0.40521242413423775,15.0,15.0
Compress,19,0.0,1.0,1.0,0.008021390374331552,3.0,3.0,0.0,1.0,1.0,0.0042780748663101605,2.0,2.0,0.0,1.0,1.0,0.008021390374331552,3.0,3.0,0.0,1.0,1.0,0.0042780748663101605,2.0,2.0,0.0,1.0,1.0,0.008021390374331552,3.0,3.0,0.0,1.0,1.0,0.008021390374331552,3.0,3.0,0.0,1.0,1.0,0.004812834224598931,3.0,3.0,0.0,1.0,1.0,0.008021390374331552,3.0,3.0,0.0,1.0,1.0,0.008021390374331552,3.0,3.0,0.0,1.0,1.0,0.008021390374331552,3.0,3.0,0.0,0.0,1.0,0.7475935828877005,4.0,4.0,0.0,1.0,1.0,0.009074410163339383,3.0,3.0,0.0,0.0,1.0,0.7475935828877005,4.0,4.0,0.0,1.0,1.0,0.009074410163339383,3.0,3.0,0.0,1.0,1.0,0.008021390374331552,3.0,3.0
Compress,20,0.0,0.0,1.0,0.013446023818670765,5.0,13.0,0.0,0.0,1.0,0.013446023818670765,5.0,13.0,0.0,0.0,1.0,0.013446023818670765,5.0,13.0,0.0,0.0,1.0,0.013446023818670765,5.0,13.0,0.0,0.0,1.0,0.013446023818670765,5.0,13.0,0.0,0.0,1.0,0.013446023818670765,5.0,13.0,0.0,0.0,1.0,0.013446023818670765,5.0,13.333333333333334,0.0,0.0,1.0,0.013446023818670765,5.0,13.0,0.0,0.0,1.0,0.013446023818670765,5.0,13.0,0.0,0.0,1.0,0.013446023818670765,5.0,13.0,1.0,1.0,1.0,0.6442566269688821,1.0,2.6666666666666665,0.0,0.0,1.0,0.01643192488262911,5.0,11.0,0.0,1.0,1.0,0.644640799077987,2.0,3.3333333333333335,0.0,0.0,1.0,0.01643192488262911,5.0,11.0,0.0,1.0,1.0,0.14175950825970035,2.0,8.333333333333334
Compress,21,0.0,0.0,1.0,0.007368421052631579,4.0,4.0,0.0,1.0,1.0,0.006947368421052632,3.0,3.0,0.0,1.0,1.0,0.006947368421052632,3.0,3.0,0.0,1.0,1.0,0.006736842105263158,3.0,3.0,0.0,1.0,1.0,0.006947368421052632,3.0,3.0,0.0,1.0,1.0,0.006947368421052632,3.0,3.0,0.0,1.0,1.0,0.006947368421052632,3.0,3.0,0.0,1.0,1.0,0.007157894736842105,3.0,3.0,0.0,1.0,1.0,0.006947368421052632,3.0,3.0,0.0,1.0,1.0,0.006736842105263158,3.0,3.0,0.0,0.0,0.0,0.9168421052631579,27.0,27.0,0.0,1.0,1.0,0.008094186902133923,3.0,3.0,0.0,1.0,1.0,0.006736842105263158,3.0,3.0,0.0,0.0,0.0,0.011037527593818985,7.0,7.0,0.0,1.0,1.0,0.006736842105263158,3.0,3.0
Compress,22,0.0,0.0,0.0,0.4663278271918678,7.0,11.470588235294118,0.0,0.0,0.0,0.4663278271918678,7.0,11.470588235294118,0.0,0.0,0.0,0.4663278271918678,7.0,11.470588235294118,0.0,0.0,0.0,0.4663278271918678,7.0,11.470588235294118,0.0,0.0,0.0,0.4663278271918678,7.0,11.470588235294118,0.0,0.0,0.0,0.4663278271918678,7.0,11.470588235294118,0.0,0.0,0.0,0.4663278271918678,7.0,12.0,0.0,0.0,0.0,0.4663278271918678,7.0,11.470588235294118,0.0,0.0,0.0,0.4663278271918678,7.0,11.470588235294118,0.0,0.0,0.0,0.4663278271918678,7.0,11.470588235294118,1.0,1.0,1.0,0.28081321473951715,1.0,4.235294117647059,0.0,0.0,0.0,0.5536253776435045,7.0,9.7,0.0,1.0,1.0,0.2833545108005083,2.0,4.823529411764706,0.0,0.0,0.0,0.5536253776435045,7.0,9.7,0.0,1.0,1.0,0.1556543837357052,3.0,8.470588235294118
Compress,23,0.0,0.0,0.0,,,,0.0,0.0,0.0,,,,0.0,0.0,0.0,,,,0.0,0.0,0.0,,,,0.0,0.0,0.0,,,,0.0,0.0,0.0,,,,0.0,0.0,0.0,,,,0.0,0.0,0.0,,,,0.0,0.0,0.0,,,,0.0,0.0,0.0,,,,0.0,0.0,0.0,,,,0.0,0.0,0.0,,,,0.0,0.0,0.0,,,,0.0,0.0,0.0,,,,0.0,0.0,0.0,,,
Compress,24,1.0,1.0,1.0,0.0,1.0,9.2,1.0,1.0,1.0,0.0,1.0,9.2,1.0,1.0,1.0,0.0,1.0,9.2,1.0,1.0,1.0,0.0,1.0,9.2,1.0,1.0,1.0,0.0,1.0,9.2,1.0,1.0,1.0,0.0,1.0,8.6,0.0,0.0,1.0,0.1328125,4.0,20.6,1.0,1.0,1.0,0.0,1.0,9.2,1.0,1.0,1.0,0.0,1.0,9.2,1.0,1.0,1.0,0.0,1.0,8.6,1.0,1.0,1.0,0.00390625,1.0,2.0,0.0,1.0,1.0,0.027522935779816515,2.0,10.0,1.0,1.0,1.0,0.0,1.0,3.2,1.0,1.0,1.0,0.0,1.0,9.8,0.0,1.0,1.0,0.0234375,2.0,19.6
Compress,25,0.0,0.0,0.0,0.16233391103408434,39.0,39.0,0.0,0.0,0.0,0.2536106296938186,61.0,61.0,0.0,0.0,0.0,0.18139803581744657,37.0,37.0,0.0,0.0,0.0,0.1415366839976892,31.0,31.0,0.0,0.0,0.0,0.2536106296938186,58.0,58.0,0.0,0.0,0.0,0.19584055459272098,49.0,49.0,0.0,0.0,0.0,0.28365106874638935,70.0,70.0,0.0,0.0,0.0,0.17735413056036972,37.0,37.0,0.0,0.0,0.0,0.2536106296938186,58.0,58.0,0.0,0.0,0.0,0.2640092432120162,66.0,66.0,0.0,0.0,0.0,0.7700751010976314,22.0,22.0,0.0,0.0,0.0,0.3324306025727827,70.0,70.0,0.0,0.0,0.0,0.7816291161178509,24.0,24.0,0.0,0.0,0.0,0.3324306025727827,70.0,70.0,0.0,0.0,0.0,0.7504332755632582,66.0,66.0
Compress,26,0.0,1.0,1.0,0.08333333333333333,3.0,3.0,0.0,1.0,1.0,0.08333333333333333,3.0,3.0,0.0,1.0,1.0,0.08333333333333333,3.0,3.0,0.0,1.0,1.0,0.08333333333333333,3.0,3.0,0.0,1.0,1.0,0.08333333333333333,3.0,3.0,0.0,1.0,1.0,0.08333333333333333,3.0,3.0,0.0,1.0,1.0,0.1111111111111111,3.0,3.0,0.0,1.0,1.0,0.08333333333333333,3.0,3.0,0.0,1.0,1.0,0.08333333333333333,3.0,3.0,0.0,1.0,1.0,0.08333333333333333,3.0,3.0,0.0,0.0,1.0,0.9722222222222222,5.0,5.0,0.0,1.0,1.0,0.09375,3.0,3.0,0.0,0.0,1.0,0.9722222222222222,5.0,5.0,0.0,1.0,1.0,0.09375,3.0,3.0,0.0,0.0,0.0,0.4166666666666667,7.0,7.0
Compress,27,1.0,1.0,1.0,0.0,1.0,3.0,1.0,1.0,1.0,0.0,1.0,3.0,1.0,1.0,1.0,0.0,1.0,3.0,1.0,1.0,1.0,0.0,1.0,3.0,1.0,1.0,1.0,0.0,1.0,3.0,1.0,1.0,1.0,0.0,1.0,3.0,0.0,0.0,1.0,0.13385826771653545,4.0,6.0,1.0,1.0,1.0,0.0,1.0,3.0,1.0,1.0,1.0,0.0,1.0,3.0,1.0,1.0,1.0,0.0,1.0,3.0,0.0,1.0,1.0,0.7322834645669292,2.0,4.5,0.0,1.0,1.0,0.027777777777777776,2.0,5.0,1.0,1.0,1.0,0.0,1.0,4.5,1.0,1.0,1.0,0.0,1.0,4.5,0.0,1.0,1.0,0.023622047244094488,2.0,12.0
Compress,28,1.0,1.0,1.0,0.0,1.0,3.0,1.0,1.0,1.0,0.0,1.0,3.0,1.0,1.0,1.0,0.0,1.0,3.0,1.0,1.0,1.0,0.0,1.0,3.0,1.0,1.0,1.0,0.0,1.0,3.0,1.0,1.0,1.0,0.0,1.0,3.0,0.0,0.0,1.0,0.04260355029585799,5.0,7.0,1.0,1.0,1.0,0.0,1.0,3.0,1.0,1.0,1.0,0.0,1.0,3.0,0.0,1.0,1.0,0.002366863905325444,2.0,4.0,0.0,1.0,1.0,0.6911242603550296,2.0,4.0,1.0,1.0,1.0,0.0,1.0,5.666666666666667,1.0,1.0,1.0,0.0,1.0,3.6666666666666665,1.0,1.0,1.0,0.0,1.0,5.0,1.0,1.0,1.0,0.001183431952662722,1.0,13.666666666666666
Compress,29,0.0,1.0,1.0,0.004588158182215425,2.0,23.333333333333332,0.0,0.0,0.0,0.06838540528730609,8.0,27.444444444444443,0.0,0.0,1.0,0.005243609351103343,5.0,22.22222222222222,0.0,0.0,0.0,0.06925934017915665,6.0,25.0,0.0,0.0,0.0,0.0244701769718156,7.0,27.0,0.0,0.0,0.0,0.0244701769718156,7.0,25.333333333333332,0.0,0.0,0.0,0.07909110771247542,16.0,36.55555555555556,0.0,1.0,1.0,0.004588158182215425,2.0,20.77777777777778,0.0,0.0,0.0,0.0244701769718156,7.0,27.0,0.0,0.0,0.0,0.07057024251693249,6.0,31.77777777777778,0.0,1.0,1.0,0.8474983613720778,3.0,35.333333333333336,0.0,0.0,0.0,0.030676526978909886,7.0,29.666666666666668,0.0,1.0,1.0,0.004369674459252786,3.0,35.44444444444444,0.0,1.0,1.0,0.005751848808545604,3.0,29.555555555555557,0.0,0.0,1.0,0.005243609351103343,5.0,46.44444444444444
Compress,30,0.0,0.0,0.0,,,,0.0,0.0,0.0,,,,0.0,0.0,0.0,,,,0.0,0.0,0.0,,,,0.0,0.0,0.0,,,,0.0,0.0,0.0,,,,0.0,0.0,0.0,,,,0.0,0.0,0.0,,,,0.0,0.0,0.0,,,,0.0,0.0,0.0,,,,0.0,0.0,0.0,,,,0.0,0.0,0.0,,,,0.0,0.0,0.0,,,,0.0,0.0,0.0,,,,0.0,0.0,0.0,,,
Compress,31,1.0,1.0,1.0,0.0,1.0,3.5,1.0,1.0,1.0,0.0,1.0,3.0,1.0,1.0,1.0,0.0,1.0,4.0,1.0,1.0,1.0,0.0,1.0,5.5,1.0,1.0,1.0,0.0,1.0,3.0,1.0,1.0,1.0,0.0,1.0,3.0,0.0,0.0,1.0,0.01096067053513862,4.0,4.5,1.0,1.0,1.0,0.0,1.0,3.5,1.0,1.0,1.0,0.0,1.0,3.0,1.0,1.0,1.0,0.0,1.0,1.5,0.0,0.0,1.0,0.9219858156028369,5.0,19.5,1.0,1.0,1.0,0.0,1.0,4.0,1.0,1.0,1.0,0.0,1.0,17.5,0.0,1.0,1.0,0.002331908278274388,2.0,4.5,1.0,1.0,1.0,0.0,1.0,30.0
Compress,32,1.0,1.0,1.0,0.0,1.0,35.0,1.0,1.0,1.0,0.0,1.0,35.0,1.0,1.0,1.0,0.0,1.0,35.0,1.0,1.0,1.0,0.0,1.0,35.0,1.0,1.0,1.0,0.0,1.0,35.0,1.0,1.0,1.0,0.0,1.0,35.0,0.0,0.0,0.0,0.034482758620689655,6.0,37.5,1.0,1.0,1.0,0.0,1.0,35.0,1.0,1.0,1.0,0.0,1.0,35.0,0.0,1.0,1.0,0.0017683465959328027,2.0,35.5,1.0,1.0,1.0,0.17064544650751548,1.0,1.5,1.0,1.0,1.0,0.0,1.0,1.0,1.0,1.0,1.0,0.0,1.0,1.5,1.0,1.0,1.0,0.0,1.0,1.0,1.0,1.0,1.0,0.0,1.0,2.0
Compress,33,0.0,0.0,0.0,,,,0.0,0.0,0.0,,,,0.0,0.0,0.0,,,,0.0,0.0,0.0,,,,0.0,0.0,0.0,,,,0.0,0.0,0.0,,,,0.0,0.0,0.0,,,,0.0,0.0,0.0,,,,0.0,0.0,0.0,,,,0.0,0.0,0.0,,,,0.0,0.0,0.0,,,,0.0,0.0,0.0,,,,0.0,0.0,0.0,,,,0.0,0.0,0.0,,,,0.0,0.0,0.0,,,
Compress,34,1.0,1.0,1.0,0.0,1.0,5.0,0.0,0.0,0.0,0.17575757575757575,8.0,11.0,1.0,1.0,1.0,0.0,1.0,5.0,0.0,0.0,0.0,0.17575757575757575,8.0,11.0,1.0,1.0,1.0,0.0,1.0,5.0,1.0,1.0,1.0,0.0,1.0,5.0,1.0,1.0,1.0,0.0,1.0,5.0,1.0,1.0,1.0,0.0,1.0,5.0,1.0,1.0,1.0,0.0,1.0,5.0,1.0,1.0,1.0,0.0,1.0,5.0,0.0,1.0,1.0,0.7272727272727273,2.0,8.5,1.0,1.0,1.0,0.0,1.0,7.5,1.0,1.0,1.0,0.0,1.0,8.0,1.0,1.0,1.0,0.0,1.0,7.5,1.0,1.0,1.0,0.0,1.0,21.0
Compress,35,0.0,0.0,0.0,0.015178571428571428,21.0,22.2,0.0,0.0,0.0,0.015178571428571428,21.0,22.2,0.0,0.0,0.0,0.015178571428571428,21.0,22.2,0.0,0.0,0.0,0.015178571428571428,21.0,22.2,0.0,0.0,0.0,0.015178571428571428,21.0,22.2,0.0,0.0,0.0,0.015178571428571428,21.0,22.2,0.0,0.0,0.0,0.014955357142857144,21.0,22.2,0.0,0.0,0.0,0.015178571428571428,21.0,22.2,0.0,0.0,0.0,0.015178571428571428,21.0,22.2,0.0,0.0,0.0,0.015178571428571428,21.0,22.2,0.0,0.0,0.0,0.94375,22.0,23.2,0.0,0.0,0.0,0.01822079314040729,21.0,22.2,0.0,0.0,0.0,0.94375,22.0,23.2,0.0,0.0,0.0,0.01822079314040729,21.0,22.2,0.0,0.0,0.0,0.8680803571428571,71.0,73.4
Compress,36,0.0,0.0,0.0,0.10403120936280884,57.0,57.0,0.0,0.0,0.0,0.10771564802774165,60.0,60.0,0.0,0.0,0.0,0.10619852622453403,59.0,59.0,0.0,0.0,0.0,0.1035977459904638,56.0,56.0,0.0,0.0,0.0,0.10619852622453403,57.0,57.0,0.0,0.0,0.0,0.10619852622453403,59.0,59.0,0.0,0.0,0.0,0.10771564802774165,60.0,60.0,0.0,0.0,0.0,0.10619852622453403,55.0,55.0,0.0,0.0,0.0,0.10619852622453403,57.0,57.0,0.0,0.0,0.0,0.10619852622453403,59.0,59.0,0.0,0.0,0.0,0.8220632856523624,17.0,17.0,0.0,0.0,0.0,0.12462387161484453,60.0,60.0,0.0,0.0,0.0,0.8305158214130905,25.0,25.0,0.0,0.0,0.0,0.12462387161484453,60.0,60.0,0.0,0.0,0.0,0.7843519722583442,85.0,85.0
Compress,37,0.0,0.0,0.0,0.026845637583892617,6.0,6.0,0.0,0.0,0.0,0.0592841163310962,12.0,12.0,0.0,0.0,0.0,0.0592841163310962,12.0,12.0,0.0,0.0,0.0,0.02796420581655481,6.0,6.0,0.0,0.0,0.0,0.0592841163310962,12.0,12.0,0.0,0.0,0.0,0.0592841163310962,12.0,12.0,0.0,0.0,0.0,0.0592841163310962,12.0,12.0,0.0,0.0,0.0,0.0592841163310962,12.0,12.0,0.0,0.0,0.0,0.0592841163310962,12.0,12.0,0.0,0.0,0.0,0.0592841163310962,12.0,12.0,0.0,0.0,0.0,0.7427293064876958,6.0,6.0,0.0,0.0,0.0,0.07496463932107496,12.0,12.0,0.0,0.0,0.0,0.7427293064876958,6.0,6.0,0.0,0.0,0.0,0.07496463932107496,12.0,12.0,0.0,0.0,0.0,0.5827740492170023,28.0,28.0
Compress,38,0.0,0.0,0.0,0.11495535714285714,26.0,26.0,0.0,0.0,0.0,0.1484375,29.0,29.0,0.0,0.0,0.0,0.1484375,29.0,29.0,0.0,0.0,0.0,0.1171875,23.0,23.0,0.0,0.0,0.0,0.1484375,29.0,29.0,0.0,0.0,0.0,0.1484375,29.0,29.0,0.0,0.0,0.0,0.1484375,29.0,29.0,0.0,0.0,0.0,0.1484375,29.0,29.0,0.0,0.0,0.0,0.1484375,29.0,29.0,0.0,0.0,0.0,0.1484375,29.0,29.0,0.0,0.0,0.0,0.8270089285714286,23.0,23.0,0.0,0.0,0.0,0.18679775280898878,29.0,29.0,0.0,0.0,0.0,0.8270089285714286,23.0,23.0,0.0,0.0,0.0,0.18679775280898878,29.0,29.0,0.0,0.0,0.0,0.8314732142857143,66.0,66.0
Compress,39,0.0,0.0,1.0,0.0031128404669260703,5.0,5.0,0.0,0.0,0.0,0.13268482490272374,42.0,42.0,0.0,0.0,0.0,0.13268482490272374,42.0,42.0,0.0,0.0,0.0,0.1264591439688716,40.0,40.0,0.0,0.0,0.0,0.13268482490272374,42.0,42.0,0.0,0.0,0.0,0.13268482490272374,43.0,43.0,0.0,0.0,0.0,0.13268482490272374,43.0,43.0,0.0,0.0,0.0,0.021011673151750974,11.0,11.0,0.0,0.0,0.0,0.13268482490272374,42.0,42.0,0.0,0.0,0.0,0.13268482490272374,43.0,43.0,0.0,1.0,1.0,0.8642023346303502,2.0,2.0,0.0,0.0,0.0,0.15823665893271463,43.0,43.0,0.0,0.0,0.0,0.8770428015564202,9.0,9.0,0.0,0.0,0.0,0.15591647331786543,41.0,41.0,0.0,0.0,0.0,0.13073929961089495,41.0,41.0
Compress,40,0.0,1.0,1.0,0.18181818181818182,2.0,2.3333333333333335,0.0,1.0,1.0,0.18181818181818182,2.0,2.3333333333333335,0.0,1.0,1.0,0.18181818181818182,2.0,2.3333333333333335,0.0,1.0,1.0,0.21212121212121213,3.0,3.3333333333333335,0.0,1.0,1.0,0.18181818181818182,2.0,2.3333333333333335,0.0,1.0,1.0,0.09090909090909091,2.0,2.6666666666666665,1.0,1.0,1.0,0.0,1.0,1.3333333333333333,0.0,1.0,1.0,0.18181818181818182,2.0,2.3333333333333335,0.0,1.0,1.0,0.18181818181818182,2.0,2.3333333333333335,0.0,1.0,1.0,0.12121212121212122,2.0,2.3333333333333335,0.0,0.0,1.0,0.7878787878787878,5.0,5.666666666666667,0.0,1.0,1.0,0.3333333333333333,2.0,2.6666666666666665,0.0,0.0,1.0,0.7878787878787878,5.0,5.666666666666667,0.0,1.0,1.0,0.3333333333333333,2.0,2.6666666666666665,0.0,1.0,1.0,0.3333333333333333,2.0,2.6666666666666665
Compress,41,0.0,0.0,0.0,0.05044000858553337,44.0,44.0,0.0,0.0,0.0,0.1553981541103241,102.0,102.0,0.0,0.0,0.0,0.15496887744151105,98.0,98.0,0.0,0.0,0.0,0.10474350719038421,74.0,74.0,0.0,0.0,0.0,0.15582743077913716,101.0,101.0,0.0,0.0,0.0,0.15582743077913716,103.0,103.0,0.0,0.0,0.0,0.1553981541103241,102.0,102.0,0.0,0.0,0.0,0.14981755741575445,95.0,95.0,0.0,0.0,0.0,0.15582743077913716,101.0,101.0,0.0,0.0,0.0,0.1553981541103241,101.0,101.0,0.0,0.0,0.0,0.8319381841596909,42.0,42.0,0.0,0.0,0.0,0.18745158791634392,103.0,103.0,0.0,0.0,0.0,0.8396651641983258,50.0,50.0,0.0,0.0,0.0,0.18745158791634392,103.0,103.0,0.0,0.0,0.0,0.8280746941403735,131.0,131.0
Compress,42,0.0,1.0,1.0,0.0013764624913971094,3.0,3.0,0.0,0.0,0.0,0.23743977976600136,98.0,98.0,0.0,0.0,0.0,0.22539573296627666,92.0,92.0,0.0,0.0,0.0,0.16448726772195457,67.0,67.0,0.0,0.0,0.0,0.23503097040605644,93.0,93.0,0.0,0.0,0.0,0.2236751548520303,93.0,93.0,0.0,0.0,0.0,0.23743977976600136,98.0,98.0,0.0,0.0,0.0,0.008602890571231933,9.0,9.0,0.0,0.0,0.0,0.23503097040605644,93.0,93.0,0.0,0.0,0.0,0.23743977976600136,97.0,97.0,0.0,1.0,1.0,0.6741225051617343,2.0,2.0,0.0,0.0,0.0,0.27957429390094146,95.0,95.0,0.0,0.0,0.0,0.01307639366827254,10.0,10.0,0.0,0.0,1.0,0.003274662300450266,4.0,4.0,0.0,0.0,0.0,0.23503097040605644,95.0,95.0
Compress,43,0.0,0.0,0.0,0.11877022653721683,42.0,47.25,0.0,0.0,0.0,0.11877022653721683,42.0,47.25,0.0,0.0,0.0,0.11877022653721683,42.0,47.25,0.0,0.0,0.0,0.11877022653721683,42.0,47.25,0.0,0.0,0.0,0.11877022653721683,42.0,47.25,0.0,0.0,0.0,0.11877022653721683,42.0,47.25,0.0,0.0,0.0,0.11877022653721683,42.0,47.25,0.0,0.0,0.0,0.11877022653721683,42.0,47.25,0.0,0.0,0.0,0.11877022653721683,42.0,47.25,0.0,0.0,0.0,0.11877022653721683,42.0,47.25,0.0,0.0,0.0,0.8029126213592233,43.0,48.25,0.0,0.0,0.0,0.13987077156974534,42.0,47.25,0.0,0.0,0.0,0.8029126213592233,43.0,48.25,0.0,0.0,0.0,0.13987077156974534,42.0,47.25,0.0,0.0,0.0,0.7857605177993527,110.0,116.75
Compress,44,0.0,0.0,0.0,,,,0.0,0.0,0.0,,,,0.0,0.0,0.0,,,,0.0,0.0,0.0,,,,0.0,0.0,0.0,,,,0.0,0.0,0.0,,,,0.0,0.0,0.0,,,,0.0,0.0,0.0,,,,0.0,0.0,0.0,,,,0.0,0.0,0.0,,,,0.0,0.0,0.0,,,,0.0,0.0,0.0,,,,0.0,0.0,0.0,,,,0.0,0.0,0.0,,,,0.0,0.0,0.0,,,
Compress,45,0.0,1.0,1.0,0.06854838709677419,2.0,2.0,1.0,1.0,1.0,0.0,1.0,1.0,0.0,1.0,1.0,0.06854838709677419,2.0,2.0,1.0,1.0,1.0,0.0,1.0,1.0,0.0,1.0,1.0,0.06854838709677419,2.0,2.0,0.0,1.0,1.0,0.06854838709677419,2.0,2.0,0.0,1.0,1.0,0.08870967741935484,2.0,2.0,0.0,1.0,1.0,0.06854838709677419,2.0,2.0,0.0,1.0,1.0,0.06854838709677419,2.0,2.0,0.0,1.0,1.0,0.06854838709677419,2.0,2.0,0.0,0.0,1.0,0.6774193548387096,4.0,4.0,0.0,1.0,1.0,0.11848341232227488,3.0,3.0,0.0,0.0,1.0,0.6774193548387096,4.0,4.0,0.0,1.0,1.0,0.11848341232227488,3.0,3.0,0.0,0.0,1.0,0.22983870967741934,4.0,4.0
