Project,Bug,barinel_Top-1,barinel_Top-3,barinel_Top-5,barinel_EXAM,barinel_MFR,barinel_MAR,dstar_Top-1,dstar_Top-3,dstar_Top-5,dstar_EXAM,dstar_MFR,dstar_MAR,jaccard_Top-1,jaccard_Top-3,jaccard_Top-5,jaccard_EXAM,jaccard_MFR,jaccard_MAR,meco_Top-1,meco_Top-3,meco_Top-5,meco_EXAM,meco_MFR,meco_MAR,ochiai_Top-1,ochiai_Top-3,ochiai_Top-5,ochiai_EXAM,ochiai_MFR,ochiai_MAR,ochiai2_Top-1,ochiai2_Top-3,ochiai2_Top-5,ochiai2_EXAM,ochiai2_MFR,ochiai2_MAR,opt_Top-1,opt_Top-3,opt_Top-5,opt_EXAM,opt_MFR,opt_MAR,tarantula_Top-1,tarantula_Top-3,tarantula_Top-5,tarantula_EXAM,tarantula_MFR,tarantula_MAR,sgf_1_Top-1,sgf_1_Top-3,sgf_1_Top-5,sgf_1_EXAM,sgf_1_MFR,sgf_1_MAR,sgf_2_Top-1,sgf_2_Top-3,sgf_2_Top-5,sgf_2_EXAM,sgf_2_MFR,sgf_2_MAR,fo1_Top-1,fo1_Top-3,fo1_Top-5,fo1_EXAM,fo1_MFR,fo1_MAR,fo2_Top-1,fo2_Top-3,fo2_Top-5,fo2_EXAM,fo2_MFR,fo2_MAR,fo7_Top-1,fo7_Top-3,fo7_Top-5,fo7_EXAM,fo7_MFR,fo7_MAR,fo8_Top-1,fo8_Top-3,fo8_Top-5,fo8_EXAM,fo8_MFR,fo8_MAR,fo17_Top-1,fo17_Top-3,fo17_Top-5,fo17_EXAM,fo17_MFR,fo17_MAR
Lang,1,1.0,1.0,1.0,0.0,1.0,1.0,1.0,1.0,1.0,0.0,1.0,1.0,1.0,1.0,1.0,0.0,1.0,1.0,1.0,1.0,1.0,0.0,1.0,1.0,1.0,1.0,1.0,0.0,1.0,1.0,1.0,1.0,1.0,0.0,1.0,1.0,1.0,1.0,1.0,0.0,1.0,1.0,1.0,1.0,1.0,0.0,1.0,1.0,1.0,1.0,1.0,0.0,1.0,1.0,1.0,1.0,1.0,0.0,1.0,1.0,1.0,1.0,1.0,0.0,1.0,1.0,1.0,1.0,1.0,0.0,1.0,1.0,1.0,1.0,1.0,0.0,1.0,1.0,1.0,1.0,1.0,0.0,1.0,1.0,0.0,1.0,1.0,0.5,2.0,2.0
Lang,3,1.0,1.0,1.0,0.0,1.0,1.0,1.0,1.0,1.0,0.0,1.0,1.0,1.0,1.0,1.0,0.0,1.0,1.0,1.0,1.0,1.0,0.0,1.0,1.0,1.0,1.0,1.0,0.0,1.0,1.0,1.0,1.0,1.0,0.0,1.0,1.0,1.0,1.0,1.0,0.0,1.0,1.0,1.0,1.0,1.0,0.0,1.0,1.0,1.0,1.0,1.0,0.0,1.0,1.0,1.0,1.0,1.0,0.0,1.0,1.0,1.0,1.0,1.0,0.0,1.0,1.0,1.0,1.0,1.0,0.0,1.0,1.0,1.0,1.0,1.0,0.0,1.0,1.0,1.0,1.0,1.0,0.0,1.0,1.0,0.0,1.0,1.0,0.5,2.0,2.0
Lang,4,1.0,1.0,1.0,0.0,1.0,1.0,1.0,1.0,1.0,0.0,1.0,1.0,1.0,1.0,1.0,0.0,1.0,1.0,1.0,1.0,1.0,0.0,1.0,1.0,1.0,1.0,1.0,0.0,1.0,1.0,1.0,1.0,1.0,0.0,1.0,1.0,1.0,1.0,1.0,0.0,1.0,1.0,1.0,1.0,1.0,0.0,1.0,1.0,1.0,1.0,1.0,0.0,1.0,1.0,1.0,1.0,1.0,0.0,1.0,1.0,0.0,1.0,1.0,0.6666666666666666,2.0,2.0,0.0,1.0,1.0,0.3333333333333333,2.0,2.0,0.0,1.0,1.0,0.6666666666666666,3.0,3.0,0.0,1.0,1.0,0.3333333333333333,2.0,2.0,0.0,1.0,1.0,0.3333333333333333,2.0,2.0
Lang,5,1.0,1.0,1.0,0.0,1.0,1.0,1.0,1.0,1.0,0.0,1.0,1.0,1.0,1.0,1.0,0.0,1.0,1.0,1.0,1.0,1.0,0.0,1.0,1.0,1.0,1.0,1.0,0.0,1.0,1.0,1.0,1.0,1.0,0.0,1.0,1.0,1.0,1.0,1.0,0.0,1.0,1.0,1.0,1.0,1.0,0.0,1.0,1.0,1.0,1.0,1.0,0.0,1.0,1.0,1.0,1.0,1.0,0.0,1.0,1.0,1.0,1.0,1.0,0.0,1.0,1.0,1.0,1.0,1.0,0.0,1.0,1.0,1.0,1.0,1.0,0.0,1.0,1.0,1.0,1.0,1.0,0.0,1.0,1.0,1.0,1.0,1.0,0.0,1.0,1.0
Lang,6,0.0,0.0,1.0,0.2,4.0,4.0,0.0,0.0,1.0,0.2,4.0,4.0,0.0,0.0,1.0,0.2,4.0,4.0,0.0,0.0,1.0,0.2,4.0,4.0,0.0,0.0,1.0,0.2,4.0,4.0,0.0,0.0,1.0,0.2,4.0,4.0,0.0,0.0,1.0,0.2,4.0,4.0,0.0,0.0,1.0,0.2,4.0,4.0,0.0,0.0,1.0,0.2,4.0,4.0,0.0,0.0,1.0,0.2,4.0,4.0,1.0,1.0,1.0,0.0,1.0,1.0,0.0,0.0,1.0,0.2,4.0,4.0,0.0,1.0,1.0,0.06666666666666667,2.0,2.0,0.0,0.0,1.0,0.2,4.0,4.0,0.0,0.0,0.0,0.6666666666666666,7.0,7.0
Lang,7,1.0,1.0,1.0,0.0,1.0,1.0,1.0,1.0,1.0,0.0,1.0,1.0,1.0,1.0,1.0,0.0,1.0,1.0,1.0,1.0,1.0,0.0,1.0,1.0,1.0,1.0,1.0,0.0,1.0,1.0,1.0,1.0,1.0,0.0,1.0,1.0,1.0,1.0,1.0,0.0,1.0,1.0,1.0,1.0,1.0,0.0,1.0,1.0,1.0,1.0,1.0,0.0,1.0,1.0,1.0,1.0,1.0,0.0,1.0,1.0,1.0,1.0,1.0,0.0,1.0,1.0,1.0,1.0,1.0,0.0,1.0,1.0,1.0,1.0,1.0,0.0,1.0,1.0,1.0,1.0,1.0,0.0,1.0,1.0,1.0,1.0,1.0,0.0,1.0,1.0
Lang,8,0.0,1.0,1.0,0.08695652173913043,2.0,2.0,1.0,1.0,1.0,0.0,1.0,1.0,0.0,1.0,1.0,0.08695652173913043,2.0,2.0,1.0,1.0,1.0,0.0,1.0,1.0,0.0,1.0,1.0,0.08695652173913043,2.0,2.0,0.0,1.0,1.0,0.08695652173913043,2.0,2.0,0.0,1.0,1.0,0.08695652173913043,2.0,2.0,0.0,1.0,1.0,0.08695652173913043,2.0,2.0,0.0,1.0,1.0,0.08695652173913043,2.0,2.0,0.0,1.0,1.0,0.08695652173913043,2.0,2.0,0.0,1.0,1.0,0.782608695652174,2.0,2.0,0.0,1.0,1.0,0.08695652173913043,2.0,2.0,0.0,1.0,1.0,0.08695652173913043,2.0,2.0,0.0,1.0,1.0,0.08695652173913043,2.0,2.0,0.0,1.0,1.0,0.08695652173913043,2.0,2.0
Lang,9,1.0,1.0,1.0,0.0,1.0,1.0,1.0,1.0,1.0,0.0,1.0,1.0,1.0,1.0,1.0,0.0,1.0,1.0,1.0,1.0,1.0,0.0,1.0,1.0,1.0,1.0,1.0,0.0,1.0,1.0,1.0,1.0,1.0,0.0,1.0,1.0,0.0,1.0,1.0,0.041666666666666664,2.0,2.0,1.0,1.0,1.0,0.0,1.0,1.0,1.0,1.0,1.0,0.0,1.0,1.0,0.0,1.0,1.0,0.041666666666666664,2.0,2.0,1.0,1.0,1.0,0.0,1.0,1.0,1.0,1.0,1.0,0.0,1.0,1.0,1.0,1.0,1.0,0.0,1.0,1.0,1.0,1.0,1.0,0.0,1.0,1.0,1.0,1.0,1.0,0.0,1.0,1.0
Lang,10,1.0,1.0,1.0,0.0,1.0,1.0,1.0,1.0,1.0,0.0,1.0,1.0,1.0,1.0,1.0,0.0,1.0,1.0,1.0,1.0,1.0,0.0,1.0,1.0,1.0,1.0,1.0,0.0,1.0,1.0,1.0,1.0,1.0,0.0,1.0,1.0,0.0,1.0,1.0,0.041666666666666664,2.0,2.0,1.0,1.0,1.0,0.0,1.0,1.0,1.0,1.0,1.0,0.0,1.0,1.0,0.0,1.0,1.0,0.041666666666666664,2.0,2.0,1.0,1.0,1.0,0.0,1.0,1.0,1.0,1.0,1.0,0.0,1.0,1.0,1.0,1.0,1.0,0.0,1.0,1.0,1.0,1.0,1.0,0.0,1.0,1.0,1.0,1.0,1.0,0.0,1.0,1.0
Lang,11,1.0,1.0,1.0,0.0,1.0,1.0,1.0,1.0,1.0,0.0,1.0,1.0,1.0,1.0,1.0,0.0,1.0,1.0,1.0,1.0,1.0,0.0,1.0,1.0,1.0,1.0,1.0,0.0,1.0,1.0,1.0,1.0,1.0,0.0,1.0,1.0,1.0,1.0,1.0,0.0,1.0,1.0,1.0,1.0,1.0,0.0,1.0,1.0,1.0,1.0,1.0,0.0,1.0,1.0,1.0,1.0,1.0,0.0,1.0,1.0,1.0,1.0,1.0,0.0,1.0,1.0,1.0,1.0,1.0,0.0,1.0,1.0,1.0,1.0,1.0,0.0,1.0,1.0,1.0,1.0,1.0,0.0,1.0,1.0,1.0,1.0,1.0,0.0,1.0,1.0
Lang,12,1.0,1.0,1.0,0.0,1.0,1.0,1.0,1.0,1.0,0.0,1.0,1.0,1.0,1.0,1.0,0.0,1.0,1.0,1.0,1.0,1.0,0.0,1.0,1.0,1.0,1.0,1.0,0.0,1.0,1.0,1.0,1.0,1.0,0.0,1.0,1.0,1.0,1.0,1.0,0.0,1.0,1.0,1.0,1.0,1.0,0.0,1.0,1.0,1.0,1.0,1.0,0.0,1.0,1.0,1.0,1.0,1.0,0.0,1.0,1.0,1.0,1.0,1.0,0.0,1.0,1.0,1.0,1.0,1.0,0.0,1.0,1.0,1.0,1.0,1.0,0.0,1.0,1.0,1.0,1.0,1.0,0.0,1.0,1.0,1.0,1.0,1.0,0.0,1.0,1.0
Lang,13,0.0,1.0,1.0,0.3333333333333333,2.0,2.0,0.0,1.0,1.0,0.3333333333333333,2.0,2.0,0.0,1.0,1.0,0.3333333333333333,2.0,2.0,0.0,1.0,1.0,0.3333333333333333,2.0,2.0,0.0,1.0,1.0,0.3333333333333333,2.0,2.0,0.0,1.0,1.0,0.3333333333333333,2.0,2.0,0.0,1.0,1.0,0.3333333333333333,2.0,2.0,0.0,1.0,1.0,0.3333333333333333,2.0,2.0,0.0,1.0,1.0,0.3333333333333333,2.0,2.0,0.0,1.0,1.0,0.3333333333333333,2.0,2.0,0.0,1.0,1.0,0.6666666666666666,2.0,2.0,0.0,1.0,1.0,0.3333333333333333,2.0,2.0,0.0,1.0,1.0,0.6666666666666666,3.0,3.0,0.0,1.0,1.0,0.3333333333333333,2.0,2.0,0.0,1.0,1.0,0.6666666666666666,3.0,3.0
Lang,14,1.0,1.0,1.0,0.0,1.0,1.0,1.0,1.0,1.0,0.0,1.0,1.0,1.0,1.0,1.0,0.0,1.0,1.0,1.0,1.0,1.0,0.0,1.0,1.0,1.0,1.0,1.0,0.0,1.0,1.0,1.0,1.0,1.0,0.0,1.0,1.0,1.0,1.0,1.0,0.0,1.0,1.0,1.0,1.0,1.0,0.0,1.0,1.0,1.0,1.0,1.0,0.0,1.0,1.0,1.0,1.0,1.0,0.0,1.0,1.0,1.0,1.0,1.0,0.0,1.0,1.0,1.0,1.0,1.0,0.0,1.0,1.0,1.0,1.0,1.0,0.0,1.0,1.0,1.0,1.0,1.0,0.0,1.0,1.0,1.0,1.0,1.0,0.0,1.0,1.0
Lang,15,1.0,1.0,1.0,0.0,1.0,1.0,1.0,1.0,1.0,0.0,1.0,1.0,1.0,1.0,1.0,0.0,1.0,1.0,1.0,1.0,1.0,0.0,1.0,1.0,1.0,1.0,1.0,0.0,1.0,1.0,1.0,1.0,1.0,0.0,1.0,1.0,1.0,1.0,1.0,0.0,1.0,1.0,1.0,1.0,1.0,0.0,1.0,1.0,1.0,1.0,1.0,0.0,1.0,1.0,1.0,1.0,1.0,0.0,1.0,1.0,1.0,1.0,1.0,0.0,1.0,1.0,1.0,1.0,1.0,0.0,1.0,1.0,1.0,1.0,1.0,0.0,1.0,1.0,1.0,1.0,1.0,0.0,1.0,1.0,1.0,1.0,1.0,0.0,1.0,1.0
Lang,16,1.0,1.0,1.0,0.0,1.0,1.0,1.0,1.0,1.0,0.0,1.0,1.0,1.0,1.0,1.0,0.0,1.0,1.0,1.0,1.0,1.0,0.0,1.0,1.0,1.0,1.0,1.0,0.0,1.0,1.0,1.0,1.0,1.0,0.0,1.0,1.0,1.0,1.0,1.0,0.0,1.0,1.0,1.0,1.0,1.0,0.0,1.0,1.0,1.0,1.0,1.0,0.0,1.0,1.0,1.0,1.0,1.0,0.0,1.0,1.0,1.0,1.0,1.0,0.0,1.0,1.0,1.0,1.0,1.0,0.0,1.0,1.0,1.0,1.0,1.0,0.0,1.0,1.0,1.0,1.0,1.0,0.0,1.0,1.0,1.0,1.0,1.0,0.0,1.0,1.0
Lang,17,0.0,0.0,1.0,0.21428571428571427,4.0,4.0,0.0,0.0,1.0,0.21428571428571427,4.0,4.0,0.0,0.0,1.0,0.21428571428571427,4.0,4.0,0.0,0.0,1.0,0.21428571428571427,4.0,4.0,0.0,0.0,1.0,0.21428571428571427,4.0,4.0,0.0,0.0,1.0,0.21428571428571427,4.0,4.0,0.0,0.0,1.0,0.21428571428571427,4.0,4.0,0.0,0.0,1.0,0.21428571428571427,4.0,4.0,0.0,0.0,1.0,0.21428571428571427,4.0,4.0,0.0,0.0,1.0,0.21428571428571427,4.0,4.0,1.0,1.0,1.0,0.0,1.0,1.0,0.0,0.0,1.0,0.2857142857142857,5.0,5.0,0.0,1.0,1.0,0.07142857142857142,2.0,2.0,0.0,0.0,1.0,0.2857142857142857,5.0,5.0,0.0,0.0,0.0,0.6428571428571429,6.0,6.0
Lang,18,1.0,1.0,1.0,0.0,1.0,1.0,1.0,1.0,1.0,0.0,1.0,1.0,1.0,1.0,1.0,0.0,1.0,1.0,1.0,1.0,1.0,0.0,1.0,1.0,1.0,1.0,1.0,0.0,1.0,1.0,1.0,1.0,1.0,0.0,1.0,1.0,1.0,1.0,1.0,0.0,1.0,1.0,1.0,1.0,1.0,0.0,1.0,1.0,1.0,1.0,1.0,0.0,1.0,1.0,1.0,1.0,1.0,0.0,1.0,1.0,1.0,1.0,1.0,0.0,1.0,1.0,1.0,1.0,1.0,0.0,1.0,1.0,1.0,1.0,1.0,0.0,1.0,1.0,1.0,1.0,1.0,0.0,1.0,1.0,1.0,1.0,1.0,0.0,1.0,1.0
Lang,19,1.0,1.0,1.0,0.0,1.0,1.0,1.0,1.0,1.0,0.0,1.0,1.0,1.0,1.0,1.0,0.0,1.0,1.0,1.0,1.0,1.0,0.0,1.0,1.0,1.0,1.0,1.0,0.0,1.0,1.0,1.0,1.0,1.0,0.0,1.0,1.0,1.0,1.0,1.0,0.0,1.0,1.0,1.0,1.0,1.0,0.0,1.0,1.0,1.0,1.0,1.0,0.0,1.0,1.0,1.0,1.0,1.0,0.0,1.0,1.0,0.0,1.0,1.0,0.6666666666666666,2.0,2.0,0.0,1.0,1.0,0.3333333333333333,2.0,2.0,0.0,1.0,1.0,0.6666666666666666,3.0,3.0,0.0,1.0,1.0,0.3333333333333333,2.0,2.0,0.0,1.0,1.0,0.3333333333333333,2.0,2.0
Lang,20,1.0,1.0,1.0,0.0,1.0,1.0,1.0,1.0,1.0,0.0,1.0,1.0,1.0,1.0,1.0,0.0,1.0,1.0,1.0,1.0,1.0,0.0,1.0,1.0,1.0,1.0,1.0,0.0,1.0,1.0,1.0,1.0,1.0,0.0,1.0,1.0,1.0,1.0,1.0,0.0,1.0,1.0,1.0,1.0,1.0,0.0,1.0,1.0,1.0,1.0,1.0,0.0,1.0,1.0,1.0,1.0,1.0,0.0,1.0,1.0,1.0,1.0,1.0,0.0,1.0,1.0,1.0,1.0,1.0,0.0,1.0,1.0,1.0,1.0,1.0,0.0,1.0,1.0,1.0,1.0,1.0,0.0,1.0,1.0,1.0,1.0,1.0,0.0,1.0,1.0
Lang,21,1.0,1.0,1.0,0.0,1.0,1.0,1.0,1.0,1.0,0.0,1.0,1.0,1.0,1.0,1.0,0.0,1.0,1.0,1.0,1.0,1.0,0.0,1.0,1.0,1.0,1.0,1.0,0.0,1.0,1.0,1.0,1.0,1.0,0.0,1.0,1.0,1.0,1.0,1.0,0.0,1.0,1.0,1.0,1.0,1.0,0.0,1.0,1.0,1.0,1.0,1.0,0.0,1.0,1.0,1.0,1.0,1.0,0.0,1.0,1.0,1.0,1.0,1.0,0.0,1.0,1.0,1.0,1.0,1.0,0.0,1.0,1.0,1.0,1.0,1.0,0.0,1.0,1.0,1.0,1.0,1.0,0.0,1.0,1.0,1.0,1.0,1.0,0.0,1.0,1.0
Lang,22,1.0,1.0,1.0,0.0,1.0,1.0,1.0,1.0,1.0,0.0,1.0,1.0,1.0,1.0,1.0,0.0,1.0,1.0,1.0,1.0,1.0,0.0,1.0,1.0,1.0,1.0,1.0,0.0,1.0,1.0,1.0,1.0,1.0,0.0,1.0,1.0,1.0,1.0,1.0,0.0,1.0,1.0,1.0,1.0,1.0,0.0,1.0,1.0,1.0,1.0,1.0,0.0,1.0,1.0,1.0,1.0,1.0,0.0,1.0,1.0,1.0,1.0,1.0,0.0,1.0,1.0,1.0,1.0,1.0,0.0,1.0,1.0,1.0,1.0,1.0,0.0,1.0,1.0,1.0,1.0,1.0,0.0,1.0,1.0,1.0,1.0,1.0,0.0,1.0,1.0
Lang,23,0.0,0.0,0.0,,,,0.0,0.0,0.0,,,,0.0,0.0,0.0,,,,0.0,0.0,0.0,,,,0.0,0.0,0.0,,,,0.0,0.0,0.0,,,,0.0,0.0,0.0,,,,0.0,0.0,0.0,,,,0.0,0.0,0.0,,,,0.0,0.0,0.0,,,,0.0,0.0,0.0,,,,0.0,0.0,0.0,,,,0.0,0.0,0.0,,,,0.0,0.0,0.0,,,,0.0,0.0,0.0,,,
Lang,24,1.0,1.0,1.0,0.0,1.0,1.0,1.0,1.0,1.0,0.0,1.0,1.0,1.0,1.0,1.0,0.0,1.0,1.0,1.0,1.0,1.0,0.0,1.0,1.0,1.0,1.0,1.0,0.0,1.0,1.0,1.0,1.0,1.0,0.0,1.0,1.0,1.0,1.0,1.0,0.0,1.0,1.0,1.0,1.0,1.0,0.0,1.0,1.0,1.0,1.0,1.0,0.0,1.0,1.0,1.0,1.0,1.0,0.0,1.0,1.0,1.0,1.0,1.0,0.0,1.0,1.0,1.0,1.0,1.0,0.0,1.0,1.0,1.0,1.0,1.0,0.0,1.0,1.0,1.0,1.0,1.0,0.0,1.0,1.0,1.0,1.0,1.0,0.0,1.0,1.0
Lang,25,1.0,1.0,1.0,0.0,1.0,1.0,1.0,1.0,1.0,0.0,1.0,1.0,1.0,1.0,1.0,0.0,1.0,1.0,1.0,1.0,1.0,0.0,1.0,1.0,1.0,1.0,1.0,0.0,1.0,1.0,1.0,1.0,1.0,0.0,1.0,1.0,1.0,1.0,1.0,0.0,1.0,1.0,1.0,1.0,1.0,0.0,1.0,1.0,1.0,1.0,1.0,0.0,1.0,1.0,1.0,1.0,1.0,0.0,1.0,1.0,1.0,1.0,1.0,0.0,1.0,1.0,1.0,1.0,1.0,0.0,1.0,1.0,1.0,1.0,1.0,0.0,1.0,1.0,1.0,1.0,1.0,0.0,1.0,1.0,1.0,1.0,1.0,0.0,1.0,1.0
Lang,26,0.0,1.0,1.0,0.14285714285714285,2.0,2.0,0.0,1.0,1.0,0.14285714285714285,2.0,2.0,0.0,1.0,1.0,0.14285714285714285,2.0,2.0,0.0,1.0,1.0,0.14285714285714285,2.0,2.0,0.0,1.0,1.0,0.14285714285714285,2.0,2.0,0.0,1.0,1.0,0.14285714285714285,2.0,2.0,0.0,1.0,1.0,0.14285714285714285,2.0,2.0,0.0,1.0,1.0,0.14285714285714285,2.0,2.0,0.0,1.0,1.0,0.14285714285714285,2.0,2.0,0.0,1.0,1.0,0.14285714285714285,2.0,2.0,1.0,1.0,1.0,0.0,1.0,1.0,1.0,1.0,1.0,0.0,1.0,1.0,1.0,1.0,1.0,0.0,1.0,1.0,1.0,1.0,1.0,0.0,1.0,1.0,1.0,1.0,1.0,0.0,1.0,1.0
Lang,27,1.0,1.0,1.0,0.0,1.0,1.0,1.0,1.0,1.0,0.0,1.0,1.0,1.0,1.0,1.0,0.0,1.0,1.0,1.0,1.0,1.0,0.0,1.0,1.0,1.0,1.0,1.0,0.0,1.0,1.0,1.0,1.0,1.0,0.0,1.0,1.0,1.0,1.0,1.0,0.0,1.0,1.0,1.0,1.0,1.0,0.0,1.0,1.0,1.0,1.0,1.0,0.0,1.0,1.0,1.0,1.0,1.0,0.0,1.0,1.0,1.0,1.0,1.0,0.0,1.0,1.0,1.0,1.0,1.0,0.0,1.0,1.0,1.0,1.0,1.0,0.0,1.0,1.0,1.0,1.0,1.0,0.0,1.0,1.0,1.0,1.0,1.0,0.0,1.0,1.0
Lang,28,1.0,1.0,1.0,0.0,1.0,1.0,1.0,1.0,1.0,0.0,1.0,1.0,1.0,1.0,1.0,0.0,1.0,1.0,1.0,1.0,1.0,0.0,1.0,1.0,1.0,1.0,1.0,0.0,1.0,1.0,1.0,1.0,1.0,0.0,1.0,1.0,1.0,1.0,1.0,0.0,1.0,1.0,1.0,1.0,1.0,0.0,1.0,1.0,1.0,1.0,1.0,0.0,1.0,1.0,1.0,1.0,1.0,0.0,1.0,1.0,0.0,1.0,1.0,0.6666666666666666,2.0,2.0,0.0,1.0,1.0,0.3333333333333333,2.0,2.0,0.0,1.0,1.0,0.6666666666666666,3.0,3.0,0.0,1.0,1.0,0.3333333333333333,2.0,2.0,0.0,1.0,1.0,0.3333333333333333,2.0,2.0
Lang,29,1.0,1.0,1.0,0.0,1.0,1.0,1.0,1.0,1.0,0.0,1.0,1.0,1.0,1.0,1.0,0.0,1.0,1.0,1.0,1.0,1.0,0.0,1.0,1.0,1.0,1.0,1.0,0.0,1.0,1.0,1.0,1.0,1.0,0.0,1.0,1.0,1.0,1.0,1.0,0.0,1.0,1.0,1.0,1.0,1.0,0.0,1.0,1.0,1.0,1.0,1.0,0.0,1.0,1.0,1.0,1.0,1.0,0.0,1.0,1.0,1.0,1.0,1.0,0.0,1.0,1.0,1.0,1.0,1.0,0.0,1.0,1.0,1.0,1.0,1.0,0.0,1.0,1.0,1.0,1.0,1.0,0.0,1.0,1.0,1.0,1.0,1.0,0.0,1.0,1.0
Lang,30,1.0,1.0,1.0,0.0,1.0,1.0,1.0,1.0,1.0,0.0,1.0,1.0,1.0,1.0,1.0,0.0,1.0,1.0,0.0,1.0,1.0,0.5,2.0,2.0,1.0,1.0,1.0,0.0,1.0,1.0,1.0,1.0,1.0,0.0,1.0,1.0,1.0,1.0,1.0,0.0,1.0,1.0,1.0,1.0,1.0,0.0,1.0,1.0,1.0,1.0,1.0,0.0,1.0,1.0,1.0,1.0,1.0,0.0,1.0,1.0,1.0,1.0,1.0,0.0,1.0,1.0,1.0,1.0,1.0,0.0,1.0,1.0,1.0,1.0,1.0,0.0,1.0,1.0,1.0,1.0,1.0,0.0,1.0,1.0,1.0,1.0,1.0,0.0,1.0,1.0
Lang,31,1.0,1.0,1.0,0.0,1.0,1.0,1.0,1.0,1.0,0.0,1.0,1.0,1.0,1.0,1.0,0.0,1.0,1.0,1.0,1.0,1.0,0.0,1.0,1.0,1.0,1.0,1.0,0.0,1.0,1.0,1.0,1.0,1.0,0.0,1.0,1.0,1.0,1.0,1.0,0.0,1.0,1.0,1.0,1.0,1.0,0.0,1.0,1.0,1.0,1.0,1.0,0.0,1.0,1.0,1.0,1.0,1.0,0.0,1.0,1.0,1.0,1.0,1.0,0.0,1.0,1.0,1.0,1.0,1.0,0.0,1.0,1.0,1.0,1.0,1.0,0.0,1.0,1.0,1.0,1.0,1.0,0.0,1.0,1.0,1.0,1.0,1.0,0.0,1.0,1.0
Lang,32,1.0,1.0,1.0,0.0,1.0,1.0,1.0,1.0,1.0,0.0,1.0,1.0,1.0,1.0,1.0,0.0,1.0,1.0,1.0,1.0,1.0,0.0,1.0,1.0,1.0,1.0,1.0,0.0,1.0,1.0,1.0,1.0,1.0,0.0,1.0,1.0,1.0,1.0,1.0,0.0,1.0,1.0,1.0,1.0,1.0,0.0,1.0,1.0,1.0,1.0,1.0,0.0,1.0,1.0,1.0,1.0,1.0,0.0,1.0,1.0,1.0,1.0,1.0,0.0,1.0,1.0,1.0,1.0,1.0,0.0,1.0,1.0,1.0,1.0,1.0,0.0,1.0,1.0,1.0,1.0,1.0,0.0,1.0,1.0,1.0,1.0,1.0,0.0,1.0,1.0
Lang,33,1.0,1.0,1.0,0.0,1.0,1.0,1.0,1.0,1.0,0.0,1.0,1.0,1.0,1.0,1.0,0.0,1.0,1.0,1.0,1.0,1.0,0.0,1.0,1.0,1.0,1.0,1.0,0.0,1.0,1.0,1.0,1.0,1.0,0.0,1.0,1.0,1.0,1.0,1.0,0.0,1.0,1.0,1.0,1.0,1.0,0.0,1.0,1.0,1.0,1.0,1.0,0.0,1.0,1.0,1.0,1.0,1.0,0.0,1.0,1.0,1.0,1.0,1.0,0.0,1.0,1.0,1.0,1.0,1.0,0.0,1.0,1.0,1.0,1.0,1.0,0.0,1.0,1.0,1.0,1.0,1.0,0.0,1.0,1.0,1.0,1.0,1.0,0.0,1.0,1.0
Lang,34,1.0,1.0,1.0,0.0,1.0,1.0,0.0,1.0,1.0,0.18181818181818182,3.0,3.0,0.0,1.0,1.0,0.18181818181818182,3.0,3.0,0.0,1.0,1.0,0.18181818181818182,3.0,3.0,0.0,1.0,1.0,0.18181818181818182,3.0,3.0,0.0,1.0,1.0,0.18181818181818182,3.0,3.0,1.0,1.0,1.0,0.0,1.0,1.0,1.0,1.0,1.0,0.0,1.0,1.0,0.0,1.0,1.0,0.18181818181818182,3.0,3.0,0.0,1.0,1.0,0.18181818181818182,3.0,3.0,1.0,1.0,1.0,0.0,1.0,1.0,0.0,1.0,1.0,0.18181818181818182,3.0,3.0,0.0,1.0,1.0,0.18181818181818182,3.0,3.0,0.0,1.0,1.0,0.18181818181818182,2.0,2.0,0.0,1.0,1.0,0.09090909090909091,2.0,2.0
Lang,35,1.0,1.0,1.0,0.0,1.0,1.0,1.0,1.0,1.0,0.0,1.0,1.0,1.0,1.0,1.0,0.0,1.0,1.0,1.0,1.0,1.0,0.0,1.0,1.0,1.0,1.0,1.0,0.0,1.0,1.0,1.0,1.0,1.0,0.0,1.0,1.0,1.0,1.0,1.0,0.0,1.0,1.0,1.0,1.0,1.0,0.0,1.0,1.0,1.0,1.0,1.0,0.0,1.0,1.0,1.0,1.0,1.0,0.0,1.0,1.0,1.0,1.0,1.0,0.0,1.0,1.0,1.0,1.0,1.0,0.0,1.0,1.0,1.0,1.0,1.0,0.0,1.0,1.0,1.0,1.0,1.0,0.0,1.0,1.0,1.0,1.0,1.0,0.0,1.0,1.0
Lang,36,1.0,1.0,1.0,0.0,1.0,1.0,1.0,1.0,1.0,0.0,1.0,1.0,1.0,1.0,1.0,0.0,1.0,1.0,1.0,1.0,1.0,0.0,1.0,1.0,1.0,1.0,1.0,0.0,1.0,1.0,1.0,1.0,1.0,0.0,1.0,1.0,1.0,1.0,1.0,0.0,1.0,1.0,1.0,1.0,1.0,0.0,1.0,1.0,1.0,1.0,1.0,0.0,1.0,1.0,1.0,1.0,1.0,0.0,1.0,1.0,1.0,1.0,1.0,0.0,1.0,1.0,1.0,1.0,1.0,0.0,1.0,1.0,1.0,1.0,1.0,0.0,1.0,1.0,1.0,1.0,1.0,0.0,1.0,1.0,1.0,1.0,1.0,0.0,1.0,1.0
Lang,37,1.0,1.0,1.0,0.0,1.0,1.0,1.0,1.0,1.0,0.0,1.0,1.0,1.0,1.0,1.0,0.0,1.0,1.0,1.0,1.0,1.0,0.0,1.0,1.0,1.0,1.0,1.0,0.0,1.0,1.0,1.0,1.0,1.0,0.0,1.0,1.0,1.0,1.0,1.0,0.0,1.0,1.0,1.0,1.0,1.0,0.0,1.0,1.0,1.0,1.0,1.0,0.0,1.0,1.0,1.0,1.0,1.0,0.0,1.0,1.0,1.0,1.0,1.0,0.0,1.0,1.0,1.0,1.0,1.0,0.0,1.0,1.0,1.0,1.0,1.0,0.0,1.0,1.0,1.0,1.0,1.0,0.0,1.0,1.0,1.0,1.0,1.0,0.0,1.0,1.0
Lang,38,1.0,1.0,1.0,0.0,1.0,1.0,1.0,1.0,1.0,0.0,1.0,1.0,1.0,1.0,1.0,0.0,1.0,1.0,1.0,1.0,1.0,0.0,1.0,1.0,1.0,1.0,1.0,0.0,1.0,1.0,1.0,1.0,1.0,0.0,1.0,1.0,1.0,1.0,1.0,0.0,1.0,1.0,1.0,1.0,1.0,0.0,1.0,1.0,1.0,1.0,1.0,0.0,1.0,1.0,1.0,1.0,1.0,0.0,1.0,1.0,1.0,1.0,1.0,0.0,1.0,1.0,1.0,1.0,1.0,0.0,1.0,1.0,1.0,1.0,1.0,0.0,1.0,1.0,1.0,1.0,1.0,0.0,1.0,1.0,1.0,1.0,1.0,0.0,1.0,1.0
Lang,39,1.0,1.0,1.0,0.0,1.0,1.0,1.0,1.0,1.0,0.0,1.0,1.0,1.0,1.0,1.0,0.0,1.0,1.0,1.0,1.0,1.0,0.0,1.0,1.0,1.0,1.0,1.0,0.0,1.0,1.0,1.0,1.0,1.0,0.0,1.0,1.0,1.0,1.0,1.0,0.0,1.0,1.0,1.0,1.0,1.0,0.0,1.0,1.0,1.0,1.0,1.0,0.0,1.0,1.0,1.0,1.0,1.0,0.0,1.0,1.0,1.0,1.0,1.0,0.0,1.0,1.0,1.0,1.0,1.0,0.0,1.0,1.0,1.0,1.0,1.0,0.0,1.0,1.0,1.0,1.0,1.0,0.0,1.0,1.0,1.0,1.0,1.0,0.0,1.0,1.0
Lang,40,1.0,1.0,1.0,0.0,1.0,1.0,1.0,1.0,1.0,0.0,1.0,1.0,1.0,1.0,1.0,0.0,1.0,1.0,1.0,1.0,1.0,0.0,1.0,1.0,1.0,1.0,1.0,0.0,1.0,1.0,1.0,1.0,1.0,0.0,1.0,1.0,1.0,1.0,1.0,0.0,1.0,1.0,1.0,1.0,1.0,0.0,1.0,1.0,1.0,1.0,1.0,0.0,1.0,1.0,1.0,1.0,1.0,0.0,1.0,1.0,1.0,1.0,1.0,0.0,1.0,1.0,1.0,1.0,1.0,0.0,1.0,1.0,1.0,1.0,1.0,0.0,1.0,1.0,1.0,1.0,1.0,0.0,1.0,1.0,1.0,1.0,1.0,0.0,1.0,1.0
Lang,41,1.0,1.0,1.0,0.0,1.0,1.0,1.0,1.0,1.0,0.0,1.0,1.0,1.0,1.0,1.0,0.0,1.0,1.0,1.0,1.0,1.0,0.0,1.0,1.0,1.0,1.0,1.0,0.0,1.0,1.0,1.0,1.0,1.0,0.0,1.0,1.0,1.0,1.0,1.0,0.0,1.0,1.0,1.0,1.0,1.0,0.0,1.0,1.0,1.0,1.0,1.0,0.0,1.0,1.0,1.0,1.0,1.0,0.0,1.0,1.0,1.0,1.0,1.0,0.0,1.0,1.0,1.0,1.0,1.0,0.0,1.0,1.0,1.0,1.0,1.0,0.0,1.0,1.0,1.0,1.0,1.0,0.0,1.0,1.0,1.0,1.0,1.0,0.0,1.0,1.0
Lang,42,0.0,1.0,1.0,0.07692307692307693,2.0,2.0,1.0,1.0,1.0,0.0,1.0,1.0,1.0,1.0,1.0,0.0,1.0,1.0,1.0,1.0,1.0,0.0,1.0,1.0,1.0,1.0,1.0,0.0,1.0,1.0,1.0,1.0,1.0,0.0,1.0,1.0,1.0,1.0,1.0,0.0,1.0,1.0,0.0,1.0,1.0,0.07692307692307693,2.0,2.0,1.0,1.0,1.0,0.0,1.0,1.0,1.0,1.0,1.0,0.0,1.0,1.0,1.0,1.0,1.0,0.0,1.0,1.0,1.0,1.0,1.0,0.0,1.0,1.0,1.0,1.0,1.0,0.0,1.0,1.0,1.0,1.0,1.0,0.0,1.0,1.0,1.0,1.0,1.0,0.0,1.0,1.0
Lang,43,1.0,1.0,1.0,0.0,1.0,1.0,1.0,1.0,1.0,0.0,1.0,1.0,1.0,1.0,1.0,0.0,1.0,1.0,1.0,1.0,1.0,0.0,1.0,1.0,1.0,1.0,1.0,0.0,1.0,1.0,1.0,1.0,1.0,0.0,1.0,1.0,1.0,1.0,1.0,0.0,1.0,1.0,1.0,1.0,1.0,0.0,1.0,1.0,1.0,1.0,1.0,0.0,1.0,1.0,1.0,1.0,1.0,0.0,1.0,1.0,1.0,1.0,1.0,0.0,1.0,1.0,0.0,0.0,0.0,,,,1.0,1.0,1.0,0.0,1.0,1.0,0.0,0.0,0.0,,,,1.0,1.0,1.0,0.0,1.0,1.0
Lang,44,1.0,1.0,1.0,0.0,1.0,1.0,1.0,1.0,1.0,0.0,1.0,1.0,1.0,1.0,1.0,0.0,1.0,1.0,1.0,1.0,1.0,0.0,1.0,1.0,1.0,1.0,1.0,0.0,1.0,1.0,1.0,1.0,1.0,0.0,1.0,1.0,1.0,1.0,1.0,0.0,1.0,1.0,1.0,1.0,1.0,0.0,1.0,1.0,1.0,1.0,1.0,0.0,1.0,1.0,1.0,1.0,1.0,0.0,1.0,1.0,1.0,1.0,1.0,0.0,1.0,1.0,1.0,1.0,1.0,0.0,1.0,1.0,1.0,1.0,1.0,0.0,1.0,1.0,1.0,1.0,1.0,0.0,1.0,1.0,1.0,1.0,1.0,0.0,1.0,1.0
Lang,45,1.0,1.0,1.0,0.0,1.0,1.0,0.0,1.0,1.0,0.5,2.0,2.0,1.0,1.0,1.0,0.0,1.0,1.0,0.0,1.0,1.0,0.5,2.0,2.0,1.0,1.0,1.0,0.0,1.0,1.0,1.0,1.0,1.0,0.0,1.0,1.0,1.0,1.0,1.0,0.0,1.0,1.0,1.0,1.0,1.0,0.0,1.0,1.0,1.0,1.0,1.0,0.0,1.0,1.0,1.0,1.0,1.0,0.0,1.0,1.0,1.0,1.0,1.0,0.0,1.0,1.0,1.0,1.0,1.0,0.0,1.0,1.0,1.0,1.0,1.0,0.0,1.0,1.0,1.0,1.0,1.0,0.0,1.0,1.0,1.0,1.0,1.0,0.0,1.0,1.0
Lang,46,1.0,1.0,1.0,0.0,1.0,1.0,1.0,1.0,1.0,0.0,1.0,1.0,1.0,1.0,1.0,0.0,1.0,1.0,1.0,1.0,1.0,0.0,1.0,1.0,1.0,1.0,1.0,0.0,1.0,1.0,1.0,1.0,1.0,0.0,1.0,1.0,1.0,1.0,1.0,0.0,1.0,1.0,1.0,1.0,1.0,0.0,1.0,1.0,1.0,1.0,1.0,0.0,1.0,1.0,1.0,1.0,1.0,0.0,1.0,1.0,1.0,1.0,1.0,0.0,1.0,1.0,1.0,1.0,1.0,0.0,1.0,1.0,1.0,1.0,1.0,0.0,1.0,1.0,1.0,1.0,1.0,0.0,1.0,1.0,1.0,1.0,1.0,0.0,1.0,1.0
Lang,47,1.0,1.0,1.0,0.0,1.0,1.0,1.0,1.0,1.0,0.0,1.0,1.0,1.0,1.0,1.0,0.0,1.0,1.0,1.0,1.0,1.0,0.0,1.0,1.0,1.0,1.0,1.0,0.0,1.0,1.0,1.0,1.0,1.0,0.0,1.0,1.0,1.0,1.0,1.0,0.0,1.0,1.0,1.0,1.0,1.0,0.0,1.0,1.0,1.0,1.0,1.0,0.0,1.0,1.0,1.0,1.0,1.0,0.0,1.0,1.0,1.0,1.0,1.0,0.0,1.0,1.0,1.0,1.0,1.0,0.0,1.0,1.0,1.0,1.0,1.0,0.0,1.0,1.0,1.0,1.0,1.0,0.0,1.0,1.0,1.0,1.0,1.0,0.0,1.0,1.0
Lang,48,1.0,1.0,1.0,0.0,1.0,1.0,1.0,1.0,1.0,0.0,1.0,1.0,1.0,1.0,1.0,0.0,1.0,1.0,1.0,1.0,1.0,0.0,1.0,1.0,1.0,1.0,1.0,0.0,1.0,1.0,1.0,1.0,1.0,0.0,1.0,1.0,1.0,1.0,1.0,0.0,1.0,1.0,1.0,1.0,1.0,0.0,1.0,1.0,1.0,1.0,1.0,0.0,1.0,1.0,1.0,1.0,1.0,0.0,1.0,1.0,1.0,1.0,1.0,0.0,1.0,1.0,1.0,1.0,1.0,0.0,1.0,1.0,1.0,1.0,1.0,0.0,1.0,1.0,1.0,1.0,1.0,0.0,1.0,1.0,1.0,1.0,1.0,0.0,1.0,1.0
Lang,49,1.0,1.0,1.0,0.0,1.0,1.0,1.0,1.0,1.0,0.0,1.0,1.0,1.0,1.0,1.0,0.0,1.0,1.0,1.0,1.0,1.0,0.0,1.0,1.0,1.0,1.0,1.0,0.0,1.0,1.0,1.0,1.0,1.0,0.0,1.0,1.0,1.0,1.0,1.0,0.0,1.0,1.0,1.0,1.0,1.0,0.0,1.0,1.0,1.0,1.0,1.0,0.0,1.0,1.0,1.0,1.0,1.0,0.0,1.0,1.0,1.0,1.0,1.0,0.0,1.0,1.0,1.0,1.0,1.0,0.0,1.0,1.0,1.0,1.0,1.0,0.0,1.0,1.0,1.0,1.0,1.0,0.0,1.0,1.0,1.0,1.0,1.0,0.0,1.0,1.0
Lang,50,1.0,1.0,1.0,0.0,1.0,1.0,0.0,1.0,1.0,0.07142857142857142,2.0,2.0,0.0,1.0,1.0,0.07142857142857142,2.0,2.0,0.0,1.0,1.0,0.07142857142857142,2.0,2.0,0.0,1.0,1.0,0.07142857142857142,2.0,2.0,0.0,1.0,1.0,0.07142857142857142,2.0,2.0,0.0,1.0,1.0,0.07142857142857142,2.0,2.0,1.0,1.0,1.0,0.0,1.0,1.0,0.0,1.0,1.0,0.07142857142857142,2.0,2.0,0.0,1.0,1.0,0.07142857142857142,2.0,2.0,1.0,1.0,1.0,0.0,1.0,1.0,0.0,1.0,1.0,0.07142857142857142,2.0,2.0,0.0,1.0,1.0,0.07142857142857142,2.0,2.0,1.0,1.0,1.0,0.0,1.0,1.0,0.0,1.0,1.0,0.07142857142857142,2.0,2.0
Lang,51,1.0,1.0,1.0,0.0,1.0,1.0,1.0,1.0,1.0,0.0,1.0,1.0,1.0,1.0,1.0,0.0,1.0,1.0,1.0,1.0,1.0,0.0,1.0,1.0,1.0,1.0,1.0,0.0,1.0,1.0,1.0,1.0,1.0,0.0,1.0,1.0,1.0,1.0,1.0,0.0,1.0,1.0,1.0,1.0,1.0,0.0,1.0,1.0,1.0,1.0,1.0,0.0,1.0,1.0,1.0,1.0,1.0,0.0,1.0,1.0,1.0,1.0,1.0,0.0,1.0,1.0,1.0,1.0,1.0,0.0,1.0,1.0,1.0,1.0,1.0,0.0,1.0,1.0,1.0,1.0,1.0,0.0,1.0,1.0,1.0,1.0,1.0,0.0,1.0,1.0
Lang,52,1.0,1.0,1.0,0.0,1.0,1.0,1.0,1.0,1.0,0.0,1.0,1.0,1.0,1.0,1.0,0.0,1.0,1.0,1.0,1.0,1.0,0.0,1.0,1.0,1.0,1.0,1.0,0.0,1.0,1.0,1.0,1.0,1.0,0.0,1.0,1.0,1.0,1.0,1.0,0.0,1.0,1.0,1.0,1.0,1.0,0.0,1.0,1.0,1.0,1.0,1.0,0.0,1.0,1.0,1.0,1.0,1.0,0.0,1.0,1.0,1.0,1.0,1.0,0.0,1.0,1.0,1.0,1.0,1.0,0.0,1.0,1.0,1.0,1.0,1.0,0.0,1.0,1.0,1.0,1.0,1.0,0.0,1.0,1.0,1.0,1.0,1.0,0.0,1.0,1.0
Lang,53,1.0,1.0,1.0,0.0,1.0,1.0,1.0,1.0,1.0,0.0,1.0,1.0,1.0,1.0,1.0,0.0,1.0,1.0,1.0,1.0,1.0,0.0,1.0,1.0,1.0,1.0,1.0,0.0,1.0,1.0,1.0,1.0,1.0,0.0,1.0,1.0,1.0,1.0,1.0,0.0,1.0,1.0,1.0,1.0,1.0,0.0,1.0,1.0,1.0,1.0,1.0,0.0,1.0,1.0,1.0,1.0,1.0,0.0,1.0,1.0,1.0,1.0,1.0,0.0,1.0,1.0,1.0,1.0,1.0,0.0,1.0,1.0,1.0,1.0,1.0,0.0,1.0,1.0,1.0,1.0,1.0,0.0,1.0,1.0,1.0,1.0,1.0,0.0,1.0,1.0
Lang,54,1.0,1.0,1.0,0.0,1.0,1.0,1.0,1.0,1.0,0.0,1.0,1.0,1.0,1.0,1.0,0.0,1.0,1.0,1.0,1.0,1.0,0.0,1.0,1.0,1.0,1.0,1.0,0.0,1.0,1.0,1.0,1.0,1.0,0.0,1.0,1.0,1.0,1.0,1.0,0.0,1.0,1.0,1.0,1.0,1.0,0.0,1.0,1.0,1.0,1.0,1.0,0.0,1.0,1.0,1.0,1.0,1.0,0.0,1.0,1.0,1.0,1.0,1.0,0.0,1.0,1.0,1.0,1.0,1.0,0.0,1.0,1.0,1.0,1.0,1.0,0.0,1.0,1.0,1.0,1.0,1.0,0.0,1.0,1.0,1.0,1.0,1.0,0.0,1.0,1.0
Lang,55,1.0,1.0,1.0,0.0,1.0,1.0,1.0,1.0,1.0,0.0,1.0,1.0,1.0,1.0,1.0,0.0,1.0,1.0,1.0,1.0,1.0,0.0,1.0,1.0,1.0,1.0,1.0,0.0,1.0,1.0,1.0,1.0,1.0,0.0,1.0,1.0,1.0,1.0,1.0,0.0,1.0,1.0,1.0,1.0,1.0,0.0,1.0,1.0,1.0,1.0,1.0,0.0,1.0,1.0,1.0,1.0,1.0,0.0,1.0,1.0,1.0,1.0,1.0,0.0,1.0,1.0,1.0,1.0,1.0,0.0,1.0,1.0,1.0,1.0,1.0,0.0,1.0,1.0,1.0,1.0,1.0,0.0,1.0,1.0,1.0,1.0,1.0,0.0,1.0,1.0
Lang,56,0.0,0.0,0.0,,,,0.0,0.0,0.0,,,,0.0,0.0,0.0,,,,0.0,0.0,0.0,,,,0.0,0.0,0.0,,,,0.0,0.0,0.0,,,,0.0,0.0,0.0,,,,0.0,0.0,0.0,,,,0.0,0.0,0.0,,,,0.0,0.0,0.0,,,,0.0,0.0,0.0,,,,0.0,0.0,0.0,,,,0.0,0.0,0.0,,,,0.0,0.0,0.0,,,,0.0,0.0,0.0,,,
Lang,57,1.0,1.0,1.0,0.0,1.0,1.0,1.0,1.0,1.0,0.0,1.0,1.0,1.0,1.0,1.0,0.0,1.0,1.0,1.0,1.0,1.0,0.0,1.0,1.0,1.0,1.0,1.0,0.0,1.0,1.0,1.0,1.0,1.0,0.0,1.0,1.0,1.0,1.0,1.0,0.0,1.0,1.0,1.0,1.0,1.0,0.0,1.0,1.0,1.0,1.0,1.0,0.0,1.0,1.0,1.0,1.0,1.0,0.0,1.0,1.0,1.0,1.0,1.0,0.0,1.0,1.0,1.0,1.0,1.0,0.0,1.0,1.0,1.0,1.0,1.0,0.0,1.0,1.0,1.0,1.0,1.0,0.0,1.0,1.0,1.0,1.0,1.0,0.0,1.0,1.0
Lang,58,1.0,1.0,1.0,0.0,1.0,1.0,1.0,1.0,1.0,0.0,1.0,1.0,1.0,1.0,1.0,0.0,1.0,1.0,1.0,1.0,1.0,0.0,1.0,1.0,1.0,1.0,1.0,0.0,1.0,1.0,1.0,1.0,1.0,0.0,1.0,1.0,1.0,1.0,1.0,0.0,1.0,1.0,1.0,1.0,1.0,0.0,1.0,1.0,1.0,1.0,1.0,0.0,1.0,1.0,1.0,1.0,1.0,0.0,1.0,1.0,1.0,1.0,1.0,0.0,1.0,1.0,1.0,1.0,1.0,0.0,1.0,1.0,1.0,1.0,1.0,0.0,1.0,1.0,1.0,1.0,1.0,0.0,1.0,1.0,1.0,1.0,1.0,0.0,1.0,1.0
Lang,59,1.0,1.0,1.0,0.0,1.0,1.0,1.0,1.0,1.0,0.0,1.0,1.0,1.0,1.0,1.0,0.0,1.0,1.0,1.0,1.0,1.0,0.0,1.0,1.0,1.0,1.0,1.0,0.0,1.0,1.0,1.0,1.0,1.0,0.0,1.0,1.0,1.0,1.0,1.0,0.0,1.0,1.0,1.0,1.0,1.0,0.0,1.0,1.0,1.0,1.0,1.0,0.0,1.0,1.0,1.0,1.0,1.0,0.0,1.0,1.0,1.0,1.0,1.0,0.0,1.0,1.0,1.0,1.0,1.0,0.0,1.0,1.0,1.0,1.0,1.0,0.0,1.0,1.0,1.0,1.0,1.0,0.0,1.0,1.0,1.0,1.0,1.0,0.0,1.0,1.0
Lang,60,1.0,1.0,1.0,0.0,1.0,1.0,1.0,1.0,1.0,0.0,1.0,1.0,1.0,1.0,1.0,0.0,1.0,1.0,1.0,1.0,1.0,0.0,1.0,1.0,1.0,1.0,1.0,0.0,1.0,1.0,1.0,1.0,1.0,0.0,1.0,1.0,1.0,1.0,1.0,0.0,1.0,1.0,1.0,1.0,1.0,0.0,1.0,1.0,1.0,1.0,1.0,0.0,1.0,1.0,1.0,1.0,1.0,0.0,1.0,1.0,1.0,1.0,1.0,0.0,1.0,1.0,1.0,1.0,1.0,0.0,1.0,1.0,1.0,1.0,1.0,0.0,1.0,1.0,1.0,1.0,1.0,0.0,1.0,1.0,1.0,1.0,1.0,0.0,1.0,1.0
Lang,61,1.0,1.0,1.0,0.0,1.0,1.0,1.0,1.0,1.0,0.0,1.0,1.0,1.0,1.0,1.0,0.0,1.0,1.0,1.0,1.0,1.0,0.0,1.0,1.0,1.0,1.0,1.0,0.0,1.0,1.0,1.0,1.0,1.0,0.0,1.0,1.0,1.0,1.0,1.0,0.0,1.0,1.0,1.0,1.0,1.0,0.0,1.0,1.0,1.0,1.0,1.0,0.0,1.0,1.0,1.0,1.0,1.0,0.0,1.0,1.0,1.0,1.0,1.0,0.0,1.0,1.0,1.0,1.0,1.0,0.0,1.0,1.0,1.0,1.0,1.0,0.0,1.0,1.0,1.0,1.0,1.0,0.0,1.0,1.0,1.0,1.0,1.0,0.0,1.0,1.0
Lang,62,1.0,1.0,1.0,0.0,1.0,1.0,1.0,1.0,1.0,0.0,1.0,1.0,1.0,1.0,1.0,0.0,1.0,1.0,1.0,1.0,1.0,0.0,1.0,1.0,1.0,1.0,1.0,0.0,1.0,1.0,1.0,1.0,1.0,0.0,1.0,1.0,1.0,1.0,1.0,0.0,1.0,1.0,1.0,1.0,1.0,0.0,1.0,1.0,1.0,1.0,1.0,0.0,1.0,1.0,1.0,1.0,1.0,0.0,1.0,1.0,1.0,1.0,1.0,0.0,1.0,1.0,0.0,1.0,1.0,0.2,3.0,3.0,0.0,1.0,1.0,0.1,2.0,2.0,0.0,1.0,1.0,0.2,3.0,3.0,0.0,1.0,1.0,0.2,3.0,3.0
Lang,63,1.0,1.0,1.0,0.0,1.0,1.0,1.0,1.0,1.0,0.0,1.0,1.0,1.0,1.0,1.0,0.0,1.0,1.0,1.0,1.0,1.0,0.0,1.0,1.0,1.0,1.0,1.0,0.0,1.0,1.0,1.0,1.0,1.0,0.0,1.0,1.0,1.0,1.0,1.0,0.0,1.0,1.0,1.0,1.0,1.0,0.0,1.0,1.0,1.0,1.0,1.0,0.0,1.0,1.0,1.0,1.0,1.0,0.0,1.0,1.0,1.0,1.0,1.0,0.0,1.0,1.0,1.0,1.0,1.0,0.0,1.0,1.0,1.0,1.0,1.0,0.0,1.0,1.0,1.0,1.0,1.0,0.0,1.0,1.0,1.0,1.0,1.0,0.0,1.0,1.0
Lang,64,1.0,1.0,1.0,0.0,1.0,1.0,1.0,1.0,1.0,0.0,1.0,1.0,1.0,1.0,1.0,0.0,1.0,1.0,1.0,1.0,1.0,0.0,1.0,1.0,1.0,1.0,1.0,0.0,1.0,1.0,1.0,1.0,1.0,0.0,1.0,1.0,1.0,1.0,1.0,0.0,1.0,1.0,1.0,1.0,1.0,0.0,1.0,1.0,1.0,1.0,1.0,0.0,1.0,1.0,1.0,1.0,1.0,0.0,1.0,1.0,1.0,1.0,1.0,0.0,1.0,1.0,1.0,1.0,1.0,0.0,1.0,1.0,1.0,1.0,1.0,0.0,1.0,1.0,1.0,1.0,1.0,0.0,1.0,1.0,1.0,1.0,1.0,0.0,1.0,1.0
Lang,65,1.0,1.0,1.0,0.0,1.0,1.0,1.0,1.0,1.0,0.0,1.0,1.0,1.0,1.0,1.0,0.0,1.0,1.0,1.0,1.0,1.0,0.0,1.0,1.0,1.0,1.0,1.0,0.0,1.0,1.0,1.0,1.0,1.0,0.0,1.0,1.0,1.0,1.0,1.0,0.0,1.0,1.0,1.0,1.0,1.0,0.0,1.0,1.0,1.0,1.0,1.0,0.0,1.0,1.0,1.0,1.0,1.0,0.0,1.0,1.0,1.0,1.0,1.0,0.0,1.0,1.0,1.0,1.0,1.0,0.0,1.0,1.0,1.0,1.0,1.0,0.0,1.0,1.0,1.0,1.0,1.0,0.0,1.0,1.0,1.0,1.0,1.0,0.0,1.0,1.0
Chart,1,0.0,1.0,1.0,0.038461538461538464,3.0,3.0,0.0,1.0,1.0,0.038461538461538464,3.0,3.0,0.0,1.0,1.0,0.038461538461538464,3.0,3.0,0.0,1.0,1.0,0.038461538461538464,3.0,3.0,0.0,1.0,1.0,0.038461538461538464,3.0,3.0,0.0,1.0,1.0,0.038461538461538464,3.0,3.0,0.0,1.0,1.0,0.038461538461538464,3.0,3.0,0.0,1.0,1.0,0.038461538461538464,3.0,3.0,0.0,1.0,1.0,0.038461538461538464,3.0,3.0,0.0,1.0,1.0,0.038461538461538464,3.0,3.0,1.0,1.0,1.0,0.0,1.0,1.0,0.0,1.0,1.0,0.038461538461538464,3.0,3.0,1.0,1.0,1.0,0.0,1.0,1.0,0.0,1.0,1.0,0.038461538461538464,3.0,3.0,1.0,1.0,1.0,0.0,1.0,1.0
Chart,2,0.0,1.0,1.0,0.1111111111111111,3.0,3.0,0.0,1.0,1.0,0.1111111111111111,3.0,3.0,0.0,1.0,1.0,0.1111111111111111,3.0,3.0,0.0,0.0,0.0,0.3333333333333333,7.0,7.0,0.0,1.0,1.0,0.1111111111111111,3.0,3.0,0.0,1.0,1.0,0.1111111111111111,3.0,3.0,0.0,0.0,0.0,0.8333333333333334,15.0,15.0,0.0,1.0,1.0,0.1111111111111111,3.0,3.0,0.0,1.0,1.0,0.1111111111111111,3.0,3.0,0.0,0.0,0.0,0.6111111111111112,12.0,12.0,1.0,1.0,1.0,0.0,1.0,1.0,0.0,1.0,1.0,0.1111111111111111,3.0,3.0,0.0,1.0,1.0,0.1111111111111111,3.0,3.0,0.0,1.0,1.0,0.1111111111111111,3.0,3.0,0.0,1.0,1.0,0.1111111111111111,3.0,3.0
Chart,3,1.0,1.0,1.0,0.0,1.0,1.0,1.0,1.0,1.0,0.0,1.0,1.0,1.0,1.0,1.0,0.0,1.0,1.0,1.0,1.0,1.0,0.0,1.0,1.0,1.0,1.0,1.0,0.0,1.0,1.0,1.0,1.0,1.0,0.0,1.0,1.0,1.0,1.0,1.0,0.0,1.0,1.0,1.0,1.0,1.0,0.0,1.0,1.0,1.0,1.0,1.0,0.0,1.0,1.0,1.0,1.0,1.0,0.0,1.0,1.0,1.0,1.0,1.0,0.0,1.0,1.0,1.0,1.0,1.0,0.0,1.0,1.0,1.0,1.0,1.0,0.0,1.0,1.0,1.0,1.0,1.0,0.0,1.0,1.0,1.0,1.0,1.0,0.0,1.0,1.0
Chart,4,0.0,0.0,0.0,0.10204081632653061,18.0,18.0,0.0,0.0,1.0,0.02040816326530612,5.0,5.0,0.0,0.0,1.0,0.02040816326530612,5.0,5.0,0.0,1.0,1.0,0.00510204081632653,2.0,2.0,0.0,0.0,1.0,0.02040816326530612,5.0,5.0,0.0,0.0,1.0,0.02040816326530612,5.0,5.0,0.0,1.0,1.0,0.00510204081632653,2.0,2.0,0.0,0.0,0.0,0.04081632653061224,9.0,9.0,0.0,0.0,1.0,0.02040816326530612,5.0,5.0,0.0,1.0,1.0,0.00510204081632653,2.0,2.0,1.0,1.0,1.0,0.0,1.0,1.0,0.0,0.0,1.0,0.02040816326530612,5.0,5.0,0.0,0.0,0.0,0.03571428571428571,8.0,8.0,0.0,0.0,0.0,0.03571428571428571,8.0,8.0,0.0,1.0,1.0,0.00510204081632653,2.0,2.0
Chart,5,1.0,1.0,1.0,0.0,1.0,1.0,1.0,1.0,1.0,0.0,1.0,1.0,1.0,1.0,1.0,0.0,1.0,1.0,1.0,1.0,1.0,0.0,1.0,1.0,1.0,1.0,1.0,0.0,1.0,1.0,1.0,1.0,1.0,0.0,1.0,1.0,1.0,1.0,1.0,0.0,1.0,1.0,1.0,1.0,1.0,0.0,1.0,1.0,1.0,1.0,1.0,0.0,1.0,1.0,1.0,1.0,1.0,0.0,1.0,1.0,1.0,1.0,1.0,0.0,1.0,1.0,1.0,1.0,1.0,0.0,1.0,1.0,1.0,1.0,1.0,0.0,1.0,1.0,1.0,1.0,1.0,0.0,1.0,1.0,1.0,1.0,1.0,0.0,1.0,1.0
Chart,6,1.0,1.0,1.0,0.0,1.0,1.0,1.0,1.0,1.0,0.0,1.0,1.0,1.0,1.0,1.0,0.0,1.0,1.0,1.0,1.0,1.0,0.0,1.0,1.0,1.0,1.0,1.0,0.0,1.0,1.0,1.0,1.0,1.0,0.0,1.0,1.0,1.0,1.0,1.0,0.0,1.0,1.0,1.0,1.0,1.0,0.0,1.0,1.0,1.0,1.0,1.0,0.0,1.0,1.0,1.0,1.0,1.0,0.0,1.0,1.0,1.0,1.0,1.0,0.0,1.0,1.0,1.0,1.0,1.0,0.0,1.0,1.0,1.0,1.0,1.0,0.0,1.0,1.0,1.0,1.0,1.0,0.0,1.0,1.0,1.0,1.0,1.0,0.0,1.0,1.0
Chart,7,1.0,1.0,1.0,0.0,1.0,1.0,1.0,1.0,1.0,0.0,1.0,1.0,1.0,1.0,1.0,0.0,1.0,1.0,1.0,1.0,1.0,0.0,1.0,1.0,1.0,1.0,1.0,0.0,1.0,1.0,1.0,1.0,1.0,0.0,1.0,1.0,1.0,1.0,1.0,0.0,1.0,1.0,1.0,1.0,1.0,0.0,1.0,1.0,1.0,1.0,1.0,0.0,1.0,1.0,1.0,1.0,1.0,0.0,1.0,1.0,1.0,1.0,1.0,0.0,1.0,1.0,1.0,1.0,1.0,0.0,1.0,1.0,1.0,1.0,1.0,0.0,1.0,1.0,1.0,1.0,1.0,0.0,1.0,1.0,1.0,1.0,1.0,0.0,1.0,1.0
Chart,8,1.0,1.0,1.0,0.0,1.0,1.0,1.0,1.0,1.0,0.0,1.0,1.0,1.0,1.0,1.0,0.0,1.0,1.0,1.0,1.0,1.0,0.0,1.0,1.0,1.0,1.0,1.0,0.0,1.0,1.0,1.0,1.0,1.0,0.0,1.0,1.0,1.0,1.0,1.0,0.0,1.0,1.0,1.0,1.0,1.0,0.0,1.0,1.0,1.0,1.0,1.0,0.0,1.0,1.0,1.0,1.0,1.0,0.0,1.0,1.0,1.0,1.0,1.0,0.0,1.0,1.0,0.0,1.0,1.0,0.3333333333333333,2.0,2.0,0.0,1.0,1.0,0.3333333333333333,2.0,2.0,0.0,1.0,1.0,0.3333333333333333,2.0,2.0,0.0,1.0,1.0,0.3333333333333333,2.0,2.0
Chart,9,1.0,1.0,1.0,0.0,1.0,1.0,1.0,1.0,1.0,0.0,1.0,1.0,1.0,1.0,1.0,0.0,1.0,1.0,1.0,1.0,1.0,0.0,1.0,1.0,1.0,1.0,1.0,0.0,1.0,1.0,1.0,1.0,1.0,0.0,1.0,1.0,1.0,1.0,1.0,0.0,1.0,1.0,1.0,1.0,1.0,0.0,1.0,1.0,1.0,1.0,1.0,0.0,1.0,1.0,1.0,1.0,1.0,0.0,1.0,1.0,1.0,1.0,1.0,0.0,1.0,1.0,1.0,1.0,1.0,0.0,1.0,1.0,1.0,1.0,1.0,0.0,1.0,1.0,1.0,1.0,1.0,0.0,1.0,1.0,1.0,1.0,1.0,0.0,1.0,1.0
Chart,10,1.0,1.0,1.0,0.0,1.0,1.0,1.0,1.0,1.0,0.0,1.0,1.0,1.0,1.0,1.0,0.0,1.0,1.0,1.0,1.0,1.0,0.0,1.0,1.0,1.0,1.0,1.0,0.0,1.0,1.0,1.0,1.0,1.0,0.0,1.0,1.0,1.0,1.0,1.0,0.0,1.0,1.0,1.0,1.0,1.0,0.0,1.0,1.0,1.0,1.0,1.0,0.0,1.0,1.0,1.0,1.0,1.0,0.0,1.0,1.0,1.0,1.0,1.0,0.0,1.0,1.0,1.0,1.0,1.0,0.0,1.0,1.0,1.0,1.0,1.0,0.0,1.0,1.0,1.0,1.0,1.0,0.0,1.0,1.0,1.0,1.0,1.0,0.0,1.0,1.0
Chart,11,1.0,1.0,1.0,0.0,1.0,1.0,1.0,1.0,1.0,0.0,1.0,1.0,1.0,1.0,1.0,0.0,1.0,1.0,1.0,1.0,1.0,0.0,1.0,1.0,1.0,1.0,1.0,0.0,1.0,1.0,1.0,1.0,1.0,0.0,1.0,1.0,1.0,1.0,1.0,0.0,1.0,1.0,1.0,1.0,1.0,0.0,1.0,1.0,1.0,1.0,1.0,0.0,1.0,1.0,1.0,1.0,1.0,0.0,1.0,1.0,1.0,1.0,1.0,0.0,1.0,1.0,1.0,1.0,1.0,0.0,1.0,1.0,1.0,1.0,1.0,0.0,1.0,1.0,1.0,1.0,1.0,0.0,1.0,1.0,1.0,1.0,1.0,0.0,1.0,1.0
Chart,12,1.0,1.0,1.0,0.0,1.0,1.0,1.0,1.0,1.0,0.0,1.0,1.0,1.0,1.0,1.0,0.0,1.0,1.0,1.0,1.0,1.0,0.0,1.0,1.0,1.0,1.0,1.0,0.0,1.0,1.0,1.0,1.0,1.0,0.0,1.0,1.0,1.0,1.0,1.0,0.0,1.0,1.0,1.0,1.0,1.0,0.0,1.0,1.0,1.0,1.0,1.0,0.0,1.0,1.0,1.0,1.0,1.0,0.0,1.0,1.0,1.0,1.0,1.0,0.0,1.0,1.0,1.0,1.0,1.0,0.0,1.0,1.0,1.0,1.0,1.0,0.0,1.0,1.0,1.0,1.0,1.0,0.0,1.0,1.0,1.0,1.0,1.0,0.0,1.0,1.0
Chart,13,1.0,1.0,1.0,0.0,1.0,1.0,1.0,1.0,1.0,0.0,1.0,1.0,1.0,1.0,1.0,0.0,1.0,1.0,1.0,1.0,1.0,0.0,1.0,1.0,1.0,1.0,1.0,0.0,1.0,1.0,1.0,1.0,1.0,0.0,1.0,1.0,1.0,1.0,1.0,0.0,1.0,1.0,1.0,1.0,1.0,0.0,1.0,1.0,1.0,1.0,1.0,0.0,1.0,1.0,1.0,1.0,1.0,0.0,1.0,1.0,1.0,1.0,1.0,0.0,1.0,1.0,1.0,1.0,1.0,0.0,1.0,1.0,1.0,1.0,1.0,0.0,1.0,1.0,1.0,1.0,1.0,0.0,1.0,1.0,1.0,1.0,1.0,0.0,1.0,1.0
Chart,14,1.0,1.0,1.0,0.0,1.0,1.0,1.0,1.0,1.0,0.0,1.0,1.5,1.0,1.0,1.0,0.0,1.0,1.0,0.0,1.0,1.0,0.05555555555555555,2.0,2.5,1.0,1.0,1.0,0.0,1.0,1.0,1.0,1.0,1.0,0.0,1.0,1.0,0.0,0.0,0.0,0.5555555555555556,18.0,18.5,1.0,1.0,1.0,0.0,1.0,1.0,1.0,1.0,1.0,0.0,1.0,1.0,0.0,0.0,0.0,0.5555555555555556,18.0,18.5,1.0,1.0,1.0,0.0,1.0,1.0,1.0,1.0,1.0,0.0,1.0,1.0,1.0,1.0,1.0,0.0,1.0,1.0,1.0,1.0,1.0,0.0,1.0,1.0,1.0,1.0,1.0,0.0,1.0,1.0
Chart,15,1.0,1.0,1.0,0.0,1.0,1.0,1.0,1.0,1.0,0.0,1.0,1.0,1.0,1.0,1.0,0.0,1.0,1.0,1.0,1.0,1.0,0.0,1.0,1.0,1.0,1.0,1.0,0.0,1.0,1.0,1.0,1.0,1.0,0.0,1.0,1.0,1.0,1.0,1.0,0.0,1.0,1.0,1.0,1.0,1.0,0.0,1.0,1.0,1.0,1.0,1.0,0.0,1.0,1.0,1.0,1.0,1.0,0.0,1.0,1.0,1.0,1.0,1.0,0.0,1.0,1.0,1.0,1.0,1.0,0.0,1.0,1.0,1.0,1.0,1.0,0.0,1.0,1.0,1.0,1.0,1.0,0.0,1.0,1.0,1.0,1.0,1.0,0.0,1.0,1.0
Chart,16,1.0,1.0,1.0,0.0,1.0,1.0,1.0,1.0,1.0,0.0,1.0,1.0,1.0,1.0,1.0,0.0,1.0,1.0,1.0,1.0,1.0,0.0,1.0,1.0,1.0,1.0,1.0,0.0,1.0,1.0,1.0,1.0,1.0,0.0,1.0,1.0,1.0,1.0,1.0,0.0,1.0,1.0,1.0,1.0,1.0,0.0,1.0,1.0,1.0,1.0,1.0,0.0,1.0,1.0,1.0,1.0,1.0,0.0,1.0,1.0,1.0,1.0,1.0,0.0,1.0,1.0,1.0,1.0,1.0,0.0,1.0,1.0,1.0,1.0,1.0,0.0,1.0,1.0,1.0,1.0,1.0,0.0,1.0,1.0,1.0,1.0,1.0,0.0,1.0,1.0
Chart,17,1.0,1.0,1.0,0.0,1.0,1.0,1.0,1.0,1.0,0.0,1.0,1.0,1.0,1.0,1.0,0.0,1.0,1.0,1.0,1.0,1.0,0.0,1.0,1.0,1.0,1.0,1.0,0.0,1.0,1.0,1.0,1.0,1.0,0.0,1.0,1.0,1.0,1.0,1.0,0.0,1.0,1.0,1.0,1.0,1.0,0.0,1.0,1.0,1.0,1.0,1.0,0.0,1.0,1.0,1.0,1.0,1.0,0.0,1.0,1.0,1.0,1.0,1.0,0.0,1.0,1.0,1.0,1.0,1.0,0.0,1.0,1.0,1.0,1.0,1.0,0.0,1.0,1.0,1.0,1.0,1.0,0.0,1.0,1.0,1.0,1.0,1.0,0.0,1.0,1.0
Chart,18,1.0,1.0,1.0,0.0,1.0,1.0,1.0,1.0,1.0,0.0,1.0,2.0,1.0,1.0,1.0,0.0,1.0,1.5,1.0,1.0,1.0,0.0,1.0,1.5,1.0,1.0,1.0,0.0,1.0,1.5,1.0,1.0,1.0,0.0,1.0,1.5,1.0,1.0,1.0,0.0,1.0,1.5,1.0,1.0,1.0,0.0,1.0,1.0,1.0,1.0,1.0,0.0,1.0,1.5,1.0,1.0,1.0,0.0,1.0,1.5,1.0,1.0,1.0,0.0,1.0,1.0,1.0,1.0,1.0,0.0,1.0,1.5,1.0,1.0,1.0,0.0,1.0,1.5,0.0,1.0,1.0,0.14285714285714285,2.0,2.5,1.0,1.0,1.0,0.0,1.0,1.5
Chart,19,1.0,1.0,1.0,0.0,1.0,1.0,1.0,1.0,1.0,0.0,1.0,1.0,1.0,1.0,1.0,0.0,1.0,1.0,1.0,1.0,1.0,0.0,1.0,1.0,1.0,1.0,1.0,0.0,1.0,1.0,1.0,1.0,1.0,0.0,1.0,1.0,0.0,1.0,1.0,0.047619047619047616,3.0,3.0,1.0,1.0,1.0,0.0,1.0,1.0,1.0,1.0,1.0,0.0,1.0,1.0,0.0,1.0,1.0,0.047619047619047616,3.0,3.0,1.0,1.0,1.0,0.0,1.0,1.0,1.0,1.0,1.0,0.0,1.0,1.0,1.0,1.0,1.0,0.0,1.0,1.0,1.0,1.0,1.0,0.0,1.0,1.0,1.0,1.0,1.0,0.0,1.0,1.0
Chart,20,0.0,1.0,1.0,0.1111111111111111,2.0,2.0,0.0,1.0,1.0,0.1111111111111111,2.0,2.0,0.0,1.0,1.0,0.1111111111111111,2.0,2.0,0.0,1.0,1.0,0.1111111111111111,2.0,2.0,0.0,1.0,1.0,0.1111111111111111,2.0,2.0,0.0,1.0,1.0,0.1111111111111111,2.0,2.0,0.0,1.0,1.0,0.1111111111111111,2.0,2.0,0.0,1.0,1.0,0.1111111111111111,2.0,2.0,0.0,1.0,1.0,0.1111111111111111,2.0,2.0,0.0,1.0,1.0,0.1111111111111111,2.0,2.0,1.0,1.0,1.0,0.0,1.0,1.0,0.0,1.0,1.0,0.1111111111111111,2.0,2.0,1.0,1.0,1.0,0.0,1.0,1.0,0.0,1.0,1.0,0.1111111111111111,2.0,2.0,1.0,1.0,1.0,0.0,1.0,1.0
Chart,21,0.0,1.0,1.0,0.1,2.0,2.0,1.0,1.0,1.0,0.0,1.0,1.0,0.0,1.0,1.0,0.1,2.0,2.0,1.0,1.0,1.0,0.0,1.0,1.0,0.0,1.0,1.0,0.1,2.0,2.0,0.0,1.0,1.0,0.1,2.0,2.0,0.0,1.0,1.0,0.1,2.0,2.0,0.0,1.0,1.0,0.1,2.0,2.0,0.0,1.0,1.0,0.1,2.0,2.0,0.0,1.0,1.0,0.1,2.0,2.0,1.0,1.0,1.0,0.0,1.0,1.0,0.0,1.0,1.0,0.1,2.0,2.0,0.0,1.0,1.0,0.1,2.0,2.0,0.0,1.0,1.0,0.1,2.0,2.0,0.0,1.0,1.0,0.1,2.0,2.0
Chart,22,1.0,1.0,1.0,0.0,1.0,1.0,0.0,1.0,1.0,0.25,2.0,2.0,1.0,1.0,1.0,0.0,1.0,1.0,0.0,1.0,1.0,0.25,2.0,2.0,1.0,1.0,1.0,0.0,1.0,1.0,1.0,1.0,1.0,0.0,1.0,1.0,1.0,1.0,1.0,0.0,1.0,1.0,1.0,1.0,1.0,0.0,1.0,1.0,1.0,1.0,1.0,0.0,1.0,1.0,0.0,1.0,1.0,0.25,2.0,2.0,1.0,1.0,1.0,0.0,1.0,1.0,0.0,1.0,1.0,0.25,2.0,2.0,1.0,1.0,1.0,0.0,1.0,1.0,1.0,1.0,1.0,0.0,1.0,1.0,0.0,1.0,1.0,0.5,3.0,3.0
Chart,23,0.0,0.0,0.0,,,,0.0,0.0,0.0,,,,0.0,0.0,0.0,,,,0.0,0.0,0.0,,,,0.0,0.0,0.0,,,,0.0,0.0,0.0,,,,0.0,0.0,0.0,,,,0.0,0.0,0.0,,,,0.0,0.0,0.0,,,,0.0,0.0,0.0,,,,0.0,0.0,0.0,,,,0.0,0.0,0.0,,,,0.0,0.0,0.0,,,,0.0,0.0,0.0,,,,0.0,0.0,0.0,,,
Chart,24,1.0,1.0,1.0,0.0,1.0,1.0,1.0,1.0,1.0,0.0,1.0,1.0,1.0,1.0,1.0,0.0,1.0,1.0,1.0,1.0,1.0,0.0,1.0,1.0,1.0,1.0,1.0,0.0,1.0,1.0,1.0,1.0,1.0,0.0,1.0,1.0,1.0,1.0,1.0,0.0,1.0,1.0,1.0,1.0,1.0,0.0,1.0,1.0,1.0,1.0,1.0,0.0,1.0,1.0,1.0,1.0,1.0,0.0,1.0,1.0,1.0,1.0,1.0,0.0,1.0,1.0,1.0,1.0,1.0,0.0,1.0,1.0,1.0,1.0,1.0,0.0,1.0,1.0,1.0,1.0,1.0,0.0,1.0,1.0,1.0,1.0,1.0,0.0,1.0,1.0
Chart,25,1.0,1.0,1.0,0.0,1.0,1.0,1.0,1.0,1.0,0.0,1.0,1.0,1.0,1.0,1.0,0.0,1.0,1.0,1.0,1.0,1.0,0.0,1.0,1.0,1.0,1.0,1.0,0.0,1.0,1.0,1.0,1.0,1.0,0.0,1.0,1.0,1.0,1.0,1.0,0.0,1.0,1.0,1.0,1.0,1.0,0.0,1.0,1.0,1.0,1.0,1.0,0.0,1.0,1.0,1.0,1.0,1.0,0.0,1.0,1.0,1.0,1.0,1.0,0.0,1.0,1.0,1.0,1.0,1.0,0.0,1.0,1.0,1.0,1.0,1.0,0.0,1.0,1.0,1.0,1.0,1.0,0.0,1.0,1.0,1.0,1.0,1.0,0.0,1.0,1.0
Chart,26,0.0,0.0,1.0,0.08021390374331551,5.0,5.0,0.0,0.0,0.0,0.0962566844919786,9.0,9.0,0.0,0.0,0.0,0.10695187165775401,10.0,10.0,0.0,0.0,1.0,0.053475935828877004,5.0,5.0,0.0,0.0,0.0,0.0962566844919786,9.0,9.0,0.0,0.0,0.0,0.0962566844919786,9.0,9.0,0.0,0.0,1.0,0.053475935828877004,5.0,5.0,0.0,0.0,1.0,0.0962566844919786,5.0,5.0,0.0,0.0,0.0,0.0962566844919786,9.0,9.0,0.0,0.0,1.0,0.053475935828877004,5.0,5.0,1.0,1.0,1.0,0.0,1.0,1.0,0.0,0.0,0.0,0.0962566844919786,9.0,9.0,0.0,0.0,0.0,0.0748663101604278,10.0,10.0,0.0,0.0,0.0,0.10160427807486631,11.0,11.0,0.0,0.0,1.0,0.053475935828877004,5.0,5.0
Mockito,1,0.0,0.0,0.0,0.281767955801105,44.0,44.0,0.0,0.0,0.0,0.03314917127071823,7.0,7.0,0.0,0.0,0.0,0.15469613259668508,25.0,25.0,0.0,0.0,0.0,0.20994475138121546,33.0,33.0,0.0,0.0,0.0,0.03314917127071823,7.0,7.0,0.0,0.0,0.0,0.11049723756906077,18.0,18.0,0.0,1.0,1.0,0.0055248618784530384,2.0,2.0,0.0,0.0,0.0,0.22099447513812154,32.0,32.0,0.0,0.0,0.0,0.03314917127071823,7.0,7.0,0.0,0.0,1.0,0.016574585635359115,4.0,4.0,1.0,1.0,1.0,0.0,1.0,1.0,0.0,0.0,0.0,0.4011299435028249,34.0,34.0,0.0,0.0,0.0,0.027624309392265192,6.0,6.0,0.0,0.0,0.0,0.4124293785310734,36.0,36.0,0.0,0.0,0.0,0.3756906077348066,30.0,30.0
Mockito,2,0.0,1.0,1.0,0.03333333333333333,3.0,3.0,1.0,1.0,1.0,0.0,1.0,1.0,0.0,1.0,1.0,0.022222222222222223,2.0,2.0,1.0,1.0,1.0,0.0,1.0,1.0,1.0,1.0,1.0,0.0,1.0,1.0,1.0,1.0,1.0,0.0,1.0,1.0,1.0,1.0,1.0,0.0,1.0,1.0,0.0,1.0,1.0,0.022222222222222223,2.0,2.0,1.0,1.0,1.0,0.0,1.0,1.0,1.0,1.0,1.0,0.0,1.0,1.0,1.0,1.0,1.0,0.0,1.0,1.0,1.0,1.0,1.0,0.0,1.0,1.0,0.0,1.0,1.0,0.13333333333333333,2.0,2.0,0.0,1.0,1.0,0.02247191011235955,2.0,2.0,1.0,1.0,1.0,0.0,1.0,1.0
Mockito,3,0.0,0.0,0.0,0.17266187050359713,24.0,24.0,0.0,0.0,0.0,0.18705035971223022,26.0,26.0,0.0,0.0,0.0,0.2158273381294964,27.0,27.0,0.0,0.0,0.0,0.10071942446043165,14.0,14.0,0.0,0.0,0.0,0.18705035971223022,25.0,25.0,0.0,0.0,0.0,0.18705035971223022,26.0,26.0,0.0,0.0,0.0,0.05755395683453238,9.0,9.0,0.0,0.0,0.0,0.2158273381294964,28.0,28.0,0.0,0.0,0.0,0.18705035971223022,25.0,25.0,0.0,0.0,0.0,0.16546762589928057,23.0,23.0,1.0,1.0,1.0,0.0,1.0,1.0,0.0,0.0,0.0,0.6058394160583942,45.0,45.0,1.0,1.0,1.0,0.0,1.0,1.0,0.0,0.0,0.0,0.6058394160583942,45.0,45.0,0.0,0.0,0.0,0.41007194244604317,14.0,14.0
Mockito,4,1.0,1.0,1.0,0.0,1.0,1.0,1.0,1.0,1.0,0.0,1.0,1.0,1.0,1.0,1.0,0.0,1.0,1.0,0.0,1.0,1.0,0.007575757575757576,2.0,2.0,1.0,1.0,1.0,0.0,1.0,1.0,1.0,1.0,1.0,0.0,1.0,1.0,0.0,0.0,0.0,0.4015151515151515,32.0,32.0,1.0,1.0,1.0,0.0,1.0,1.0,1.0,1.0,1.0,0.0,1.0,1.0,0.0,0.0,0.0,0.03787878787878788,6.0,6.0,1.0,1.0,1.0,0.0,1.0,1.0,1.0,1.0,1.0,0.0,1.0,1.0,1.0,1.0,1.0,0.0,1.0,1.0,1.0,1.0,1.0,0.0,1.0,1.0,1.0,1.0,1.0,0.0,1.0,1.0
Mockito,5,0.0,0.0,0.0,0.29277566539923955,31.0,31.0,0.0,0.0,0.0,0.29277566539923955,30.0,30.0,0.0,0.0,0.0,0.29277566539923955,31.0,31.0,0.0,0.0,0.0,0.29277566539923955,30.0,30.0,0.0,0.0,0.0,0.29277566539923955,31.0,31.0,0.0,0.0,0.0,0.29277566539923955,31.0,31.0,0.0,0.0,0.0,0.44106463878326996,32.0,32.0,0.0,0.0,0.0,0.29277566539923955,31.0,31.0,0.0,0.0,0.0,0.29277566539923955,31.0,31.0,0.0,0.0,0.0,0.29277566539923955,31.0,31.0,1.0,1.0,1.0,0.0,1.0,1.0,0.0,0.0,0.0,0.29389312977099236,28.0,28.0,0.0,1.0,1.0,0.2509505703422053,2.0,2.0,0.0,0.0,0.0,0.29389312977099236,28.0,28.0,0.0,1.0,1.0,0.30798479087452474,3.0,3.0
Mockito,6,0.0,1.0,1.0,0.013333333333333334,2.0,2.0,0.0,1.0,1.0,0.006666666666666667,2.0,2.0,0.0,1.0,1.0,0.006666666666666667,2.0,2.0,0.0,1.0,1.0,0.006666666666666667,2.0,2.0,1.0,1.0,1.0,0.0,1.0,1.0,1.0,1.0,1.0,0.0,1.0,1.0,0.0,0.0,0.0,0.35333333333333333,31.0,31.0,0.0,1.0,1.0,0.013333333333333334,2.0,2.0,1.0,1.0,1.0,0.0,1.0,1.0,0.0,0.0,0.0,0.03333333333333333,6.0,6.0,1.0,1.0,1.0,0.0,1.0,1.0,1.0,1.0,1.0,0.0,1.0,1.0,1.0,1.0,1.0,0.0,1.0,1.0,0.0,1.0,1.0,0.013422818791946308,2.0,2.0,0.0,0.0,1.0,0.06666666666666667,4.0,4.0
Mockito,7,0.0,1.0,1.0,0.018018018018018018,2.0,2.0,0.0,1.0,1.0,0.018018018018018018,2.0,2.0,0.0,1.0,1.0,0.018018018018018018,2.0,2.0,0.0,1.0,1.0,0.018018018018018018,2.0,2.0,0.0,1.0,1.0,0.018018018018018018,2.0,2.0,0.0,1.0,1.0,0.018018018018018018,2.0,2.0,0.0,0.0,0.0,0.43243243243243246,24.0,24.0,0.0,1.0,1.0,0.018018018018018018,2.0,2.0,0.0,1.0,1.0,0.018018018018018018,2.0,2.0,0.0,0.0,1.0,0.04504504504504504,5.0,5.0,0.0,1.0,1.0,0.8648648648648649,3.0,3.0,0.0,1.0,1.0,0.09090909090909091,3.0,3.0,0.0,1.0,1.0,0.8648648648648649,3.0,3.0,0.0,1.0,1.0,0.01818181818181818,2.0,2.0,0.0,0.0,0.0,0.4864864864864865,8.0,8.0
Mockito,8,0.0,1.0,1.0,0.2,3.0,3.0,0.0,1.0,1.0,0.2,3.0,3.0,0.0,1.0,1.0,0.2,3.0,3.0,0.0,1.0,1.0,0.2,3.0,3.0,0.0,1.0,1.0,0.2,3.0,3.0,0.0,1.0,1.0,0.2,3.0,3.0,0.0,1.0,1.0,0.2,3.0,3.0,0.0,1.0,1.0,0.2,3.0,3.0,0.0,1.0,1.0,0.2,3.0,3.0,0.0,1.0,1.0,0.2,3.0,3.0,1.0,1.0,1.0,0.0,1.0,1.0,0.0,1.0,1.0,0.2,3.0,3.0,1.0,1.0,1.0,0.0,1.0,1.0,0.0,1.0,1.0,0.2,3.0,3.0,1.0,1.0,1.0,0.0,1.0,1.0
Mockito,9,0.0,0.0,0.0,0.08527131782945736,10.0,10.0,0.0,0.0,0.0,0.06201550387596899,7.0,7.0,0.0,0.0,0.0,0.06976744186046512,8.0,8.0,0.0,0.0,0.0,0.046511627906976744,6.0,6.0,0.0,0.0,0.0,0.06201550387596899,7.0,7.0,0.0,0.0,0.0,0.06201550387596899,7.0,7.0,0.0,0.0,0.0,0.24031007751937986,12.0,12.0,0.0,0.0,0.0,0.07751937984496124,8.0,8.0,0.0,0.0,0.0,0.06201550387596899,7.0,7.0,0.0,0.0,1.0,0.023255813953488372,4.0,4.0,0.0,0.0,0.0,0.9069767441860465,11.0,11.0,0.0,0.0,0.0,0.1171875,12.0,12.0,0.0,0.0,0.0,0.9069767441860465,11.0,11.0,0.0,0.0,0.0,0.1171875,12.0,12.0,0.0,0.0,0.0,0.7286821705426356,34.0,34.0
Mockito,10,0.0,0.0,1.0,0.039603960396039604,4.0,4.0,0.0,0.0,1.0,0.0297029702970297,4.0,4.0,0.0,0.0,1.0,0.0297029702970297,4.0,4.0,0.0,0.0,1.0,0.0297029702970297,4.0,4.0,0.0,0.0,1.0,0.0297029702970297,4.0,4.0,0.0,0.0,1.0,0.0297029702970297,4.0,4.0,0.0,0.0,0.0,0.26732673267326734,8.0,8.0,0.0,0.0,1.0,0.0297029702970297,4.0,4.0,0.0,0.0,1.0,0.0297029702970297,4.0,4.0,0.0,0.0,1.0,0.039603960396039604,5.0,5.0,1.0,1.0,1.0,0.0,1.0,1.0,0.0,0.0,0.0,0.1,9.0,9.0,0.0,1.0,1.0,0.009900990099009901,2.0,2.0,0.0,0.0,0.0,0.1,9.0,9.0,0.0,0.0,0.0,0.7128712871287128,21.0,21.0
Mockito,11,1.0,1.0,1.0,0.0,1.0,1.0,1.0,1.0,1.0,0.0,1.0,1.0,1.0,1.0,1.0,0.0,1.0,1.0,1.0,1.0,1.0,0.0,1.0,1.0,1.0,1.0,1.0,0.0,1.0,1.0,1.0,1.0,1.0,0.0,1.0,1.0,1.0,1.0,1.0,0.0,1.0,1.0,1.0,1.0,1.0,0.0,1.0,1.0,1.0,1.0,1.0,0.0,1.0,1.0,1.0,1.0,1.0,0.0,1.0,1.0,1.0,1.0,1.0,0.0,1.0,1.0,1.0,1.0,1.0,0.0,1.0,1.0,1.0,1.0,1.0,0.0,1.0,1.0,1.0,1.0,1.0,0.0,1.0,1.0,1.0,1.0,1.0,0.0,1.0,1.0
Mockito,12,,,,,,,,,,,,,,,,,,,,,,,,,,,,,,,,,,,,,,,,,,,,,,,,,,,,,,,,,,,,,,,,,,,,,,,,,,,,,,,,,,,,,,,,,,
Mockito,13,,,,,,,,,,,,,,,,,,,,,,,,,,,,,,,,,,,,,,,,,,,,,,,,,,,,,,,,,,,,,,,,,,,,,,,,,,,,,,,,,,,,,,,,,,
Mockito,14,,,,,,,,,,,,,,,,,,,,,,,,,,,,,,,,,,,,,,,,,,,,,,,,,,,,,,,,,,,,,,,,,,,,,,,,,,,,,,,,,,,,,,,,,,
Mockito,15,,,,,,,,,,,,,,,,,,,,,,,,,,,,,,,,,,,,,,,,,,,,,,,,,,,,,,,,,,,,,,,,,,,,,,,,,,,,,,,,,,,,,,,,,,
Mockito,16,,,,,,,,,,,,,,,,,,,,,,,,,,,,,,,,,,,,,,,,,,,,,,,,,,,,,,,,,,,,,,,,,,,,,,,,,,,,,,,,,,,,,,,,,,
Mockito,17,,,,,,,,,,,,,,,,,,,,,,,,,,,,,,,,,,,,,,,,,,,,,,,,,,,,,,,,,,,,,,,,,,,,,,,,,,,,,,,,,,,,,,,,,,
Mockito,18,1.0,1.0,1.0,0.0,1.0,1.0,1.0,1.0,1.0,0.0,1.0,1.0,1.0,1.0,1.0,0.0,1.0,1.0,1.0,1.0,1.0,0.0,1.0,1.0,1.0,1.0,1.0,0.0,1.0,1.0,1.0,1.0,1.0,0.0,1.0,1.0,1.0,1.0,1.0,0.0,1.0,1.0,1.0,1.0,1.0,0.0,1.0,1.0,1.0,1.0,1.0,0.0,1.0,1.0,1.0,1.0,1.0,0.0,1.0,1.0,1.0,1.0,1.0,0.0,1.0,1.0,0.0,0.0,0.0,0.5671641791044776,14.0,14.0,1.0,1.0,1.0,0.0,1.0,1.0,0.0,0.0,0.0,0.5671641791044776,14.0,14.0,0.0,0.0,0.0,0.9705882352941176,30.0,30.0
Mockito,19,1.0,1.0,1.0,0.0,1.0,5.25,1.0,1.0,1.0,0.0,1.0,5.25,1.0,1.0,1.0,0.0,1.0,5.25,1.0,1.0,1.0,0.0,1.0,5.25,1.0,1.0,1.0,0.0,1.0,5.25,1.0,1.0,1.0,0.0,1.0,5.25,1.0,1.0,1.0,0.0,1.0,5.25,1.0,1.0,1.0,0.0,1.0,5.25,1.0,1.0,1.0,0.0,1.0,5.25,1.0,1.0,1.0,0.0,1.0,5.25,0.0,1.0,1.0,0.7064220183486238,2.0,4.5,1.0,1.0,1.0,0.0,1.0,5.5,0.0,1.0,1.0,0.7064220183486238,2.0,4.5,1.0,1.0,1.0,0.0,1.0,5.5,0.0,0.0,0.0,0.5871559633027523,19.0,25.5
Mockito,20,0.0,0.0,0.0,0.24305555555555555,29.0,29.0,0.0,0.0,0.0,0.1111111111111111,8.0,8.0,0.0,0.0,0.0,0.1597222222222222,16.0,16.0,0.0,0.0,0.0,0.3819444444444444,47.0,47.0,0.0,0.0,0.0,0.1111111111111111,8.0,8.0,0.0,0.0,0.0,0.2222222222222222,22.0,22.0,0.0,1.0,1.0,0.013888888888888888,3.0,3.0,0.0,0.0,0.0,0.1597222222222222,16.0,16.0,0.0,0.0,0.0,0.1111111111111111,8.0,8.0,0.0,0.0,0.0,0.2152777777777778,22.0,22.0,1.0,1.0,1.0,0.0,1.0,1.0,0.0,1.0,1.0,0.007246376811594203,2.0,2.0,0.0,1.0,1.0,0.006944444444444444,2.0,2.0,0.0,1.0,1.0,0.014492753623188406,3.0,3.0,0.0,1.0,1.0,0.006944444444444444,2.0,2.0
Mockito,21,1.0,1.0,1.0,0.0,1.0,1.0,1.0,1.0,1.0,0.0,1.0,1.0,1.0,1.0,1.0,0.0,1.0,1.0,1.0,1.0,1.0,0.0,1.0,1.0,1.0,1.0,1.0,0.0,1.0,1.0,1.0,1.0,1.0,0.0,1.0,1.0,0.0,0.0,0.0,0.16666666666666666,7.0,7.0,1.0,1.0,1.0,0.0,1.0,1.0,1.0,1.0,1.0,0.0,1.0,1.0,1.0,1.0,1.0,0.0,1.0,1.0,1.0,1.0,1.0,0.0,1.0,1.0,1.0,1.0,1.0,0.0,1.0,1.0,1.0,1.0,1.0,0.0,1.0,1.0,1.0,1.0,1.0,0.0,1.0,1.0,1.0,1.0,1.0,0.0,1.0,1.0
Mockito,22,,,,,,,,,,,,,,,,,,,,,,,,,,,,,,,,,,,,,,,,,,,,,,,,,,,,,,,,,,,,,,,,,,,,,,,,,,,,,,,,,,,,,,,,,,
Mockito,23,,,,,,,,,,,,,,,,,,,,,,,,,,,,,,,,,,,,,,,,,,,,,,,,,,,,,,,,,,,,,,,,,,,,,,,,,,,,,,,,,,,,,,,,,,
Mockito,24,,,,,,,,,,,,,,,,,,,,,,,,,,,,,,,,,,,,,,,,,,,,,,,,,,,,,,,,,,,,,,,,,,,,,,,,,,,,,,,,,,,,,,,,,,
Mockito,25,,,,,,,,,,,,,,,,,,,,,,,,,,,,,,,,,,,,,,,,,,,,,,,,,,,,,,,,,,,,,,,,,,,,,,,,,,,,,,,,,,,,,,,,,,
Mockito,26,,,,,,,,,,,,,,,,,,,,,,,,,,,,,,,,,,,,,,,,,,,,,,,,,,,,,,,,,,,,,,,,,,,,,,,,,,,,,,,,,,,,,,,,,,
Mockito,27,,,,,,,,,,,,,,,,,,,,,,,,,,,,,,,,,,,,,,,,,,,,,,,,,,,,,,,,,,,,,,,,,,,,,,,,,,,,,,,,,,,,,,,,,,
Mockito,28,,,,,,,,,,,,,,,,,,,,,,,,,,,,,,,,,,,,,,,,,,,,,,,,,,,,,,,,,,,,,,,,,,,,,,,,,,,,,,,,,,,,,,,,,,
Mockito,29,,,,,,,,,,,,,,,,,,,,,,,,,,,,,,,,,,,,,,,,,,,,,,,,,,,,,,,,,,,,,,,,,,,,,,,,,,,,,,,,,,,,,,,,,,
Mockito,30,,,,,,,,,,,,,,,,,,,,,,,,,,,,,,,,,,,,,,,,,,,,,,,,,,,,,,,,,,,,,,,,,,,,,,,,,,,,,,,,,,,,,,,,,,
Mockito,31,,,,,,,,,,,,,,,,,,,,,,,,,,,,,,,,,,,,,,,,,,,,,,,,,,,,,,,,,,,,,,,,,,,,,,,,,,,,,,,,,,,,,,,,,,
Mockito,32,,,,,,,,,,,,,,,,,,,,,,,,,,,,,,,,,,,,,,,,,,,,,,,,,,,,,,,,,,,,,,,,,,,,,,,,,,,,,,,,,,,,,,,,,,
Mockito,33,,,,,,,,,,,,,,,,,,,,,,,,,,,,,,,,,,,,,,,,,,,,,,,,,,,,,,,,,,,,,,,,,,,,,,,,,,,,,,,,,,,,,,,,,,
Mockito,34,,,,,,,,,,,,,,,,,,,,,,,,,,,,,,,,,,,,,,,,,,,,,,,,,,,,,,,,,,,,,,,,,,,,,,,,,,,,,,,,,,,,,,,,,,
Mockito,35,,,,,,,,,,,,,,,,,,,,,,,,,,,,,,,,,,,,,,,,,,,,,,,,,,,,,,,,,,,,,,,,,,,,,,,,,,,,,,,,,,,,,,,,,,
Mockito,36,,,,,,,,,,,,,,,,,,,,,,,,,,,,,,,,,,,,,,,,,,,,,,,,,,,,,,,,,,,,,,,,,,,,,,,,,,,,,,,,,,,,,,,,,,
Mockito,37,,,,,,,,,,,,,,,,,,,,,,,,,,,,,,,,,,,,,,,,,,,,,,,,,,,,,,,,,,,,,,,,,,,,,,,,,,,,,,,,,,,,,,,,,,
Mockito,38,,,,,,,,,,,,,,,,,,,,,,,,,,,,,,,,,,,,,,,,,,,,,,,,,,,,,,,,,,,,,,,,,,,,,,,,,,,,,,,,,,,,,,,,,,
Time,1,1.0,1.0,1.0,0.0,1.0,2.0,1.0,1.0,1.0,0.0,1.0,2.0,1.0,1.0,1.0,0.0,1.0,2.0,1.0,1.0,1.0,0.0,1.0,2.0,1.0,1.0,1.0,0.0,1.0,2.0,1.0,1.0,1.0,0.0,1.0,2.0,1.0,1.0,1.0,0.0,1.0,2.0,1.0,1.0,1.0,0.0,1.0,2.0,1.0,1.0,1.0,0.0,1.0,2.0,1.0,1.0,1.0,0.0,1.0,2.0,1.0,1.0,1.0,0.0,1.0,1.0,1.0,1.0,1.0,0.0,1.0,2.0,1.0,1.0,1.0,0.0,1.0,1.0,1.0,1.0,1.0,0.0,1.0,2.0,1.0,1.0,1.0,0.2638888888888889,1.0,1.5
Time,2,1.0,1.0,1.0,0.0,1.0,1.5,1.0,1.0,1.0,0.0,1.0,1.5,1.0,1.0,1.0,0.0,1.0,1.5,1.0,1.0,1.0,0.0,1.0,1.5,1.0,1.0,1.0,0.0,1.0,1.5,1.0,1.0,1.0,0.0,1.0,1.5,1.0,1.0,1.0,0.0,1.0,1.5,1.0,1.0,1.0,0.0,1.0,1.5,1.0,1.0,1.0,0.0,1.0,1.5,1.0,1.0,1.0,0.0,1.0,1.5,1.0,1.0,1.0,0.0,1.0,1.0,1.0,1.0,1.0,0.0,1.0,1.5,1.0,1.0,1.0,0.0,1.0,1.0,1.0,1.0,1.0,0.0,1.0,1.5,1.0,1.0,1.0,0.19387755102040816,1.0,1.5
Time,3,1.0,1.0,1.0,0.0,1.0,1.0,1.0,1.0,1.0,0.0,1.0,1.0,1.0,1.0,1.0,0.0,1.0,1.0,1.0,1.0,1.0,0.0,1.0,1.0,1.0,1.0,1.0,0.0,1.0,1.0,1.0,1.0,1.0,0.0,1.0,1.0,1.0,1.0,1.0,0.0,1.0,1.0,1.0,1.0,1.0,0.0,1.0,1.0,1.0,1.0,1.0,0.0,1.0,1.0,1.0,1.0,1.0,0.0,1.0,1.0,1.0,1.0,1.0,0.0,1.0,1.0,1.0,1.0,1.0,0.0,1.0,1.0,1.0,1.0,1.0,0.0,1.0,1.0,1.0,1.0,1.0,0.0,1.0,1.0,1.0,1.0,1.0,0.0,1.0,1.0
Time,4,0.0,1.0,1.0,0.008620689655172414,2.0,2.0,0.0,1.0,1.0,0.008620689655172414,2.0,2.0,0.0,1.0,1.0,0.008620689655172414,2.0,2.0,0.0,1.0,1.0,0.008620689655172414,2.0,2.0,0.0,1.0,1.0,0.008620689655172414,2.0,2.0,0.0,1.0,1.0,0.008620689655172414,2.0,2.0,0.0,1.0,1.0,0.008620689655172414,2.0,2.0,0.0,1.0,1.0,0.008620689655172414,2.0,2.0,0.0,1.0,1.0,0.008620689655172414,2.0,2.0,0.0,1.0,1.0,0.008620689655172414,2.0,2.0,1.0,1.0,1.0,0.0,1.0,1.0,0.0,1.0,1.0,0.008620689655172414,2.0,2.0,0.0,1.0,1.0,0.2413793103448276,2.0,2.0,0.0,1.0,1.0,0.008620689655172414,2.0,2.0,0.0,1.0,1.0,0.603448275862069,3.0,3.0
Time,5,1.0,1.0,1.0,0.0,1.0,1.0,1.0,1.0,1.0,0.0,1.0,1.0,1.0,1.0,1.0,0.0,1.0,1.0,1.0,1.0,1.0,0.0,1.0,1.0,1.0,1.0,1.0,0.0,1.0,1.0,1.0,1.0,1.0,0.0,1.0,1.0,1.0,1.0,1.0,0.0,1.0,1.0,1.0,1.0,1.0,0.0,1.0,1.0,1.0,1.0,1.0,0.0,1.0,1.0,1.0,1.0,1.0,0.0,1.0,1.0,1.0,1.0,1.0,0.0,1.0,1.0,1.0,1.0,1.0,0.0,1.0,1.0,1.0,1.0,1.0,0.0,1.0,1.0,1.0,1.0,1.0,0.0,1.0,1.0,1.0,1.0,1.0,0.0,1.0,1.0
Time,6,0.0,1.0,1.0,0.022727272727272728,3.0,4.5,0.0,1.0,1.0,0.022727272727272728,3.0,4.0,0.0,1.0,1.0,0.022727272727272728,3.0,4.0,0.0,1.0,1.0,0.011363636363636364,2.0,2.5,0.0,1.0,1.0,0.022727272727272728,3.0,4.0,0.0,1.0,1.0,0.022727272727272728,3.0,4.0,0.0,1.0,1.0,0.011363636363636364,2.0,3.5,0.0,1.0,1.0,0.022727272727272728,3.0,4.0,0.0,1.0,1.0,0.022727272727272728,3.0,4.0,0.0,1.0,1.0,0.011363636363636364,2.0,3.5,1.0,1.0,1.0,0.0,1.0,1.0,0.0,1.0,1.0,0.022727272727272728,3.0,4.0,0.0,1.0,1.0,0.022727272727272728,3.0,3.5,0.0,1.0,1.0,0.022727272727272728,3.0,4.0,0.0,1.0,1.0,0.022727272727272728,3.0,4.0
Time,7,0.0,1.0,1.0,0.008849557522123894,2.0,2.0,0.0,1.0,1.0,0.008849557522123894,2.0,2.0,0.0,1.0,1.0,0.008849557522123894,2.0,2.0,0.0,1.0,1.0,0.008849557522123894,2.0,2.0,0.0,1.0,1.0,0.008849557522123894,2.0,2.0,0.0,1.0,1.0,0.008849557522123894,2.0,2.0,0.0,1.0,1.0,0.008849557522123894,2.0,2.0,0.0,1.0,1.0,0.008849557522123894,2.0,2.0,0.0,1.0,1.0,0.008849557522123894,2.0,2.0,0.0,1.0,1.0,0.008849557522123894,2.0,2.0,1.0,1.0,1.0,0.0,1.0,1.0,0.0,1.0,1.0,0.008849557522123894,2.0,2.0,0.0,1.0,1.0,0.23893805309734514,2.0,2.0,0.0,1.0,1.0,0.008849557522123894,2.0,2.0,0.0,1.0,1.0,0.008849557522123894,2.0,2.0
Time,8,1.0,1.0,1.0,0.0,1.0,1.0,1.0,1.0,1.0,0.0,1.0,1.0,1.0,1.0,1.0,0.0,1.0,1.0,1.0,1.0,1.0,0.0,1.0,1.0,1.0,1.0,1.0,0.0,1.0,1.0,1.0,1.0,1.0,0.0,1.0,1.0,1.0,1.0,1.0,0.0,1.0,1.0,1.0,1.0,1.0,0.0,1.0,1.0,1.0,1.0,1.0,0.0,1.0,1.0,1.0,1.0,1.0,0.0,1.0,1.0,1.0,1.0,1.0,0.0,1.0,1.0,1.0,1.0,1.0,0.0,1.0,1.0,1.0,1.0,1.0,0.0,1.0,1.0,1.0,1.0,1.0,0.0,1.0,1.0,1.0,1.0,1.0,0.0,1.0,1.0
Time,9,1.0,1.0,1.0,0.0,1.0,1.0,1.0,1.0,1.0,0.0,1.0,1.0,1.0,1.0,1.0,0.0,1.0,1.0,1.0,1.0,1.0,0.0,1.0,1.0,1.0,1.0,1.0,0.0,1.0,1.0,1.0,1.0,1.0,0.0,1.0,1.0,1.0,1.0,1.0,0.0,1.0,1.0,1.0,1.0,1.0,0.0,1.0,1.0,1.0,1.0,1.0,0.0,1.0,1.0,1.0,1.0,1.0,0.0,1.0,1.0,1.0,1.0,1.0,0.0,1.0,1.0,1.0,1.0,1.0,0.0,1.0,1.0,1.0,1.0,1.0,0.0,1.0,1.0,1.0,1.0,1.0,0.0,1.0,1.0,1.0,1.0,1.0,0.0,1.0,1.0
Time,10,0.0,1.0,1.0,0.027777777777777776,3.0,3.0,0.0,1.0,1.0,0.009259259259259259,2.0,2.0,0.0,1.0,1.0,0.027777777777777776,3.0,3.0,0.0,1.0,1.0,0.009259259259259259,2.0,2.0,0.0,1.0,1.0,0.018518518518518517,2.0,2.0,0.0,1.0,1.0,0.027777777777777776,3.0,3.0,0.0,1.0,1.0,0.009259259259259259,2.0,2.0,0.0,1.0,1.0,0.027777777777777776,3.0,3.0,0.0,1.0,1.0,0.018518518518518517,2.0,2.0,0.0,1.0,1.0,0.009259259259259259,2.0,2.0,1.0,1.0,1.0,0.0,1.0,1.0,0.0,1.0,1.0,0.009259259259259259,2.0,2.0,0.0,1.0,1.0,0.24074074074074073,2.0,2.0,0.0,1.0,1.0,0.027777777777777776,3.0,3.0,0.0,0.0,1.0,0.5277777777777778,4.0,4.0
Time,11,0.0,1.0,1.0,0.0125,2.0,2.0,1.0,1.0,1.0,0.0,1.0,1.0,0.0,1.0,1.0,0.0125,2.0,2.0,1.0,1.0,1.0,0.0,1.0,1.0,0.0,1.0,1.0,0.0125,2.0,2.0,0.0,1.0,1.0,0.0125,2.0,2.0,0.0,1.0,1.0,0.0125,2.0,2.0,0.0,1.0,1.0,0.0125,2.0,2.0,0.0,1.0,1.0,0.0125,2.0,2.0,0.0,1.0,1.0,0.0125,2.0,2.0,1.0,1.0,1.0,0.0,1.0,1.0,0.0,1.0,1.0,0.0125,2.0,2.0,0.0,1.0,1.0,0.0125,2.0,2.0,0.0,1.0,1.0,0.0125,2.0,2.0,0.0,1.0,1.0,0.0125,2.0,2.0
Time,12,1.0,1.0,1.0,0.0,1.0,1.0,1.0,1.0,1.0,0.0,1.0,1.5,1.0,1.0,1.0,0.0,1.0,1.5,1.0,1.0,1.0,0.0,1.0,1.5,1.0,1.0,1.0,0.0,1.0,1.5,1.0,1.0,1.0,0.0,1.0,1.5,0.0,0.0,0.0,0.8421052631578947,59.0,59.5,1.0,1.0,1.0,0.0,1.0,1.0,1.0,1.0,1.0,0.0,1.0,1.5,0.0,0.0,0.0,0.37894736842105264,30.0,30.5,1.0,1.0,1.0,0.0,1.0,1.0,1.0,1.0,1.0,0.0,1.0,1.5,1.0,1.0,1.0,0.0,1.0,1.0,1.0,1.0,1.0,0.0,1.0,1.0,1.0,1.0,1.0,0.0,1.0,1.5
Time,13,0.0,0.0,0.0,0.06097560975609756,6.0,6.0,0.0,0.0,0.0,0.06097560975609756,6.0,6.0,0.0,0.0,0.0,0.06097560975609756,6.0,6.0,0.0,0.0,0.0,0.06097560975609756,6.0,6.0,0.0,0.0,0.0,0.06097560975609756,6.0,6.0,0.0,0.0,0.0,0.06097560975609756,6.0,6.0,0.0,0.0,0.0,0.06097560975609756,6.0,6.0,0.0,0.0,0.0,0.06097560975609756,6.0,6.0,0.0,0.0,0.0,0.06097560975609756,6.0,6.0,0.0,0.0,0.0,0.06097560975609756,6.0,6.0,1.0,1.0,1.0,0.0,1.0,1.0,0.0,0.0,0.0,0.06097560975609756,6.0,6.0,0.0,1.0,1.0,0.23170731707317074,2.0,2.0,0.0,0.0,0.0,0.06097560975609756,6.0,6.0,0.0,1.0,1.0,0.524390243902439,3.0,3.0
Time,14,0.0,1.0,1.0,0.017699115044247787,3.0,3.0,0.0,1.0,1.0,0.008849557522123894,2.0,2.0,0.0,1.0,1.0,0.008849557522123894,2.0,2.0,1.0,1.0,1.0,0.0,1.0,1.0,0.0,1.0,1.0,0.008849557522123894,2.0,2.0,0.0,1.0,1.0,0.008849557522123894,2.0,2.0,1.0,1.0,1.0,0.0,1.0,1.0,0.0,1.0,1.0,0.008849557522123894,2.0,2.0,0.0,1.0,1.0,0.008849557522123894,2.0,2.0,1.0,1.0,1.0,0.0,1.0,1.0,1.0,1.0,1.0,0.0,1.0,1.0,0.0,1.0,1.0,0.008849557522123894,2.0,2.0,0.0,1.0,1.0,0.23893805309734514,2.0,2.0,0.0,1.0,1.0,0.008849557522123894,2.0,2.0,1.0,1.0,1.0,0.0,1.0,1.0
Time,15,1.0,1.0,1.0,0.0,1.0,1.0,1.0,1.0,1.0,0.0,1.0,1.0,1.0,1.0,1.0,0.0,1.0,1.0,1.0,1.0,1.0,0.0,1.0,1.0,1.0,1.0,1.0,0.0,1.0,1.0,1.0,1.0,1.0,0.0,1.0,1.0,1.0,1.0,1.0,0.0,1.0,1.0,1.0,1.0,1.0,0.0,1.0,1.0,1.0,1.0,1.0,0.0,1.0,1.0,1.0,1.0,1.0,0.0,1.0,1.0,1.0,1.0,1.0,0.0,1.0,1.0,1.0,1.0,1.0,0.0,1.0,1.0,1.0,1.0,1.0,0.0,1.0,1.0,1.0,1.0,1.0,0.0,1.0,1.0,1.0,1.0,1.0,0.0,1.0,1.0
Time,16,1.0,1.0,1.0,0.0,1.0,1.0,1.0,1.0,1.0,0.0,1.0,1.0,1.0,1.0,1.0,0.0,1.0,1.0,1.0,1.0,1.0,0.0,1.0,1.0,1.0,1.0,1.0,0.0,1.0,1.0,1.0,1.0,1.0,0.0,1.0,1.0,1.0,1.0,1.0,0.0,1.0,1.0,1.0,1.0,1.0,0.0,1.0,1.0,1.0,1.0,1.0,0.0,1.0,1.0,1.0,1.0,1.0,0.0,1.0,1.0,1.0,1.0,1.0,0.0,1.0,1.0,1.0,1.0,1.0,0.0,1.0,1.0,1.0,1.0,1.0,0.0,1.0,1.0,1.0,1.0,1.0,0.0,1.0,1.0,1.0,1.0,1.0,0.0,1.0,1.0
Time,17,1.0,1.0,1.0,0.0,1.0,1.0,1.0,1.0,1.0,0.0,1.0,1.0,1.0,1.0,1.0,0.0,1.0,1.0,1.0,1.0,1.0,0.0,1.0,1.0,1.0,1.0,1.0,0.0,1.0,1.0,1.0,1.0,1.0,0.0,1.0,1.0,1.0,1.0,1.0,0.0,1.0,1.0,1.0,1.0,1.0,0.0,1.0,1.0,1.0,1.0,1.0,0.0,1.0,1.0,1.0,1.0,1.0,0.0,1.0,1.0,1.0,1.0,1.0,0.0,1.0,1.0,1.0,1.0,1.0,0.0,1.0,1.0,1.0,1.0,1.0,0.0,1.0,1.0,1.0,1.0,1.0,0.0,1.0,1.0,1.0,1.0,1.0,0.0,1.0,1.0
Time,18,0.0,1.0,1.0,0.012345679012345678,2.0,2.0,0.0,1.0,1.0,0.012345679012345678,2.0,2.0,0.0,1.0,1.0,0.012345679012345678,2.0,2.0,0.0,1.0,1.0,0.012345679012345678,2.0,2.0,0.0,1.0,1.0,0.012345679012345678,2.0,2.0,0.0,1.0,1.0,0.012345679012345678,2.0,2.0,0.0,0.0,0.0,0.19753086419753085,9.0,9.0,0.0,1.0,1.0,0.012345679012345678,2.0,2.0,0.0,1.0,1.0,0.012345679012345678,2.0,2.0,0.0,1.0,1.0,0.012345679012345678,2.0,2.0,1.0,1.0,1.0,0.0,1.0,1.0,0.0,1.0,1.0,0.012345679012345678,2.0,2.0,0.0,1.0,1.0,0.2345679012345679,2.0,2.0,0.0,1.0,1.0,0.012345679012345678,2.0,2.0,0.0,1.0,1.0,0.5432098765432098,3.0,3.0
Time,19,0.0,0.0,0.0,0.16483516483516483,15.0,15.0,0.0,0.0,0.0,0.16483516483516483,15.0,15.0,0.0,0.0,0.0,0.16483516483516483,15.0,15.0,0.0,0.0,0.0,0.16483516483516483,15.0,15.0,0.0,0.0,0.0,0.16483516483516483,15.0,15.0,0.0,0.0,0.0,0.16483516483516483,15.0,15.0,0.0,0.0,1.0,0.10989010989010989,4.0,4.0,0.0,0.0,0.0,0.16483516483516483,15.0,15.0,0.0,0.0,0.0,0.16483516483516483,15.0,15.0,0.0,0.0,0.0,0.16483516483516483,15.0,15.0,1.0,1.0,1.0,0.0,1.0,1.0,0.0,1.0,1.0,0.03296703296703297,3.0,3.0,1.0,1.0,1.0,0.0,1.0,1.0,0.0,1.0,1.0,0.03296703296703297,3.0,3.0,1.0,1.0,1.0,0.0,1.0,1.0
Time,20,1.0,1.0,1.0,0.0,1.0,1.0,1.0,1.0,1.0,0.0,1.0,1.0,1.0,1.0,1.0,0.0,1.0,1.0,1.0,1.0,1.0,0.0,1.0,1.0,1.0,1.0,1.0,0.0,1.0,1.0,1.0,1.0,1.0,0.0,1.0,1.0,0.0,0.0,0.0,0.14736842105263157,7.0,7.0,1.0,1.0,1.0,0.0,1.0,1.0,1.0,1.0,1.0,0.0,1.0,1.0,1.0,1.0,1.0,0.0,1.0,1.0,1.0,1.0,1.0,0.0,1.0,1.0,1.0,1.0,1.0,0.0,1.0,1.0,1.0,1.0,1.0,0.0,1.0,1.0,1.0,1.0,1.0,0.0,1.0,1.0,1.0,1.0,1.0,0.0,1.0,1.0
Time,22,0.0,0.0,0.0,0.06329113924050633,6.0,7.0,0.0,0.0,0.0,0.7721518987341772,44.0,44.5,0.0,0.0,0.0,0.06329113924050633,6.0,9.5,0.0,0.0,1.0,0.0379746835443038,4.0,5.0,0.0,0.0,0.0,0.7974683544303798,46.0,46.5,0.0,0.0,0.0,0.24050632911392406,19.0,23.5,0.0,0.0,0.0,0.7974683544303798,38.0,38.5,0.0,0.0,0.0,0.06329113924050633,6.0,7.5,0.0,0.0,0.0,0.7974683544303798,46.0,46.5,0.0,0.0,0.0,0.7088607594936709,44.0,44.5,1.0,1.0,1.0,0.0,1.0,1.0,0.0,0.0,0.0,0.7974683544303798,31.0,31.5,0.0,1.0,1.0,0.012658227848101266,2.0,2.0,0.0,0.0,0.0,0.7974683544303798,31.0,31.5,0.0,0.0,0.0,0.8227848101265823,24.0,24.0
Time,23,1.0,1.0,1.0,0.0,1.0,1.0,1.0,1.0,1.0,0.0,1.0,1.0,1.0,1.0,1.0,0.0,1.0,1.0,1.0,1.0,1.0,0.0,1.0,1.0,1.0,1.0,1.0,0.0,1.0,1.0,1.0,1.0,1.0,0.0,1.0,1.0,1.0,1.0,1.0,0.0,1.0,1.0,1.0,1.0,1.0,0.0,1.0,1.0,1.0,1.0,1.0,0.0,1.0,1.0,1.0,1.0,1.0,0.0,1.0,1.0,1.0,1.0,1.0,0.0,1.0,1.0,1.0,1.0,1.0,0.0,1.0,1.0,1.0,1.0,1.0,0.0,1.0,1.0,1.0,1.0,1.0,0.0,1.0,1.0,1.0,1.0,1.0,0.0,1.0,1.0
Time,24,0.0,0.0,0.0,0.07692307692307693,10.0,10.0,0.0,0.0,1.0,0.03418803418803419,5.0,5.0,0.0,0.0,0.0,0.09401709401709402,12.0,12.0,0.0,0.0,1.0,0.02564102564102564,4.0,4.0,0.0,0.0,0.0,0.05982905982905983,8.0,8.0,0.0,0.0,0.0,0.05982905982905983,8.0,8.0,0.0,0.0,0.0,0.11965811965811966,7.0,7.0,0.0,0.0,0.0,0.08547008547008547,10.0,10.0,0.0,0.0,0.0,0.05982905982905983,8.0,8.0,1.0,1.0,1.0,0.0,1.0,1.0,1.0,1.0,1.0,0.0,1.0,1.0,0.0,0.0,0.0,0.15384615384615385,10.0,10.0,0.0,1.0,1.0,0.008547008547008548,2.0,2.0,0.0,0.0,0.0,0.18803418803418803,14.0,14.0,0.0,0.0,1.0,0.10256410256410256,4.0,4.0
Time,25,0.0,0.0,0.0,0.31868131868131866,30.0,30.0,0.0,0.0,0.0,0.18681318681318682,17.0,17.0,0.0,0.0,0.0,0.24175824175824176,23.0,23.0,0.0,0.0,0.0,0.3076923076923077,29.0,29.0,0.0,0.0,0.0,0.18681318681318682,17.0,17.0,0.0,0.0,0.0,0.18681318681318682,18.0,18.0,0.0,0.0,1.0,0.10989010989010989,4.0,4.0,0.0,0.0,0.0,0.25274725274725274,24.0,24.0,0.0,0.0,0.0,0.18681318681318682,17.0,17.0,0.0,0.0,0.0,0.14285714285714285,13.0,13.0,1.0,1.0,1.0,0.0,1.0,1.0,0.0,0.0,1.0,0.07692307692307693,5.0,5.0,0.0,1.0,1.0,0.23076923076923078,2.0,2.0,0.0,0.0,0.0,0.08791208791208792,6.0,6.0,0.0,1.0,1.0,0.04395604395604396,2.0,2.0
Time,26,0.0,0.0,0.0,0.45614035087719296,48.0,48.0,0.0,0.0,0.0,0.38596491228070173,41.0,41.0,0.0,0.0,0.0,0.37719298245614036,41.0,41.0,0.0,0.0,0.0,0.4824561403508772,52.0,52.0,0.0,0.0,0.0,0.40350877192982454,42.0,42.0,0.0,0.0,0.0,0.35964912280701755,39.0,39.0,0.0,0.0,0.0,0.35964912280701755,30.0,30.0,0.0,0.0,0.0,0.39473684210526316,42.0,42.0,0.0,0.0,0.0,0.40350877192982454,42.0,42.0,0.0,0.0,0.0,0.2982456140350877,32.0,32.0,1.0,1.0,1.0,0.0,1.0,1.0,0.0,0.0,0.0,0.6228070175438597,38.0,38.0,0.0,0.0,1.0,0.2543859649122807,4.0,4.0,0.0,0.0,0.0,0.6403508771929824,42.0,42.0,0.0,0.0,0.0,0.6052631578947368,33.0,33.0
Math,1,1.0,1.0,1.0,0.0,1.0,1.0,0.0,1.0,1.0,0.09523809523809523,2.0,2.0,0.0,1.0,1.0,0.09523809523809523,2.0,2.0,0.0,0.0,1.0,0.19047619047619047,4.0,4.0,0.0,1.0,1.0,0.09523809523809523,2.0,2.0,0.0,1.0,1.0,0.09523809523809523,2.0,2.0,0.0,0.0,1.0,0.23809523809523808,5.0,5.0,1.0,1.0,1.0,0.0,1.0,1.0,0.0,1.0,1.0,0.09523809523809523,2.0,2.0,0.0,0.0,1.0,0.23809523809523808,5.0,5.0,1.0,1.0,1.0,0.0,1.0,1.0,0.0,1.0,1.0,0.09523809523809523,2.0,2.0,1.0,1.0,1.0,0.0,1.0,1.0,1.0,1.0,1.0,0.0,1.0,1.0,0.0,1.0,1.0,0.09523809523809523,2.0,2.0
Math,2,1.0,1.0,1.0,0.0,1.0,1.0,1.0,1.0,1.0,0.0,1.0,1.0,1.0,1.0,1.0,0.0,1.0,1.0,1.0,1.0,1.0,0.0,1.0,1.0,1.0,1.0,1.0,0.0,1.0,1.0,1.0,1.0,1.0,0.0,1.0,1.0,1.0,1.0,1.0,0.0,1.0,1.0,1.0,1.0,1.0,0.0,1.0,1.0,1.0,1.0,1.0,0.0,1.0,1.0,1.0,1.0,1.0,0.0,1.0,1.0,1.0,1.0,1.0,0.0,1.0,1.0,1.0,1.0,1.0,0.0,1.0,1.0,1.0,1.0,1.0,0.0,1.0,1.0,1.0,1.0,1.0,0.0,1.0,1.0,1.0,1.0,1.0,0.0,1.0,1.0
Math,3,1.0,1.0,1.0,0.0,1.0,1.0,1.0,1.0,1.0,0.0,1.0,1.0,1.0,1.0,1.0,0.0,1.0,1.0,1.0,1.0,1.0,0.0,1.0,1.0,1.0,1.0,1.0,0.0,1.0,1.0,1.0,1.0,1.0,0.0,1.0,1.0,1.0,1.0,1.0,0.0,1.0,1.0,1.0,1.0,1.0,0.0,1.0,1.0,1.0,1.0,1.0,0.0,1.0,1.0,1.0,1.0,1.0,0.0,1.0,1.0,1.0,1.0,1.0,0.0,1.0,1.0,1.0,1.0,1.0,0.0,1.0,1.0,1.0,1.0,1.0,0.0,1.0,1.0,1.0,1.0,1.0,0.0,1.0,1.0,1.0,1.0,1.0,0.0,1.0,1.0
Math,4,1.0,1.0,1.0,0.0,1.0,1.0,1.0,1.0,1.0,0.0,1.0,1.0,1.0,1.0,1.0,0.0,1.0,1.0,0.0,0.0,1.0,0.18421052631578946,5.0,5.0,1.0,1.0,1.0,0.0,1.0,1.0,1.0,1.0,1.0,0.0,1.0,1.0,0.0,0.0,0.0,0.21052631578947367,6.0,6.0,1.0,1.0,1.0,0.0,1.0,1.0,1.0,1.0,1.0,0.0,1.0,1.0,0.0,0.0,1.0,0.18421052631578946,5.0,5.0,1.0,1.0,1.0,0.0,1.0,1.0,1.0,1.0,1.0,0.0,1.0,1.0,1.0,1.0,1.0,0.0,1.0,1.0,1.0,1.0,1.0,0.0,1.0,1.0,0.0,1.0,1.0,0.47368421052631576,2.0,2.0
Math,5,1.0,1.0,1.0,0.0,1.0,1.0,1.0,1.0,1.0,0.0,1.0,1.0,1.0,1.0,1.0,0.0,1.0,1.0,1.0,1.0,1.0,0.0,1.0,1.0,1.0,1.0,1.0,0.0,1.0,1.0,1.0,1.0,1.0,0.0,1.0,1.0,1.0,1.0,1.0,0.0,1.0,1.0,1.0,1.0,1.0,0.0,1.0,1.0,1.0,1.0,1.0,0.0,1.0,1.0,1.0,1.0,1.0,0.0,1.0,1.0,1.0,1.0,1.0,0.0,1.0,1.0,1.0,1.0,1.0,0.0,1.0,1.0,1.0,1.0,1.0,0.0,1.0,1.0,1.0,1.0,1.0,0.0,1.0,1.0,1.0,1.0,1.0,0.0,1.0,1.0
Math,6,1.0,1.0,1.0,0.0,1.0,15.857142857142858,1.0,1.0,1.0,0.016260162601626018,1.0,35.714285714285715,1.0,1.0,1.0,0.0,1.0,27.714285714285715,0.0,1.0,1.0,0.016260162601626018,3.0,30.285714285714285,1.0,1.0,1.0,0.0,1.0,31.0,1.0,1.0,1.0,0.0,1.0,31.571428571428573,1.0,1.0,1.0,0.0,1.0,41.285714285714285,1.0,1.0,1.0,0.0,1.0,21.142857142857142,1.0,1.0,1.0,0.0,1.0,31.0,1.0,1.0,1.0,0.0,1.0,40.0,1.0,1.0,1.0,0.0975609756097561,1.0,4.428571428571429,1.0,1.0,1.0,0.0,1.0,32.714285714285715,1.0,1.0,1.0,0.0,1.0,8.428571428571429,0.0,1.0,1.0,0.016260162601626018,3.0,28.571428571428573,1.0,1.0,1.0,0.0,1.0,28.571428571428573
Math,7,0.0,1.0,1.0,0.05128205128205128,2.0,2.0,0.0,1.0,1.0,0.05128205128205128,2.0,2.0,0.0,1.0,1.0,0.05128205128205128,2.0,2.0,0.0,1.0,1.0,0.05128205128205128,2.0,2.0,0.0,1.0,1.0,0.05128205128205128,2.0,2.0,0.0,1.0,1.0,0.05128205128205128,2.0,2.0,0.0,1.0,1.0,0.05128205128205128,2.0,2.0,0.0,1.0,1.0,0.05128205128205128,2.0,2.0,0.0,1.0,1.0,0.05128205128205128,2.0,2.0,0.0,1.0,1.0,0.05128205128205128,2.0,2.0,1.0,1.0,1.0,0.0,1.0,1.0,0.0,1.0,1.0,0.05128205128205128,2.0,2.0,1.0,1.0,1.0,0.0,1.0,1.0,0.0,1.0,1.0,0.05128205128205128,2.0,2.0,1.0,1.0,1.0,0.0,1.0,1.0
Math,8,1.0,1.0,1.0,0.0,1.0,1.0,1.0,1.0,1.0,0.0,1.0,1.0,1.0,1.0,1.0,0.0,1.0,1.0,1.0,1.0,1.0,0.0,1.0,1.0,1.0,1.0,1.0,0.0,1.0,1.0,1.0,1.0,1.0,0.0,1.0,1.0,1.0,1.0,1.0,0.0,1.0,1.0,1.0,1.0,1.0,0.0,1.0,1.0,1.0,1.0,1.0,0.0,1.0,1.0,1.0,1.0,1.0,0.0,1.0,1.0,1.0,1.0,1.0,0.0,1.0,1.0,1.0,1.0,1.0,0.0,1.0,1.0,1.0,1.0,1.0,0.0,1.0,1.0,1.0,1.0,1.0,0.0,1.0,1.0,1.0,1.0,1.0,0.0,1.0,1.0
Math,9,1.0,1.0,1.0,0.0,1.0,1.0,0.0,1.0,1.0,0.05263157894736842,2.0,2.0,1.0,1.0,1.0,0.0,1.0,1.0,0.0,1.0,1.0,0.05263157894736842,2.0,2.0,1.0,1.0,1.0,0.0,1.0,1.0,1.0,1.0,1.0,0.0,1.0,1.0,1.0,1.0,1.0,0.0,1.0,1.0,1.0,1.0,1.0,0.0,1.0,1.0,1.0,1.0,1.0,0.0,1.0,1.0,1.0,1.0,1.0,0.0,1.0,1.0,1.0,1.0,1.0,0.0,1.0,1.0,1.0,1.0,1.0,0.0,1.0,1.0,1.0,1.0,1.0,0.0,1.0,1.0,1.0,1.0,1.0,0.0,1.0,1.0,1.0,1.0,1.0,0.0,1.0,1.0
Math,10,1.0,1.0,1.0,0.0,1.0,1.0,1.0,1.0,1.0,0.0,1.0,1.0,1.0,1.0,1.0,0.0,1.0,1.0,1.0,1.0,1.0,0.0,1.0,1.0,1.0,1.0,1.0,0.0,1.0,1.0,1.0,1.0,1.0,0.0,1.0,1.0,1.0,1.0,1.0,0.0,1.0,1.0,1.0,1.0,1.0,0.0,1.0,1.0,1.0,1.0,1.0,0.0,1.0,1.0,1.0,1.0,1.0,0.0,1.0,1.0,1.0,1.0,1.0,0.0,1.0,1.0,1.0,1.0,1.0,0.0,1.0,1.0,1.0,1.0,1.0,0.0,1.0,1.0,1.0,1.0,1.0,0.0,1.0,1.0,1.0,1.0,1.0,0.0,1.0,1.0
Math,11,1.0,1.0,1.0,0.0,1.0,1.0,1.0,1.0,1.0,0.0,1.0,1.0,1.0,1.0,1.0,0.0,1.0,1.0,1.0,1.0,1.0,0.0,1.0,1.0,1.0,1.0,1.0,0.0,1.0,1.0,1.0,1.0,1.0,0.0,1.0,1.0,1.0,1.0,1.0,0.0,1.0,1.0,1.0,1.0,1.0,0.0,1.0,1.0,1.0,1.0,1.0,0.0,1.0,1.0,1.0,1.0,1.0,0.0,1.0,1.0,1.0,1.0,1.0,0.0,1.0,1.0,1.0,1.0,1.0,0.0,1.0,1.0,1.0,1.0,1.0,0.0,1.0,1.0,1.0,1.0,1.0,0.0,1.0,1.0,1.0,1.0,1.0,0.0,1.0,1.0
Math,12,0.0,0.0,0.0,,,,0.0,0.0,0.0,,,,0.0,0.0,0.0,,,,0.0,0.0,0.0,,,,0.0,0.0,0.0,,,,0.0,0.0,0.0,,,,0.0,0.0,0.0,,,,0.0,0.0,0.0,,,,0.0,0.0,0.0,,,,0.0,0.0,0.0,,,,0.0,0.0,0.0,,,,0.0,0.0,0.0,,,,0.0,0.0,0.0,,,,0.0,0.0,0.0,,,,0.0,0.0,0.0,,,
Math,13,1.0,1.0,1.0,0.0,1.0,1.0,1.0,1.0,1.0,0.0,1.0,1.0,1.0,1.0,1.0,0.0,1.0,1.0,1.0,1.0,1.0,0.0,1.0,1.0,1.0,1.0,1.0,0.0,1.0,1.0,1.0,1.0,1.0,0.0,1.0,1.0,1.0,1.0,1.0,0.0,1.0,1.0,1.0,1.0,1.0,0.0,1.0,1.0,1.0,1.0,1.0,0.0,1.0,1.0,1.0,1.0,1.0,0.0,1.0,1.0,1.0,1.0,1.0,0.0,1.0,1.0,0.0,0.0,0.0,,,,1.0,1.0,1.0,0.0,1.0,1.0,0.0,0.0,0.0,,,,1.0,1.0,1.0,0.0,1.0,1.0
Math,14,1.0,1.0,1.0,0.0,1.0,1.0,1.0,1.0,1.0,0.0,1.0,1.0,1.0,1.0,1.0,0.0,1.0,1.0,1.0,1.0,1.0,0.0,1.0,1.0,1.0,1.0,1.0,0.0,1.0,1.0,1.0,1.0,1.0,0.0,1.0,1.0,1.0,1.0,1.0,0.0,1.0,1.0,1.0,1.0,1.0,0.0,1.0,1.0,1.0,1.0,1.0,0.0,1.0,1.0,1.0,1.0,1.0,0.0,1.0,1.0,1.0,1.0,1.0,0.0,1.0,1.0,0.0,0.0,0.0,,,,1.0,1.0,1.0,0.0,1.0,1.0,0.0,0.0,0.0,,,,1.0,1.0,1.0,0.0,1.0,1.0
Math,15,0.0,1.0,1.0,0.26666666666666666,3.0,3.0,0.0,1.0,1.0,0.26666666666666666,3.0,3.0,0.0,1.0,1.0,0.26666666666666666,3.0,3.0,0.0,1.0,1.0,0.26666666666666666,3.0,3.0,0.0,1.0,1.0,0.26666666666666666,3.0,3.0,0.0,1.0,1.0,0.26666666666666666,3.0,3.0,0.0,1.0,1.0,0.26666666666666666,3.0,3.0,0.0,1.0,1.0,0.26666666666666666,3.0,3.0,0.0,1.0,1.0,0.26666666666666666,3.0,3.0,0.0,1.0,1.0,0.26666666666666666,3.0,3.0,1.0,1.0,1.0,0.0,1.0,1.0,0.0,1.0,1.0,0.26666666666666666,3.0,3.0,1.0,1.0,1.0,0.0,1.0,1.0,0.0,1.0,1.0,0.26666666666666666,3.0,3.0,1.0,1.0,1.0,0.0,1.0,1.0
Math,16,1.0,1.0,1.0,0.0,1.0,1.0,1.0,1.0,1.0,0.0,1.0,1.0,1.0,1.0,1.0,0.0,1.0,1.0,1.0,1.0,1.0,0.0,1.0,1.0,1.0,1.0,1.0,0.0,1.0,1.0,1.0,1.0,1.0,0.0,1.0,1.0,1.0,1.0,1.0,0.0,1.0,1.0,1.0,1.0,1.0,0.0,1.0,1.0,1.0,1.0,1.0,0.0,1.0,1.0,1.0,1.0,1.0,0.0,1.0,1.0,1.0,1.0,1.0,0.0,1.0,1.0,1.0,1.0,1.0,0.0,1.0,1.0,1.0,1.0,1.0,0.0,1.0,1.0,1.0,1.0,1.0,0.0,1.0,1.0,1.0,1.0,1.0,0.0,1.0,1.0
Math,17,0.0,1.0,1.0,0.3333333333333333,2.0,2.0,0.0,1.0,1.0,0.3333333333333333,2.0,2.0,0.0,1.0,1.0,0.3333333333333333,2.0,2.0,0.0,1.0,1.0,0.3333333333333333,2.0,2.0,0.0,1.0,1.0,0.3333333333333333,2.0,2.0,0.0,1.0,1.0,0.3333333333333333,2.0,2.0,0.0,1.0,1.0,0.3333333333333333,2.0,2.0,0.0,1.0,1.0,0.3333333333333333,2.0,2.0,0.0,1.0,1.0,0.3333333333333333,2.0,2.0,0.0,1.0,1.0,0.3333333333333333,2.0,2.0,1.0,1.0,1.0,0.0,1.0,1.0,1.0,1.0,1.0,0.0,1.0,1.0,1.0,1.0,1.0,0.0,1.0,1.0,1.0,1.0,1.0,0.0,1.0,1.0,1.0,1.0,1.0,0.0,1.0,1.0
Math,18,0.0,1.0,1.0,0.014084507042253521,2.0,2.0,1.0,1.0,1.0,0.0,1.0,1.0,0.0,1.0,1.0,0.014084507042253521,2.0,2.0,1.0,1.0,1.0,0.0,1.0,1.0,0.0,1.0,1.0,0.014084507042253521,2.0,2.0,0.0,1.0,1.0,0.014084507042253521,2.0,2.0,0.0,1.0,1.0,0.014084507042253521,2.0,2.0,0.0,1.0,1.0,0.014084507042253521,2.0,2.0,0.0,1.0,1.0,0.014084507042253521,2.0,2.0,0.0,1.0,1.0,0.014084507042253521,2.0,2.0,1.0,1.0,1.0,0.0,1.0,1.0,0.0,1.0,1.0,0.014084507042253521,2.0,2.0,0.0,1.0,1.0,0.2535211267605634,2.0,2.0,0.0,1.0,1.0,0.014084507042253521,2.0,2.0,0.0,1.0,1.0,0.028169014084507043,2.0,2.0
Math,19,1.0,1.0,1.0,0.0,1.0,1.0,1.0,1.0,1.0,0.0,1.0,1.0,1.0,1.0,1.0,0.0,1.0,1.0,1.0,1.0,1.0,0.0,1.0,1.0,1.0,1.0,1.0,0.0,1.0,1.0,1.0,1.0,1.0,0.0,1.0,1.0,1.0,1.0,1.0,0.0,1.0,1.0,1.0,1.0,1.0,0.0,1.0,1.0,1.0,1.0,1.0,0.0,1.0,1.0,1.0,1.0,1.0,0.0,1.0,1.0,1.0,1.0,1.0,0.0,1.0,1.0,1.0,1.0,1.0,0.0,1.0,1.0,1.0,1.0,1.0,0.0,1.0,1.0,1.0,1.0,1.0,0.0,1.0,1.0,1.0,1.0,1.0,0.0,1.0,1.0
Math,20,0.0,1.0,1.0,0.014084507042253521,2.0,2.0,1.0,1.0,1.0,0.0,1.0,1.0,0.0,1.0,1.0,0.014084507042253521,2.0,2.0,1.0,1.0,1.0,0.0,1.0,1.0,0.0,1.0,1.0,0.014084507042253521,2.0,2.0,0.0,1.0,1.0,0.014084507042253521,2.0,2.0,0.0,1.0,1.0,0.014084507042253521,2.0,2.0,0.0,1.0,1.0,0.014084507042253521,2.0,2.0,0.0,1.0,1.0,0.014084507042253521,2.0,2.0,0.0,1.0,1.0,0.014084507042253521,2.0,2.0,1.0,1.0,1.0,0.0,1.0,1.0,0.0,1.0,1.0,0.014084507042253521,2.0,2.0,0.0,1.0,1.0,0.014084507042253521,2.0,2.0,0.0,1.0,1.0,0.014084507042253521,2.0,2.0,0.0,1.0,1.0,0.014084507042253521,2.0,2.0
Math,21,1.0,1.0,1.0,0.0,1.0,1.0,1.0,1.0,1.0,0.0,1.0,1.0,1.0,1.0,1.0,0.0,1.0,1.0,1.0,1.0,1.0,0.0,1.0,1.0,1.0,1.0,1.0,0.0,1.0,1.0,1.0,1.0,1.0,0.0,1.0,1.0,1.0,1.0,1.0,0.0,1.0,1.0,1.0,1.0,1.0,0.0,1.0,1.0,1.0,1.0,1.0,0.0,1.0,1.0,1.0,1.0,1.0,0.0,1.0,1.0,0.0,1.0,1.0,0.9767441860465116,2.0,2.0,1.0,1.0,1.0,0.0,1.0,1.0,0.0,1.0,1.0,0.9767441860465116,2.0,2.0,1.0,1.0,1.0,0.0,1.0,1.0,1.0,1.0,1.0,0.0,1.0,1.0
Math,22,1.0,1.0,1.0,0.0,1.0,1.0,1.0,1.0,1.0,0.0,1.0,1.0,1.0,1.0,1.0,0.0,1.0,1.0,1.0,1.0,1.0,0.0,1.0,1.0,1.0,1.0,1.0,0.0,1.0,1.0,1.0,1.0,1.0,0.0,1.0,1.0,0.0,0.0,1.0,0.2222222222222222,5.0,5.0,1.0,1.0,1.0,0.0,1.0,1.0,1.0,1.0,1.0,0.0,1.0,1.0,0.0,0.0,1.0,0.2222222222222222,5.0,5.0,1.0,1.0,1.0,0.0,1.0,1.0,1.0,1.0,1.0,0.0,1.0,1.0,1.0,1.0,1.0,0.0,1.0,1.0,1.0,1.0,1.0,0.0,1.0,1.0,1.0,1.0,1.0,0.0,1.0,1.0
Math,23,0.0,0.0,1.0,0.09090909090909091,4.0,4.0,0.0,0.0,1.0,0.09090909090909091,4.0,4.0,0.0,0.0,1.0,0.09090909090909091,4.0,4.0,0.0,0.0,1.0,0.09090909090909091,4.0,4.0,0.0,0.0,1.0,0.09090909090909091,4.0,4.0,0.0,0.0,1.0,0.09090909090909091,4.0,4.0,0.0,0.0,1.0,0.09090909090909091,4.0,4.0,0.0,0.0,1.0,0.09090909090909091,4.0,4.0,0.0,0.0,1.0,0.09090909090909091,4.0,4.0,0.0,0.0,1.0,0.09090909090909091,4.0,4.0,0.0,1.0,1.0,0.8484848484848485,3.0,3.0,0.0,0.0,1.0,0.09090909090909091,4.0,4.0,0.0,1.0,1.0,0.8484848484848485,3.0,3.0,0.0,0.0,1.0,0.09090909090909091,4.0,4.0,0.0,0.0,0.0,0.6666666666666666,8.0,8.0
Math,24,0.0,0.0,1.0,0.09090909090909091,4.0,4.0,0.0,0.0,1.0,0.09090909090909091,4.0,4.0,0.0,0.0,1.0,0.09090909090909091,4.0,4.0,0.0,0.0,1.0,0.09090909090909091,4.0,4.0,0.0,0.0,1.0,0.09090909090909091,4.0,4.0,0.0,0.0,1.0,0.09090909090909091,4.0,4.0,0.0,0.0,1.0,0.09090909090909091,4.0,4.0,0.0,0.0,1.0,0.09090909090909091,4.0,4.0,0.0,0.0,1.0,0.09090909090909091,4.0,4.0,0.0,0.0,1.0,0.09090909090909091,4.0,4.0,1.0,1.0,1.0,0.0,1.0,1.0,0.0,0.0,1.0,0.09090909090909091,4.0,4.0,0.0,1.0,1.0,0.24242424242424243,2.0,2.0,0.0,0.0,1.0,0.09090909090909091,4.0,4.0,0.0,1.0,1.0,0.030303030303030304,2.0,2.0
Math,25,1.0,1.0,1.0,0.0,1.0,1.0,1.0,1.0,1.0,0.0,1.0,1.0,1.0,1.0,1.0,0.0,1.0,1.0,1.0,1.0,1.0,0.0,1.0,1.0,1.0,1.0,1.0,0.0,1.0,1.0,1.0,1.0,1.0,0.0,1.0,1.0,1.0,1.0,1.0,0.0,1.0,1.0,1.0,1.0,1.0,0.0,1.0,1.0,1.0,1.0,1.0,0.0,1.0,1.0,1.0,1.0,1.0,0.0,1.0,1.0,0.0,1.0,1.0,0.9090909090909091,2.0,2.0,1.0,1.0,1.0,0.0,1.0,1.0,0.0,1.0,1.0,0.9090909090909091,2.0,2.0,1.0,1.0,1.0,0.0,1.0,1.0,0.0,1.0,1.0,0.45454545454545453,3.0,3.0
Math,26,0.0,0.0,1.0,0.15,4.0,4.0,0.0,0.0,1.0,0.15,4.0,4.0,0.0,0.0,1.0,0.15,4.0,4.0,0.0,0.0,1.0,0.15,4.0,4.0,0.0,0.0,1.0,0.15,4.0,4.0,0.0,0.0,1.0,0.15,4.0,4.0,0.0,0.0,1.0,0.15,4.0,4.0,0.0,0.0,1.0,0.15,4.0,4.0,0.0,0.0,1.0,0.15,4.0,4.0,0.0,0.0,1.0,0.15,4.0,4.0,1.0,1.0,1.0,0.0,1.0,1.0,0.0,0.0,1.0,0.15,4.0,4.0,1.0,1.0,1.0,0.0,1.0,1.0,0.0,0.0,1.0,0.15,4.0,4.0,0.0,1.0,1.0,0.6,3.0,3.0
Math,27,1.0,1.0,1.0,0.0,1.0,1.0,1.0,1.0,1.0,0.0,1.0,1.0,1.0,1.0,1.0,0.0,1.0,1.0,1.0,1.0,1.0,0.0,1.0,1.0,1.0,1.0,1.0,0.0,1.0,1.0,1.0,1.0,1.0,0.0,1.0,1.0,1.0,1.0,1.0,0.0,1.0,1.0,1.0,1.0,1.0,0.0,1.0,1.0,1.0,1.0,1.0,0.0,1.0,1.0,1.0,1.0,1.0,0.0,1.0,1.0,1.0,1.0,1.0,0.0,1.0,1.0,1.0,1.0,1.0,0.0,1.0,1.0,1.0,1.0,1.0,0.0,1.0,1.0,1.0,1.0,1.0,0.0,1.0,1.0,1.0,1.0,1.0,0.0,1.0,1.0
Math,28,0.0,1.0,1.0,0.034482758620689655,3.0,3.0,0.0,1.0,1.0,0.034482758620689655,3.0,3.0,0.0,1.0,1.0,0.034482758620689655,3.0,3.0,0.0,1.0,1.0,0.034482758620689655,3.0,3.0,0.0,1.0,1.0,0.034482758620689655,3.0,3.0,0.0,1.0,1.0,0.034482758620689655,3.0,3.0,0.0,1.0,1.0,0.034482758620689655,3.0,3.0,0.0,1.0,1.0,0.034482758620689655,3.0,3.0,0.0,1.0,1.0,0.034482758620689655,3.0,3.0,0.0,1.0,1.0,0.034482758620689655,3.0,3.0,0.0,1.0,1.0,0.9655172413793104,2.0,2.0,0.0,1.0,1.0,0.034482758620689655,3.0,3.0,0.0,1.0,1.0,0.9655172413793104,2.0,2.0,0.0,1.0,1.0,0.034482758620689655,3.0,3.0,0.0,0.0,0.0,0.896551724137931,11.0,11.0
Math,29,1.0,1.0,1.0,0.0,1.0,1.0,1.0,1.0,1.0,0.0,1.0,1.0,1.0,1.0,1.0,0.0,1.0,1.0,1.0,1.0,1.0,0.0,1.0,1.0,1.0,1.0,1.0,0.0,1.0,1.0,1.0,1.0,1.0,0.0,1.0,1.0,1.0,1.0,1.0,0.0,1.0,1.0,1.0,1.0,1.0,0.0,1.0,1.0,1.0,1.0,1.0,0.0,1.0,1.0,1.0,1.0,1.0,0.0,1.0,1.0,1.0,1.0,1.0,0.0,1.0,1.0,1.0,1.0,1.0,0.0,1.0,1.0,1.0,1.0,1.0,0.0,1.0,1.0,1.0,1.0,1.0,0.0,1.0,1.0,1.0,1.0,1.0,0.0,1.0,1.0
Math,30,1.0,1.0,1.0,0.0,1.0,1.0,1.0,1.0,1.0,0.0,1.0,1.0,1.0,1.0,1.0,0.0,1.0,1.0,1.0,1.0,1.0,0.0,1.0,1.0,1.0,1.0,1.0,0.0,1.0,1.0,1.0,1.0,1.0,0.0,1.0,1.0,1.0,1.0,1.0,0.0,1.0,1.0,1.0,1.0,1.0,0.0,1.0,1.0,1.0,1.0,1.0,0.0,1.0,1.0,1.0,1.0,1.0,0.0,1.0,1.0,1.0,1.0,1.0,0.0,1.0,1.0,1.0,1.0,1.0,0.0,1.0,1.0,1.0,1.0,1.0,0.0,1.0,1.0,1.0,1.0,1.0,0.0,1.0,1.0,1.0,1.0,1.0,0.0,1.0,1.0
Math,31,0.0,0.0,0.0,0.2702702702702703,11.0,11.0,0.0,0.0,0.0,0.16216216216216217,7.0,7.0,0.0,0.0,0.0,0.2702702702702703,11.0,11.0,0.0,0.0,0.0,0.2972972972972973,12.0,12.0,0.0,0.0,0.0,0.16216216216216217,7.0,7.0,0.0,0.0,0.0,0.16216216216216217,7.0,7.0,0.0,0.0,1.0,0.08108108108108109,4.0,4.0,0.0,0.0,0.0,0.2702702702702703,11.0,11.0,0.0,0.0,0.0,0.16216216216216217,7.0,7.0,0.0,0.0,1.0,0.08108108108108109,4.0,4.0,1.0,1.0,1.0,0.0,1.0,1.0,0.0,0.0,0.0,0.16216216216216217,7.0,7.0,1.0,1.0,1.0,0.0,1.0,1.0,0.0,0.0,0.0,0.16216216216216217,7.0,7.0,0.0,1.0,1.0,0.02702702702702703,2.0,2.0
Math,32,0.0,1.0,1.0,0.034482758620689655,3.0,3.0,0.0,1.0,1.0,0.017241379310344827,2.0,2.0,0.0,1.0,1.0,0.034482758620689655,3.0,3.0,0.0,1.0,1.0,0.017241379310344827,2.0,2.0,0.0,1.0,1.0,0.034482758620689655,3.0,3.0,0.0,1.0,1.0,0.034482758620689655,3.0,3.0,0.0,1.0,1.0,0.034482758620689655,3.0,3.0,0.0,1.0,1.0,0.034482758620689655,3.0,3.0,0.0,1.0,1.0,0.034482758620689655,3.0,3.0,0.0,1.0,1.0,0.034482758620689655,3.0,3.0,1.0,1.0,1.0,0.0,1.0,1.0,0.0,1.0,1.0,0.034482758620689655,3.0,3.0,0.0,1.0,1.0,0.22413793103448276,2.0,2.0,0.0,1.0,1.0,0.034482758620689655,3.0,3.0,0.0,1.0,1.0,0.017241379310344827,2.0,2.0
Math,33,0.0,1.0,1.0,0.018518518518518517,2.0,2.0,0.0,1.0,1.0,0.018518518518518517,2.0,2.0,0.0,1.0,1.0,0.018518518518518517,2.0,2.0,0.0,1.0,1.0,0.018518518518518517,2.0,2.0,0.0,1.0,1.0,0.018518518518518517,2.0,2.0,0.0,1.0,1.0,0.018518518518518517,2.0,2.0,0.0,1.0,1.0,0.018518518518518517,2.0,2.0,0.0,1.0,1.0,0.018518518518518517,2.0,2.0,0.0,1.0,1.0,0.018518518518518517,2.0,2.0,0.0,1.0,1.0,0.018518518518518517,2.0,2.0,1.0,1.0,1.0,0.0,1.0,1.0,0.0,1.0,1.0,0.018518518518518517,2.0,2.0,1.0,1.0,1.0,0.0,1.0,1.0,0.0,1.0,1.0,0.018518518518518517,2.0,2.0,1.0,1.0,1.0,0.0,1.0,1.0
Math,34,1.0,1.0,1.0,0.0,1.0,1.0,1.0,1.0,1.0,0.0,1.0,1.0,1.0,1.0,1.0,0.0,1.0,1.0,1.0,1.0,1.0,0.0,1.0,1.0,1.0,1.0,1.0,0.0,1.0,1.0,1.0,1.0,1.0,0.0,1.0,1.0,1.0,1.0,1.0,0.0,1.0,1.0,1.0,1.0,1.0,0.0,1.0,1.0,1.0,1.0,1.0,0.0,1.0,1.0,1.0,1.0,1.0,0.0,1.0,1.0,1.0,1.0,1.0,0.0,1.0,1.0,1.0,1.0,1.0,0.0,1.0,1.0,1.0,1.0,1.0,0.0,1.0,1.0,1.0,1.0,1.0,0.0,1.0,1.0,1.0,1.0,1.0,0.0,1.0,1.0
Math,35,1.0,1.0,1.0,0.0,1.0,1.0,1.0,1.0,1.0,0.0,1.0,1.0,1.0,1.0,1.0,0.0,1.0,1.0,1.0,1.0,1.0,0.0,1.0,1.0,1.0,1.0,1.0,0.0,1.0,1.0,1.0,1.0,1.0,0.0,1.0,1.0,1.0,1.0,1.0,0.0,1.0,1.0,1.0,1.0,1.0,0.0,1.0,1.0,1.0,1.0,1.0,0.0,1.0,1.0,1.0,1.0,1.0,0.0,1.0,1.0,1.0,1.0,1.0,0.0,1.0,1.0,1.0,1.0,1.0,0.0,1.0,1.0,1.0,1.0,1.0,0.0,1.0,1.0,1.0,1.0,1.0,0.0,1.0,1.0,1.0,1.0,1.0,0.0,1.0,1.0
Math,36,1.0,1.0,1.0,0.0,1.0,1.0,1.0,1.0,1.0,0.0,1.0,1.0,1.0,1.0,1.0,0.0,1.0,1.0,1.0,1.0,1.0,0.0,1.0,1.0,1.0,1.0,1.0,0.0,1.0,1.0,1.0,1.0,1.0,0.0,1.0,1.0,1.0,1.0,1.0,0.0,1.0,1.0,1.0,1.0,1.0,0.0,1.0,1.0,1.0,1.0,1.0,0.0,1.0,1.0,1.0,1.0,1.0,0.0,1.0,1.0,1.0,1.0,1.0,0.0,1.0,1.0,1.0,1.0,1.0,0.0,1.0,1.0,1.0,1.0,1.0,0.0,1.0,1.0,1.0,1.0,1.0,0.0,1.0,1.0,1.0,1.0,1.0,0.0,1.0,1.0
Math,37,1.0,1.0,1.0,0.0,1.0,1.0,1.0,1.0,1.0,0.0,1.0,1.0,1.0,1.0,1.0,0.0,1.0,1.0,0.0,1.0,1.0,0.09090909090909091,2.0,2.0,1.0,1.0,1.0,0.0,1.0,1.0,1.0,1.0,1.0,0.0,1.0,1.0,0.0,1.0,1.0,0.09090909090909091,2.0,2.0,1.0,1.0,1.0,0.0,1.0,1.0,1.0,1.0,1.0,0.0,1.0,1.0,0.0,1.0,1.0,0.09090909090909091,2.0,2.0,1.0,1.0,1.0,0.0,1.0,1.0,1.0,1.0,1.0,0.0,1.0,1.0,1.0,1.0,1.0,0.0,1.0,1.0,1.0,1.0,1.0,0.0,1.0,1.0,1.0,1.0,1.0,0.0,1.0,1.0
Math,38,1.0,1.0,1.0,0.0,1.0,1.0,1.0,1.0,1.0,0.0,1.0,1.0,1.0,1.0,1.0,0.0,1.0,1.0,1.0,1.0,1.0,0.0,1.0,1.0,1.0,1.0,1.0,0.0,1.0,1.0,1.0,1.0,1.0,0.0,1.0,1.0,1.0,1.0,1.0,0.0,1.0,1.0,1.0,1.0,1.0,0.0,1.0,1.0,1.0,1.0,1.0,0.0,1.0,1.0,1.0,1.0,1.0,0.0,1.0,1.0,1.0,1.0,1.0,0.0,1.0,1.0,1.0,1.0,1.0,0.0,1.0,1.0,1.0,1.0,1.0,0.0,1.0,1.0,1.0,1.0,1.0,0.0,1.0,1.0,1.0,1.0,1.0,0.0,1.0,1.0
Math,39,0.0,0.0,1.0,0.12,4.0,4.0,0.0,0.0,1.0,0.12,4.0,4.0,0.0,0.0,1.0,0.12,4.0,4.0,0.0,0.0,1.0,0.12,4.0,4.0,0.0,0.0,1.0,0.12,4.0,4.0,0.0,0.0,1.0,0.12,4.0,4.0,0.0,0.0,1.0,0.12,4.0,4.0,0.0,0.0,1.0,0.12,4.0,4.0,0.0,0.0,1.0,0.12,4.0,4.0,0.0,0.0,1.0,0.12,4.0,4.0,1.0,1.0,1.0,0.0,1.0,1.0,0.0,0.0,1.0,0.12,4.0,4.0,1.0,1.0,1.0,0.0,1.0,1.0,0.0,0.0,1.0,0.12,4.0,4.0,0.0,1.0,1.0,0.48,2.0,2.0
Math,40,1.0,1.0,1.0,0.0,1.0,1.0,1.0,1.0,1.0,0.0,1.0,1.0,1.0,1.0,1.0,0.0,1.0,1.0,1.0,1.0,1.0,0.0,1.0,1.0,1.0,1.0,1.0,0.0,1.0,1.0,1.0,1.0,1.0,0.0,1.0,1.0,1.0,1.0,1.0,0.0,1.0,1.0,1.0,1.0,1.0,0.0,1.0,1.0,1.0,1.0,1.0,0.0,1.0,1.0,1.0,1.0,1.0,0.0,1.0,1.0,1.0,1.0,1.0,0.0,1.0,1.0,1.0,1.0,1.0,0.0,1.0,1.0,1.0,1.0,1.0,0.0,1.0,1.0,1.0,1.0,1.0,0.0,1.0,1.0,1.0,1.0,1.0,0.0,1.0,1.0
Math,41,1.0,1.0,1.0,0.0,1.0,1.0,1.0,1.0,1.0,0.0,1.0,1.0,1.0,1.0,1.0,0.0,1.0,1.0,1.0,1.0,1.0,0.0,1.0,1.0,1.0,1.0,1.0,0.0,1.0,1.0,1.0,1.0,1.0,0.0,1.0,1.0,1.0,1.0,1.0,0.0,1.0,1.0,1.0,1.0,1.0,0.0,1.0,1.0,1.0,1.0,1.0,0.0,1.0,1.0,1.0,1.0,1.0,0.0,1.0,1.0,1.0,1.0,1.0,0.0,1.0,1.0,1.0,1.0,1.0,0.0,1.0,1.0,1.0,1.0,1.0,0.0,1.0,1.0,1.0,1.0,1.0,0.0,1.0,1.0,1.0,1.0,1.0,0.0,1.0,1.0
Math,42,1.0,1.0,1.0,0.0,1.0,1.0,1.0,1.0,1.0,0.0,1.0,1.0,1.0,1.0,1.0,0.0,1.0,1.0,1.0,1.0,1.0,0.0,1.0,1.0,1.0,1.0,1.0,0.0,1.0,1.0,1.0,1.0,1.0,0.0,1.0,1.0,1.0,1.0,1.0,0.0,1.0,1.0,1.0,1.0,1.0,0.0,1.0,1.0,1.0,1.0,1.0,0.0,1.0,1.0,1.0,1.0,1.0,0.0,1.0,1.0,1.0,1.0,1.0,0.0,1.0,1.0,1.0,1.0,1.0,0.0,1.0,1.0,1.0,1.0,1.0,0.0,1.0,1.0,1.0,1.0,1.0,0.0,1.0,1.0,1.0,1.0,1.0,0.0,1.0,1.0
Math,43,1.0,1.0,1.0,0.0,1.0,1.0,1.0,1.0,1.0,0.0,1.0,1.0,1.0,1.0,1.0,0.0,1.0,1.0,1.0,1.0,1.0,0.0,1.0,1.0,1.0,1.0,1.0,0.0,1.0,1.0,1.0,1.0,1.0,0.0,1.0,1.0,1.0,1.0,1.0,0.0,1.0,1.0,1.0,1.0,1.0,0.0,1.0,1.0,1.0,1.0,1.0,0.0,1.0,1.0,1.0,1.0,1.0,0.0,1.0,1.0,1.0,1.0,1.0,0.0,1.0,1.0,1.0,1.0,1.0,0.0,1.0,1.0,1.0,1.0,1.0,0.0,1.0,1.0,1.0,1.0,1.0,0.0,1.0,1.0,1.0,1.0,1.0,0.0,1.0,1.0
Math,44,0.0,1.0,1.0,0.05128205128205128,3.0,3.0,0.0,1.0,1.0,0.05128205128205128,3.0,3.0,0.0,1.0,1.0,0.05128205128205128,3.0,3.0,0.0,1.0,1.0,0.05128205128205128,3.0,3.0,0.0,1.0,1.0,0.05128205128205128,3.0,3.0,0.0,1.0,1.0,0.05128205128205128,3.0,3.0,0.0,1.0,1.0,0.05128205128205128,3.0,3.0,0.0,1.0,1.0,0.05128205128205128,3.0,3.0,0.0,1.0,1.0,0.05128205128205128,3.0,3.0,0.0,1.0,1.0,0.05128205128205128,3.0,3.0,1.0,1.0,1.0,0.0,1.0,1.0,0.0,1.0,1.0,0.05128205128205128,3.0,3.0,1.0,1.0,1.0,0.0,1.0,1.0,0.0,1.0,1.0,0.05128205128205128,3.0,3.0,0.0,1.0,1.0,0.02564102564102564,2.0,2.0
Math,45,1.0,1.0,1.0,0.0,1.0,1.0,1.0,1.0,1.0,0.0,1.0,1.0,1.0,1.0,1.0,0.0,1.0,1.0,1.0,1.0,1.0,0.0,1.0,1.0,1.0,1.0,1.0,0.0,1.0,1.0,1.0,1.0,1.0,0.0,1.0,1.0,1.0,1.0,1.0,0.0,1.0,1.0,1.0,1.0,1.0,0.0,1.0,1.0,1.0,1.0,1.0,0.0,1.0,1.0,1.0,1.0,1.0,0.0,1.0,1.0,1.0,1.0,1.0,0.0,1.0,1.0,1.0,1.0,1.0,0.0,1.0,1.0,1.0,1.0,1.0,0.0,1.0,1.0,1.0,1.0,1.0,0.0,1.0,1.0,1.0,1.0,1.0,0.0,1.0,1.0
Math,46,1.0,1.0,1.0,0.0,1.0,1.0,1.0,1.0,1.0,0.0,1.0,1.0,1.0,1.0,1.0,0.0,1.0,1.0,1.0,1.0,1.0,0.0,1.0,1.0,1.0,1.0,1.0,0.0,1.0,1.0,1.0,1.0,1.0,0.0,1.0,1.0,1.0,1.0,1.0,0.0,1.0,1.0,1.0,1.0,1.0,0.0,1.0,1.0,1.0,1.0,1.0,0.0,1.0,1.0,1.0,1.0,1.0,0.0,1.0,1.0,1.0,1.0,1.0,0.0,1.0,1.0,1.0,1.0,1.0,0.0,1.0,1.0,1.0,1.0,1.0,0.0,1.0,1.0,1.0,1.0,1.0,0.0,1.0,1.0,1.0,1.0,1.0,0.0,1.0,1.0
Math,47,1.0,1.0,1.0,0.0,1.0,1.0,1.0,1.0,1.0,0.0,1.0,1.0,1.0,1.0,1.0,0.0,1.0,1.0,1.0,1.0,1.0,0.0,1.0,1.0,1.0,1.0,1.0,0.0,1.0,1.0,1.0,1.0,1.0,0.0,1.0,1.0,1.0,1.0,1.0,0.0,1.0,1.0,1.0,1.0,1.0,0.0,1.0,1.0,1.0,1.0,1.0,0.0,1.0,1.0,1.0,1.0,1.0,0.0,1.0,1.0,1.0,1.0,1.0,0.0,1.0,1.0,1.0,1.0,1.0,0.0,1.0,1.0,1.0,1.0,1.0,0.0,1.0,1.0,1.0,1.0,1.0,0.0,1.0,1.0,1.0,1.0,1.0,0.0,1.0,1.0
Math,48,0.0,0.0,1.0,0.16666666666666666,5.0,5.0,0.0,0.0,1.0,0.16666666666666666,5.0,5.0,0.0,0.0,1.0,0.16666666666666666,5.0,5.0,0.0,0.0,1.0,0.16666666666666666,5.0,5.0,0.0,0.0,1.0,0.16666666666666666,5.0,5.0,0.0,0.0,1.0,0.16666666666666666,5.0,5.0,0.0,0.0,1.0,0.16666666666666666,5.0,5.0,0.0,0.0,1.0,0.16666666666666666,5.0,5.0,0.0,0.0,1.0,0.16666666666666666,5.0,5.0,0.0,0.0,1.0,0.16666666666666666,5.0,5.0,1.0,1.0,1.0,0.0,1.0,1.0,0.0,0.0,1.0,0.16666666666666666,5.0,5.0,1.0,1.0,1.0,0.0,1.0,1.0,0.0,0.0,1.0,0.16666666666666666,5.0,5.0,0.0,0.0,0.0,0.6,6.0,6.0
Math,49,1.0,1.0,1.0,0.0,1.0,1.0,1.0,1.0,1.0,0.0,1.0,1.0,1.0,1.0,1.0,0.0,1.0,1.0,1.0,1.0,1.0,0.0,1.0,1.0,1.0,1.0,1.0,0.0,1.0,1.0,1.0,1.0,1.0,0.0,1.0,1.0,1.0,1.0,1.0,0.0,1.0,1.0,1.0,1.0,1.0,0.0,1.0,1.0,1.0,1.0,1.0,0.0,1.0,1.0,1.0,1.0,1.0,0.0,1.0,1.0,1.0,1.0,1.0,0.0,1.0,1.0,1.0,1.0,1.0,0.0,1.0,1.0,1.0,1.0,1.0,0.0,1.0,1.0,1.0,1.0,1.0,0.0,1.0,1.0,1.0,1.0,1.0,0.0,1.0,1.0
Math,50,0.0,1.0,1.0,0.034482758620689655,2.0,2.0,0.0,1.0,1.0,0.034482758620689655,2.0,2.0,0.0,1.0,1.0,0.034482758620689655,2.0,2.0,0.0,1.0,1.0,0.034482758620689655,2.0,2.0,0.0,1.0,1.0,0.034482758620689655,2.0,2.0,0.0,1.0,1.0,0.034482758620689655,2.0,2.0,0.0,1.0,1.0,0.034482758620689655,2.0,2.0,0.0,1.0,1.0,0.034482758620689655,2.0,2.0,0.0,1.0,1.0,0.034482758620689655,2.0,2.0,0.0,1.0,1.0,0.034482758620689655,2.0,2.0,1.0,1.0,1.0,0.0,1.0,1.0,0.0,1.0,1.0,0.034482758620689655,2.0,2.0,1.0,1.0,1.0,0.0,1.0,1.0,0.0,1.0,1.0,0.034482758620689655,2.0,2.0,0.0,0.0,1.0,0.5517241379310345,4.0,4.0
Math,51,0.0,0.0,1.0,0.15384615384615385,4.0,4.0,0.0,0.0,1.0,0.15384615384615385,4.0,4.0,0.0,0.0,1.0,0.15384615384615385,4.0,4.0,0.0,0.0,1.0,0.15384615384615385,4.0,4.0,0.0,0.0,1.0,0.15384615384615385,4.0,4.0,0.0,0.0,1.0,0.15384615384615385,4.0,4.0,0.0,0.0,1.0,0.15384615384615385,4.0,4.0,0.0,0.0,1.0,0.15384615384615385,4.0,4.0,0.0,0.0,1.0,0.15384615384615385,4.0,4.0,0.0,0.0,1.0,0.15384615384615385,4.0,4.0,1.0,1.0,1.0,0.0,1.0,1.0,0.0,0.0,1.0,0.15384615384615385,4.0,4.0,1.0,1.0,1.0,0.0,1.0,1.0,0.0,0.0,1.0,0.15384615384615385,4.0,4.0,0.0,0.0,1.0,0.5769230769230769,5.0,5.0
Math,52,1.0,1.0,1.0,0.0,1.0,1.0,1.0,1.0,1.0,0.0,1.0,1.0,1.0,1.0,1.0,0.0,1.0,1.0,1.0,1.0,1.0,0.0,1.0,1.0,1.0,1.0,1.0,0.0,1.0,1.0,1.0,1.0,1.0,0.0,1.0,1.0,1.0,1.0,1.0,0.0,1.0,1.0,1.0,1.0,1.0,0.0,1.0,1.0,1.0,1.0,1.0,0.0,1.0,1.0,1.0,1.0,1.0,0.0,1.0,1.0,1.0,1.0,1.0,0.0,1.0,1.0,1.0,1.0,1.0,0.0,1.0,1.0,1.0,1.0,1.0,0.0,1.0,1.0,1.0,1.0,1.0,0.0,1.0,1.0,1.0,1.0,1.0,0.0,1.0,1.0
Math,53,1.0,1.0,1.0,0.0,1.0,1.0,1.0,1.0,1.0,0.0,1.0,1.0,1.0,1.0,1.0,0.0,1.0,1.0,1.0,1.0,1.0,0.0,1.0,1.0,1.0,1.0,1.0,0.0,1.0,1.0,1.0,1.0,1.0,0.0,1.0,1.0,1.0,1.0,1.0,0.0,1.0,1.0,1.0,1.0,1.0,0.0,1.0,1.0,1.0,1.0,1.0,0.0,1.0,1.0,1.0,1.0,1.0,0.0,1.0,1.0,1.0,1.0,1.0,0.0,1.0,1.0,1.0,1.0,1.0,0.0,1.0,1.0,1.0,1.0,1.0,0.0,1.0,1.0,1.0,1.0,1.0,0.0,1.0,1.0,1.0,1.0,1.0,0.0,1.0,1.0
Math,54,1.0,1.0,1.0,0.0,1.0,1.0,1.0,1.0,1.0,0.0,1.0,1.0,1.0,1.0,1.0,0.0,1.0,1.0,1.0,1.0,1.0,0.0,1.0,1.0,1.0,1.0,1.0,0.0,1.0,1.0,1.0,1.0,1.0,0.0,1.0,1.0,1.0,1.0,1.0,0.0,1.0,1.0,1.0,1.0,1.0,0.0,1.0,1.0,1.0,1.0,1.0,0.0,1.0,1.0,1.0,1.0,1.0,0.0,1.0,1.0,1.0,1.0,1.0,0.0,1.0,1.0,1.0,1.0,1.0,0.0,1.0,1.0,1.0,1.0,1.0,0.0,1.0,1.0,1.0,1.0,1.0,0.0,1.0,1.0,1.0,1.0,1.0,0.0,1.0,1.0
Math,55,1.0,1.0,1.0,0.0,1.0,1.0,1.0,1.0,1.0,0.0,1.0,1.0,1.0,1.0,1.0,0.0,1.0,1.0,1.0,1.0,1.0,0.0,1.0,1.0,1.0,1.0,1.0,0.0,1.0,1.0,1.0,1.0,1.0,0.0,1.0,1.0,1.0,1.0,1.0,0.0,1.0,1.0,1.0,1.0,1.0,0.0,1.0,1.0,1.0,1.0,1.0,0.0,1.0,1.0,1.0,1.0,1.0,0.0,1.0,1.0,1.0,1.0,1.0,0.0,1.0,1.0,1.0,1.0,1.0,0.0,1.0,1.0,1.0,1.0,1.0,0.0,1.0,1.0,1.0,1.0,1.0,0.0,1.0,1.0,1.0,1.0,1.0,0.0,1.0,1.0
Math,56,1.0,1.0,1.0,0.0,1.0,1.0,1.0,1.0,1.0,0.0,1.0,1.0,1.0,1.0,1.0,0.0,1.0,1.0,1.0,1.0,1.0,0.0,1.0,1.0,1.0,1.0,1.0,0.0,1.0,1.0,1.0,1.0,1.0,0.0,1.0,1.0,1.0,1.0,1.0,0.0,1.0,1.0,1.0,1.0,1.0,0.0,1.0,1.0,1.0,1.0,1.0,0.0,1.0,1.0,1.0,1.0,1.0,0.0,1.0,1.0,1.0,1.0,1.0,0.0,1.0,1.0,1.0,1.0,1.0,0.0,1.0,1.0,1.0,1.0,1.0,0.0,1.0,1.0,1.0,1.0,1.0,0.0,1.0,1.0,1.0,1.0,1.0,0.0,1.0,1.0
Math,57,1.0,1.0,1.0,0.0,1.0,1.0,1.0,1.0,1.0,0.0,1.0,1.0,1.0,1.0,1.0,0.0,1.0,1.0,1.0,1.0,1.0,0.0,1.0,1.0,1.0,1.0,1.0,0.0,1.0,1.0,1.0,1.0,1.0,0.0,1.0,1.0,1.0,1.0,1.0,0.0,1.0,1.0,1.0,1.0,1.0,0.0,1.0,1.0,1.0,1.0,1.0,0.0,1.0,1.0,1.0,1.0,1.0,0.0,1.0,1.0,1.0,1.0,1.0,0.0,1.0,1.0,1.0,1.0,1.0,0.0,1.0,1.0,1.0,1.0,1.0,0.0,1.0,1.0,1.0,1.0,1.0,0.0,1.0,1.0,1.0,1.0,1.0,0.0,1.0,1.0
Math,58,0.0,1.0,1.0,0.06060606060606061,3.0,3.0,0.0,1.0,1.0,0.06060606060606061,3.0,3.0,0.0,1.0,1.0,0.06060606060606061,3.0,3.0,0.0,1.0,1.0,0.06060606060606061,3.0,3.0,0.0,1.0,1.0,0.06060606060606061,3.0,3.0,0.0,1.0,1.0,0.06060606060606061,3.0,3.0,0.0,1.0,1.0,0.06060606060606061,3.0,3.0,0.0,1.0,1.0,0.06060606060606061,3.0,3.0,0.0,1.0,1.0,0.06060606060606061,3.0,3.0,0.0,1.0,1.0,0.06060606060606061,3.0,3.0,1.0,1.0,1.0,0.0,1.0,1.0,0.0,1.0,1.0,0.06060606060606061,3.0,3.0,1.0,1.0,1.0,0.0,1.0,1.0,0.0,1.0,1.0,0.06060606060606061,3.0,3.0,0.0,1.0,1.0,0.030303030303030304,2.0,2.0
Math,59,1.0,1.0,1.0,0.0,1.0,1.0,0.0,1.0,1.0,0.45454545454545453,3.0,3.0,1.0,1.0,1.0,0.0,1.0,1.0,0.0,1.0,1.0,0.45454545454545453,3.0,3.0,1.0,1.0,1.0,0.0,1.0,1.0,1.0,1.0,1.0,0.0,1.0,1.0,1.0,1.0,1.0,0.0,1.0,1.0,1.0,1.0,1.0,0.0,1.0,1.0,1.0,1.0,1.0,0.0,1.0,1.0,1.0,1.0,1.0,0.0,1.0,1.0,1.0,1.0,1.0,0.0,1.0,1.0,1.0,1.0,1.0,0.0,1.0,1.0,1.0,1.0,1.0,0.0,1.0,1.0,1.0,1.0,1.0,0.0,1.0,1.0,1.0,1.0,1.0,0.0,1.0,1.0
Math,60,0.0,1.0,1.0,0.058823529411764705,2.0,2.0,0.0,1.0,1.0,0.058823529411764705,2.0,2.0,0.0,1.0,1.0,0.058823529411764705,2.0,2.0,0.0,1.0,1.0,0.058823529411764705,2.0,2.0,0.0,1.0,1.0,0.058823529411764705,2.0,2.0,0.0,1.0,1.0,0.058823529411764705,2.0,2.0,0.0,1.0,1.0,0.058823529411764705,2.0,2.0,0.0,1.0,1.0,0.058823529411764705,2.0,2.0,0.0,1.0,1.0,0.058823529411764705,2.0,2.0,0.0,1.0,1.0,0.058823529411764705,2.0,2.0,1.0,1.0,1.0,0.0,1.0,1.0,0.0,1.0,1.0,0.058823529411764705,2.0,2.0,1.0,1.0,1.0,0.0,1.0,1.0,0.0,1.0,1.0,0.058823529411764705,2.0,2.0,1.0,1.0,1.0,0.0,1.0,1.0
Math,61,0.0,1.0,1.0,0.05263157894736842,2.0,2.0,0.0,1.0,1.0,0.05263157894736842,2.0,2.0,0.0,1.0,1.0,0.05263157894736842,2.0,2.0,0.0,1.0,1.0,0.05263157894736842,2.0,2.0,0.0,1.0,1.0,0.05263157894736842,2.0,2.0,0.0,1.0,1.0,0.05263157894736842,2.0,2.0,0.0,1.0,1.0,0.05263157894736842,2.0,2.0,0.0,1.0,1.0,0.05263157894736842,2.0,2.0,0.0,1.0,1.0,0.05263157894736842,2.0,2.0,0.0,1.0,1.0,0.05263157894736842,2.0,2.0,1.0,1.0,1.0,0.0,1.0,1.0,0.0,1.0,1.0,0.05263157894736842,2.0,2.0,0.0,1.0,1.0,0.05263157894736842,2.0,2.0,0.0,1.0,1.0,0.05263157894736842,2.0,2.0,0.0,1.0,1.0,0.05263157894736842,2.0,2.0
Math,62,1.0,1.0,1.0,0.0,1.0,1.0,1.0,1.0,1.0,0.0,1.0,1.0,1.0,1.0,1.0,0.0,1.0,1.0,1.0,1.0,1.0,0.0,1.0,1.0,1.0,1.0,1.0,0.0,1.0,1.0,1.0,1.0,1.0,0.0,1.0,1.0,1.0,1.0,1.0,0.0,1.0,1.0,1.0,1.0,1.0,0.0,1.0,1.0,1.0,1.0,1.0,0.0,1.0,1.0,1.0,1.0,1.0,0.0,1.0,1.0,1.0,1.0,1.0,0.0,1.0,1.0,1.0,1.0,1.0,0.0,1.0,1.0,1.0,1.0,1.0,0.0,1.0,1.0,1.0,1.0,1.0,0.0,1.0,1.0,1.0,1.0,1.0,0.0,1.0,1.0
Math,63,1.0,1.0,1.0,0.0,1.0,1.0,1.0,1.0,1.0,0.0,1.0,1.0,1.0,1.0,1.0,0.0,1.0,1.0,1.0,1.0,1.0,0.0,1.0,1.0,1.0,1.0,1.0,0.0,1.0,1.0,1.0,1.0,1.0,0.0,1.0,1.0,1.0,1.0,1.0,0.0,1.0,1.0,1.0,1.0,1.0,0.0,1.0,1.0,1.0,1.0,1.0,0.0,1.0,1.0,1.0,1.0,1.0,0.0,1.0,1.0,1.0,1.0,1.0,0.0,1.0,1.0,1.0,1.0,1.0,0.0,1.0,1.0,1.0,1.0,1.0,0.0,1.0,1.0,1.0,1.0,1.0,0.0,1.0,1.0,1.0,1.0,1.0,0.0,1.0,1.0
Math,64,1.0,1.0,1.0,0.0,1.0,1.0,1.0,1.0,1.0,0.0,1.0,1.0,1.0,1.0,1.0,0.0,1.0,1.0,1.0,1.0,1.0,0.0,1.0,1.0,1.0,1.0,1.0,0.0,1.0,1.0,1.0,1.0,1.0,0.0,1.0,1.0,1.0,1.0,1.0,0.0,1.0,1.0,1.0,1.0,1.0,0.0,1.0,1.0,1.0,1.0,1.0,0.0,1.0,1.0,1.0,1.0,1.0,0.0,1.0,1.0,0.0,1.0,1.0,0.9166666666666666,2.0,2.0,1.0,1.0,1.0,0.0,1.0,1.0,0.0,1.0,1.0,0.9166666666666666,2.0,2.0,1.0,1.0,1.0,0.0,1.0,1.0,0.0,1.0,1.0,0.8333333333333334,2.0,2.0
Math,65,1.0,1.0,1.0,0.0,1.0,1.0,1.0,1.0,1.0,0.0,1.0,1.0,1.0,1.0,1.0,0.0,1.0,1.0,1.0,1.0,1.0,0.0,1.0,1.0,1.0,1.0,1.0,0.0,1.0,1.0,1.0,1.0,1.0,0.0,1.0,1.0,1.0,1.0,1.0,0.0,1.0,1.0,1.0,1.0,1.0,0.0,1.0,1.0,1.0,1.0,1.0,0.0,1.0,1.0,1.0,1.0,1.0,0.0,1.0,1.0,1.0,1.0,1.0,0.0,1.0,1.0,1.0,1.0,1.0,0.0,1.0,1.0,1.0,1.0,1.0,0.0,1.0,1.0,1.0,1.0,1.0,0.0,1.0,1.0,1.0,1.0,1.0,0.0,1.0,1.0
Math,66,0.0,1.0,1.0,0.07894736842105263,2.0,2.0,0.0,1.0,1.0,0.05263157894736842,2.0,2.0,0.0,1.0,1.0,0.05263157894736842,3.0,3.0,1.0,1.0,1.0,0.0,1.0,1.0,0.0,1.0,1.0,0.07894736842105263,3.0,3.0,0.0,1.0,1.0,0.05263157894736842,3.0,3.0,1.0,1.0,1.0,0.0,1.0,1.0,0.0,1.0,1.0,0.07894736842105263,2.0,2.0,0.0,1.0,1.0,0.07894736842105263,3.0,3.0,1.0,1.0,1.0,0.0,1.0,1.0,1.0,1.0,1.0,0.0,1.0,1.0,0.0,1.0,1.0,0.07894736842105263,3.0,3.0,0.0,0.0,1.0,0.07894736842105263,4.0,4.0,0.0,1.0,1.0,0.07894736842105263,2.0,2.0,1.0,1.0,1.0,0.0,1.0,1.0
Math,67,1.0,1.0,1.0,0.0,1.0,1.0,1.0,1.0,1.0,0.0,1.0,1.0,1.0,1.0,1.0,0.0,1.0,1.0,1.0,1.0,1.0,0.0,1.0,1.0,1.0,1.0,1.0,0.0,1.0,1.0,1.0,1.0,1.0,0.0,1.0,1.0,1.0,1.0,1.0,0.0,1.0,1.0,1.0,1.0,1.0,0.0,1.0,1.0,1.0,1.0,1.0,0.0,1.0,1.0,1.0,1.0,1.0,0.0,1.0,1.0,1.0,1.0,1.0,0.0,1.0,1.0,1.0,1.0,1.0,0.0,1.0,1.0,1.0,1.0,1.0,0.0,1.0,1.0,1.0,1.0,1.0,0.0,1.0,1.0,1.0,1.0,1.0,0.0,1.0,1.0
Math,68,1.0,1.0,1.0,0.0,1.0,1.0,1.0,1.0,1.0,0.0,1.0,1.0,1.0,1.0,1.0,0.0,1.0,1.0,1.0,1.0,1.0,0.0,1.0,1.0,1.0,1.0,1.0,0.0,1.0,1.0,1.0,1.0,1.0,0.0,1.0,1.0,1.0,1.0,1.0,0.0,1.0,1.0,1.0,1.0,1.0,0.0,1.0,1.0,1.0,1.0,1.0,0.0,1.0,1.0,1.0,1.0,1.0,0.0,1.0,1.0,0.0,1.0,1.0,0.9166666666666666,2.0,2.0,1.0,1.0,1.0,0.0,1.0,1.0,0.0,1.0,1.0,0.9166666666666666,2.0,2.0,1.0,1.0,1.0,0.0,1.0,1.0,0.0,0.0,1.0,0.8333333333333334,4.0,4.0
Math,69,1.0,1.0,1.0,0.0,1.0,1.0,1.0,1.0,1.0,0.0,1.0,1.0,1.0,1.0,1.0,0.0,1.0,1.0,1.0,1.0,1.0,0.0,1.0,1.0,1.0,1.0,1.0,0.0,1.0,1.0,1.0,1.0,1.0,0.0,1.0,1.0,1.0,1.0,1.0,0.0,1.0,1.0,1.0,1.0,1.0,0.0,1.0,1.0,1.0,1.0,1.0,0.0,1.0,1.0,1.0,1.0,1.0,0.0,1.0,1.0,1.0,1.0,1.0,0.0,1.0,1.0,1.0,1.0,1.0,0.0,1.0,1.0,1.0,1.0,1.0,0.0,1.0,1.0,1.0,1.0,1.0,0.0,1.0,1.0,1.0,1.0,1.0,0.0,1.0,1.0
Math,70,1.0,1.0,1.0,0.0,1.0,1.0,1.0,1.0,1.0,0.0,1.0,1.0,1.0,1.0,1.0,0.0,1.0,1.0,1.0,1.0,1.0,0.0,1.0,1.0,1.0,1.0,1.0,0.0,1.0,1.0,1.0,1.0,1.0,0.0,1.0,1.0,1.0,1.0,1.0,0.0,1.0,1.0,1.0,1.0,1.0,0.0,1.0,1.0,1.0,1.0,1.0,0.0,1.0,1.0,1.0,1.0,1.0,0.0,1.0,1.0,1.0,1.0,1.0,0.0,1.0,1.0,1.0,1.0,1.0,0.0,1.0,1.0,1.0,1.0,1.0,0.0,1.0,1.0,1.0,1.0,1.0,0.0,1.0,1.0,1.0,1.0,1.0,0.0,1.0,1.0
Math,71,0.0,0.0,0.0,0.36,9.0,11.0,0.0,0.0,0.0,0.6,14.0,14.5,0.0,0.0,0.0,0.4,9.0,10.5,0.0,0.0,0.0,0.32,8.0,8.5,0.0,0.0,0.0,0.6,15.0,15.5,0.0,0.0,0.0,0.56,14.0,15.0,0.0,0.0,0.0,0.6,15.0,15.5,0.0,0.0,0.0,0.4,10.0,11.5,0.0,0.0,0.0,0.6,15.0,15.5,0.0,0.0,0.0,0.6,15.0,15.5,1.0,1.0,1.0,0.52,1.0,2.0,0.0,0.0,0.0,0.6,15.0,15.5,0.0,1.0,1.0,0.56,2.0,3.0,0.0,0.0,0.0,0.6,15.0,15.5,0.0,1.0,1.0,0.52,3.0,7.5
Math,72,1.0,1.0,1.0,0.0,1.0,1.0,1.0,1.0,1.0,0.0,1.0,1.0,1.0,1.0,1.0,0.0,1.0,1.0,1.0,1.0,1.0,0.0,1.0,1.0,1.0,1.0,1.0,0.0,1.0,1.0,1.0,1.0,1.0,0.0,1.0,1.0,1.0,1.0,1.0,0.0,1.0,1.0,1.0,1.0,1.0,0.0,1.0,1.0,1.0,1.0,1.0,0.0,1.0,1.0,1.0,1.0,1.0,0.0,1.0,1.0,1.0,1.0,1.0,0.0,1.0,1.0,1.0,1.0,1.0,0.0,1.0,1.0,1.0,1.0,1.0,0.0,1.0,1.0,1.0,1.0,1.0,0.0,1.0,1.0,1.0,1.0,1.0,0.0,1.0,1.0
Math,73,1.0,1.0,1.0,0.0,1.0,1.0,1.0,1.0,1.0,0.0,1.0,1.0,1.0,1.0,1.0,0.0,1.0,1.0,1.0,1.0,1.0,0.0,1.0,1.0,1.0,1.0,1.0,0.0,1.0,1.0,1.0,1.0,1.0,0.0,1.0,1.0,1.0,1.0,1.0,0.0,1.0,1.0,1.0,1.0,1.0,0.0,1.0,1.0,1.0,1.0,1.0,0.0,1.0,1.0,1.0,1.0,1.0,0.0,1.0,1.0,1.0,1.0,1.0,0.0,1.0,1.0,1.0,1.0,1.0,0.0,1.0,1.0,1.0,1.0,1.0,0.0,1.0,1.0,1.0,1.0,1.0,0.0,1.0,1.0,1.0,1.0,1.0,0.0,1.0,1.0
Math,74,0.0,0.0,0.0,0.5370370370370371,17.0,17.0,0.0,0.0,0.0,0.5370370370370371,17.0,17.0,0.0,0.0,0.0,0.5370370370370371,17.0,17.0,0.0,0.0,0.0,0.5370370370370371,17.0,17.0,0.0,0.0,0.0,0.5370370370370371,17.0,17.0,0.0,0.0,0.0,0.5370370370370371,17.0,17.0,0.0,0.0,0.0,0.5370370370370371,17.0,17.0,0.0,0.0,0.0,0.5370370370370371,17.0,17.0,0.0,0.0,0.0,0.5370370370370371,17.0,17.0,0.0,0.0,0.0,0.5370370370370371,17.0,17.0,1.0,1.0,1.0,0.0,1.0,1.0,0.0,0.0,0.0,0.5370370370370371,17.0,17.0,1.0,1.0,1.0,0.0,1.0,1.0,0.0,0.0,0.0,0.5370370370370371,17.0,17.0,0.0,1.0,1.0,0.5925925925925926,3.0,3.0
Math,75,1.0,1.0,1.0,0.0,1.0,1.0,1.0,1.0,1.0,0.0,1.0,1.0,1.0,1.0,1.0,0.0,1.0,1.0,1.0,1.0,1.0,0.0,1.0,1.0,1.0,1.0,1.0,0.0,1.0,1.0,1.0,1.0,1.0,0.0,1.0,1.0,1.0,1.0,1.0,0.0,1.0,1.0,1.0,1.0,1.0,0.0,1.0,1.0,1.0,1.0,1.0,0.0,1.0,1.0,1.0,1.0,1.0,0.0,1.0,1.0,1.0,1.0,1.0,0.0,1.0,1.0,1.0,1.0,1.0,0.0,1.0,1.0,1.0,1.0,1.0,0.0,1.0,1.0,1.0,1.0,1.0,0.0,1.0,1.0,1.0,1.0,1.0,0.0,1.0,1.0
Math,76,1.0,1.0,1.0,0.0,1.0,1.0,1.0,1.0,1.0,0.0,1.0,1.0,1.0,1.0,1.0,0.0,1.0,1.0,1.0,1.0,1.0,0.0,1.0,1.0,1.0,1.0,1.0,0.0,1.0,1.0,1.0,1.0,1.0,0.0,1.0,1.0,1.0,1.0,1.0,0.0,1.0,1.0,1.0,1.0,1.0,0.0,1.0,1.0,1.0,1.0,1.0,0.0,1.0,1.0,1.0,1.0,1.0,0.0,1.0,1.0,1.0,1.0,1.0,0.0,1.0,1.0,1.0,1.0,1.0,0.0,1.0,1.0,1.0,1.0,1.0,0.0,1.0,1.0,1.0,1.0,1.0,0.0,1.0,1.0,1.0,1.0,1.0,0.0,1.0,1.0
Math,77,1.0,1.0,1.0,0.0,1.0,1.0,1.0,1.0,1.0,0.0,1.0,1.0,1.0,1.0,1.0,0.0,1.0,1.0,1.0,1.0,1.0,0.0,1.0,1.0,1.0,1.0,1.0,0.0,1.0,1.0,1.0,1.0,1.0,0.0,1.0,1.0,0.0,1.0,1.0,0.03333333333333333,2.0,2.0,1.0,1.0,1.0,0.0,1.0,1.0,1.0,1.0,1.0,0.0,1.0,1.0,0.0,1.0,1.0,0.03333333333333333,2.0,2.0,1.0,1.0,1.0,0.0,1.0,1.0,1.0,1.0,1.0,0.0,1.0,1.0,1.0,1.0,1.0,0.0,1.0,1.0,1.0,1.0,1.0,0.0,1.0,1.0,1.0,1.0,1.0,0.0,1.0,1.0
Math,78,0.0,1.0,1.0,0.16666666666666666,3.0,3.0,0.0,1.0,1.0,0.16666666666666666,3.0,3.0,0.0,1.0,1.0,0.16666666666666666,3.0,3.0,0.0,1.0,1.0,0.16666666666666666,3.0,3.0,0.0,1.0,1.0,0.16666666666666666,3.0,3.0,0.0,1.0,1.0,0.16666666666666666,3.0,3.0,0.0,1.0,1.0,0.16666666666666666,3.0,3.0,0.0,1.0,1.0,0.16666666666666666,3.0,3.0,0.0,1.0,1.0,0.16666666666666666,3.0,3.0,0.0,1.0,1.0,0.16666666666666666,3.0,3.0,1.0,1.0,1.0,0.0,1.0,1.0,0.0,1.0,1.0,0.16666666666666666,3.0,3.0,1.0,1.0,1.0,0.0,1.0,1.0,0.0,1.0,1.0,0.16666666666666666,3.0,3.0,0.0,0.0,1.0,0.9166666666666666,4.0,4.0
Math,79,0.0,1.0,1.0,0.75,3.0,3.0,0.0,1.0,1.0,0.75,3.0,3.0,0.0,1.0,1.0,0.75,3.0,3.0,0.0,1.0,1.0,0.75,3.0,3.0,0.0,1.0,1.0,0.75,3.0,3.0,0.0,1.0,1.0,0.75,3.0,3.0,0.0,1.0,1.0,0.75,3.0,3.0,0.0,1.0,1.0,0.75,3.0,3.0,0.0,1.0,1.0,0.75,3.0,3.0,0.0,1.0,1.0,0.75,3.0,3.0,1.0,1.0,1.0,0.0,1.0,1.0,0.0,1.0,1.0,0.75,3.0,3.0,0.0,1.0,1.0,0.5,2.0,2.0,0.0,1.0,1.0,0.75,3.0,3.0,0.0,1.0,1.0,0.75,3.0,3.0
Math,80,1.0,1.0,1.0,0.0,1.0,1.0,1.0,1.0,1.0,0.0,1.0,1.0,1.0,1.0,1.0,0.0,1.0,1.0,1.0,1.0,1.0,0.0,1.0,1.0,1.0,1.0,1.0,0.0,1.0,1.0,1.0,1.0,1.0,0.0,1.0,1.0,1.0,1.0,1.0,0.0,1.0,1.0,1.0,1.0,1.0,0.0,1.0,1.0,1.0,1.0,1.0,0.0,1.0,1.0,1.0,1.0,1.0,0.0,1.0,1.0,1.0,1.0,1.0,0.0,1.0,1.0,1.0,1.0,1.0,0.0,1.0,1.0,1.0,1.0,1.0,0.0,1.0,1.0,1.0,1.0,1.0,0.0,1.0,1.0,1.0,1.0,1.0,0.0,1.0,1.0
Math,81,1.0,1.0,1.0,0.0,1.0,1.0,1.0,1.0,1.0,0.0,1.0,1.0,1.0,1.0,1.0,0.0,1.0,1.0,1.0,1.0,1.0,0.0,1.0,1.0,1.0,1.0,1.0,0.0,1.0,1.0,1.0,1.0,1.0,0.0,1.0,1.0,1.0,1.0,1.0,0.0,1.0,1.0,1.0,1.0,1.0,0.0,1.0,1.0,1.0,1.0,1.0,0.0,1.0,1.0,1.0,1.0,1.0,0.0,1.0,1.0,1.0,1.0,1.0,0.0,1.0,1.0,1.0,1.0,1.0,0.0,1.0,1.0,1.0,1.0,1.0,0.0,1.0,1.0,1.0,1.0,1.0,0.0,1.0,1.0,1.0,1.0,1.0,0.0,1.0,1.0
Math,82,0.0,1.0,1.0,0.08333333333333333,2.0,2.0,0.0,1.0,1.0,0.08333333333333333,2.0,2.0,0.0,1.0,1.0,0.08333333333333333,2.0,2.0,0.0,1.0,1.0,0.08333333333333333,2.0,2.0,0.0,1.0,1.0,0.08333333333333333,2.0,2.0,0.0,1.0,1.0,0.08333333333333333,2.0,2.0,0.0,1.0,1.0,0.08333333333333333,2.0,2.0,0.0,1.0,1.0,0.08333333333333333,2.0,2.0,0.0,1.0,1.0,0.08333333333333333,2.0,2.0,0.0,1.0,1.0,0.08333333333333333,2.0,2.0,1.0,1.0,1.0,0.0,1.0,1.0,0.0,1.0,1.0,0.08333333333333333,2.0,2.0,1.0,1.0,1.0,0.0,1.0,1.0,0.0,1.0,1.0,0.08333333333333333,2.0,2.0,0.0,0.0,1.0,0.75,4.0,4.0
Math,83,1.0,1.0,1.0,0.0,1.0,1.0,1.0,1.0,1.0,0.0,1.0,1.0,1.0,1.0,1.0,0.0,1.0,1.0,1.0,1.0,1.0,0.0,1.0,1.0,1.0,1.0,1.0,0.0,1.0,1.0,1.0,1.0,1.0,0.0,1.0,1.0,1.0,1.0,1.0,0.0,1.0,1.0,1.0,1.0,1.0,0.0,1.0,1.0,1.0,1.0,1.0,0.0,1.0,1.0,1.0,1.0,1.0,0.0,1.0,1.0,1.0,1.0,1.0,0.0,1.0,1.0,1.0,1.0,1.0,0.0,1.0,1.0,1.0,1.0,1.0,0.0,1.0,1.0,1.0,1.0,1.0,0.0,1.0,1.0,1.0,1.0,1.0,0.0,1.0,1.0
Math,84,1.0,1.0,1.0,0.0,1.0,1.0,1.0,1.0,1.0,0.0,1.0,1.0,1.0,1.0,1.0,0.0,1.0,1.0,1.0,1.0,1.0,0.0,1.0,1.0,1.0,1.0,1.0,0.0,1.0,1.0,1.0,1.0,1.0,0.0,1.0,1.0,1.0,1.0,1.0,0.0,1.0,1.0,1.0,1.0,1.0,0.0,1.0,1.0,1.0,1.0,1.0,0.0,1.0,1.0,1.0,1.0,1.0,0.0,1.0,1.0,1.0,1.0,1.0,0.0,1.0,1.0,1.0,1.0,1.0,0.0,1.0,1.0,1.0,1.0,1.0,0.0,1.0,1.0,1.0,1.0,1.0,0.0,1.0,1.0,1.0,1.0,1.0,0.0,1.0,1.0
Math,85,0.0,0.0,1.0,0.29411764705882354,5.0,5.0,0.0,0.0,1.0,0.29411764705882354,5.0,5.0,0.0,0.0,1.0,0.29411764705882354,5.0,5.0,0.0,0.0,1.0,0.29411764705882354,5.0,5.0,0.0,0.0,1.0,0.29411764705882354,5.0,5.0,0.0,0.0,1.0,0.29411764705882354,5.0,5.0,0.0,0.0,1.0,0.29411764705882354,5.0,5.0,0.0,0.0,1.0,0.29411764705882354,5.0,5.0,0.0,0.0,1.0,0.29411764705882354,5.0,5.0,0.0,0.0,1.0,0.29411764705882354,5.0,5.0,1.0,1.0,1.0,0.0,1.0,1.0,0.0,0.0,1.0,0.29411764705882354,5.0,5.0,0.0,1.0,1.0,0.058823529411764705,2.0,2.0,0.0,0.0,1.0,0.29411764705882354,5.0,5.0,0.0,1.0,1.0,0.058823529411764705,2.0,2.0
Math,86,0.0,1.0,1.0,0.07692307692307693,2.0,2.0,1.0,1.0,1.0,0.0,1.0,1.0,0.0,1.0,1.0,0.07692307692307693,2.0,2.0,1.0,1.0,1.0,0.0,1.0,1.0,1.0,1.0,1.0,0.0,1.0,1.0,1.0,1.0,1.0,0.0,1.0,1.0,1.0,1.0,1.0,0.0,1.0,1.0,0.0,1.0,1.0,0.07692307692307693,2.0,2.0,1.0,1.0,1.0,0.0,1.0,1.0,1.0,1.0,1.0,0.0,1.0,1.0,1.0,1.0,1.0,0.0,1.0,1.0,1.0,1.0,1.0,0.0,1.0,1.0,1.0,1.0,1.0,0.0,1.0,1.0,1.0,1.0,1.0,0.0,1.0,1.0,0.0,1.0,1.0,0.46153846153846156,2.0,2.0
Math,87,1.0,1.0,1.0,0.0,1.0,1.0,1.0,1.0,1.0,0.0,1.0,1.0,1.0,1.0,1.0,0.0,1.0,1.0,1.0,1.0,1.0,0.0,1.0,1.0,1.0,1.0,1.0,0.0,1.0,1.0,1.0,1.0,1.0,0.0,1.0,1.0,1.0,1.0,1.0,0.0,1.0,1.0,1.0,1.0,1.0,0.0,1.0,1.0,1.0,1.0,1.0,0.0,1.0,1.0,1.0,1.0,1.0,0.0,1.0,1.0,1.0,1.0,1.0,0.0,1.0,1.0,1.0,1.0,1.0,0.0,1.0,1.0,1.0,1.0,1.0,0.0,1.0,1.0,1.0,1.0,1.0,0.0,1.0,1.0,1.0,1.0,1.0,0.0,1.0,1.0
Math,88,1.0,1.0,1.0,0.0,1.0,1.0,1.0,1.0,1.0,0.0,1.0,1.0,1.0,1.0,1.0,0.0,1.0,1.0,1.0,1.0,1.0,0.0,1.0,1.0,1.0,1.0,1.0,0.0,1.0,1.0,1.0,1.0,1.0,0.0,1.0,1.0,1.0,1.0,1.0,0.0,1.0,1.0,1.0,1.0,1.0,0.0,1.0,1.0,1.0,1.0,1.0,0.0,1.0,1.0,1.0,1.0,1.0,0.0,1.0,1.0,1.0,1.0,1.0,0.0,1.0,1.0,1.0,1.0,1.0,0.0,1.0,1.0,1.0,1.0,1.0,0.0,1.0,1.0,1.0,1.0,1.0,0.0,1.0,1.0,1.0,1.0,1.0,0.0,1.0,1.0
Math,89,1.0,1.0,1.0,0.0,1.0,1.0,1.0,1.0,1.0,0.0,1.0,1.0,1.0,1.0,1.0,0.0,1.0,1.0,1.0,1.0,1.0,0.0,1.0,1.0,1.0,1.0,1.0,0.0,1.0,1.0,1.0,1.0,1.0,0.0,1.0,1.0,1.0,1.0,1.0,0.0,1.0,1.0,1.0,1.0,1.0,0.0,1.0,1.0,1.0,1.0,1.0,0.0,1.0,1.0,1.0,1.0,1.0,0.0,1.0,1.0,1.0,1.0,1.0,0.0,1.0,1.0,1.0,1.0,1.0,0.0,1.0,1.0,1.0,1.0,1.0,0.0,1.0,1.0,1.0,1.0,1.0,0.0,1.0,1.0,1.0,1.0,1.0,0.0,1.0,1.0
Math,90,1.0,1.0,1.0,0.0,1.0,1.0,1.0,1.0,1.0,0.0,1.0,1.0,1.0,1.0,1.0,0.0,1.0,1.0,1.0,1.0,1.0,0.0,1.0,1.0,1.0,1.0,1.0,0.0,1.0,1.0,1.0,1.0,1.0,0.0,1.0,1.0,1.0,1.0,1.0,0.0,1.0,1.0,1.0,1.0,1.0,0.0,1.0,1.0,1.0,1.0,1.0,0.0,1.0,1.0,1.0,1.0,1.0,0.0,1.0,1.0,1.0,1.0,1.0,0.0,1.0,1.0,1.0,1.0,1.0,0.0,1.0,1.0,1.0,1.0,1.0,0.0,1.0,1.0,1.0,1.0,1.0,0.0,1.0,1.0,1.0,1.0,1.0,0.0,1.0,1.0
Math,91,1.0,1.0,1.0,0.0,1.0,1.0,1.0,1.0,1.0,0.0,1.0,1.0,1.0,1.0,1.0,0.0,1.0,1.0,1.0,1.0,1.0,0.0,1.0,1.0,1.0,1.0,1.0,0.0,1.0,1.0,1.0,1.0,1.0,0.0,1.0,1.0,1.0,1.0,1.0,0.0,1.0,1.0,1.0,1.0,1.0,0.0,1.0,1.0,1.0,1.0,1.0,0.0,1.0,1.0,1.0,1.0,1.0,0.0,1.0,1.0,1.0,1.0,1.0,0.0,1.0,1.0,1.0,1.0,1.0,0.0,1.0,1.0,1.0,1.0,1.0,0.0,1.0,1.0,1.0,1.0,1.0,0.0,1.0,1.0,1.0,1.0,1.0,0.0,1.0,1.0
Math,92,1.0,1.0,1.0,0.0,1.0,1.0,1.0,1.0,1.0,0.0,1.0,1.0,1.0,1.0,1.0,0.0,1.0,1.0,1.0,1.0,1.0,0.0,1.0,1.0,1.0,1.0,1.0,0.0,1.0,1.0,1.0,1.0,1.0,0.0,1.0,1.0,1.0,1.0,1.0,0.0,1.0,1.0,1.0,1.0,1.0,0.0,1.0,1.0,1.0,1.0,1.0,0.0,1.0,1.0,1.0,1.0,1.0,0.0,1.0,1.0,1.0,1.0,1.0,0.0,1.0,1.0,1.0,1.0,1.0,0.0,1.0,1.0,1.0,1.0,1.0,0.0,1.0,1.0,1.0,1.0,1.0,0.0,1.0,1.0,1.0,1.0,1.0,0.0,1.0,1.0
Math,93,1.0,1.0,1.0,0.0,1.0,1.0,1.0,1.0,1.0,0.0,1.0,1.0,1.0,1.0,1.0,0.0,1.0,1.0,1.0,1.0,1.0,0.0,1.0,1.0,1.0,1.0,1.0,0.0,1.0,1.0,1.0,1.0,1.0,0.0,1.0,1.0,1.0,1.0,1.0,0.0,1.0,1.0,1.0,1.0,1.0,0.0,1.0,1.0,1.0,1.0,1.0,0.0,1.0,1.0,1.0,1.0,1.0,0.0,1.0,1.0,1.0,1.0,1.0,0.0,1.0,1.0,1.0,1.0,1.0,0.0,1.0,1.0,1.0,1.0,1.0,0.0,1.0,1.0,1.0,1.0,1.0,0.0,1.0,1.0,1.0,1.0,1.0,0.0,1.0,1.0
Math,94,1.0,1.0,1.0,0.0,1.0,1.0,1.0,1.0,1.0,0.0,1.0,1.0,1.0,1.0,1.0,0.0,1.0,1.0,1.0,1.0,1.0,0.0,1.0,1.0,1.0,1.0,1.0,0.0,1.0,1.0,1.0,1.0,1.0,0.0,1.0,1.0,1.0,1.0,1.0,0.0,1.0,1.0,1.0,1.0,1.0,0.0,1.0,1.0,1.0,1.0,1.0,0.0,1.0,1.0,1.0,1.0,1.0,0.0,1.0,1.0,1.0,1.0,1.0,0.0,1.0,1.0,1.0,1.0,1.0,0.0,1.0,1.0,1.0,1.0,1.0,0.0,1.0,1.0,1.0,1.0,1.0,0.0,1.0,1.0,1.0,1.0,1.0,0.0,1.0,1.0
Math,95,1.0,1.0,1.0,0.0,1.0,1.0,1.0,1.0,1.0,0.0,1.0,1.0,1.0,1.0,1.0,0.0,1.0,1.0,1.0,1.0,1.0,0.0,1.0,1.0,1.0,1.0,1.0,0.0,1.0,1.0,1.0,1.0,1.0,0.0,1.0,1.0,1.0,1.0,1.0,0.0,1.0,1.0,1.0,1.0,1.0,0.0,1.0,1.0,1.0,1.0,1.0,0.0,1.0,1.0,1.0,1.0,1.0,0.0,1.0,1.0,0.0,1.0,1.0,0.9333333333333333,2.0,2.0,1.0,1.0,1.0,0.0,1.0,1.0,0.0,1.0,1.0,0.9333333333333333,2.0,2.0,1.0,1.0,1.0,0.0,1.0,1.0,1.0,1.0,1.0,0.0,1.0,1.0
Math,96,1.0,1.0,1.0,0.0,1.0,1.0,1.0,1.0,1.0,0.0,1.0,1.0,1.0,1.0,1.0,0.0,1.0,1.0,1.0,1.0,1.0,0.0,1.0,1.0,1.0,1.0,1.0,0.0,1.0,1.0,1.0,1.0,1.0,0.0,1.0,1.0,1.0,1.0,1.0,0.0,1.0,1.0,1.0,1.0,1.0,0.0,1.0,1.0,1.0,1.0,1.0,0.0,1.0,1.0,1.0,1.0,1.0,0.0,1.0,1.0,1.0,1.0,1.0,0.0,1.0,1.0,1.0,1.0,1.0,0.0,1.0,1.0,1.0,1.0,1.0,0.0,1.0,1.0,1.0,1.0,1.0,0.0,1.0,1.0,1.0,1.0,1.0,0.0,1.0,1.0
Math,97,0.0,1.0,1.0,0.2,2.0,2.0,0.0,1.0,1.0,0.2,2.0,2.0,0.0,1.0,1.0,0.2,2.0,2.0,0.0,1.0,1.0,0.2,2.0,2.0,0.0,1.0,1.0,0.2,2.0,2.0,0.0,1.0,1.0,0.2,2.0,2.0,0.0,1.0,1.0,0.2,2.0,2.0,0.0,1.0,1.0,0.2,2.0,2.0,0.0,1.0,1.0,0.2,2.0,2.0,0.0,1.0,1.0,0.2,2.0,2.0,1.0,1.0,1.0,0.0,1.0,1.0,0.0,1.0,1.0,0.2,2.0,2.0,1.0,1.0,1.0,0.0,1.0,1.0,0.0,1.0,1.0,0.2,2.0,2.0,0.0,1.0,1.0,0.2,2.0,2.0
Math,98,1.0,1.0,1.0,0.0,1.0,1.0,1.0,1.0,1.0,0.0,1.0,1.0,1.0,1.0,1.0,0.0,1.0,1.0,1.0,1.0,1.0,0.0,1.0,1.0,1.0,1.0,1.0,0.0,1.0,1.0,1.0,1.0,1.0,0.0,1.0,1.0,1.0,1.0,1.0,0.0,1.0,1.0,1.0,1.0,1.0,0.0,1.0,1.0,1.0,1.0,1.0,0.0,1.0,1.0,1.0,1.0,1.0,0.0,1.0,1.0,1.0,1.0,1.0,0.0,1.0,1.0,1.0,1.0,1.0,0.0,1.0,1.0,1.0,1.0,1.0,0.0,1.0,1.0,1.0,1.0,1.0,0.0,1.0,1.0,1.0,1.0,1.0,0.0,1.0,1.0
Math,99,1.0,1.0,1.0,0.0,1.0,1.0,1.0,1.0,1.0,0.0,1.0,1.0,1.0,1.0,1.0,0.0,1.0,1.0,1.0,1.0,1.0,0.0,1.0,1.0,1.0,1.0,1.0,0.0,1.0,1.0,1.0,1.0,1.0,0.0,1.0,1.0,1.0,1.0,1.0,0.0,1.0,1.0,1.0,1.0,1.0,0.0,1.0,1.0,1.0,1.0,1.0,0.0,1.0,1.0,1.0,1.0,1.0,0.0,1.0,1.0,1.0,1.0,1.0,0.0,1.0,1.0,1.0,1.0,1.0,0.0,1.0,1.0,1.0,1.0,1.0,0.0,1.0,1.0,1.0,1.0,1.0,0.0,1.0,1.0,1.0,1.0,1.0,0.0,1.0,1.0
Math,100,0.0,1.0,1.0,0.18181818181818182,2.0,2.0,0.0,1.0,1.0,0.18181818181818182,2.0,2.0,0.0,1.0,1.0,0.18181818181818182,2.0,2.0,0.0,1.0,1.0,0.18181818181818182,2.0,2.0,0.0,1.0,1.0,0.18181818181818182,2.0,2.0,0.0,1.0,1.0,0.18181818181818182,2.0,2.0,0.0,1.0,1.0,0.18181818181818182,2.0,2.0,0.0,1.0,1.0,0.18181818181818182,2.0,2.0,0.0,1.0,1.0,0.18181818181818182,2.0,2.0,0.0,1.0,1.0,0.18181818181818182,2.0,2.0,1.0,1.0,1.0,0.0,1.0,1.0,0.0,1.0,1.0,0.18181818181818182,2.0,2.0,0.0,1.0,1.0,0.18181818181818182,2.0,2.0,0.0,1.0,1.0,0.18181818181818182,2.0,2.0,0.0,1.0,1.0,0.18181818181818182,2.0,2.0
Math,101,1.0,1.0,1.0,0.0,1.0,1.0,1.0,1.0,1.0,0.0,1.0,1.0,1.0,1.0,1.0,0.0,1.0,1.0,1.0,1.0,1.0,0.0,1.0,1.0,1.0,1.0,1.0,0.0,1.0,1.0,1.0,1.0,1.0,0.0,1.0,1.0,1.0,1.0,1.0,0.0,1.0,1.0,1.0,1.0,1.0,0.0,1.0,1.0,1.0,1.0,1.0,0.0,1.0,1.0,1.0,1.0,1.0,0.0,1.0,1.0,1.0,1.0,1.0,0.0,1.0,1.0,1.0,1.0,1.0,0.0,1.0,1.0,1.0,1.0,1.0,0.0,1.0,1.0,1.0,1.0,1.0,0.0,1.0,1.0,1.0,1.0,1.0,0.0,1.0,1.0
Math,102,1.0,1.0,1.0,0.0,1.0,1.0,0.0,0.0,1.0,0.1111111111111111,4.0,4.0,1.0,1.0,1.0,0.0,1.0,1.0,0.0,0.0,1.0,0.1111111111111111,4.0,4.0,1.0,1.0,1.0,0.0,1.0,1.0,1.0,1.0,1.0,0.0,1.0,1.0,1.0,1.0,1.0,0.0,1.0,1.0,1.0,1.0,1.0,0.0,1.0,1.0,1.0,1.0,1.0,0.0,1.0,1.0,1.0,1.0,1.0,0.0,1.0,1.0,1.0,1.0,1.0,0.0,1.0,1.0,1.0,1.0,1.0,0.0,1.0,1.0,1.0,1.0,1.0,0.0,1.0,1.0,0.0,1.0,1.0,0.037037037037037035,2.0,2.0,1.0,1.0,1.0,0.0,1.0,1.0
Math,103,0.0,1.0,1.0,0.3333333333333333,3.0,3.0,0.0,1.0,1.0,0.3333333333333333,3.0,3.0,0.0,1.0,1.0,0.3333333333333333,3.0,3.0,0.0,1.0,1.0,0.3333333333333333,3.0,3.0,0.0,1.0,1.0,0.3333333333333333,3.0,3.0,0.0,1.0,1.0,0.3333333333333333,3.0,3.0,0.0,1.0,1.0,0.3333333333333333,3.0,3.0,0.0,1.0,1.0,0.3333333333333333,3.0,3.0,0.0,1.0,1.0,0.3333333333333333,3.0,3.0,0.0,1.0,1.0,0.3333333333333333,3.0,3.0,1.0,1.0,1.0,0.0,1.0,1.0,0.0,1.0,1.0,0.3333333333333333,3.0,3.0,0.0,1.0,1.0,0.1111111111111111,2.0,2.0,0.0,1.0,1.0,0.3333333333333333,3.0,3.0,0.0,1.0,1.0,0.6666666666666666,3.0,3.0
Math,104,0.0,0.0,0.0,,,,0.0,0.0,0.0,,,,0.0,0.0,0.0,,,,0.0,0.0,0.0,,,,0.0,0.0,0.0,,,,0.0,0.0,0.0,,,,0.0,0.0,0.0,,,,0.0,0.0,0.0,,,,0.0,0.0,0.0,,,,0.0,0.0,0.0,,,,0.0,0.0,0.0,,,,0.0,0.0,0.0,,,,0.0,0.0,0.0,,,,0.0,0.0,0.0,,,,0.0,0.0,0.0,,,
Math,105,1.0,1.0,1.0,0.0,1.0,1.0,1.0,1.0,1.0,0.0,1.0,1.0,1.0,1.0,1.0,0.0,1.0,1.0,1.0,1.0,1.0,0.0,1.0,1.0,1.0,1.0,1.0,0.0,1.0,1.0,1.0,1.0,1.0,0.0,1.0,1.0,1.0,1.0,1.0,0.0,1.0,1.0,1.0,1.0,1.0,0.0,1.0,1.0,1.0,1.0,1.0,0.0,1.0,1.0,1.0,1.0,1.0,0.0,1.0,1.0,1.0,1.0,1.0,0.0,1.0,1.0,1.0,1.0,1.0,0.0,1.0,1.0,1.0,1.0,1.0,0.0,1.0,1.0,1.0,1.0,1.0,0.0,1.0,1.0,1.0,1.0,1.0,0.0,1.0,1.0
Math,106,1.0,1.0,1.0,0.0,1.0,1.0,1.0,1.0,1.0,0.0,1.0,1.0,1.0,1.0,1.0,0.0,1.0,1.0,1.0,1.0,1.0,0.0,1.0,1.0,1.0,1.0,1.0,0.0,1.0,1.0,1.0,1.0,1.0,0.0,1.0,1.0,1.0,1.0,1.0,0.0,1.0,1.0,1.0,1.0,1.0,0.0,1.0,1.0,1.0,1.0,1.0,0.0,1.0,1.0,1.0,1.0,1.0,0.0,1.0,1.0,1.0,1.0,1.0,0.0,1.0,1.0,1.0,1.0,1.0,0.0,1.0,1.0,1.0,1.0,1.0,0.0,1.0,1.0,1.0,1.0,1.0,0.0,1.0,1.0,1.0,1.0,1.0,0.0,1.0,1.0
Collections,25,1.0,1.0,1.0,0.0,1.0,1.0,1.0,1.0,1.0,0.0,1.0,1.0,1.0,1.0,1.0,0.0,1.0,1.0,1.0,1.0,1.0,0.0,1.0,1.0,1.0,1.0,1.0,0.0,1.0,1.0,1.0,1.0,1.0,0.0,1.0,1.0,1.0,1.0,1.0,0.0,1.0,1.0,1.0,1.0,1.0,0.0,1.0,1.0,1.0,1.0,1.0,0.0,1.0,1.0,1.0,1.0,1.0,0.0,1.0,1.0,1.0,1.0,1.0,0.0,1.0,1.0,1.0,1.0,1.0,0.0,1.0,1.0,1.0,1.0,1.0,0.0,1.0,1.0,1.0,1.0,1.0,0.0,1.0,1.0,1.0,1.0,1.0,0.0,1.0,1.0
Collections,26,1.0,1.0,1.0,0.0,1.0,1.0,1.0,1.0,1.0,0.0,1.0,1.0,1.0,1.0,1.0,0.0,1.0,1.0,1.0,1.0,1.0,0.0,1.0,1.0,1.0,1.0,1.0,0.0,1.0,1.0,1.0,1.0,1.0,0.0,1.0,1.0,1.0,1.0,1.0,0.0,1.0,1.0,1.0,1.0,1.0,0.0,1.0,1.0,1.0,1.0,1.0,0.0,1.0,1.0,1.0,1.0,1.0,0.0,1.0,1.0,1.0,1.0,1.0,0.0,1.0,1.0,1.0,1.0,1.0,0.0,1.0,1.0,1.0,1.0,1.0,0.0,1.0,1.0,1.0,1.0,1.0,0.0,1.0,1.0,1.0,1.0,1.0,0.0,1.0,1.0
Collections,27,0.0,0.0,0.0,,,,0.0,0.0,0.0,,,,0.0,0.0,0.0,,,,0.0,0.0,0.0,,,,0.0,0.0,0.0,,,,0.0,0.0,0.0,,,,0.0,0.0,0.0,,,,0.0,0.0,0.0,,,,0.0,0.0,0.0,,,,0.0,0.0,0.0,,,,0.0,0.0,0.0,,,,0.0,0.0,0.0,,,,0.0,0.0,0.0,,,,0.0,0.0,0.0,,,,0.0,0.0,0.0,,,
Collections,28,0.0,0.0,0.0,,,,0.0,0.0,0.0,,,,0.0,0.0,0.0,,,,0.0,0.0,0.0,,,,0.0,0.0,0.0,,,,0.0,0.0,0.0,,,,0.0,0.0,0.0,,,,0.0,0.0,0.0,,,,0.0,0.0,0.0,,,,0.0,0.0,0.0,,,,0.0,0.0,0.0,,,,0.0,0.0,0.0,,,,0.0,0.0,0.0,,,,0.0,0.0,0.0,,,,0.0,0.0,0.0,,,
Codec,1,1.0,1.0,1.0,0.0,1.0,2.3333333333333335,1.0,1.0,1.0,0.0,1.0,2.3333333333333335,1.0,1.0,1.0,0.0,1.0,2.3333333333333335,1.0,1.0,1.0,0.0,1.0,3.0,1.0,1.0,1.0,0.0,1.0,2.3333333333333335,1.0,1.0,1.0,0.0,1.0,2.3333333333333335,1.0,1.0,1.0,0.0,1.0,2.0,1.0,1.0,1.0,0.0,1.0,1.6666666666666667,1.0,1.0,1.0,0.0,1.0,2.3333333333333335,1.0,1.0,1.0,0.0,1.0,2.0,1.0,1.0,1.0,0.0,1.0,1.0,1.0,1.0,1.0,0.0,1.0,2.3333333333333335,1.0,1.0,1.0,0.0,1.0,2.0,1.0,1.0,1.0,0.0,1.0,2.3333333333333335,1.0,1.0,1.0,0.0,1.0,2.0
Codec,2,1.0,1.0,1.0,0.0,1.0,1.0,1.0,1.0,1.0,0.0,1.0,1.0,1.0,1.0,1.0,0.0,1.0,1.0,1.0,1.0,1.0,0.0,1.0,1.0,1.0,1.0,1.0,0.0,1.0,1.0,1.0,1.0,1.0,0.0,1.0,1.0,1.0,1.0,1.0,0.0,1.0,1.0,1.0,1.0,1.0,0.0,1.0,1.0,1.0,1.0,1.0,0.0,1.0,1.0,1.0,1.0,1.0,0.0,1.0,1.0,1.0,1.0,1.0,0.0,1.0,1.0,1.0,1.0,1.0,0.0,1.0,1.0,1.0,1.0,1.0,0.0,1.0,1.0,1.0,1.0,1.0,0.0,1.0,1.0,1.0,1.0,1.0,0.0,1.0,1.0
Codec,4,1.0,1.0,1.0,0.0,1.0,1.0,1.0,1.0,1.0,0.0,1.0,1.0,1.0,1.0,1.0,0.0,1.0,1.0,1.0,1.0,1.0,0.0,1.0,1.0,1.0,1.0,1.0,0.0,1.0,1.0,1.0,1.0,1.0,0.0,1.0,1.0,1.0,1.0,1.0,0.0,1.0,1.0,1.0,1.0,1.0,0.0,1.0,1.0,1.0,1.0,1.0,0.0,1.0,1.0,1.0,1.0,1.0,0.0,1.0,1.0,1.0,1.0,1.0,0.0,1.0,1.0,1.0,1.0,1.0,0.0,1.0,1.0,1.0,1.0,1.0,0.0,1.0,1.0,1.0,1.0,1.0,0.0,1.0,1.0,1.0,1.0,1.0,0.0,1.0,1.0
Codec,5,1.0,1.0,1.0,0.0,1.0,1.0,1.0,1.0,1.0,0.0,1.0,1.0,1.0,1.0,1.0,0.0,1.0,1.0,1.0,1.0,1.0,0.0,1.0,1.0,1.0,1.0,1.0,0.0,1.0,1.0,1.0,1.0,1.0,0.0,1.0,1.0,1.0,1.0,1.0,0.0,1.0,1.0,1.0,1.0,1.0,0.0,1.0,1.0,1.0,1.0,1.0,0.0,1.0,1.0,1.0,1.0,1.0,0.0,1.0,1.0,1.0,1.0,1.0,0.0,1.0,1.0,1.0,1.0,1.0,0.0,1.0,1.0,1.0,1.0,1.0,0.0,1.0,1.0,1.0,1.0,1.0,0.0,1.0,1.0,1.0,1.0,1.0,0.0,1.0,1.0
Codec,6,1.0,1.0,1.0,0.0,1.0,1.0,1.0,1.0,1.0,0.0,1.0,1.0,1.0,1.0,1.0,0.0,1.0,1.0,1.0,1.0,1.0,0.0,1.0,1.0,1.0,1.0,1.0,0.0,1.0,1.0,1.0,1.0,1.0,0.0,1.0,1.0,1.0,1.0,1.0,0.0,1.0,1.0,1.0,1.0,1.0,0.0,1.0,1.0,1.0,1.0,1.0,0.0,1.0,1.0,1.0,1.0,1.0,0.0,1.0,1.0,1.0,1.0,1.0,0.0,1.0,1.0,1.0,1.0,1.0,0.0,1.0,1.0,1.0,1.0,1.0,0.0,1.0,1.0,1.0,1.0,1.0,0.0,1.0,1.0,1.0,1.0,1.0,0.0,1.0,1.0
Codec,7,1.0,1.0,1.0,0.0,1.0,1.0,1.0,1.0,1.0,0.0,1.0,1.0,1.0,1.0,1.0,0.0,1.0,1.0,1.0,1.0,1.0,0.0,1.0,1.0,1.0,1.0,1.0,0.0,1.0,1.0,1.0,1.0,1.0,0.0,1.0,1.0,1.0,1.0,1.0,0.0,1.0,1.0,1.0,1.0,1.0,0.0,1.0,1.0,1.0,1.0,1.0,0.0,1.0,1.0,1.0,1.0,1.0,0.0,1.0,1.0,1.0,1.0,1.0,0.0,1.0,1.0,1.0,1.0,1.0,0.0,1.0,1.0,1.0,1.0,1.0,0.0,1.0,1.0,1.0,1.0,1.0,0.0,1.0,1.0,1.0,1.0,1.0,0.0,1.0,1.0
Codec,8,1.0,1.0,1.0,0.0,1.0,1.5,1.0,1.0,1.0,0.0,1.0,1.5,1.0,1.0,1.0,0.0,1.0,1.5,1.0,1.0,1.0,0.0,1.0,1.5,1.0,1.0,1.0,0.0,1.0,1.5,1.0,1.0,1.0,0.0,1.0,1.5,1.0,1.0,1.0,0.0,1.0,1.5,1.0,1.0,1.0,0.0,1.0,1.5,1.0,1.0,1.0,0.0,1.0,1.5,1.0,1.0,1.0,0.0,1.0,1.5,1.0,1.0,1.0,0.0,1.0,1.0,1.0,1.0,1.0,0.0,1.0,1.5,1.0,1.0,1.0,0.0,1.0,1.0,1.0,1.0,1.0,0.0,1.0,1.5,1.0,1.0,1.0,0.0,1.0,1.0
Codec,9,1.0,1.0,1.0,0.0,1.0,1.0,1.0,1.0,1.0,0.0,1.0,1.0,1.0,1.0,1.0,0.0,1.0,1.0,1.0,1.0,1.0,0.0,1.0,1.0,1.0,1.0,1.0,0.0,1.0,1.0,1.0,1.0,1.0,0.0,1.0,1.0,1.0,1.0,1.0,0.0,1.0,1.0,1.0,1.0,1.0,0.0,1.0,1.0,1.0,1.0,1.0,0.0,1.0,1.0,1.0,1.0,1.0,0.0,1.0,1.0,1.0,1.0,1.0,0.0,1.0,1.0,1.0,1.0,1.0,0.0,1.0,1.0,1.0,1.0,1.0,0.0,1.0,1.0,1.0,1.0,1.0,0.0,1.0,1.0,1.0,1.0,1.0,0.0,1.0,1.0
Codec,10,1.0,1.0,1.0,0.0,1.0,1.0,1.0,1.0,1.0,0.0,1.0,1.0,1.0,1.0,1.0,0.0,1.0,1.0,1.0,1.0,1.0,0.0,1.0,1.0,1.0,1.0,1.0,0.0,1.0,1.0,1.0,1.0,1.0,0.0,1.0,1.0,1.0,1.0,1.0,0.0,1.0,1.0,1.0,1.0,1.0,0.0,1.0,1.0,1.0,1.0,1.0,0.0,1.0,1.0,1.0,1.0,1.0,0.0,1.0,1.0,1.0,1.0,1.0,0.0,1.0,1.0,1.0,1.0,1.0,0.0,1.0,1.0,1.0,1.0,1.0,0.0,1.0,1.0,1.0,1.0,1.0,0.0,1.0,1.0,1.0,1.0,1.0,0.0,1.0,1.0
Codec,11,1.0,1.0,1.0,0.0,1.0,1.0,1.0,1.0,1.0,0.0,1.0,1.0,1.0,1.0,1.0,0.0,1.0,1.0,1.0,1.0,1.0,0.0,1.0,1.0,1.0,1.0,1.0,0.0,1.0,1.0,1.0,1.0,1.0,0.0,1.0,1.0,1.0,1.0,1.0,0.0,1.0,1.0,1.0,1.0,1.0,0.0,1.0,1.0,1.0,1.0,1.0,0.0,1.0,1.0,1.0,1.0,1.0,0.0,1.0,1.0,1.0,1.0,1.0,0.0,1.0,1.0,1.0,1.0,1.0,0.0,1.0,1.0,1.0,1.0,1.0,0.0,1.0,1.0,1.0,1.0,1.0,0.0,1.0,1.0,1.0,1.0,1.0,0.0,1.0,1.0
Codec,12,0.0,0.0,0.0,,,,0.0,0.0,0.0,,,,0.0,0.0,0.0,,,,0.0,0.0,0.0,,,,0.0,0.0,0.0,,,,0.0,0.0,0.0,,,,0.0,0.0,0.0,,,,0.0,0.0,0.0,,,,0.0,0.0,0.0,,,,0.0,0.0,0.0,,,,0.0,0.0,0.0,,,,0.0,0.0,0.0,,,,0.0,0.0,0.0,,,,0.0,0.0,0.0,,,,0.0,0.0,0.0,,,
Codec,13,1.0,1.0,1.0,0.0,1.0,1.0,1.0,1.0,1.0,0.0,1.0,1.0,1.0,1.0,1.0,0.0,1.0,1.0,1.0,1.0,1.0,0.0,1.0,1.0,1.0,1.0,1.0,0.0,1.0,1.0,1.0,1.0,1.0,0.0,1.0,1.0,1.0,1.0,1.0,0.0,1.0,1.0,1.0,1.0,1.0,0.0,1.0,1.0,1.0,1.0,1.0,0.0,1.0,1.0,1.0,1.0,1.0,0.0,1.0,1.0,1.0,1.0,1.0,0.0,1.0,1.0,1.0,1.0,1.0,0.0,1.0,1.0,1.0,1.0,1.0,0.0,1.0,1.0,1.0,1.0,1.0,0.0,1.0,1.0,1.0,1.0,1.0,0.0,1.0,1.0
Codec,14,0.0,0.0,1.0,0.5833333333333334,4.0,5.0,0.0,0.0,1.0,0.5833333333333334,4.0,5.0,0.0,0.0,1.0,0.5833333333333334,4.0,5.0,0.0,0.0,1.0,0.5833333333333334,4.0,5.0,0.0,0.0,1.0,0.5833333333333334,4.0,5.0,0.0,0.0,1.0,0.5833333333333334,4.0,5.0,0.0,0.0,1.0,0.5833333333333334,4.0,5.0,0.0,0.0,1.0,0.5833333333333334,4.0,5.0,0.0,0.0,1.0,0.5833333333333334,4.0,5.0,0.0,0.0,1.0,0.5833333333333334,4.0,5.0,1.0,1.0,1.0,0.0,1.0,1.0,0.0,1.0,1.0,0.25,2.0,4.0,1.0,1.0,1.0,0.0,1.0,1.0,0.0,1.0,1.0,0.25,2.0,4.0,0.0,1.0,1.0,0.25,2.0,4.0
Codec,15,1.0,1.0,1.0,0.0,1.0,1.0,1.0,1.0,1.0,0.0,1.0,1.0,1.0,1.0,1.0,0.0,1.0,1.0,1.0,1.0,1.0,0.0,1.0,1.0,1.0,1.0,1.0,0.0,1.0,1.0,1.0,1.0,1.0,0.0,1.0,1.0,1.0,1.0,1.0,0.0,1.0,1.0,1.0,1.0,1.0,0.0,1.0,1.0,1.0,1.0,1.0,0.0,1.0,1.0,1.0,1.0,1.0,0.0,1.0,1.0,1.0,1.0,1.0,0.0,1.0,1.0,1.0,1.0,1.0,0.0,1.0,1.0,1.0,1.0,1.0,0.0,1.0,1.0,1.0,1.0,1.0,0.0,1.0,1.0,1.0,1.0,1.0,0.0,1.0,1.0
Codec,16,1.0,1.0,1.0,0.0,1.0,1.0,1.0,1.0,1.0,0.0,1.0,1.0,1.0,1.0,1.0,0.0,1.0,1.0,1.0,1.0,1.0,0.0,1.0,1.0,1.0,1.0,1.0,0.0,1.0,1.0,1.0,1.0,1.0,0.0,1.0,1.0,1.0,1.0,1.0,0.0,1.0,1.0,1.0,1.0,1.0,0.0,1.0,1.0,1.0,1.0,1.0,0.0,1.0,1.0,1.0,1.0,1.0,0.0,1.0,1.0,1.0,1.0,1.0,0.0,1.0,1.0,1.0,1.0,1.0,0.0,1.0,1.0,1.0,1.0,1.0,0.0,1.0,1.0,1.0,1.0,1.0,0.0,1.0,1.0,1.0,1.0,1.0,0.0,1.0,1.0
Codec,17,1.0,1.0,1.0,0.0,1.0,1.0,1.0,1.0,1.0,0.0,1.0,1.0,1.0,1.0,1.0,0.0,1.0,1.0,1.0,1.0,1.0,0.0,1.0,1.0,1.0,1.0,1.0,0.0,1.0,1.0,1.0,1.0,1.0,0.0,1.0,1.0,1.0,1.0,1.0,0.0,1.0,1.0,1.0,1.0,1.0,0.0,1.0,1.0,1.0,1.0,1.0,0.0,1.0,1.0,1.0,1.0,1.0,0.0,1.0,1.0,1.0,1.0,1.0,0.0,1.0,1.0,1.0,1.0,1.0,0.0,1.0,1.0,1.0,1.0,1.0,0.0,1.0,1.0,1.0,1.0,1.0,0.0,1.0,1.0,1.0,1.0,1.0,0.0,1.0,1.0
Codec,18,0.0,1.0,1.0,0.5,2.0,2.0,1.0,1.0,1.0,0.0,1.0,1.0,0.0,1.0,1.0,0.5,2.0,2.0,1.0,1.0,1.0,0.0,1.0,1.0,0.0,1.0,1.0,0.5,2.0,2.0,0.0,1.0,1.0,0.5,2.0,2.0,0.0,1.0,1.0,0.5,2.0,2.0,0.0,1.0,1.0,0.5,2.0,2.0,0.0,1.0,1.0,0.5,2.0,2.0,0.0,1.0,1.0,0.5,2.0,2.0,1.0,1.0,1.0,0.0,1.0,1.0,0.0,1.0,1.0,0.5,2.0,2.0,0.0,1.0,1.0,0.5,2.0,2.0,0.0,1.0,1.0,0.5,2.0,2.0,0.0,1.0,1.0,0.5,2.0,2.0
Csv,1,0.0,1.0,1.0,0.25,3.0,3.0,0.0,1.0,1.0,0.25,3.0,3.0,0.0,1.0,1.0,0.25,3.0,3.0,0.0,1.0,1.0,0.25,3.0,3.0,0.0,1.0,1.0,0.25,3.0,3.0,0.0,1.0,1.0,0.25,3.0,3.0,0.0,1.0,1.0,0.25,3.0,3.0,0.0,1.0,1.0,0.25,3.0,3.0,0.0,1.0,1.0,0.25,3.0,3.0,0.0,1.0,1.0,0.25,3.0,3.0,1.0,1.0,1.0,0.0,1.0,1.0,0.0,0.0,1.0,0.375,4.0,4.0,1.0,1.0,1.0,0.0,1.0,1.0,0.0,0.0,1.0,0.375,4.0,4.0,0.0,1.0,1.0,0.375,3.0,3.0
Csv,2,1.0,1.0,1.0,0.0,1.0,1.0,1.0,1.0,1.0,0.0,1.0,1.0,1.0,1.0,1.0,0.0,1.0,1.0,1.0,1.0,1.0,0.0,1.0,1.0,1.0,1.0,1.0,0.0,1.0,1.0,1.0,1.0,1.0,0.0,1.0,1.0,1.0,1.0,1.0,0.0,1.0,1.0,1.0,1.0,1.0,0.0,1.0,1.0,1.0,1.0,1.0,0.0,1.0,1.0,1.0,1.0,1.0,0.0,1.0,1.0,1.0,1.0,1.0,0.0,1.0,1.0,1.0,1.0,1.0,0.0,1.0,1.0,1.0,1.0,1.0,0.0,1.0,1.0,1.0,1.0,1.0,0.0,1.0,1.0,1.0,1.0,1.0,0.0,1.0,1.0
Csv,3,1.0,1.0,1.0,0.0,1.0,1.0,1.0,1.0,1.0,0.0,1.0,1.0,1.0,1.0,1.0,0.0,1.0,1.0,1.0,1.0,1.0,0.0,1.0,1.0,1.0,1.0,1.0,0.0,1.0,1.0,1.0,1.0,1.0,0.0,1.0,1.0,1.0,1.0,1.0,0.0,1.0,1.0,1.0,1.0,1.0,0.0,1.0,1.0,1.0,1.0,1.0,0.0,1.0,1.0,1.0,1.0,1.0,0.0,1.0,1.0,1.0,1.0,1.0,0.0,1.0,1.0,1.0,1.0,1.0,0.0,1.0,1.0,1.0,1.0,1.0,0.0,1.0,1.0,1.0,1.0,1.0,0.0,1.0,1.0,1.0,1.0,1.0,0.0,1.0,1.0
Csv,4,1.0,1.0,1.0,0.0,1.0,1.0,1.0,1.0,1.0,0.0,1.0,1.0,1.0,1.0,1.0,0.0,1.0,1.0,1.0,1.0,1.0,0.0,1.0,1.0,1.0,1.0,1.0,0.0,1.0,1.0,1.0,1.0,1.0,0.0,1.0,1.0,1.0,1.0,1.0,0.0,1.0,1.0,1.0,1.0,1.0,0.0,1.0,1.0,1.0,1.0,1.0,0.0,1.0,1.0,1.0,1.0,1.0,0.0,1.0,1.0,1.0,1.0,1.0,0.0,1.0,1.0,1.0,1.0,1.0,0.0,1.0,1.0,1.0,1.0,1.0,0.0,1.0,1.0,1.0,1.0,1.0,0.0,1.0,1.0,1.0,1.0,1.0,0.0,1.0,1.0
Csv,5,0.0,1.0,1.0,0.2,2.0,2.0,0.0,1.0,1.0,0.2,2.0,2.0,0.0,1.0,1.0,0.2,2.0,2.0,0.0,1.0,1.0,0.2,2.0,2.0,0.0,1.0,1.0,0.2,2.0,2.0,0.0,1.0,1.0,0.2,2.0,2.0,0.0,1.0,1.0,0.2,2.0,2.0,0.0,1.0,1.0,0.2,2.0,2.0,0.0,1.0,1.0,0.2,2.0,2.0,0.0,1.0,1.0,0.2,2.0,2.0,1.0,1.0,1.0,0.0,1.0,1.0,0.0,1.0,1.0,0.4,3.0,3.0,0.0,1.0,1.0,0.2,2.0,2.0,0.0,1.0,1.0,0.4,3.0,3.0,0.0,1.0,1.0,0.6,3.0,3.0
Csv,6,1.0,1.0,1.0,0.0,1.0,1.0,1.0,1.0,1.0,0.0,1.0,1.0,1.0,1.0,1.0,0.0,1.0,1.0,1.0,1.0,1.0,0.0,1.0,1.0,1.0,1.0,1.0,0.0,1.0,1.0,1.0,1.0,1.0,0.0,1.0,1.0,1.0,1.0,1.0,0.0,1.0,1.0,1.0,1.0,1.0,0.0,1.0,1.0,1.0,1.0,1.0,0.0,1.0,1.0,1.0,1.0,1.0,0.0,1.0,1.0,1.0,1.0,1.0,0.0,1.0,1.0,1.0,1.0,1.0,0.0,1.0,1.0,1.0,1.0,1.0,0.0,1.0,1.0,1.0,1.0,1.0,0.0,1.0,1.0,1.0,1.0,1.0,0.0,1.0,1.0
Csv,7,0.0,1.0,1.0,0.2,3.0,3.0,0.0,1.0,1.0,0.2,3.0,3.0,0.0,1.0,1.0,0.2,3.0,3.0,0.0,1.0,1.0,0.2,3.0,3.0,0.0,1.0,1.0,0.2,3.0,3.0,0.0,1.0,1.0,0.2,3.0,3.0,0.0,1.0,1.0,0.2,3.0,3.0,0.0,1.0,1.0,0.2,3.0,3.0,0.0,1.0,1.0,0.2,3.0,3.0,0.0,1.0,1.0,0.2,3.0,3.0,1.0,1.0,1.0,0.0,1.0,1.0,0.0,0.0,1.0,0.3,4.0,4.0,1.0,1.0,1.0,0.0,1.0,1.0,0.0,0.0,1.0,0.3,4.0,4.0,0.0,1.0,1.0,0.3,2.0,2.0
Csv,8,1.0,1.0,1.0,0.0,1.0,1.0,1.0,1.0,1.0,0.0,1.0,1.0,1.0,1.0,1.0,0.0,1.0,1.0,1.0,1.0,1.0,0.0,1.0,1.0,1.0,1.0,1.0,0.0,1.0,1.0,1.0,1.0,1.0,0.0,1.0,1.0,1.0,1.0,1.0,0.0,1.0,1.0,1.0,1.0,1.0,0.0,1.0,1.0,1.0,1.0,1.0,0.0,1.0,1.0,1.0,1.0,1.0,0.0,1.0,1.0,1.0,1.0,1.0,0.0,1.0,1.0,1.0,1.0,1.0,0.0,1.0,1.0,1.0,1.0,1.0,0.0,1.0,1.0,1.0,1.0,1.0,0.0,1.0,1.0,1.0,1.0,1.0,0.0,1.0,1.0
Csv,9,1.0,1.0,1.0,0.0,1.0,1.0,1.0,1.0,1.0,0.0,1.0,1.0,1.0,1.0,1.0,0.0,1.0,1.0,1.0,1.0,1.0,0.0,1.0,1.0,1.0,1.0,1.0,0.0,1.0,1.0,1.0,1.0,1.0,0.0,1.0,1.0,1.0,1.0,1.0,0.0,1.0,1.0,1.0,1.0,1.0,0.0,1.0,1.0,1.0,1.0,1.0,0.0,1.0,1.0,1.0,1.0,1.0,0.0,1.0,1.0,1.0,1.0,1.0,0.0,1.0,1.0,1.0,1.0,1.0,0.0,1.0,1.0,1.0,1.0,1.0,0.0,1.0,1.0,1.0,1.0,1.0,0.0,1.0,1.0,0.0,1.0,1.0,0.3,2.0,2.0
Csv,10,0.0,1.0,1.0,0.2,2.0,2.0,0.0,1.0,1.0,0.2,2.0,2.0,0.0,1.0,1.0,0.2,2.0,2.0,0.0,1.0,1.0,0.2,2.0,2.0,0.0,1.0,1.0,0.2,2.0,2.0,0.0,1.0,1.0,0.2,2.0,2.0,0.0,1.0,1.0,0.2,2.0,2.0,0.0,1.0,1.0,0.2,2.0,2.0,0.0,1.0,1.0,0.2,2.0,2.0,0.0,1.0,1.0,0.2,2.0,2.0,1.0,1.0,1.0,0.0,1.0,1.0,0.0,1.0,1.0,0.4,2.0,2.0,1.0,1.0,1.0,0.0,1.0,1.0,0.0,1.0,1.0,0.4,2.0,2.0,0.0,1.0,1.0,0.4,2.0,2.0
Csv,11,0.0,1.0,1.0,0.2,3.0,3.0,0.0,1.0,1.0,0.2,3.0,3.0,0.0,1.0,1.0,0.2,3.0,3.0,0.0,1.0,1.0,0.2,3.0,3.0,0.0,1.0,1.0,0.2,3.0,3.0,0.0,1.0,1.0,0.2,3.0,3.0,0.0,1.0,1.0,0.2,3.0,3.0,0.0,1.0,1.0,0.2,3.0,3.0,0.0,1.0,1.0,0.2,3.0,3.0,0.0,1.0,1.0,0.2,3.0,3.0,1.0,1.0,1.0,0.0,1.0,1.0,0.0,0.0,1.0,0.4,4.0,4.0,0.0,1.0,1.0,0.1,2.0,2.0,0.0,0.0,1.0,0.4,4.0,4.0,0.0,1.0,1.0,0.4,3.0,3.0
Csv,12,1.0,1.0,1.0,0.0,1.0,1.0,1.0,1.0,1.0,0.0,1.0,1.0,1.0,1.0,1.0,0.0,1.0,1.0,1.0,1.0,1.0,0.0,1.0,1.0,1.0,1.0,1.0,0.0,1.0,1.0,1.0,1.0,1.0,0.0,1.0,1.0,1.0,1.0,1.0,0.0,1.0,1.0,1.0,1.0,1.0,0.0,1.0,1.0,1.0,1.0,1.0,0.0,1.0,1.0,1.0,1.0,1.0,0.0,1.0,1.0,1.0,1.0,1.0,0.0,1.0,1.0,1.0,1.0,1.0,0.0,1.0,1.0,1.0,1.0,1.0,0.0,1.0,1.0,1.0,1.0,1.0,0.0,1.0,1.0,0.0,1.0,1.0,0.3,2.0,2.0
Csv,13,0.0,1.0,1.0,0.08333333333333333,2.0,2.0,0.0,1.0,1.0,0.08333333333333333,2.0,2.0,0.0,1.0,1.0,0.08333333333333333,2.0,2.0,0.0,1.0,1.0,0.08333333333333333,2.0,2.0,0.0,1.0,1.0,0.08333333333333333,2.0,2.0,0.0,1.0,1.0,0.08333333333333333,2.0,2.0,0.0,1.0,1.0,0.25,3.0,3.0,0.0,1.0,1.0,0.08333333333333333,2.0,2.0,0.0,1.0,1.0,0.08333333333333333,2.0,2.0,0.0,1.0,1.0,0.08333333333333333,2.0,2.0,1.0,1.0,1.0,0.0,1.0,1.0,0.0,1.0,1.0,0.25,3.0,3.0,1.0,1.0,1.0,0.0,1.0,1.0,0.0,1.0,1.0,0.25,3.0,3.0,0.0,1.0,1.0,0.3333333333333333,2.0,2.0
Csv,14,0.0,1.0,1.0,0.16666666666666666,2.0,2.0,0.0,1.0,1.0,0.16666666666666666,2.0,2.0,0.0,1.0,1.0,0.16666666666666666,2.0,2.0,0.0,1.0,1.0,0.16666666666666666,2.0,2.0,0.0,1.0,1.0,0.16666666666666666,2.0,2.0,0.0,1.0,1.0,0.16666666666666666,2.0,2.0,0.0,1.0,1.0,0.16666666666666666,2.0,2.0,0.0,1.0,1.0,0.16666666666666666,2.0,2.0,0.0,1.0,1.0,0.16666666666666666,2.0,2.0,0.0,1.0,1.0,0.16666666666666666,2.0,2.0,1.0,1.0,1.0,0.0,1.0,1.0,1.0,1.0,1.0,0.0,1.0,1.0,1.0,1.0,1.0,0.0,1.0,1.0,1.0,1.0,1.0,0.0,1.0,1.0,1.0,1.0,1.0,0.0,1.0,1.0
Csv,15,1.0,1.0,1.0,0.0,1.0,1.0,1.0,1.0,1.0,0.0,1.0,1.0,1.0,1.0,1.0,0.0,1.0,1.0,1.0,1.0,1.0,0.0,1.0,1.0,1.0,1.0,1.0,0.0,1.0,1.0,1.0,1.0,1.0,0.0,1.0,1.0,1.0,1.0,1.0,0.0,1.0,1.0,1.0,1.0,1.0,0.0,1.0,1.0,1.0,1.0,1.0,0.0,1.0,1.0,1.0,1.0,1.0,0.0,1.0,1.0,1.0,1.0,1.0,0.0,1.0,1.0,1.0,1.0,1.0,0.0,1.0,1.0,1.0,1.0,1.0,0.0,1.0,1.0,1.0,1.0,1.0,0.0,1.0,1.0,0.0,1.0,1.0,0.3333333333333333,2.0,2.0
Csv,16,0.0,1.0,1.0,0.09090909090909091,2.0,2.0,0.0,1.0,1.0,0.09090909090909091,2.0,2.0,0.0,1.0,1.0,0.09090909090909091,2.0,2.0,0.0,1.0,1.0,0.09090909090909091,2.0,2.0,0.0,1.0,1.0,0.09090909090909091,2.0,2.0,0.0,1.0,1.0,0.09090909090909091,2.0,2.0,0.0,1.0,1.0,0.09090909090909091,2.0,2.0,0.0,1.0,1.0,0.09090909090909091,2.0,2.0,0.0,1.0,1.0,0.09090909090909091,2.0,2.0,0.0,1.0,1.0,0.09090909090909091,2.0,2.0,1.0,1.0,1.0,0.0,1.0,1.0,0.0,1.0,1.0,0.09090909090909091,2.0,2.0,1.0,1.0,1.0,0.0,1.0,1.0,0.0,1.0,1.0,0.09090909090909091,2.0,2.0,1.0,1.0,1.0,0.0,1.0,1.0
Cli,1,0.0,1.0,1.0,0.16666666666666666,2.0,2.0,0.0,1.0,1.0,0.16666666666666666,2.0,2.0,0.0,1.0,1.0,0.16666666666666666,2.0,2.0,0.0,1.0,1.0,0.16666666666666666,3.0,3.0,0.0,1.0,1.0,0.16666666666666666,2.0,2.0,0.0,1.0,1.0,0.16666666666666666,2.0,2.0,0.0,0.0,1.0,0.3333333333333333,5.0,5.0,0.0,1.0,1.0,0.16666666666666666,2.0,2.0,0.0,1.0,1.0,0.16666666666666666,2.0,2.0,0.0,1.0,1.0,0.16666666666666666,3.0,3.0,1.0,1.0,1.0,0.0,1.0,1.0,0.0,0.0,1.0,0.3333333333333333,4.0,4.0,0.0,1.0,1.0,0.16666666666666666,2.0,2.0,0.0,0.0,1.0,0.3333333333333333,4.0,4.0,0.0,1.0,1.0,0.25,3.0,3.0
Cli,2,0.0,0.0,0.0,0.4166666666666667,6.0,6.0,0.0,0.0,0.0,0.4166666666666667,6.0,6.0,0.0,0.0,0.0,0.4166666666666667,6.0,6.0,0.0,0.0,0.0,0.4166666666666667,6.0,6.0,0.0,0.0,0.0,0.4166666666666667,6.0,6.0,0.0,0.0,0.0,0.4166666666666667,6.0,6.0,0.0,0.0,0.0,0.5,7.0,7.0,0.0,0.0,0.0,0.4166666666666667,6.0,6.0,0.0,0.0,0.0,0.4166666666666667,6.0,6.0,0.0,0.0,0.0,0.4166666666666667,6.0,6.0,1.0,1.0,1.0,0.0,1.0,1.0,0.0,0.0,0.0,0.5,7.0,7.0,0.0,1.0,1.0,0.16666666666666666,3.0,3.0,0.0,0.0,0.0,0.5,7.0,7.0,0.0,0.0,1.0,0.5833333333333334,5.0,5.0
Cli,3,1.0,1.0,1.0,0.0,1.0,1.0,1.0,1.0,1.0,0.0,1.0,1.0,1.0,1.0,1.0,0.0,1.0,1.0,1.0,1.0,1.0,0.0,1.0,1.0,1.0,1.0,1.0,0.0,1.0,1.0,1.0,1.0,1.0,0.0,1.0,1.0,0.0,0.0,1.0,0.2857142857142857,5.0,5.0,1.0,1.0,1.0,0.0,1.0,1.0,1.0,1.0,1.0,0.0,1.0,1.0,0.0,1.0,1.0,0.14285714285714285,3.0,3.0,1.0,1.0,1.0,0.0,1.0,1.0,1.0,1.0,1.0,0.0,1.0,1.0,1.0,1.0,1.0,0.0,1.0,1.0,1.0,1.0,1.0,0.0,1.0,1.0,0.0,1.0,1.0,0.14285714285714285,2.0,2.0
Cli,4,0.0,0.0,0.0,0.6363636363636364,8.0,8.0,0.0,0.0,0.0,0.6363636363636364,8.0,8.0,0.0,0.0,0.0,0.6363636363636364,8.0,8.0,0.0,0.0,0.0,0.45454545454545453,6.0,6.0,0.0,0.0,0.0,0.6363636363636364,7.0,7.0,0.0,0.0,0.0,0.45454545454545453,6.0,6.0,0.0,0.0,0.0,0.6363636363636364,7.0,7.0,0.0,0.0,0.0,0.6363636363636364,8.0,8.0,0.0,0.0,0.0,0.6363636363636364,7.0,7.0,0.0,0.0,0.0,0.45454545454545453,6.0,6.0,1.0,1.0,1.0,0.0,1.0,1.0,0.0,0.0,0.0,0.5454545454545454,6.0,6.0,0.0,1.0,1.0,0.18181818181818182,3.0,3.0,0.0,0.0,0.0,0.5454545454545454,7.0,7.0,0.0,0.0,0.0,0.9090909090909091,10.0,10.0
Cli,5,0.0,1.0,1.0,0.09090909090909091,2.0,2.0,0.0,1.0,1.0,0.09090909090909091,2.0,2.0,0.0,1.0,1.0,0.09090909090909091,2.0,2.0,0.0,0.0,1.0,0.36363636363636365,5.0,5.0,0.0,1.0,1.0,0.09090909090909091,2.0,2.0,0.0,1.0,1.0,0.09090909090909091,2.0,2.0,0.0,1.0,1.0,0.09090909090909091,2.0,2.0,0.0,1.0,1.0,0.09090909090909091,2.0,2.0,0.0,1.0,1.0,0.09090909090909091,2.0,2.0,0.0,1.0,1.0,0.18181818181818182,3.0,3.0,1.0,1.0,1.0,0.0,1.0,1.0,0.0,0.0,1.0,0.2727272727272727,4.0,4.0,0.0,1.0,1.0,0.09090909090909091,2.0,2.0,0.0,0.0,1.0,0.2727272727272727,4.0,4.0,0.0,1.0,1.0,0.18181818181818182,2.0,2.0
Cli,7,0.0,0.0,0.0,,,,0.0,0.0,0.0,,,,0.0,0.0,0.0,,,,0.0,0.0,0.0,,,,0.0,0.0,0.0,,,,0.0,0.0,0.0,,,,0.0,0.0,0.0,,,,0.0,0.0,0.0,,,,0.0,0.0,0.0,,,,0.0,0.0,0.0,,,,0.0,0.0,0.0,,,,0.0,0.0,0.0,,,,0.0,0.0,0.0,,,,0.0,0.0,0.0,,,,0.0,0.0,0.0,,,
Cli,8,1.0,1.0,1.0,0.0,1.0,1.0,1.0,1.0,1.0,0.0,1.0,1.0,1.0,1.0,1.0,0.0,1.0,1.0,1.0,1.0,1.0,0.0,1.0,1.0,1.0,1.0,1.0,0.0,1.0,1.0,1.0,1.0,1.0,0.0,1.0,1.0,1.0,1.0,1.0,0.0,1.0,1.0,1.0,1.0,1.0,0.0,1.0,1.0,1.0,1.0,1.0,0.0,1.0,1.0,1.0,1.0,1.0,0.0,1.0,1.0,1.0,1.0,1.0,0.0,1.0,1.0,1.0,1.0,1.0,0.0,1.0,1.0,1.0,1.0,1.0,0.0,1.0,1.0,1.0,1.0,1.0,0.0,1.0,1.0,1.0,1.0,1.0,0.0,1.0,1.0
Cli,9,0.0,0.0,0.0,0.5833333333333334,8.0,8.0,0.0,0.0,0.0,0.5833333333333334,7.0,7.0,0.0,0.0,0.0,0.5833333333333334,7.0,7.0,0.0,0.0,0.0,0.5,7.0,7.0,0.0,0.0,0.0,0.5833333333333334,8.0,8.0,0.0,0.0,0.0,0.4166666666666667,6.0,6.0,0.0,0.0,0.0,0.5833333333333334,7.0,7.0,0.0,0.0,0.0,0.5833333333333334,8.0,8.0,0.0,0.0,0.0,0.5833333333333334,8.0,8.0,0.0,0.0,0.0,0.4166666666666667,6.0,6.0,1.0,1.0,1.0,0.0,1.0,1.0,0.0,0.0,0.0,0.5,6.0,6.0,0.0,1.0,1.0,0.08333333333333333,2.0,2.0,0.0,0.0,0.0,0.5,7.0,7.0,0.0,0.0,0.0,0.9166666666666666,9.0,9.0
Cli,10,0.0,0.0,0.0,0.46153846153846156,7.0,7.0,0.0,0.0,0.0,0.46153846153846156,7.0,7.0,0.0,0.0,0.0,0.46153846153846156,7.0,7.0,0.0,0.0,0.0,0.38461538461538464,6.0,6.0,0.0,0.0,0.0,0.46153846153846156,7.0,7.0,0.0,0.0,0.0,0.38461538461538464,6.0,6.0,0.0,0.0,0.0,0.46153846153846156,7.0,7.0,0.0,0.0,0.0,0.46153846153846156,7.0,7.0,0.0,0.0,0.0,0.46153846153846156,7.0,7.0,0.0,0.0,0.0,0.38461538461538464,6.0,6.0,1.0,1.0,1.0,0.0,1.0,1.0,0.0,0.0,0.0,0.46153846153846156,7.0,7.0,0.0,1.0,1.0,0.07692307692307693,2.0,2.0,0.0,0.0,0.0,0.46153846153846156,7.0,7.0,0.0,0.0,0.0,0.6923076923076923,6.0,6.0
Cli,11,1.0,1.0,1.0,0.0,1.0,1.0,1.0,1.0,1.0,0.0,1.0,1.0,1.0,1.0,1.0,0.0,1.0,1.0,1.0,1.0,1.0,0.0,1.0,1.0,1.0,1.0,1.0,0.0,1.0,1.0,1.0,1.0,1.0,0.0,1.0,1.0,1.0,1.0,1.0,0.0,1.0,1.0,1.0,1.0,1.0,0.0,1.0,1.0,1.0,1.0,1.0,0.0,1.0,1.0,1.0,1.0,1.0,0.0,1.0,1.0,1.0,1.0,1.0,0.0,1.0,1.0,1.0,1.0,1.0,0.0,1.0,1.0,1.0,1.0,1.0,0.0,1.0,1.0,1.0,1.0,1.0,0.0,1.0,1.0,1.0,1.0,1.0,0.0,1.0,1.0
Cli,12,0.0,1.0,1.0,0.25,3.0,3.0,0.0,1.0,1.0,0.08333333333333333,2.0,2.0,0.0,1.0,1.0,0.08333333333333333,2.0,2.0,0.0,1.0,1.0,0.08333333333333333,2.0,2.0,0.0,1.0,1.0,0.08333333333333333,2.0,2.0,0.0,1.0,1.0,0.08333333333333333,2.0,2.0,0.0,0.0,0.0,0.4166666666666667,6.0,6.0,0.0,1.0,1.0,0.25,3.0,3.0,0.0,1.0,1.0,0.08333333333333333,2.0,2.0,0.0,1.0,1.0,0.08333333333333333,2.0,2.0,0.0,0.0,1.0,0.9166666666666666,4.0,4.0,0.0,0.0,1.0,0.3333333333333333,4.0,4.0,0.0,0.0,1.0,0.9166666666666666,4.0,4.0,0.0,0.0,1.0,0.4166666666666667,5.0,5.0,0.0,0.0,0.0,0.5833333333333334,6.0,6.0
Cli,13,0.0,1.0,1.0,0.07142857142857142,2.0,2.0,0.0,1.0,1.0,0.07142857142857142,2.0,2.0,0.0,1.0,1.0,0.07142857142857142,2.0,2.0,0.0,1.0,1.0,0.07142857142857142,2.0,2.0,0.0,1.0,1.0,0.07142857142857142,2.0,2.0,0.0,1.0,1.0,0.07142857142857142,2.0,2.0,0.0,1.0,1.0,0.07142857142857142,2.0,2.0,0.0,1.0,1.0,0.07142857142857142,2.0,2.0,0.0,1.0,1.0,0.07142857142857142,2.0,2.0,0.0,1.0,1.0,0.07142857142857142,2.0,2.0,1.0,1.0,1.0,0.0,1.0,1.0,0.0,1.0,1.0,0.07142857142857142,2.0,2.0,1.0,1.0,1.0,0.0,1.0,1.0,0.0,1.0,1.0,0.07142857142857142,2.0,2.0,0.0,1.0,1.0,0.21428571428571427,3.0,3.0
Cli,14,0.0,0.0,0.0,0.5294117647058824,7.0,7.0,0.0,0.0,0.0,0.5294117647058824,7.0,7.0,0.0,0.0,0.0,0.5294117647058824,7.0,7.0,0.0,0.0,0.0,0.5294117647058824,7.0,7.0,0.0,0.0,0.0,0.5294117647058824,7.0,7.0,0.0,0.0,0.0,0.5294117647058824,7.0,7.0,0.0,0.0,0.0,0.5294117647058824,7.0,7.0,0.0,0.0,0.0,0.5294117647058824,7.0,7.0,0.0,0.0,0.0,0.5294117647058824,7.0,7.0,0.0,0.0,0.0,0.5294117647058824,7.0,7.0,1.0,1.0,1.0,0.0,1.0,1.0,0.0,0.0,0.0,0.5294117647058824,7.0,7.0,1.0,1.0,1.0,0.0,1.0,1.0,0.0,0.0,0.0,0.5294117647058824,7.0,7.0,1.0,1.0,1.0,0.0,1.0,1.0
Cli,15,0.0,0.0,0.0,0.4375,8.0,8.0,0.0,0.0,0.0,0.4375,8.0,8.0,0.0,0.0,0.0,0.4375,8.0,8.0,0.0,0.0,0.0,0.4375,8.0,8.0,0.0,0.0,0.0,0.4375,8.0,8.0,0.0,0.0,0.0,0.4375,8.0,8.0,0.0,0.0,0.0,0.375,7.0,7.0,0.0,0.0,0.0,0.4375,8.0,8.0,0.0,0.0,0.0,0.4375,8.0,8.0,0.0,0.0,0.0,0.375,7.0,7.0,1.0,1.0,1.0,0.0,1.0,1.0,0.0,0.0,0.0,0.4375,8.0,8.0,1.0,1.0,1.0,0.0,1.0,1.0,0.0,0.0,0.0,0.4375,8.0,8.0,0.0,1.0,1.0,0.1875,3.0,3.0
Cli,16,0.0,1.0,1.0,0.047619047619047616,2.0,4.0,0.0,1.0,1.0,0.09523809523809523,3.0,4.5,0.0,1.0,1.0,0.047619047619047616,2.0,3.5,0.0,0.0,1.0,0.14285714285714285,4.0,4.5,0.0,1.0,1.0,0.047619047619047616,2.0,5.0,0.0,1.0,1.0,0.047619047619047616,2.0,5.0,0.0,0.0,1.0,0.14285714285714285,4.0,4.5,0.0,1.0,1.0,0.047619047619047616,2.0,3.5,0.0,1.0,1.0,0.047619047619047616,2.0,5.0,0.0,0.0,1.0,0.14285714285714285,4.0,4.5,1.0,1.0,1.0,0.0,1.0,1.0,0.0,1.0,1.0,0.047619047619047616,2.0,4.5,0.0,1.0,1.0,0.047619047619047616,2.0,2.5,0.0,1.0,1.0,0.047619047619047616,2.0,5.0,0.0,0.0,1.0,0.19047619047619047,5.0,5.5
Cli,17,0.0,1.0,1.0,0.09090909090909091,2.0,2.0,0.0,1.0,1.0,0.09090909090909091,2.0,2.0,0.0,1.0,1.0,0.09090909090909091,2.0,2.0,0.0,1.0,1.0,0.09090909090909091,2.0,2.0,0.0,1.0,1.0,0.09090909090909091,2.0,2.0,0.0,1.0,1.0,0.09090909090909091,2.0,2.0,0.0,0.0,1.0,0.2727272727272727,4.0,4.0,0.0,1.0,1.0,0.09090909090909091,2.0,2.0,0.0,1.0,1.0,0.09090909090909091,2.0,2.0,0.0,1.0,1.0,0.09090909090909091,2.0,2.0,1.0,1.0,1.0,0.0,1.0,1.0,0.0,1.0,1.0,0.18181818181818182,2.0,2.0,1.0,1.0,1.0,0.0,1.0,1.0,0.0,1.0,1.0,0.18181818181818182,3.0,3.0,0.0,1.0,1.0,0.45454545454545453,3.0,3.0
Cli,18,0.0,0.0,1.0,0.2727272727272727,4.0,4.0,0.0,0.0,0.0,0.45454545454545453,6.0,6.0,0.0,0.0,1.0,0.36363636363636365,5.0,5.0,0.0,0.0,1.0,0.2727272727272727,4.0,4.0,0.0,0.0,0.0,0.45454545454545453,6.0,6.0,0.0,0.0,1.0,0.2727272727272727,4.0,4.0,0.0,0.0,0.0,0.45454545454545453,6.0,6.0,0.0,0.0,1.0,0.36363636363636365,5.0,5.0,0.0,0.0,0.0,0.45454545454545453,6.0,6.0,0.0,0.0,1.0,0.2727272727272727,4.0,4.0,1.0,1.0,1.0,0.0,1.0,1.0,0.0,0.0,0.0,0.5454545454545454,6.0,6.0,1.0,1.0,1.0,0.0,1.0,1.0,0.0,0.0,0.0,0.5454545454545454,7.0,7.0,0.0,1.0,1.0,0.45454545454545453,3.0,3.0
Cli,19,0.0,1.0,1.0,0.09090909090909091,2.0,2.0,0.0,1.0,1.0,0.09090909090909091,2.0,2.0,0.0,1.0,1.0,0.09090909090909091,2.0,2.0,0.0,1.0,1.0,0.09090909090909091,2.0,2.0,0.0,1.0,1.0,0.09090909090909091,2.0,2.0,0.0,1.0,1.0,0.09090909090909091,2.0,2.0,0.0,0.0,1.0,0.2727272727272727,4.0,4.0,0.0,1.0,1.0,0.09090909090909091,2.0,2.0,0.0,1.0,1.0,0.09090909090909091,2.0,2.0,0.0,1.0,1.0,0.09090909090909091,2.0,2.0,1.0,1.0,1.0,0.0,1.0,1.0,0.0,1.0,1.0,0.2727272727272727,3.0,3.0,1.0,1.0,1.0,0.0,1.0,1.0,0.0,0.0,1.0,0.2727272727272727,4.0,4.0,0.0,0.0,1.0,0.7272727272727273,5.0,5.0
Cli,20,0.0,1.0,1.0,0.18181818181818182,3.0,3.0,0.0,1.0,1.0,0.18181818181818182,3.0,3.0,0.0,1.0,1.0,0.18181818181818182,3.0,3.0,0.0,1.0,1.0,0.18181818181818182,3.0,3.0,0.0,1.0,1.0,0.18181818181818182,3.0,3.0,0.0,1.0,1.0,0.18181818181818182,3.0,3.0,0.0,0.0,1.0,0.36363636363636365,5.0,5.0,0.0,1.0,1.0,0.18181818181818182,3.0,3.0,0.0,1.0,1.0,0.18181818181818182,3.0,3.0,0.0,1.0,1.0,0.18181818181818182,3.0,3.0,1.0,1.0,1.0,0.0,1.0,1.0,0.0,0.0,1.0,0.36363636363636365,4.0,4.0,1.0,1.0,1.0,0.0,1.0,1.0,0.0,0.0,1.0,0.36363636363636365,5.0,5.0,0.0,0.0,1.0,0.7272727272727273,4.0,4.0
Cli,21,0.0,0.0,0.0,0.29411764705882354,6.0,8.0,0.0,0.0,0.0,0.29411764705882354,6.0,8.0,0.0,0.0,0.0,0.29411764705882354,6.0,8.0,0.0,0.0,0.0,0.29411764705882354,6.0,8.0,0.0,0.0,0.0,0.29411764705882354,6.0,8.0,0.0,0.0,0.0,0.29411764705882354,6.0,8.0,0.0,0.0,0.0,0.29411764705882354,6.0,8.0,0.0,0.0,0.0,0.29411764705882354,6.0,8.0,0.0,0.0,0.0,0.29411764705882354,6.0,8.0,0.0,0.0,0.0,0.29411764705882354,6.0,8.0,1.0,1.0,1.0,0.0,1.0,1.0,0.0,0.0,0.0,0.29411764705882354,6.0,8.0,0.0,1.0,1.0,0.058823529411764705,2.0,2.0,0.0,0.0,0.0,0.29411764705882354,6.0,8.0,0.0,1.0,1.0,0.11764705882352941,2.0,2.5
Cli,22,0.0,1.0,1.0,0.08333333333333333,2.0,2.0,1.0,1.0,1.0,0.0,1.0,1.0,1.0,1.0,1.0,0.0,1.0,1.0,1.0,1.0,1.0,0.0,1.0,1.0,1.0,1.0,1.0,0.0,1.0,1.0,1.0,1.0,1.0,0.0,1.0,1.0,0.0,0.0,1.0,0.25,4.0,4.0,0.0,1.0,1.0,0.08333333333333333,2.0,2.0,1.0,1.0,1.0,0.0,1.0,1.0,1.0,1.0,1.0,0.0,1.0,1.0,1.0,1.0,1.0,0.0,1.0,1.0,0.0,1.0,1.0,0.16666666666666666,2.0,2.0,1.0,1.0,1.0,0.0,1.0,1.0,0.0,1.0,1.0,0.16666666666666666,2.0,2.0,0.0,1.0,1.0,0.3333333333333333,3.0,3.0
Cli,23,1.0,1.0,1.0,0.0,1.0,1.0,1.0,1.0,1.0,0.0,1.0,1.0,1.0,1.0,1.0,0.0,1.0,1.0,0.0,1.0,1.0,0.125,2.0,2.0,1.0,1.0,1.0,0.0,1.0,1.0,1.0,1.0,1.0,0.0,1.0,1.0,0.0,0.0,1.0,0.375,4.0,4.0,1.0,1.0,1.0,0.0,1.0,1.0,1.0,1.0,1.0,0.0,1.0,1.0,0.0,1.0,1.0,0.125,2.0,2.0,1.0,1.0,1.0,0.0,1.0,1.0,1.0,1.0,1.0,0.0,1.0,1.0,1.0,1.0,1.0,0.0,1.0,1.0,0.0,1.0,1.0,0.125,2.0,2.0,0.0,1.0,1.0,0.25,2.0,2.0
Cli,24,1.0,1.0,1.0,0.0,1.0,1.0,1.0,1.0,1.0,0.0,1.0,1.0,1.0,1.0,1.0,0.0,1.0,1.0,0.0,1.0,1.0,0.16666666666666666,2.0,2.0,1.0,1.0,1.0,0.0,1.0,1.0,1.0,1.0,1.0,0.0,1.0,1.0,0.0,0.0,1.0,0.5,4.0,4.0,1.0,1.0,1.0,0.0,1.0,1.0,1.0,1.0,1.0,0.0,1.0,1.0,0.0,1.0,1.0,0.16666666666666666,2.0,2.0,1.0,1.0,1.0,0.0,1.0,1.0,0.0,1.0,1.0,0.3333333333333333,2.0,2.0,1.0,1.0,1.0,0.0,1.0,1.0,1.0,1.0,1.0,0.0,1.0,1.0,0.0,1.0,1.0,0.3333333333333333,2.0,2.0
Cli,25,1.0,1.0,1.0,0.0,1.0,1.0,1.0,1.0,1.0,0.0,1.0,1.0,1.0,1.0,1.0,0.0,1.0,1.0,0.0,1.0,1.0,0.16666666666666666,2.0,2.0,1.0,1.0,1.0,0.0,1.0,1.0,1.0,1.0,1.0,0.0,1.0,1.0,0.0,0.0,1.0,0.5,4.0,4.0,1.0,1.0,1.0,0.0,1.0,1.0,1.0,1.0,1.0,0.0,1.0,1.0,0.0,1.0,1.0,0.16666666666666666,2.0,2.0,1.0,1.0,1.0,0.0,1.0,1.0,0.0,1.0,1.0,0.3333333333333333,2.0,2.0,1.0,1.0,1.0,0.0,1.0,1.0,1.0,1.0,1.0,0.0,1.0,1.0,0.0,1.0,1.0,0.3333333333333333,2.0,2.0
Cli,26,0.0,1.0,1.0,0.3333333333333333,2.0,2.0,0.0,1.0,1.0,0.3333333333333333,2.0,2.0,0.0,1.0,1.0,0.3333333333333333,2.0,2.0,0.0,1.0,1.0,0.3333333333333333,2.0,2.0,0.0,1.0,1.0,0.3333333333333333,2.0,2.0,0.0,1.0,1.0,0.3333333333333333,2.0,2.0,0.0,1.0,1.0,0.3333333333333333,2.0,2.0,0.0,1.0,1.0,0.3333333333333333,2.0,2.0,0.0,1.0,1.0,0.3333333333333333,2.0,2.0,0.0,1.0,1.0,0.3333333333333333,2.0,2.0,1.0,1.0,1.0,0.0,1.0,1.0,0.0,1.0,1.0,0.6666666666666666,2.0,2.0,0.0,1.0,1.0,0.6666666666666666,2.0,2.0,0.0,1.0,1.0,0.6666666666666666,2.0,2.0,0.0,1.0,1.0,0.6666666666666666,2.0,2.0
Cli,27,0.0,1.0,1.0,0.058823529411764705,2.0,2.0,1.0,1.0,1.0,0.0,1.0,1.0,1.0,1.0,1.0,0.0,1.0,1.0,1.0,1.0,1.0,0.0,1.0,1.0,1.0,1.0,1.0,0.0,1.0,1.0,1.0,1.0,1.0,0.0,1.0,1.0,0.0,0.0,1.0,0.23529411764705882,4.0,4.0,1.0,1.0,1.0,0.0,1.0,1.0,1.0,1.0,1.0,0.0,1.0,1.0,0.0,1.0,1.0,0.058823529411764705,2.0,2.0,1.0,1.0,1.0,0.0,1.0,1.0,0.0,1.0,1.0,0.11764705882352941,2.0,2.0,1.0,1.0,1.0,0.0,1.0,1.0,0.0,1.0,1.0,0.11764705882352941,2.0,2.0,0.0,1.0,1.0,0.17647058823529413,3.0,3.0
Cli,28,0.0,1.0,1.0,0.07692307692307693,2.0,2.0,0.0,1.0,1.0,0.07692307692307693,2.0,2.0,0.0,1.0,1.0,0.07692307692307693,2.0,2.0,0.0,1.0,1.0,0.15384615384615385,3.0,3.0,0.0,1.0,1.0,0.07692307692307693,2.0,2.0,0.0,1.0,1.0,0.07692307692307693,2.0,2.0,0.0,0.0,1.0,0.3076923076923077,4.0,4.0,0.0,1.0,1.0,0.07692307692307693,2.0,2.0,0.0,1.0,1.0,0.07692307692307693,2.0,2.0,0.0,0.0,1.0,0.23076923076923078,4.0,4.0,1.0,1.0,1.0,0.0,1.0,1.0,0.0,1.0,1.0,0.23076923076923078,3.0,3.0,1.0,1.0,1.0,0.0,1.0,1.0,0.0,1.0,1.0,0.23076923076923078,3.0,3.0,0.0,0.0,1.0,0.38461538461538464,4.0,4.0
Cli,29,1.0,1.0,1.0,0.0,1.0,1.0,1.0,1.0,1.0,0.0,1.0,1.0,1.0,1.0,1.0,0.0,1.0,1.0,1.0,1.0,1.0,0.0,1.0,1.0,1.0,1.0,1.0,0.0,1.0,1.0,1.0,1.0,1.0,0.0,1.0,1.0,1.0,1.0,1.0,0.0,1.0,1.0,1.0,1.0,1.0,0.0,1.0,1.0,1.0,1.0,1.0,0.0,1.0,1.0,1.0,1.0,1.0,0.0,1.0,1.0,1.0,1.0,1.0,0.0,1.0,1.0,1.0,1.0,1.0,0.0,1.0,1.0,1.0,1.0,1.0,0.0,1.0,1.0,1.0,1.0,1.0,0.0,1.0,1.0,1.0,1.0,1.0,0.0,1.0,1.0
Cli,30,0.0,0.0,1.0,0.17647058823529413,4.0,6.5,0.0,1.0,1.0,0.058823529411764705,2.0,7.5,0.0,1.0,1.0,0.058823529411764705,2.0,6.0,1.0,1.0,1.0,0.0,1.0,5.0,0.0,1.0,1.0,0.058823529411764705,2.0,7.0,0.0,1.0,1.0,0.058823529411764705,2.0,6.5,0.0,0.0,1.0,0.29411764705882354,5.0,8.5,0.0,1.0,1.0,0.11764705882352941,3.0,6.5,0.0,1.0,1.0,0.058823529411764705,2.0,7.0,1.0,1.0,1.0,0.0,1.0,6.5,1.0,1.0,1.0,0.0,1.0,1.0,0.0,0.0,1.0,0.23529411764705882,4.0,8.0,0.0,1.0,1.0,0.058823529411764705,2.0,2.0,0.0,0.0,1.0,0.23529411764705882,4.0,8.0,0.0,1.0,1.0,0.17647058823529413,3.0,5.5
Cli,31,1.0,1.0,1.0,0.0,1.0,3.0,1.0,1.0,1.0,0.0,1.0,3.0,1.0,1.0,1.0,0.0,1.0,3.0,1.0,1.0,1.0,0.0,1.0,3.0,1.0,1.0,1.0,0.0,1.0,3.0,1.0,1.0,1.0,0.0,1.0,3.0,1.0,1.0,1.0,0.0,1.0,3.0,1.0,1.0,1.0,0.0,1.0,3.0,1.0,1.0,1.0,0.0,1.0,3.0,1.0,1.0,1.0,0.0,1.0,3.0,1.0,1.0,1.0,0.0,1.0,1.0,1.0,1.0,1.0,0.0,1.0,3.5,1.0,1.0,1.0,0.0,1.0,1.5,1.0,1.0,1.0,0.0,1.0,3.5,1.0,1.0,1.0,0.0,1.0,2.5
Cli,32,1.0,1.0,1.0,0.0,1.0,1.0,1.0,1.0,1.0,0.0,1.0,1.0,1.0,1.0,1.0,0.0,1.0,1.0,1.0,1.0,1.0,0.0,1.0,1.0,1.0,1.0,1.0,0.0,1.0,1.0,1.0,1.0,1.0,0.0,1.0,1.0,1.0,1.0,1.0,0.0,1.0,1.0,1.0,1.0,1.0,0.0,1.0,1.0,1.0,1.0,1.0,0.0,1.0,1.0,1.0,1.0,1.0,0.0,1.0,1.0,1.0,1.0,1.0,0.0,1.0,1.0,1.0,1.0,1.0,0.0,1.0,1.0,1.0,1.0,1.0,0.0,1.0,1.0,1.0,1.0,1.0,0.0,1.0,1.0,1.0,1.0,1.0,0.0,1.0,1.0
Cli,33,1.0,1.0,1.0,0.0,1.0,1.0,1.0,1.0,1.0,0.0,1.0,1.0,1.0,1.0,1.0,0.0,1.0,1.0,1.0,1.0,1.0,0.0,1.0,1.0,1.0,1.0,1.0,0.0,1.0,1.0,1.0,1.0,1.0,0.0,1.0,1.0,1.0,1.0,1.0,0.0,1.0,1.0,1.0,1.0,1.0,0.0,1.0,1.0,1.0,1.0,1.0,0.0,1.0,1.0,1.0,1.0,1.0,0.0,1.0,1.0,1.0,1.0,1.0,0.0,1.0,1.0,1.0,1.0,1.0,0.0,1.0,1.0,1.0,1.0,1.0,0.0,1.0,1.0,1.0,1.0,1.0,0.0,1.0,1.0,1.0,1.0,1.0,0.0,1.0,1.0
Cli,34,0.0,1.0,1.0,0.125,3.0,3.0,0.0,1.0,1.0,0.0625,2.0,2.0,0.0,1.0,1.0,0.125,3.0,3.0,0.0,1.0,1.0,0.0625,2.0,2.0,0.0,1.0,1.0,0.0625,2.0,2.0,0.0,1.0,1.0,0.0625,2.0,2.0,0.0,1.0,1.0,0.0625,2.0,2.0,0.0,1.0,1.0,0.125,3.0,3.0,0.0,1.0,1.0,0.0625,2.0,2.0,0.0,1.0,1.0,0.0625,2.0,2.0,1.0,1.0,1.0,0.0,1.0,1.0,0.0,1.0,1.0,0.125,3.0,3.0,1.0,1.0,1.0,0.0,1.0,1.0,0.0,0.0,1.0,0.1875,4.0,4.0,0.0,0.0,1.0,0.4375,4.0,4.0
Cli,35,0.0,0.0,0.0,0.5,6.0,6.0,0.0,0.0,0.0,0.5,6.0,6.0,0.0,0.0,0.0,0.5,6.0,6.0,0.0,0.0,0.0,0.5,6.0,6.0,0.0,0.0,0.0,0.5,6.0,6.0,0.0,0.0,0.0,0.5,6.0,6.0,0.0,0.0,0.0,0.5,6.0,6.0,0.0,0.0,0.0,0.5,6.0,6.0,0.0,0.0,0.0,0.5,6.0,6.0,0.0,0.0,0.0,0.5,6.0,6.0,1.0,1.0,1.0,0.0,1.0,1.0,0.0,0.0,1.0,0.3333333333333333,4.0,4.0,1.0,1.0,1.0,0.0,1.0,1.0,0.0,0.0,1.0,0.3333333333333333,4.0,4.0,1.0,1.0,1.0,0.0,1.0,1.0
Cli,36,0.0,1.0,1.0,0.14285714285714285,2.0,2.5,0.0,1.0,1.0,0.14285714285714285,2.0,2.5,0.0,1.0,1.0,0.14285714285714285,2.0,2.5,0.0,1.0,1.0,0.14285714285714285,2.0,2.5,0.0,1.0,1.0,0.14285714285714285,2.0,2.5,0.0,1.0,1.0,0.14285714285714285,2.0,2.5,0.0,1.0,1.0,0.14285714285714285,2.0,2.5,0.0,1.0,1.0,0.14285714285714285,2.0,2.5,0.0,1.0,1.0,0.14285714285714285,2.0,2.5,0.0,1.0,1.0,0.14285714285714285,2.0,2.5,1.0,1.0,1.0,0.0,1.0,1.0,0.0,1.0,1.0,0.2857142857142857,3.0,3.5,0.0,1.0,1.0,0.14285714285714285,2.0,2.0,0.0,1.0,1.0,0.2857142857142857,3.0,3.5,0.0,1.0,1.0,0.14285714285714285,2.0,2.5
Cli,37,0.0,1.0,1.0,0.16666666666666666,3.0,3.0,0.0,1.0,1.0,0.16666666666666666,3.0,3.0,0.0,1.0,1.0,0.16666666666666666,3.0,3.0,0.0,1.0,1.0,0.16666666666666666,3.0,3.0,0.0,1.0,1.0,0.16666666666666666,3.0,3.0,0.0,1.0,1.0,0.16666666666666666,3.0,3.0,0.0,1.0,1.0,0.16666666666666666,3.0,3.0,0.0,1.0,1.0,0.16666666666666666,3.0,3.0,0.0,1.0,1.0,0.16666666666666666,3.0,3.0,0.0,1.0,1.0,0.16666666666666666,3.0,3.0,1.0,1.0,1.0,0.0,1.0,1.0,0.0,0.0,1.0,0.25,4.0,4.0,1.0,1.0,1.0,0.0,1.0,1.0,0.0,0.0,1.0,0.25,4.0,4.0,0.0,0.0,1.0,0.5,4.0,4.0
Cli,38,0.0,1.0,1.0,0.08333333333333333,2.0,2.0,0.0,1.0,1.0,0.08333333333333333,2.0,2.0,0.0,1.0,1.0,0.08333333333333333,2.0,2.0,0.0,1.0,1.0,0.08333333333333333,2.0,2.0,0.0,1.0,1.0,0.08333333333333333,2.0,2.0,0.0,1.0,1.0,0.08333333333333333,2.0,2.0,0.0,1.0,1.0,0.08333333333333333,2.0,2.0,0.0,1.0,1.0,0.08333333333333333,2.0,2.0,0.0,1.0,1.0,0.08333333333333333,2.0,2.0,0.0,1.0,1.0,0.08333333333333333,2.0,2.0,1.0,1.0,1.0,0.0,1.0,1.0,0.0,1.0,1.0,0.16666666666666666,3.0,3.0,1.0,1.0,1.0,0.0,1.0,1.0,0.0,1.0,1.0,0.16666666666666666,3.0,3.0,0.0,1.0,1.0,0.5,3.0,3.0
Cli,39,1.0,1.0,1.0,0.0,1.0,1.0,1.0,1.0,1.0,0.0,1.0,1.0,1.0,1.0,1.0,0.0,1.0,1.0,1.0,1.0,1.0,0.0,1.0,1.0,1.0,1.0,1.0,0.0,1.0,1.0,1.0,1.0,1.0,0.0,1.0,1.0,1.0,1.0,1.0,0.0,1.0,1.0,1.0,1.0,1.0,0.0,1.0,1.0,1.0,1.0,1.0,0.0,1.0,1.0,1.0,1.0,1.0,0.0,1.0,1.0,1.0,1.0,1.0,0.0,1.0,1.0,1.0,1.0,1.0,0.0,1.0,1.0,1.0,1.0,1.0,0.0,1.0,1.0,1.0,1.0,1.0,0.0,1.0,1.0,1.0,1.0,1.0,0.0,1.0,1.0
JxPath,1,0.0,1.0,1.0,0.05405405405405406,3.0,3.0,0.0,0.0,0.0,0.28378378378378377,10.0,10.0,0.0,0.0,0.0,0.28378378378378377,10.0,10.0,0.0,0.0,1.0,0.06756756756756757,5.0,5.0,0.0,0.0,0.0,0.28378378378378377,10.0,10.0,0.0,0.0,0.0,0.10810810810810811,7.0,7.0,0.0,0.0,0.0,0.28378378378378377,10.0,10.0,0.0,0.0,0.0,0.28378378378378377,9.0,9.0,0.0,0.0,0.0,0.28378378378378377,10.0,10.0,0.0,0.0,0.0,0.10810810810810811,7.0,7.0,1.0,1.0,1.0,0.0,1.0,1.0,0.0,0.0,0.0,0.2972972972972973,9.0,9.0,0.0,0.0,0.0,0.6081081081081081,6.0,6.0,0.0,0.0,0.0,0.2972972972972973,10.0,10.0,0.0,0.0,0.0,0.5540540540540541,7.0,7.0
JxPath,2,0.0,0.0,0.0,0.20481927710843373,11.0,11.0,0.0,0.0,0.0,0.3253012048192771,15.0,15.0,0.0,0.0,0.0,0.3253012048192771,15.0,15.0,0.0,0.0,0.0,0.20481927710843373,11.0,11.0,0.0,0.0,0.0,0.3253012048192771,15.0,15.0,0.0,0.0,0.0,0.3132530120481928,14.0,14.0,0.0,0.0,0.0,0.3253012048192771,15.0,15.0,0.0,0.0,0.0,0.3253012048192771,15.0,15.0,0.0,0.0,0.0,0.3253012048192771,15.0,15.0,0.0,0.0,0.0,0.21686746987951808,13.0,13.0,1.0,1.0,1.0,0.0,1.0,1.0,0.0,0.0,0.0,0.37349397590361444,13.0,13.0,0.0,0.0,1.0,0.5903614457831325,5.0,5.0,0.0,0.0,0.0,0.37349397590361444,12.0,12.0,0.0,0.0,0.0,0.963855421686747,16.0,16.0
JxPath,3,1.0,1.0,1.0,0.0,1.0,1.0,0.0,0.0,0.0,0.25,6.0,6.0,0.0,0.0,0.0,0.25,6.0,6.0,1.0,1.0,1.0,0.0,1.0,1.0,0.0,0.0,0.0,0.25,6.0,6.0,0.0,1.0,1.0,0.014705882352941176,2.0,2.0,0.0,0.0,0.0,0.25,6.0,6.0,1.0,1.0,1.0,0.0,1.0,1.0,0.0,0.0,0.0,0.25,6.0,6.0,0.0,1.0,1.0,0.04411764705882353,3.0,3.0,1.0,1.0,1.0,0.0,1.0,1.0,0.0,0.0,1.0,0.25,4.0,4.0,0.0,1.0,1.0,0.23529411764705882,3.0,3.0,1.0,1.0,1.0,0.0,1.0,1.0,0.0,0.0,1.0,0.25,4.0,4.0
JxPath,4,1.0,1.0,1.0,0.0,1.0,2.0,0.0,0.0,0.0,0.12658227848101267,8.0,9.5,0.0,1.0,1.0,0.0379746835443038,2.0,3.5,0.0,0.0,0.0,0.11392405063291139,7.0,8.0,0.0,0.0,0.0,0.11392405063291139,7.0,8.5,0.0,0.0,0.0,0.11392405063291139,7.0,8.0,0.0,0.0,0.0,0.5569620253164557,31.0,32.0,1.0,1.0,1.0,0.0,1.0,2.5,0.0,0.0,0.0,0.11392405063291139,7.0,8.5,0.0,0.0,0.0,0.27848101265822783,19.0,20.0,1.0,1.0,1.0,0.0,1.0,1.0,0.0,0.0,0.0,0.46835443037974683,15.0,17.0,1.0,1.0,1.0,0.0,1.0,1.0,0.0,0.0,0.0,0.3670886075949367,8.0,10.5,0.0,0.0,0.0,0.4050632911392405,11.0,12.5
JxPath,5,0.0,0.0,0.0,0.16216216216216217,11.0,11.0,0.0,0.0,0.0,0.16216216216216217,11.0,11.0,0.0,0.0,0.0,0.16216216216216217,11.0,11.0,0.0,0.0,0.0,0.16216216216216217,11.0,11.0,0.0,0.0,0.0,0.16216216216216217,11.0,11.0,0.0,0.0,0.0,0.16216216216216217,11.0,11.0,0.0,0.0,0.0,0.16216216216216217,11.0,11.0,0.0,0.0,0.0,0.16216216216216217,11.0,11.0,0.0,0.0,0.0,0.16216216216216217,11.0,11.0,0.0,0.0,0.0,0.16216216216216217,11.0,11.0,1.0,1.0,1.0,0.0,1.0,1.0,0.0,0.0,1.0,0.0945945945945946,4.0,4.0,0.0,1.0,1.0,0.24324324324324326,3.0,3.0,0.0,0.0,1.0,0.0945945945945946,4.0,4.0,0.0,0.0,1.0,0.25675675675675674,4.0,4.0
JxPath,6,0.0,0.0,0.0,0.16666666666666666,10.0,10.0,0.0,0.0,0.0,0.16666666666666666,10.0,10.0,0.0,0.0,0.0,0.16666666666666666,10.0,10.0,0.0,0.0,0.0,0.16666666666666666,10.0,10.0,0.0,0.0,0.0,0.16666666666666666,10.0,10.0,0.0,0.0,0.0,0.16666666666666666,10.0,10.0,0.0,0.0,0.0,0.16666666666666666,10.0,10.0,0.0,0.0,0.0,0.16666666666666666,10.0,10.0,0.0,0.0,0.0,0.16666666666666666,10.0,10.0,0.0,0.0,0.0,0.16666666666666666,10.0,10.0,1.0,1.0,1.0,0.0,1.0,1.0,0.0,0.0,0.0,0.5,12.0,12.0,1.0,1.0,1.0,0.0,1.0,1.0,0.0,0.0,0.0,0.5,12.0,12.0,0.0,1.0,1.0,0.3484848484848485,2.0,2.0
JxPath,7,0.0,1.0,1.0,0.014285714285714285,2.0,22.25,0.0,1.0,1.0,0.014285714285714285,2.0,22.25,0.0,1.0,1.0,0.014285714285714285,2.0,22.25,0.0,1.0,1.0,0.014285714285714285,2.0,22.25,0.0,1.0,1.0,0.014285714285714285,2.0,22.25,0.0,1.0,1.0,0.014285714285714285,2.0,22.25,0.0,1.0,1.0,0.014285714285714285,2.0,24.5,0.0,1.0,1.0,0.014285714285714285,2.0,22.25,0.0,1.0,1.0,0.014285714285714285,2.0,22.25,0.0,1.0,1.0,0.014285714285714285,2.0,22.25,1.0,1.0,1.0,0.0,1.0,1.0,0.0,1.0,1.0,0.014285714285714285,2.0,15.5,0.0,1.0,1.0,0.014285714285714285,2.0,2.0,0.0,1.0,1.0,0.014285714285714285,2.0,15.5,0.0,0.0,1.0,0.6,5.0,5.75
JxPath,8,1.0,1.0,1.0,0.0,1.0,1.0,1.0,1.0,1.0,0.0,1.0,1.0,1.0,1.0,1.0,0.0,1.0,1.0,1.0,1.0,1.0,0.0,1.0,1.0,1.0,1.0,1.0,0.0,1.0,1.0,1.0,1.0,1.0,0.0,1.0,1.0,1.0,1.0,1.0,0.0,1.0,1.0,1.0,1.0,1.0,0.0,1.0,1.0,1.0,1.0,1.0,0.0,1.0,1.0,1.0,1.0,1.0,0.0,1.0,1.0,1.0,1.0,1.0,0.0,1.0,1.0,1.0,1.0,1.0,0.0,1.0,1.0,1.0,1.0,1.0,0.0,1.0,1.0,1.0,1.0,1.0,0.0,1.0,1.0,1.0,1.0,1.0,0.0,1.0,1.0
JxPath,9,0.0,0.0,1.0,0.041666666666666664,4.0,19.333333333333332,0.0,1.0,1.0,0.041666666666666664,3.0,18.333333333333332,0.0,0.0,1.0,0.041666666666666664,4.0,19.333333333333332,0.0,1.0,1.0,0.041666666666666664,3.0,18.333333333333332,0.0,0.0,1.0,0.041666666666666664,4.0,19.333333333333332,0.0,0.0,1.0,0.041666666666666664,4.0,19.333333333333332,0.0,0.0,1.0,0.041666666666666664,4.0,19.666666666666668,0.0,0.0,1.0,0.041666666666666664,4.0,19.333333333333332,0.0,0.0,1.0,0.041666666666666664,4.0,19.333333333333332,0.0,0.0,1.0,0.041666666666666664,4.0,19.333333333333332,1.0,1.0,1.0,0.0,1.0,1.0,0.0,0.0,1.0,0.041666666666666664,4.0,16.333333333333332,0.0,1.0,1.0,0.027777777777777776,3.0,3.0,0.0,0.0,1.0,0.041666666666666664,4.0,16.333333333333332,0.0,0.0,1.0,0.041666666666666664,4.0,5.666666666666667
JxPath,10,0.0,0.0,0.0,0.08641975308641975,6.0,6.0,0.0,0.0,1.0,0.07407407407407407,5.0,5.0,0.0,0.0,0.0,0.08641975308641975,6.0,6.0,0.0,0.0,1.0,0.07407407407407407,5.0,5.0,0.0,0.0,0.0,0.08641975308641975,6.0,6.0,0.0,0.0,0.0,0.08641975308641975,6.0,6.0,0.0,0.0,0.0,0.08641975308641975,6.0,6.0,0.0,0.0,0.0,0.08641975308641975,6.0,6.0,0.0,0.0,0.0,0.08641975308641975,6.0,6.0,0.0,0.0,0.0,0.08641975308641975,6.0,6.0,1.0,1.0,1.0,0.0,1.0,1.0,0.0,0.0,0.0,0.08641975308641975,6.0,6.0,0.0,1.0,1.0,0.12345679012345678,2.0,2.0,0.0,0.0,0.0,0.08641975308641975,6.0,6.0,0.0,1.0,1.0,0.5432098765432098,3.0,3.0
JxPath,11,0.0,0.0,0.0,0.16304347826086957,13.0,13.5,0.0,0.0,0.0,0.17391304347826086,13.0,13.5,0.0,0.0,0.0,0.16304347826086957,13.0,13.5,0.0,0.0,0.0,0.13043478260869565,11.0,12.0,0.0,0.0,0.0,0.17391304347826086,13.0,13.5,0.0,0.0,0.0,0.17391304347826086,14.0,14.5,0.0,0.0,0.0,0.5434782608695652,35.0,35.5,0.0,0.0,0.0,0.16304347826086957,12.0,12.5,0.0,0.0,0.0,0.17391304347826086,13.0,13.5,0.0,0.0,0.0,0.30434782608695654,24.0,24.5,1.0,1.0,1.0,0.0,1.0,1.0,0.0,0.0,0.0,0.5,24.0,26.0,0.0,1.0,1.0,0.010869565217391304,2.0,2.0,0.0,0.0,0.0,0.4782608695652174,22.0,25.0,0.0,0.0,0.0,0.7282608695652174,6.0,10.0
JxPath,12,0.0,0.0,0.0,0.12987012987012986,8.0,8.0,0.0,0.0,0.0,0.12987012987012986,8.0,8.0,0.0,0.0,0.0,0.12987012987012986,8.0,8.0,0.0,0.0,0.0,0.12987012987012986,8.0,8.0,0.0,0.0,0.0,0.12987012987012986,8.0,8.0,0.0,0.0,0.0,0.12987012987012986,8.0,8.0,0.0,0.0,0.0,0.12987012987012986,8.0,8.0,0.0,0.0,0.0,0.12987012987012986,8.0,8.0,0.0,0.0,0.0,0.12987012987012986,8.0,8.0,0.0,0.0,0.0,0.12987012987012986,8.0,8.0,1.0,1.0,1.0,0.0,1.0,1.0,0.0,0.0,0.0,0.44155844155844154,12.0,12.0,0.0,1.0,1.0,0.11688311688311688,2.0,2.0,0.0,0.0,0.0,0.44155844155844154,12.0,12.0,0.0,1.0,1.0,0.18181818181818182,3.0,3.0
JxPath,13,0.0,1.0,1.0,0.012048192771084338,2.0,4.5,0.0,1.0,1.0,0.012048192771084338,2.0,4.5,0.0,1.0,1.0,0.012048192771084338,2.0,4.5,0.0,1.0,1.0,0.012048192771084338,2.0,4.5,0.0,1.0,1.0,0.012048192771084338,2.0,4.5,0.0,1.0,1.0,0.012048192771084338,2.0,4.5,0.0,1.0,1.0,0.012048192771084338,2.0,4.5,0.0,1.0,1.0,0.012048192771084338,2.0,4.5,0.0,1.0,1.0,0.012048192771084338,2.0,4.5,0.0,1.0,1.0,0.012048192771084338,2.0,4.5,1.0,1.0,1.0,0.0,1.0,1.0,0.0,1.0,1.0,0.012048192771084338,2.0,4.0,0.0,1.0,1.0,0.012048192771084338,2.0,2.0,0.0,1.0,1.0,0.012048192771084338,2.0,4.0,0.0,1.0,1.0,0.012048192771084338,2.0,2.5
JxPath,14,1.0,1.0,1.0,0.0,1.0,1.0,1.0,1.0,1.0,0.0,1.0,1.0,1.0,1.0,1.0,0.0,1.0,1.0,1.0,1.0,1.0,0.0,1.0,1.0,1.0,1.0,1.0,0.0,1.0,1.0,1.0,1.0,1.0,0.0,1.0,1.0,1.0,1.0,1.0,0.0,1.0,1.0,1.0,1.0,1.0,0.0,1.0,1.0,1.0,1.0,1.0,0.0,1.0,1.0,1.0,1.0,1.0,0.0,1.0,1.0,1.0,1.0,1.0,0.0,1.0,1.0,1.0,1.0,1.0,0.0,1.0,1.0,1.0,1.0,1.0,0.0,1.0,1.0,1.0,1.0,1.0,0.0,1.0,1.0,1.0,1.0,1.0,0.0,1.0,1.0
JxPath,15,0.0,0.0,1.0,0.046511627906976744,5.0,5.0,0.0,1.0,1.0,0.023255813953488372,3.0,3.0,0.0,1.0,1.0,0.023255813953488372,3.0,3.0,0.0,1.0,1.0,0.03488372093023256,3.0,3.0,0.0,1.0,1.0,0.023255813953488372,3.0,3.0,0.0,1.0,1.0,0.023255813953488372,3.0,3.0,0.0,1.0,1.0,0.023255813953488372,3.0,3.0,0.0,0.0,1.0,0.03488372093023256,4.0,4.0,0.0,1.0,1.0,0.023255813953488372,3.0,3.0,0.0,1.0,1.0,0.023255813953488372,3.0,3.0,1.0,1.0,1.0,0.0,1.0,1.0,0.0,1.0,1.0,0.22093023255813954,3.0,3.0,1.0,1.0,1.0,0.0,1.0,1.0,0.0,1.0,1.0,0.22093023255813954,3.0,3.0,0.0,0.0,1.0,0.7790697674418605,5.0,5.0
JxPath,16,0.0,1.0,1.0,0.03529411764705882,3.0,4.0,0.0,0.0,0.0,0.09411764705882353,8.0,11.5,0.0,0.0,1.0,0.047058823529411764,5.0,5.5,0.0,0.0,0.0,0.058823529411764705,6.0,7.5,0.0,0.0,0.0,0.08235294117647059,8.0,10.5,0.0,0.0,0.0,0.08235294117647059,8.0,9.5,0.0,0.0,0.0,0.5411764705882353,33.0,34.0,0.0,1.0,1.0,0.047058823529411764,3.0,3.5,0.0,0.0,0.0,0.08235294117647059,8.0,10.5,0.0,0.0,0.0,0.2823529411764706,22.0,23.0,1.0,1.0,1.0,0.0,1.0,1.0,0.0,0.0,0.0,0.4235294117647059,13.0,16.0,0.0,1.0,1.0,0.023529411764705882,3.0,3.0,0.0,0.0,0.0,0.3176470588235294,7.0,10.0,0.0,0.0,0.0,0.5294117647058824,6.0,6.0
JxPath,17,0.0,1.0,1.0,0.02197802197802198,2.0,7.5,0.0,1.0,1.0,0.03296703296703297,3.0,9.0,0.0,1.0,1.0,0.03296703296703297,2.0,7.5,0.0,0.0,0.0,0.07692307692307693,6.0,9.0,0.0,1.0,1.0,0.03296703296703297,2.0,8.5,0.0,1.0,1.0,0.03296703296703297,3.0,9.0,0.0,0.0,0.0,0.5384615384615384,34.0,35.5,0.0,1.0,1.0,0.02197802197802198,2.0,7.0,0.0,1.0,1.0,0.03296703296703297,2.0,8.5,0.0,0.0,0.0,0.31868131868131866,24.0,25.5,0.0,1.0,1.0,0.8681318681318682,2.0,2.5,0.0,0.0,1.0,0.21978021978021978,5.0,14.0,0.0,1.0,1.0,0.03296703296703297,3.0,4.5,0.0,1.0,1.0,0.02197802197802198,2.0,12.5,0.0,0.0,1.0,0.21978021978021978,5.0,10.5
JxPath,18,0.0,0.0,0.0,0.1978021978021978,15.0,15.0,0.0,0.0,0.0,0.18681318681318682,13.0,13.0,0.0,0.0,0.0,0.1978021978021978,14.0,14.0,0.0,0.0,0.0,0.1978021978021978,15.0,15.0,0.0,0.0,0.0,0.18681318681318682,13.0,13.0,0.0,0.0,0.0,0.18681318681318682,14.0,14.0,0.0,0.0,0.0,0.13186813186813187,10.0,10.0,0.0,0.0,0.0,0.1978021978021978,13.0,13.0,0.0,0.0,0.0,0.18681318681318682,13.0,13.0,0.0,0.0,0.0,0.13186813186813187,10.0,10.0,1.0,1.0,1.0,0.0,1.0,1.0,0.0,0.0,0.0,0.3956043956043956,15.0,15.0,0.0,0.0,1.0,0.26373626373626374,4.0,4.0,0.0,0.0,0.0,0.3956043956043956,15.0,15.0,0.0,0.0,0.0,0.4725274725274725,6.0,6.0
JxPath,19,0.0,1.0,1.0,0.012987012987012988,2.0,3.0,0.0,1.0,1.0,0.03896103896103896,3.0,4.0,0.0,1.0,1.0,0.012987012987012988,2.0,3.0,0.0,1.0,1.0,0.03896103896103896,3.0,3.5,0.0,1.0,1.0,0.03896103896103896,3.0,4.0,0.0,1.0,1.0,0.03896103896103896,3.0,4.0,0.0,0.0,0.0,0.5064935064935064,24.0,24.5,0.0,1.0,1.0,0.012987012987012988,2.0,3.0,0.0,1.0,1.0,0.03896103896103896,3.0,4.0,0.0,0.0,0.0,0.19480519480519481,12.0,12.5,1.0,1.0,1.0,0.0,1.0,1.0,0.0,0.0,1.0,0.33766233766233766,5.0,6.5,1.0,1.0,1.0,0.0,1.0,1.0,0.0,0.0,1.0,0.24675324675324675,4.0,5.0,0.0,1.0,1.0,0.4675324675324675,3.0,3.0
JxPath,20,0.0,1.0,1.0,0.014925373134328358,2.0,2.0,0.0,1.0,1.0,0.014925373134328358,2.0,2.0,0.0,1.0,1.0,0.014925373134328358,2.0,2.0,0.0,1.0,1.0,0.014925373134328358,2.0,2.0,0.0,1.0,1.0,0.014925373134328358,2.0,2.0,0.0,1.0,1.0,0.014925373134328358,2.0,2.0,0.0,1.0,1.0,0.014925373134328358,2.0,2.0,0.0,1.0,1.0,0.014925373134328358,2.0,2.0,0.0,1.0,1.0,0.014925373134328358,2.0,2.0,0.0,1.0,1.0,0.014925373134328358,2.0,2.0,1.0,1.0,1.0,0.0,1.0,1.0,0.0,0.0,1.0,0.2835820895522388,4.0,4.0,1.0,1.0,1.0,0.0,1.0,1.0,0.0,0.0,1.0,0.2835820895522388,4.0,4.0,0.0,0.0,1.0,0.7611940298507462,4.0,4.0
JxPath,21,0.0,0.0,0.0,0.23076923076923078,18.0,18.0,0.0,0.0,0.0,0.13186813186813187,10.0,10.0,0.0,0.0,0.0,0.23076923076923078,18.0,18.0,0.0,0.0,0.0,0.34065934065934067,24.0,24.0,0.0,0.0,0.0,0.13186813186813187,10.0,10.0,0.0,0.0,0.0,0.14285714285714285,11.0,11.0,0.0,0.0,1.0,0.03296703296703297,4.0,4.0,0.0,0.0,0.0,0.23076923076923078,17.0,17.0,0.0,0.0,0.0,0.13186813186813187,10.0,10.0,0.0,0.0,1.0,0.03296703296703297,4.0,4.0,1.0,1.0,1.0,0.0,1.0,1.0,0.0,0.0,0.0,0.4945054945054945,18.0,18.0,1.0,1.0,1.0,0.0,1.0,1.0,0.0,0.0,0.0,0.4945054945054945,18.0,18.0,0.0,1.0,1.0,0.42857142857142855,3.0,3.0
JxPath,22,1.0,1.0,1.0,0.0,1.0,1.0,1.0,1.0,1.0,0.0,1.0,1.0,1.0,1.0,1.0,0.0,1.0,1.0,1.0,1.0,1.0,0.0,1.0,1.0,1.0,1.0,1.0,0.0,1.0,1.0,1.0,1.0,1.0,0.0,1.0,1.0,1.0,1.0,1.0,0.0,1.0,1.0,1.0,1.0,1.0,0.0,1.0,1.0,1.0,1.0,1.0,0.0,1.0,1.0,1.0,1.0,1.0,0.0,1.0,1.0,1.0,1.0,1.0,0.0,1.0,1.0,1.0,1.0,1.0,0.0,1.0,1.0,1.0,1.0,1.0,0.0,1.0,1.0,1.0,1.0,1.0,0.0,1.0,1.0,1.0,1.0,1.0,0.0,1.0,1.0
Jsoup,1,,,,,,,,,,,,,,,,,,,,,,,,,,,,,,,,,,,,,,,,,,,,,,,,,,,,,,,,,,,,,,,,,,,,,,,,,,,,,,,,,,,,,,,,,,
Jsoup,2,,,,,,,,,,,,,,,,,,,,,,,,,,,,,,,,,,,,,,,,,,,,,,,,,,,,,,,,,,,,,,,,,,,,,,,,,,,,,,,,,,,,,,,,,,
Jsoup,3,,,,,,,,,,,,,,,,,,,,,,,,,,,,,,,,,,,,,,,,,,,,,,,,,,,,,,,,,,,,,,,,,,,,,,,,,,,,,,,,,,,,,,,,,,
Jsoup,4,,,,,,,,,,,,,,,,,,,,,,,,,,,,,,,,,,,,,,,,,,,,,,,,,,,,,,,,,,,,,,,,,,,,,,,,,,,,,,,,,,,,,,,,,,
Jsoup,5,,,,,,,,,,,,,,,,,,,,,,,,,,,,,,,,,,,,,,,,,,,,,,,,,,,,,,,,,,,,,,,,,,,,,,,,,,,,,,,,,,,,,,,,,,
Jsoup,6,,,,,,,,,,,,,,,,,,,,,,,,,,,,,,,,,,,,,,,,,,,,,,,,,,,,,,,,,,,,,,,,,,,,,,,,,,,,,,,,,,,,,,,,,,
Jsoup,7,,,,,,,,,,,,,,,,,,,,,,,,,,,,,,,,,,,,,,,,,,,,,,,,,,,,,,,,,,,,,,,,,,,,,,,,,,,,,,,,,,,,,,,,,,
Jsoup,8,,,,,,,,,,,,,,,,,,,,,,,,,,,,,,,,,,,,,,,,,,,,,,,,,,,,,,,,,,,,,,,,,,,,,,,,,,,,,,,,,,,,,,,,,,
Jsoup,9,,,,,,,,,,,,,,,,,,,,,,,,,,,,,,,,,,,,,,,,,,,,,,,,,,,,,,,,,,,,,,,,,,,,,,,,,,,,,,,,,,,,,,,,,,
Jsoup,10,,,,,,,,,,,,,,,,,,,,,,,,,,,,,,,,,,,,,,,,,,,,,,,,,,,,,,,,,,,,,,,,,,,,,,,,,,,,,,,,,,,,,,,,,,
Jsoup,11,,,,,,,,,,,,,,,,,,,,,,,,,,,,,,,,,,,,,,,,,,,,,,,,,,,,,,,,,,,,,,,,,,,,,,,,,,,,,,,,,,,,,,,,,,
Jsoup,12,,,,,,,,,,,,,,,,,,,,,,,,,,,,,,,,,,,,,,,,,,,,,,,,,,,,,,,,,,,,,,,,,,,,,,,,,,,,,,,,,,,,,,,,,,
Jsoup,14,,,,,,,,,,,,,,,,,,,,,,,,,,,,,,,,,,,,,,,,,,,,,,,,,,,,,,,,,,,,,,,,,,,,,,,,,,,,,,,,,,,,,,,,,,
Jsoup,15,,,,,,,,,,,,,,,,,,,,,,,,,,,,,,,,,,,,,,,,,,,,,,,,,,,,,,,,,,,,,,,,,,,,,,,,,,,,,,,,,,,,,,,,,,
Jsoup,16,,,,,,,,,,,,,,,,,,,,,,,,,,,,,,,,,,,,,,,,,,,,,,,,,,,,,,,,,,,,,,,,,,,,,,,,,,,,,,,,,,,,,,,,,,
Jsoup,17,,,,,,,,,,,,,,,,,,,,,,,,,,,,,,,,,,,,,,,,,,,,,,,,,,,,,,,,,,,,,,,,,,,,,,,,,,,,,,,,,,,,,,,,,,
Jsoup,18,,,,,,,,,,,,,,,,,,,,,,,,,,,,,,,,,,,,,,,,,,,,,,,,,,,,,,,,,,,,,,,,,,,,,,,,,,,,,,,,,,,,,,,,,,
Jsoup,19,,,,,,,,,,,,,,,,,,,,,,,,,,,,,,,,,,,,,,,,,,,,,,,,,,,,,,,,,,,,,,,,,,,,,,,,,,,,,,,,,,,,,,,,,,
Jsoup,20,,,,,,,,,,,,,,,,,,,,,,,,,,,,,,,,,,,,,,,,,,,,,,,,,,,,,,,,,,,,,,,,,,,,,,,,,,,,,,,,,,,,,,,,,,
Jsoup,21,,,,,,,,,,,,,,,,,,,,,,,,,,,,,,,,,,,,,,,,,,,,,,,,,,,,,,,,,,,,,,,,,,,,,,,,,,,,,,,,,,,,,,,,,,
Jsoup,22,,,,,,,,,,,,,,,,,,,,,,,,,,,,,,,,,,,,,,,,,,,,,,,,,,,,,,,,,,,,,,,,,,,,,,,,,,,,,,,,,,,,,,,,,,
Jsoup,23,,,,,,,,,,,,,,,,,,,,,,,,,,,,,,,,,,,,,,,,,,,,,,,,,,,,,,,,,,,,,,,,,,,,,,,,,,,,,,,,,,,,,,,,,,
Jsoup,24,,,,,,,,,,,,,,,,,,,,,,,,,,,,,,,,,,,,,,,,,,,,,,,,,,,,,,,,,,,,,,,,,,,,,,,,,,,,,,,,,,,,,,,,,,
Jsoup,25,,,,,,,,,,,,,,,,,,,,,,,,,,,,,,,,,,,,,,,,,,,,,,,,,,,,,,,,,,,,,,,,,,,,,,,,,,,,,,,,,,,,,,,,,,
Jsoup,26,,,,,,,,,,,,,,,,,,,,,,,,,,,,,,,,,,,,,,,,,,,,,,,,,,,,,,,,,,,,,,,,,,,,,,,,,,,,,,,,,,,,,,,,,,
Jsoup,27,,,,,,,,,,,,,,,,,,,,,,,,,,,,,,,,,,,,,,,,,,,,,,,,,,,,,,,,,,,,,,,,,,,,,,,,,,,,,,,,,,,,,,,,,,
Jsoup,28,,,,,,,,,,,,,,,,,,,,,,,,,,,,,,,,,,,,,,,,,,,,,,,,,,,,,,,,,,,,,,,,,,,,,,,,,,,,,,,,,,,,,,,,,,
Jsoup,29,,,,,,,,,,,,,,,,,,,,,,,,,,,,,,,,,,,,,,,,,,,,,,,,,,,,,,,,,,,,,,,,,,,,,,,,,,,,,,,,,,,,,,,,,,
Jsoup,30,,,,,,,,,,,,,,,,,,,,,,,,,,,,,,,,,,,,,,,,,,,,,,,,,,,,,,,,,,,,,,,,,,,,,,,,,,,,,,,,,,,,,,,,,,
Jsoup,31,,,,,,,,,,,,,,,,,,,,,,,,,,,,,,,,,,,,,,,,,,,,,,,,,,,,,,,,,,,,,,,,,,,,,,,,,,,,,,,,,,,,,,,,,,
Jsoup,32,,,,,,,,,,,,,,,,,,,,,,,,,,,,,,,,,,,,,,,,,,,,,,,,,,,,,,,,,,,,,,,,,,,,,,,,,,,,,,,,,,,,,,,,,,
Jsoup,33,,,,,,,,,,,,,,,,,,,,,,,,,,,,,,,,,,,,,,,,,,,,,,,,,,,,,,,,,,,,,,,,,,,,,,,,,,,,,,,,,,,,,,,,,,
Jsoup,34,,,,,,,,,,,,,,,,,,,,,,,,,,,,,,,,,,,,,,,,,,,,,,,,,,,,,,,,,,,,,,,,,,,,,,,,,,,,,,,,,,,,,,,,,,
Jsoup,35,,,,,,,,,,,,,,,,,,,,,,,,,,,,,,,,,,,,,,,,,,,,,,,,,,,,,,,,,,,,,,,,,,,,,,,,,,,,,,,,,,,,,,,,,,
Jsoup,36,,,,,,,,,,,,,,,,,,,,,,,,,,,,,,,,,,,,,,,,,,,,,,,,,,,,,,,,,,,,,,,,,,,,,,,,,,,,,,,,,,,,,,,,,,
Jsoup,37,,,,,,,,,,,,,,,,,,,,,,,,,,,,,,,,,,,,,,,,,,,,,,,,,,,,,,,,,,,,,,,,,,,,,,,,,,,,,,,,,,,,,,,,,,
Jsoup,38,,,,,,,,,,,,,,,,,,,,,,,,,,,,,,,,,,,,,,,,,,,,,,,,,,,,,,,,,,,,,,,,,,,,,,,,,,,,,,,,,,,,,,,,,,
Jsoup,39,,,,,,,,,,,,,,,,,,,,,,,,,,,,,,,,,,,,,,,,,,,,,,,,,,,,,,,,,,,,,,,,,,,,,,,,,,,,,,,,,,,,,,,,,,
Jsoup,40,,,,,,,,,,,,,,,,,,,,,,,,,,,,,,,,,,,,,,,,,,,,,,,,,,,,,,,,,,,,,,,,,,,,,,,,,,,,,,,,,,,,,,,,,,
Jsoup,41,,,,,,,,,,,,,,,,,,,,,,,,,,,,,,,,,,,,,,,,,,,,,,,,,,,,,,,,,,,,,,,,,,,,,,,,,,,,,,,,,,,,,,,,,,
Jsoup,42,,,,,,,,,,,,,,,,,,,,,,,,,,,,,,,,,,,,,,,,,,,,,,,,,,,,,,,,,,,,,,,,,,,,,,,,,,,,,,,,,,,,,,,,,,
Jsoup,43,,,,,,,,,,,,,,,,,,,,,,,,,,,,,,,,,,,,,,,,,,,,,,,,,,,,,,,,,,,,,,,,,,,,,,,,,,,,,,,,,,,,,,,,,,
Jsoup,44,,,,,,,,,,,,,,,,,,,,,,,,,,,,,,,,,,,,,,,,,,,,,,,,,,,,,,,,,,,,,,,,,,,,,,,,,,,,,,,,,,,,,,,,,,
Jsoup,45,,,,,,,,,,,,,,,,,,,,,,,,,,,,,,,,,,,,,,,,,,,,,,,,,,,,,,,,,,,,,,,,,,,,,,,,,,,,,,,,,,,,,,,,,,
Jsoup,46,,,,,,,,,,,,,,,,,,,,,,,,,,,,,,,,,,,,,,,,,,,,,,,,,,,,,,,,,,,,,,,,,,,,,,,,,,,,,,,,,,,,,,,,,,
Jsoup,47,,,,,,,,,,,,,,,,,,,,,,,,,,,,,,,,,,,,,,,,,,,,,,,,,,,,,,,,,,,,,,,,,,,,,,,,,,,,,,,,,,,,,,,,,,
Jsoup,48,,,,,,,,,,,,,,,,,,,,,,,,,,,,,,,,,,,,,,,,,,,,,,,,,,,,,,,,,,,,,,,,,,,,,,,,,,,,,,,,,,,,,,,,,,
Jsoup,49,,,,,,,,,,,,,,,,,,,,,,,,,,,,,,,,,,,,,,,,,,,,,,,,,,,,,,,,,,,,,,,,,,,,,,,,,,,,,,,,,,,,,,,,,,
Jsoup,50,,,,,,,,,,,,,,,,,,,,,,,,,,,,,,,,,,,,,,,,,,,,,,,,,,,,,,,,,,,,,,,,,,,,,,,,,,,,,,,,,,,,,,,,,,
Jsoup,51,,,,,,,,,,,,,,,,,,,,,,,,,,,,,,,,,,,,,,,,,,,,,,,,,,,,,,,,,,,,,,,,,,,,,,,,,,,,,,,,,,,,,,,,,,
Jsoup,52,,,,,,,,,,,,,,,,,,,,,,,,,,,,,,,,,,,,,,,,,,,,,,,,,,,,,,,,,,,,,,,,,,,,,,,,,,,,,,,,,,,,,,,,,,
Jsoup,53,,,,,,,,,,,,,,,,,,,,,,,,,,,,,,,,,,,,,,,,,,,,,,,,,,,,,,,,,,,,,,,,,,,,,,,,,,,,,,,,,,,,,,,,,,
Jsoup,54,0.0,1.0,1.0,0.021505376344086023,2.0,2.0,0.0,1.0,1.0,0.021505376344086023,2.0,2.0,0.0,1.0,1.0,0.021505376344086023,2.0,2.0,0.0,1.0,1.0,0.021505376344086023,2.0,2.0,0.0,1.0,1.0,0.021505376344086023,2.0,2.0,0.0,1.0,1.0,0.021505376344086023,2.0,2.0,0.0,1.0,1.0,0.010752688172043012,2.0,2.0,0.0,1.0,1.0,0.021505376344086023,2.0,2.0,0.0,1.0,1.0,0.021505376344086023,2.0,2.0,0.0,1.0,1.0,0.021505376344086023,2.0,2.0,0.0,1.0,1.0,0.9139784946236559,2.0,2.0,0.0,1.0,1.0,0.010752688172043012,2.0,2.0,0.0,1.0,1.0,0.9139784946236559,2.0,2.0,0.0,1.0,1.0,0.010752688172043012,2.0,2.0,0.0,1.0,1.0,0.6451612903225806,3.0,3.0
Jsoup,55,0.0,0.0,0.0,,,,0.0,0.0,0.0,,,,0.0,0.0,0.0,,,,0.0,0.0,0.0,,,,0.0,0.0,0.0,,,,0.0,0.0,0.0,,,,0.0,0.0,0.0,,,,0.0,0.0,0.0,,,,0.0,0.0,0.0,,,,0.0,0.0,0.0,,,,0.0,0.0,0.0,,,,0.0,0.0,0.0,,,,0.0,0.0,0.0,,,,0.0,0.0,0.0,,,,0.0,0.0,0.0,,,
Jsoup,56,0.0,1.0,1.0,0.023809523809523808,2.0,4.0,0.0,1.0,1.0,0.023809523809523808,2.0,4.0,0.0,1.0,1.0,0.023809523809523808,2.0,4.0,0.0,1.0,1.0,0.023809523809523808,2.0,4.0,0.0,1.0,1.0,0.023809523809523808,2.0,4.0,0.0,1.0,1.0,0.023809523809523808,2.0,4.0,0.0,0.0,1.0,0.07142857142857142,5.0,6.666666666666667,0.0,1.0,1.0,0.023809523809523808,2.0,4.0,0.0,1.0,1.0,0.023809523809523808,2.0,4.0,0.0,1.0,1.0,0.023809523809523808,2.0,4.0,1.0,1.0,1.0,0.13095238095238096,1.0,2.0,0.0,1.0,1.0,0.023809523809523808,2.0,5.333333333333333,0.0,1.0,1.0,0.023809523809523808,2.0,3.6666666666666665,0.0,1.0,1.0,0.023809523809523808,2.0,4.666666666666667,0.0,1.0,1.0,0.023809523809523808,2.0,7.0
Jsoup,57,0.0,1.0,1.0,0.010752688172043012,2.0,2.0,0.0,1.0,1.0,0.010752688172043012,2.0,2.0,0.0,1.0,1.0,0.010752688172043012,2.0,2.0,0.0,1.0,1.0,0.010752688172043012,2.0,2.0,0.0,1.0,1.0,0.010752688172043012,2.0,2.0,0.0,1.0,1.0,0.010752688172043012,2.0,2.0,0.0,0.0,1.0,0.053763440860215055,4.0,4.0,0.0,1.0,1.0,0.010752688172043012,2.0,2.0,0.0,1.0,1.0,0.010752688172043012,2.0,2.0,0.0,1.0,1.0,0.010752688172043012,2.0,2.0,1.0,1.0,1.0,0.0,1.0,1.0,0.0,1.0,1.0,0.010752688172043012,2.0,2.0,0.0,1.0,1.0,0.021505376344086023,2.0,2.0,0.0,1.0,1.0,0.010752688172043012,2.0,2.0,0.0,1.0,1.0,0.010752688172043012,2.0,2.0
Jsoup,58,0.0,1.0,1.0,0.010416666666666666,2.0,2.5,1.0,1.0,1.0,0.0,1.0,2.5,1.0,1.0,1.0,0.0,1.0,2.0,1.0,1.0,1.0,0.0,1.0,5.0,1.0,1.0,1.0,0.0,1.0,2.5,1.0,1.0,1.0,0.0,1.0,2.5,0.0,0.0,1.0,0.052083333333333336,4.0,18.5,0.0,1.0,1.0,0.010416666666666666,2.0,2.5,1.0,1.0,1.0,0.0,1.0,2.5,1.0,1.0,1.0,0.0,1.0,10.5,1.0,1.0,1.0,0.0,1.0,1.0,1.0,1.0,1.0,0.0,1.0,2.5,1.0,1.0,1.0,0.0,1.0,2.0,0.0,1.0,1.0,0.010416666666666666,2.0,2.5,1.0,1.0,1.0,0.0,1.0,2.5
Jsoup,59,0.0,0.0,0.0,0.2,18.0,18.0,0.0,0.0,0.0,0.18947368421052632,17.0,17.0,0.0,0.0,0.0,0.18947368421052632,17.0,17.0,0.0,0.0,0.0,0.2,18.0,18.0,0.0,0.0,0.0,0.18947368421052632,17.0,17.0,0.0,0.0,0.0,0.18947368421052632,17.0,17.0,0.0,0.0,1.0,0.05263157894736842,4.0,4.0,0.0,0.0,0.0,0.18947368421052632,17.0,17.0,0.0,0.0,0.0,0.18947368421052632,17.0,17.0,1.0,1.0,1.0,0.0,1.0,1.0,1.0,1.0,1.0,0.0,1.0,1.0,0.0,0.0,0.0,0.15789473684210525,13.0,13.0,0.0,1.0,1.0,0.25263157894736843,2.0,2.0,0.0,0.0,0.0,0.15789473684210525,13.0,13.0,0.0,1.0,1.0,0.010526315789473684,2.0,2.0
Jsoup,60,0.0,1.0,1.0,0.022222222222222223,2.0,2.5,0.0,1.0,1.0,0.022222222222222223,2.0,2.5,0.0,1.0,1.0,0.022222222222222223,2.0,2.5,0.0,1.0,1.0,0.022222222222222223,2.0,2.5,0.0,1.0,1.0,0.022222222222222223,2.0,2.5,0.0,1.0,1.0,0.022222222222222223,2.0,2.5,0.0,1.0,1.0,0.022222222222222223,2.0,2.5,0.0,1.0,1.0,0.022222222222222223,2.0,2.5,0.0,1.0,1.0,0.022222222222222223,2.0,2.5,1.0,1.0,1.0,0.0,1.0,1.5,1.0,1.0,1.0,0.0,1.0,1.0,0.0,1.0,1.0,0.044444444444444446,3.0,3.5,1.0,1.0,1.0,0.0,1.0,1.0,0.0,1.0,1.0,0.044444444444444446,3.0,3.5,1.0,1.0,1.0,0.0,1.0,1.5
Jsoup,61,0.0,1.0,1.0,0.010526315789473684,2.0,2.0,0.0,1.0,1.0,0.010526315789473684,2.0,2.0,0.0,1.0,1.0,0.010526315789473684,2.0,2.0,1.0,1.0,1.0,0.0,1.0,1.0,0.0,1.0,1.0,0.010526315789473684,2.0,2.0,0.0,1.0,1.0,0.010526315789473684,2.0,2.0,0.0,0.0,1.0,0.05263157894736842,4.0,4.0,0.0,1.0,1.0,0.010526315789473684,2.0,2.0,0.0,1.0,1.0,0.010526315789473684,2.0,2.0,1.0,1.0,1.0,0.0,1.0,1.0,1.0,1.0,1.0,0.0,1.0,1.0,0.0,1.0,1.0,0.021052631578947368,3.0,3.0,0.0,1.0,1.0,0.12631578947368421,2.0,2.0,0.0,1.0,1.0,0.021052631578947368,3.0,3.0,0.0,1.0,1.0,0.010526315789473684,2.0,2.0
Jsoup,62,0.0,0.0,0.0,,,,0.0,0.0,0.0,,,,0.0,0.0,0.0,,,,0.0,0.0,0.0,,,,0.0,0.0,0.0,,,,0.0,0.0,0.0,,,,0.0,0.0,0.0,,,,0.0,0.0,0.0,,,,0.0,0.0,0.0,,,,0.0,0.0,0.0,,,,0.0,0.0,0.0,,,,0.0,0.0,0.0,,,,0.0,0.0,0.0,,,,0.0,0.0,0.0,,,,0.0,0.0,0.0,,,
Jsoup,63,0.0,0.0,0.0,0.061224489795918366,7.0,9.5,0.0,0.0,0.0,0.05102040816326531,6.0,8.5,0.0,0.0,0.0,0.061224489795918366,7.0,10.0,0.0,0.0,1.0,0.04081632653061224,5.0,8.5,0.0,0.0,0.0,0.061224489795918366,7.0,9.0,0.0,0.0,0.0,0.061224489795918366,7.0,9.5,0.0,0.0,0.0,0.07142857142857142,6.0,7.5,0.0,0.0,0.0,0.061224489795918366,7.0,10.0,0.0,0.0,0.0,0.061224489795918366,7.0,9.0,0.0,0.0,1.0,0.04081632653061224,5.0,6.5,1.0,1.0,1.0,0.0,1.0,1.0,0.0,0.0,0.0,0.07142857142857142,8.0,14.5,0.0,0.0,1.0,0.04081632653061224,5.0,5.0,0.0,0.0,0.0,0.07142857142857142,8.0,14.5,0.0,0.0,0.0,0.061224489795918366,7.0,7.0
Jsoup,64,0.0,1.0,1.0,0.022988505747126436,2.0,2.0,0.0,1.0,1.0,0.022988505747126436,2.0,2.0,0.0,1.0,1.0,0.022988505747126436,2.0,2.0,1.0,1.0,1.0,0.0,1.0,1.0,0.0,1.0,1.0,0.022988505747126436,2.0,2.0,0.0,1.0,1.0,0.022988505747126436,2.0,2.0,0.0,1.0,1.0,0.04597701149425287,3.0,3.0,0.0,1.0,1.0,0.022988505747126436,2.0,2.0,0.0,1.0,1.0,0.022988505747126436,2.0,2.0,1.0,1.0,1.0,0.0,1.0,1.0,1.0,1.0,1.0,0.0,1.0,1.0,0.0,1.0,1.0,0.022988505747126436,3.0,3.0,0.0,1.0,1.0,0.25287356321839083,2.0,2.0,0.0,1.0,1.0,0.022988505747126436,3.0,3.0,0.0,1.0,1.0,0.011494252873563218,2.0,2.0
Jsoup,65,0.0,1.0,1.0,0.010638297872340425,2.0,2.0,0.0,1.0,1.0,0.010638297872340425,2.0,2.0,0.0,1.0,1.0,0.010638297872340425,2.0,2.0,0.0,1.0,1.0,0.010638297872340425,2.0,2.0,0.0,1.0,1.0,0.010638297872340425,2.0,2.0,0.0,1.0,1.0,0.010638297872340425,2.0,2.0,0.0,1.0,1.0,0.0425531914893617,3.0,3.0,0.0,1.0,1.0,0.010638297872340425,2.0,2.0,0.0,1.0,1.0,0.010638297872340425,2.0,2.0,0.0,1.0,1.0,0.010638297872340425,2.0,2.0,1.0,1.0,1.0,0.0,1.0,1.0,0.0,1.0,1.0,0.010638297872340425,2.0,2.0,0.0,1.0,1.0,0.1276595744680851,2.0,2.0,0.0,1.0,1.0,0.010638297872340425,2.0,2.0,0.0,1.0,1.0,0.010638297872340425,2.0,2.0
Jsoup,66,0.0,1.0,1.0,0.033707865168539325,3.0,16.5,0.0,1.0,1.0,0.033707865168539325,3.0,16.5,0.0,1.0,1.0,0.033707865168539325,3.0,16.5,0.0,1.0,1.0,0.033707865168539325,3.0,16.5,0.0,1.0,1.0,0.033707865168539325,3.0,16.5,0.0,1.0,1.0,0.033707865168539325,3.0,16.5,0.0,0.0,1.0,0.06741573033707865,4.0,16.0,0.0,1.0,1.0,0.033707865168539325,3.0,16.5,0.0,1.0,1.0,0.033707865168539325,3.0,16.5,0.0,1.0,1.0,0.033707865168539325,3.0,16.5,1.0,1.0,1.0,0.0,1.0,3.5,0.0,0.0,1.0,0.0449438202247191,4.0,13.0,0.0,1.0,1.0,0.011235955056179775,2.0,4.5,0.0,1.0,1.0,0.033707865168539325,3.0,12.5,0.0,1.0,1.0,0.011235955056179775,2.0,7.5
Jsoup,67,1.0,1.0,1.0,0.0,1.0,1.0,1.0,1.0,1.0,0.0,1.0,1.0,1.0,1.0,1.0,0.0,1.0,1.0,1.0,1.0,1.0,0.0,1.0,1.0,1.0,1.0,1.0,0.0,1.0,1.0,1.0,1.0,1.0,0.0,1.0,1.0,1.0,1.0,1.0,0.0,1.0,1.0,1.0,1.0,1.0,0.0,1.0,1.0,1.0,1.0,1.0,0.0,1.0,1.0,1.0,1.0,1.0,0.0,1.0,1.0,1.0,1.0,1.0,0.0,1.0,1.0,0.0,1.0,1.0,0.020202020202020204,2.0,2.0,1.0,1.0,1.0,0.0,1.0,1.0,0.0,1.0,1.0,0.020202020202020204,2.0,2.0,1.0,1.0,1.0,0.0,1.0,1.0
Jsoup,68,1.0,1.0,1.0,0.0,1.0,1.0,1.0,1.0,1.0,0.0,1.0,1.0,1.0,1.0,1.0,0.0,1.0,1.0,1.0,1.0,1.0,0.0,1.0,1.0,1.0,1.0,1.0,0.0,1.0,1.0,1.0,1.0,1.0,0.0,1.0,1.0,1.0,1.0,1.0,0.0,1.0,1.0,1.0,1.0,1.0,0.0,1.0,1.0,1.0,1.0,1.0,0.0,1.0,1.0,1.0,1.0,1.0,0.0,1.0,1.0,1.0,1.0,1.0,0.0,1.0,1.0,0.0,0.0,1.0,0.04,5.0,5.0,1.0,1.0,1.0,0.0,1.0,1.0,0.0,0.0,1.0,0.04,5.0,5.0,1.0,1.0,1.0,0.0,1.0,1.0
Jsoup,69,0.0,0.0,0.0,,,,0.0,0.0,0.0,,,,0.0,0.0,0.0,,,,0.0,0.0,0.0,,,,0.0,0.0,0.0,,,,0.0,0.0,0.0,,,,0.0,0.0,0.0,,,,0.0,0.0,0.0,,,,0.0,0.0,0.0,,,,0.0,0.0,0.0,,,,0.0,0.0,0.0,,,,0.0,0.0,0.0,,,,0.0,0.0,0.0,,,,0.0,0.0,0.0,,,,0.0,0.0,0.0,,,
Jsoup,70,0.0,1.0,1.0,0.03409090909090909,3.0,3.0,0.0,1.0,1.0,0.03409090909090909,3.0,3.0,0.0,1.0,1.0,0.03409090909090909,3.0,3.0,0.0,1.0,1.0,0.03409090909090909,3.0,3.0,0.0,1.0,1.0,0.03409090909090909,3.0,3.0,0.0,1.0,1.0,0.03409090909090909,3.0,3.0,0.0,1.0,1.0,0.03409090909090909,3.0,3.0,0.0,1.0,1.0,0.03409090909090909,3.0,3.0,0.0,1.0,1.0,0.03409090909090909,3.0,3.0,0.0,1.0,1.0,0.03409090909090909,3.0,3.0,1.0,1.0,1.0,0.0,1.0,1.0,0.0,0.0,0.0,0.1590909090909091,12.0,12.0,1.0,1.0,1.0,0.0,1.0,1.0,0.0,0.0,0.0,0.1590909090909091,12.0,12.0,1.0,1.0,1.0,0.0,1.0,1.0
Jsoup,71,0.0,0.0,0.0,0.06481481481481481,8.0,8.0,0.0,0.0,1.0,0.027777777777777776,4.0,4.0,0.0,0.0,0.0,0.046296296296296294,6.0,6.0,0.0,0.0,0.0,0.12962962962962962,15.0,15.0,0.0,0.0,1.0,0.027777777777777776,4.0,4.0,0.0,0.0,0.0,0.046296296296296294,6.0,6.0,0.0,0.0,1.0,0.027777777777777776,4.0,4.0,0.0,0.0,0.0,0.046296296296296294,6.0,6.0,0.0,0.0,1.0,0.027777777777777776,4.0,4.0,0.0,0.0,1.0,0.027777777777777776,4.0,4.0,1.0,1.0,1.0,0.0,1.0,1.0,0.0,0.0,0.0,0.37037037037037035,27.0,27.0,0.0,1.0,1.0,0.009259259259259259,2.0,2.0,0.0,0.0,0.0,0.37037037037037035,27.0,27.0,0.0,1.0,1.0,0.7129629629629629,3.0,3.0
Jsoup,72,1.0,1.0,1.0,0.0,1.0,1.0,1.0,1.0,1.0,0.0,1.0,1.0,1.0,1.0,1.0,0.0,1.0,1.0,1.0,1.0,1.0,0.0,1.0,1.0,1.0,1.0,1.0,0.0,1.0,1.0,1.0,1.0,1.0,0.0,1.0,1.0,1.0,1.0,1.0,0.0,1.0,1.0,1.0,1.0,1.0,0.0,1.0,1.0,1.0,1.0,1.0,0.0,1.0,1.0,1.0,1.0,1.0,0.0,1.0,1.0,1.0,1.0,1.0,0.0,1.0,1.0,0.0,1.0,1.0,0.011494252873563218,2.0,2.0,1.0,1.0,1.0,0.0,1.0,1.0,0.0,1.0,1.0,0.011494252873563218,2.0,2.0,1.0,1.0,1.0,0.0,1.0,1.0
Jsoup,73,1.0,1.0,1.0,0.0,1.0,1.0,1.0,1.0,1.0,0.0,1.0,1.0,1.0,1.0,1.0,0.0,1.0,1.0,1.0,1.0,1.0,0.0,1.0,1.0,1.0,1.0,1.0,0.0,1.0,1.0,1.0,1.0,1.0,0.0,1.0,1.0,1.0,1.0,1.0,0.0,1.0,1.0,1.0,1.0,1.0,0.0,1.0,1.0,1.0,1.0,1.0,0.0,1.0,1.0,1.0,1.0,1.0,0.0,1.0,1.0,0.0,1.0,1.0,0.9361702127659575,2.0,2.0,1.0,1.0,1.0,0.0,1.0,1.0,0.0,1.0,1.0,0.9361702127659575,2.0,2.0,1.0,1.0,1.0,0.0,1.0,1.0,0.0,1.0,1.0,0.8085106382978723,3.0,3.0
Jsoup,74,0.0,0.0,0.0,0.07920792079207921,9.0,9.0,0.0,0.0,0.0,0.07920792079207921,9.0,9.0,0.0,0.0,0.0,0.07920792079207921,9.0,9.0,0.0,0.0,0.0,0.07920792079207921,9.0,9.0,0.0,0.0,0.0,0.07920792079207921,9.0,9.0,0.0,0.0,0.0,0.07920792079207921,9.0,9.0,0.0,0.0,0.0,0.07920792079207921,9.0,9.0,0.0,0.0,0.0,0.07920792079207921,9.0,9.0,0.0,0.0,0.0,0.07920792079207921,9.0,9.0,0.0,0.0,0.0,0.07920792079207921,9.0,9.0,1.0,1.0,1.0,0.0,1.0,1.0,0.0,0.0,0.0,0.0891089108910891,10.0,10.0,1.0,1.0,1.0,0.0,1.0,1.0,0.0,0.0,0.0,0.0891089108910891,10.0,10.0,1.0,1.0,1.0,0.0,1.0,1.0
Jsoup,75,0.0,0.0,0.0,0.12745098039215685,10.0,10.0,0.0,0.0,0.0,0.12745098039215685,10.0,10.0,0.0,0.0,0.0,0.12745098039215685,10.0,10.0,0.0,0.0,0.0,0.12745098039215685,10.0,10.0,0.0,0.0,0.0,0.12745098039215685,10.0,10.0,0.0,0.0,0.0,0.12745098039215685,10.0,10.0,0.0,0.0,0.0,0.12745098039215685,10.0,10.0,0.0,0.0,0.0,0.12745098039215685,10.0,10.0,0.0,0.0,0.0,0.12745098039215685,10.0,10.0,0.0,0.0,0.0,0.12745098039215685,10.0,10.0,1.0,1.0,1.0,0.0,1.0,1.0,0.0,0.0,0.0,0.10784313725490197,7.0,7.0,0.0,1.0,1.0,0.12745098039215685,2.0,2.0,0.0,0.0,0.0,0.10784313725490197,7.0,7.0,0.0,1.0,1.0,0.00980392156862745,2.0,2.0
Jsoup,76,0.0,0.0,0.0,,,,0.0,0.0,0.0,,,,0.0,0.0,0.0,,,,0.0,0.0,0.0,,,,0.0,0.0,0.0,,,,0.0,0.0,0.0,,,,0.0,0.0,0.0,,,,0.0,0.0,0.0,,,,0.0,0.0,0.0,,,,0.0,0.0,0.0,,,,0.0,0.0,0.0,,,,0.0,0.0,0.0,,,,0.0,0.0,0.0,,,,0.0,0.0,0.0,,,,0.0,0.0,0.0,,,
Jsoup,77,0.0,1.0,1.0,0.011494252873563218,2.0,2.0,0.0,1.0,1.0,0.011494252873563218,2.0,2.0,0.0,1.0,1.0,0.011494252873563218,2.0,2.0,0.0,1.0,1.0,0.011494252873563218,2.0,2.0,0.0,1.0,1.0,0.011494252873563218,2.0,2.0,0.0,1.0,1.0,0.011494252873563218,2.0,2.0,0.0,1.0,1.0,0.011494252873563218,2.0,2.0,0.0,1.0,1.0,0.011494252873563218,2.0,2.0,0.0,1.0,1.0,0.011494252873563218,2.0,2.0,0.0,1.0,1.0,0.011494252873563218,2.0,2.0,1.0,1.0,1.0,0.0,1.0,1.0,0.0,1.0,1.0,0.011494252873563218,2.0,2.0,1.0,1.0,1.0,0.0,1.0,1.0,0.0,1.0,1.0,0.011494252873563218,2.0,2.0,1.0,1.0,1.0,0.0,1.0,1.0
Jsoup,78,0.0,0.0,0.0,0.08,6.0,6.0,0.0,0.0,0.0,0.08,6.0,6.0,0.0,0.0,0.0,0.08,6.0,6.0,0.0,0.0,0.0,0.08,6.0,6.0,0.0,0.0,0.0,0.08,6.0,6.0,0.0,0.0,0.0,0.08,6.0,6.0,0.0,0.0,0.0,0.08,6.0,6.0,0.0,0.0,0.0,0.08,6.0,6.0,0.0,0.0,0.0,0.08,6.0,6.0,0.0,0.0,0.0,0.08,6.0,6.0,1.0,1.0,1.0,0.0,1.0,1.0,0.0,0.0,0.0,0.09,7.0,7.0,0.0,1.0,1.0,0.01,2.0,2.0,0.0,0.0,0.0,0.09,7.0,7.0,0.0,1.0,1.0,0.01,2.0,2.0
Jsoup,79,1.0,1.0,1.0,0.0,1.0,1.0,0.0,0.0,0.0,0.18269230769230768,17.0,17.0,1.0,1.0,1.0,0.0,1.0,1.0,0.0,0.0,0.0,0.18269230769230768,17.0,17.0,1.0,1.0,1.0,0.0,1.0,1.0,1.0,1.0,1.0,0.0,1.0,1.0,1.0,1.0,1.0,0.0,1.0,1.0,1.0,1.0,1.0,0.0,1.0,1.0,1.0,1.0,1.0,0.0,1.0,1.0,1.0,1.0,1.0,0.0,1.0,1.0,1.0,1.0,1.0,0.0,1.0,1.0,1.0,1.0,1.0,0.0,1.0,1.0,1.0,1.0,1.0,0.0,1.0,1.0,1.0,1.0,1.0,0.0,1.0,1.0,1.0,1.0,1.0,0.0,1.0,1.0
Jsoup,80,1.0,1.0,1.0,0.0,1.0,1.0,1.0,1.0,1.0,0.0,1.0,1.0,1.0,1.0,1.0,0.0,1.0,1.0,1.0,1.0,1.0,0.0,1.0,1.0,1.0,1.0,1.0,0.0,1.0,1.0,1.0,1.0,1.0,0.0,1.0,1.0,1.0,1.0,1.0,0.0,1.0,1.0,1.0,1.0,1.0,0.0,1.0,1.0,1.0,1.0,1.0,0.0,1.0,1.0,1.0,1.0,1.0,0.0,1.0,1.0,1.0,1.0,1.0,0.0,1.0,1.0,1.0,1.0,1.0,0.0,1.0,1.0,1.0,1.0,1.0,0.0,1.0,1.0,1.0,1.0,1.0,0.0,1.0,1.0,1.0,1.0,1.0,0.0,1.0,1.0
Jsoup,81,1.0,1.0,1.0,0.0,1.0,1.0,1.0,1.0,1.0,0.0,1.0,1.0,1.0,1.0,1.0,0.0,1.0,1.0,1.0,1.0,1.0,0.0,1.0,1.0,1.0,1.0,1.0,0.0,1.0,1.0,1.0,1.0,1.0,0.0,1.0,1.0,1.0,1.0,1.0,0.0,1.0,1.0,1.0,1.0,1.0,0.0,1.0,1.0,1.0,1.0,1.0,0.0,1.0,1.0,1.0,1.0,1.0,0.0,1.0,1.0,1.0,1.0,1.0,0.0,1.0,1.0,1.0,1.0,1.0,0.0,1.0,1.0,1.0,1.0,1.0,0.0,1.0,1.0,1.0,1.0,1.0,0.0,1.0,1.0,1.0,1.0,1.0,0.0,1.0,1.0
Jsoup,82,1.0,1.0,1.0,0.0,1.0,1.0,1.0,1.0,1.0,0.0,1.0,1.0,1.0,1.0,1.0,0.0,1.0,1.0,1.0,1.0,1.0,0.0,1.0,1.0,1.0,1.0,1.0,0.0,1.0,1.0,1.0,1.0,1.0,0.0,1.0,1.0,1.0,1.0,1.0,0.0,1.0,1.0,1.0,1.0,1.0,0.0,1.0,1.0,1.0,1.0,1.0,0.0,1.0,1.0,1.0,1.0,1.0,0.0,1.0,1.0,1.0,1.0,1.0,0.0,1.0,1.0,1.0,1.0,1.0,0.0,1.0,1.0,1.0,1.0,1.0,0.0,1.0,1.0,1.0,1.0,1.0,0.0,1.0,1.0,1.0,1.0,1.0,0.0,1.0,1.0
Jsoup,83,0.0,0.0,0.0,0.1935483870967742,18.0,18.0,0.0,0.0,0.0,0.1827956989247312,17.0,17.0,0.0,0.0,0.0,0.1935483870967742,18.0,18.0,0.0,0.0,0.0,0.1935483870967742,19.0,19.0,0.0,0.0,0.0,0.1827956989247312,17.0,17.0,0.0,0.0,0.0,0.1935483870967742,18.0,18.0,0.0,0.0,0.0,0.17204301075268819,16.0,16.0,0.0,0.0,0.0,0.1935483870967742,18.0,18.0,0.0,0.0,0.0,0.1827956989247312,17.0,17.0,0.0,0.0,0.0,0.17204301075268819,16.0,16.0,1.0,1.0,1.0,0.0,1.0,1.0,0.0,0.0,0.0,0.06451612903225806,7.0,7.0,1.0,1.0,1.0,0.0,1.0,1.0,0.0,0.0,0.0,0.06451612903225806,7.0,7.0,0.0,1.0,1.0,0.010752688172043012,2.0,2.0
Jsoup,84,1.0,1.0,1.0,0.0,1.0,1.0,1.0,1.0,1.0,0.0,1.0,1.0,1.0,1.0,1.0,0.0,1.0,1.0,1.0,1.0,1.0,0.0,1.0,1.0,1.0,1.0,1.0,0.0,1.0,1.0,1.0,1.0,1.0,0.0,1.0,1.0,1.0,1.0,1.0,0.0,1.0,1.0,1.0,1.0,1.0,0.0,1.0,1.0,1.0,1.0,1.0,0.0,1.0,1.0,1.0,1.0,1.0,0.0,1.0,1.0,0.0,1.0,1.0,0.9361702127659575,2.0,2.0,1.0,1.0,1.0,0.0,1.0,1.0,0.0,1.0,1.0,0.9361702127659575,2.0,2.0,1.0,1.0,1.0,0.0,1.0,1.0,0.0,0.0,1.0,0.8297872340425532,4.0,4.0
Jsoup,85,1.0,1.0,1.0,0.0,1.0,1.0,1.0,1.0,1.0,0.0,1.0,1.0,1.0,1.0,1.0,0.0,1.0,1.0,1.0,1.0,1.0,0.0,1.0,1.0,1.0,1.0,1.0,0.0,1.0,1.0,1.0,1.0,1.0,0.0,1.0,1.0,1.0,1.0,1.0,0.0,1.0,1.0,1.0,1.0,1.0,0.0,1.0,1.0,1.0,1.0,1.0,0.0,1.0,1.0,1.0,1.0,1.0,0.0,1.0,1.0,1.0,1.0,1.0,0.0,1.0,1.0,0.0,1.0,1.0,0.5,2.0,2.0,1.0,1.0,1.0,0.0,1.0,1.0,0.0,1.0,1.0,0.5,2.0,2.0,0.0,1.0,1.0,0.5,2.0,2.0
Jsoup,86,1.0,1.0,1.0,0.0,1.0,1.0,1.0,1.0,1.0,0.0,1.0,1.0,1.0,1.0,1.0,0.0,1.0,1.0,1.0,1.0,1.0,0.0,1.0,1.0,1.0,1.0,1.0,0.0,1.0,1.0,1.0,1.0,1.0,0.0,1.0,1.0,1.0,1.0,1.0,0.0,1.0,1.0,1.0,1.0,1.0,0.0,1.0,1.0,1.0,1.0,1.0,0.0,1.0,1.0,1.0,1.0,1.0,0.0,1.0,1.0,1.0,1.0,1.0,0.0,1.0,1.0,1.0,1.0,1.0,0.0,1.0,1.0,1.0,1.0,1.0,0.0,1.0,1.0,1.0,1.0,1.0,0.0,1.0,1.0,1.0,1.0,1.0,0.0,1.0,1.0
Jsoup,87,0.0,1.0,1.0,0.021739130434782608,3.0,7.0,0.0,1.0,1.0,0.021739130434782608,3.0,8.5,0.0,1.0,1.0,0.021739130434782608,3.0,7.0,0.0,1.0,1.0,0.021739130434782608,3.0,7.0,0.0,1.0,1.0,0.021739130434782608,3.0,8.5,0.0,1.0,1.0,0.021739130434782608,3.0,7.0,0.0,1.0,1.0,0.021739130434782608,3.0,8.5,0.0,1.0,1.0,0.021739130434782608,3.0,7.0,0.0,1.0,1.0,0.021739130434782608,3.0,8.5,0.0,1.0,1.0,0.021739130434782608,3.0,7.0,1.0,1.0,1.0,0.0,1.0,1.0,0.0,0.0,1.0,0.03260869565217391,4.0,8.0,1.0,1.0,1.0,0.0,1.0,1.0,0.0,0.0,1.0,0.03260869565217391,4.0,8.0,1.0,1.0,1.0,0.0,1.0,1.0
Jsoup,88,0.0,1.0,1.0,0.02197802197802198,3.0,3.0,0.0,1.0,1.0,0.02197802197802198,3.0,3.0,0.0,1.0,1.0,0.02197802197802198,3.0,3.0,0.0,1.0,1.0,0.02197802197802198,3.0,3.0,0.0,1.0,1.0,0.02197802197802198,3.0,3.0,0.0,1.0,1.0,0.02197802197802198,3.0,3.0,0.0,1.0,1.0,0.02197802197802198,3.0,3.0,0.0,1.0,1.0,0.02197802197802198,3.0,3.0,0.0,1.0,1.0,0.02197802197802198,3.0,3.0,0.0,1.0,1.0,0.02197802197802198,3.0,3.0,1.0,1.0,1.0,0.0,1.0,1.0,0.0,0.0,1.0,0.03296703296703297,4.0,4.0,1.0,1.0,1.0,0.0,1.0,1.0,0.0,0.0,1.0,0.03296703296703297,4.0,4.0,1.0,1.0,1.0,0.0,1.0,1.0
Jsoup,89,1.0,1.0,1.0,0.0,1.0,1.0,1.0,1.0,1.0,0.0,1.0,1.0,1.0,1.0,1.0,0.0,1.0,1.0,1.0,1.0,1.0,0.0,1.0,1.0,1.0,1.0,1.0,0.0,1.0,1.0,1.0,1.0,1.0,0.0,1.0,1.0,1.0,1.0,1.0,0.0,1.0,1.0,1.0,1.0,1.0,0.0,1.0,1.0,1.0,1.0,1.0,0.0,1.0,1.0,1.0,1.0,1.0,0.0,1.0,1.0,1.0,1.0,1.0,0.0,1.0,1.0,1.0,1.0,1.0,0.0,1.0,1.0,1.0,1.0,1.0,0.0,1.0,1.0,1.0,1.0,1.0,0.0,1.0,1.0,1.0,1.0,1.0,0.0,1.0,1.0
Jsoup,90,0.0,1.0,1.0,0.05128205128205128,2.0,2.0,0.0,1.0,1.0,0.05128205128205128,2.0,2.0,0.0,1.0,1.0,0.05128205128205128,2.0,2.0,0.0,1.0,1.0,0.05128205128205128,2.0,2.0,0.0,1.0,1.0,0.05128205128205128,2.0,2.0,0.0,1.0,1.0,0.05128205128205128,2.0,2.0,0.0,1.0,1.0,0.05128205128205128,2.0,2.0,0.0,1.0,1.0,0.05128205128205128,2.0,2.0,0.0,1.0,1.0,0.05128205128205128,2.0,2.0,0.0,1.0,1.0,0.05128205128205128,2.0,2.0,1.0,1.0,1.0,0.0,1.0,1.0,0.0,1.0,1.0,0.07692307692307693,3.0,3.0,1.0,1.0,1.0,0.0,1.0,1.0,0.0,1.0,1.0,0.07692307692307693,3.0,3.0,1.0,1.0,1.0,0.0,1.0,1.0
Jsoup,91,0.0,0.0,1.0,0.05263157894736842,5.0,5.0,0.0,0.0,1.0,0.031578947368421054,4.0,4.0,0.0,0.0,1.0,0.042105263157894736,4.0,4.0,1.0,1.0,1.0,0.0,1.0,1.0,0.0,1.0,1.0,0.031578947368421054,3.0,3.0,0.0,1.0,1.0,0.031578947368421054,3.0,3.0,1.0,1.0,1.0,0.0,1.0,1.0,0.0,0.0,1.0,0.042105263157894736,4.0,4.0,0.0,1.0,1.0,0.031578947368421054,3.0,3.0,1.0,1.0,1.0,0.0,1.0,1.0,1.0,1.0,1.0,0.0,1.0,1.0,0.0,0.0,1.0,0.042105263157894736,4.0,4.0,0.0,1.0,1.0,0.25263157894736843,2.0,2.0,0.0,0.0,1.0,0.042105263157894736,4.0,4.0,0.0,0.0,1.0,0.031578947368421054,4.0,4.0
Jsoup,92,0.0,0.0,0.0,0.08571428571428572,6.0,15.75,0.0,0.0,0.0,0.11428571428571428,9.0,19.0,0.0,0.0,0.0,0.09523809523809523,7.0,17.75,0.0,0.0,0.0,0.09523809523809523,7.0,14.5,0.0,0.0,0.0,0.11428571428571428,9.0,19.0,0.0,0.0,0.0,0.10476190476190476,8.0,16.25,0.0,0.0,0.0,0.11428571428571428,9.0,25.0,0.0,0.0,0.0,0.09523809523809523,6.0,16.5,0.0,0.0,0.0,0.11428571428571428,9.0,19.0,0.0,0.0,0.0,0.11428571428571428,9.0,19.5,1.0,1.0,1.0,0.0,1.0,1.0,0.0,0.0,0.0,0.10476190476190476,8.0,18.75,1.0,1.0,1.0,0.0,1.0,1.0,0.0,0.0,0.0,0.10476190476190476,8.0,18.75,0.0,1.0,1.0,0.009523809523809525,2.0,2.0
Jsoup,93,0.0,1.0,1.0,0.018018018018018018,3.0,3.0,0.0,1.0,1.0,0.018018018018018018,3.0,3.0,0.0,1.0,1.0,0.018018018018018018,3.0,3.0,0.0,1.0,1.0,0.018018018018018018,3.0,3.0,0.0,1.0,1.0,0.018018018018018018,3.0,3.0,0.0,1.0,1.0,0.018018018018018018,3.0,3.0,0.0,1.0,1.0,0.02702702702702703,3.0,3.0,0.0,1.0,1.0,0.018018018018018018,3.0,3.0,0.0,1.0,1.0,0.018018018018018018,3.0,3.0,0.0,1.0,1.0,0.018018018018018018,3.0,3.0,1.0,1.0,1.0,0.0,1.0,1.0,0.0,1.0,1.0,0.018018018018018018,3.0,3.0,1.0,1.0,1.0,0.0,1.0,1.0,0.0,1.0,1.0,0.018018018018018018,3.0,3.0,0.0,1.0,1.0,0.7117117117117117,2.0,2.0
JacksonXml,1,1.0,1.0,1.0,0.0,1.0,1.0,0.0,0.0,0.0,0.7142857142857143,10.0,10.0,0.0,0.0,0.0,0.6785714285714286,11.0,11.0,0.0,0.0,1.0,0.21428571428571427,5.0,5.0,0.0,0.0,0.0,0.6785714285714286,8.0,8.0,0.0,0.0,1.0,0.14285714285714285,4.0,4.0,0.0,0.0,0.0,0.6785714285714286,9.0,9.0,1.0,1.0,1.0,0.0,1.0,1.0,0.0,0.0,0.0,0.6785714285714286,8.0,8.0,0.0,0.0,0.0,0.5,12.0,12.0,1.0,1.0,1.0,0.0,1.0,1.0,0.0,0.0,0.0,0.75,10.0,10.0,0.0,1.0,1.0,0.03571428571428571,2.0,2.0,1.0,1.0,1.0,0.0,1.0,1.0,0.0,0.0,0.0,0.7142857142857143,9.0,9.0
JacksonXml,2,1.0,1.0,1.0,0.0,1.0,1.0,0.0,0.0,0.0,0.7407407407407407,10.0,10.0,0.0,0.0,0.0,0.37037037037037035,9.0,9.0,0.0,0.0,1.0,0.18518518518518517,5.0,5.0,0.0,0.0,0.0,0.6666666666666666,8.0,8.0,0.0,0.0,1.0,0.14814814814814814,4.0,4.0,0.0,0.0,0.0,0.7037037037037037,8.0,8.0,1.0,1.0,1.0,0.0,1.0,1.0,0.0,0.0,0.0,0.6666666666666666,8.0,8.0,0.0,0.0,0.0,0.5555555555555556,13.0,13.0,1.0,1.0,1.0,0.0,1.0,1.0,0.0,0.0,0.0,0.7407407407407407,9.0,9.0,0.0,1.0,1.0,0.037037037037037035,2.0,2.0,1.0,1.0,1.0,0.0,1.0,1.0,0.0,0.0,0.0,0.7037037037037037,8.0,8.0
JacksonXml,3,1.0,1.0,1.0,0.0,1.0,1.0,0.0,0.0,1.0,0.625,4.0,4.0,0.0,0.0,1.0,0.5,5.0,5.0,0.0,1.0,1.0,0.125,2.0,2.0,0.0,0.0,1.0,0.625,4.0,4.0,0.0,1.0,1.0,0.125,2.0,2.0,0.0,0.0,1.0,0.625,4.0,4.0,1.0,1.0,1.0,0.0,1.0,1.0,0.0,0.0,1.0,0.625,4.0,4.0,0.0,0.0,1.0,0.375,4.0,4.0,1.0,1.0,1.0,0.0,1.0,1.0,0.0,0.0,1.0,0.75,5.0,5.0,1.0,1.0,1.0,0.0,1.0,1.0,1.0,1.0,1.0,0.0,1.0,1.0,0.0,0.0,1.0,0.75,5.0,5.0
JacksonXml,4,1.0,1.0,1.0,0.0,1.0,1.0,0.0,0.0,1.0,0.1111111111111111,4.0,4.0,0.0,0.0,1.0,0.18518518518518517,5.0,5.0,0.0,0.0,0.0,0.2962962962962963,8.0,8.0,0.0,0.0,1.0,0.14814814814814814,5.0,5.0,0.0,0.0,0.0,0.2222222222222222,6.0,6.0,0.0,1.0,1.0,0.037037037037037035,2.0,2.0,1.0,1.0,1.0,0.0,1.0,1.0,0.0,0.0,1.0,0.14814814814814814,5.0,5.0,0.0,1.0,1.0,0.07407407407407407,3.0,3.0,1.0,1.0,1.0,0.0,1.0,1.0,0.0,1.0,1.0,0.1111111111111111,2.0,2.0,0.0,0.0,1.0,0.25925925925925924,5.0,5.0,1.0,1.0,1.0,0.0,1.0,1.0,0.0,1.0,1.0,0.1111111111111111,2.0,2.0
JacksonXml,5,1.0,1.0,1.0,0.0,1.0,1.0,0.0,1.0,1.0,0.3793103448275862,3.0,3.0,0.0,1.0,1.0,0.034482758620689655,2.0,2.0,0.0,0.0,1.0,0.13793103448275862,5.0,5.0,1.0,1.0,1.0,0.0,1.0,1.0,1.0,1.0,1.0,0.0,1.0,1.0,0.0,1.0,1.0,0.3793103448275862,3.0,3.0,1.0,1.0,1.0,0.0,1.0,1.0,1.0,1.0,1.0,0.0,1.0,1.0,0.0,0.0,1.0,0.10344827586206896,4.0,4.0,1.0,1.0,1.0,0.0,1.0,1.0,0.0,1.0,1.0,0.10344827586206896,3.0,3.0,0.0,1.0,1.0,0.034482758620689655,2.0,2.0,0.0,1.0,1.0,0.034482758620689655,2.0,2.0,0.0,1.0,1.0,0.10344827586206896,3.0,3.0
JacksonXml,6,0.0,0.0,0.0,,,,0.0,0.0,0.0,,,,0.0,0.0,0.0,,,,0.0,0.0,0.0,,,,0.0,0.0,0.0,,,,0.0,0.0,0.0,,,,0.0,0.0,0.0,,,,0.0,0.0,0.0,,,,0.0,0.0,0.0,,,,0.0,0.0,0.0,,,,0.0,0.0,0.0,,,,0.0,0.0,0.0,,,,0.0,0.0,0.0,,,,0.0,0.0,0.0,,,,0.0,0.0,0.0,,,
JacksonDatabind,1,0.0,0.0,0.0,0.11666666666666667,12.0,12.0,0.0,0.0,0.0,0.4375,53.0,53.0,0.0,0.0,0.0,0.125,18.0,18.0,0.0,0.0,0.0,0.075,15.0,15.0,0.0,0.0,0.0,0.48333333333333334,57.0,57.0,0.0,0.0,0.0,0.15416666666666667,27.0,27.0,0.0,0.0,0.0,0.4166666666666667,39.0,39.0,0.0,0.0,0.0,0.11666666666666667,9.0,9.0,0.0,0.0,0.0,0.48333333333333334,56.0,56.0,0.0,0.0,0.0,0.15833333333333333,33.0,33.0,1.0,1.0,1.0,0.0,1.0,1.0,0.0,0.0,0.0,0.4583333333333333,35.0,35.0,0.0,0.0,1.0,0.26666666666666666,5.0,5.0,0.0,0.0,0.0,0.475,36.0,36.0,0.0,0.0,0.0,0.6125,17.0,17.0
JacksonDatabind,2,0.0,1.0,1.0,0.007874015748031496,2.0,2.0,0.0,0.0,0.0,0.421259842519685,54.0,54.0,0.0,0.0,0.0,0.07086614173228346,16.0,16.0,0.0,0.0,0.0,0.04330708661417323,10.0,10.0,0.0,0.0,0.0,0.047244094488188976,11.0,11.0,0.0,0.0,0.0,0.047244094488188976,11.0,11.0,0.0,0.0,0.0,0.5,63.0,63.0,0.0,1.0,1.0,0.011811023622047244,3.0,3.0,0.0,0.0,0.0,0.047244094488188976,11.0,11.0,0.0,0.0,0.0,0.3346456692913386,79.0,79.0,1.0,1.0,1.0,0.0,1.0,1.0,0.0,0.0,0.0,0.41732283464566927,29.0,29.0,0.0,0.0,1.0,0.011811023622047244,4.0,4.0,0.0,1.0,1.0,0.003937007874015748,2.0,2.0,0.0,0.0,0.0,0.4409448818897638,35.0,35.0
JacksonDatabind,3,0.0,0.0,0.0,0.15246636771300448,24.0,24.0,0.0,0.0,0.0,0.5829596412556054,76.0,76.0,0.0,0.0,0.0,0.31390134529147984,56.0,56.0,0.0,0.0,0.0,0.2242152466367713,44.0,44.0,0.0,0.0,0.0,0.5426008968609866,70.0,70.0,0.0,0.0,0.0,0.3632286995515695,73.0,73.0,0.0,0.0,0.0,0.6098654708520179,72.0,72.0,0.0,0.0,0.0,0.15246636771300448,21.0,21.0,0.0,0.0,0.0,0.5426008968609866,70.0,70.0,0.0,0.0,0.0,0.47533632286995514,97.0,97.0,1.0,1.0,1.0,0.0,1.0,1.0,0.0,0.0,0.0,0.5426008968609866,46.0,46.0,0.0,0.0,0.0,0.2600896860986547,7.0,7.0,0.0,0.0,0.0,0.5381165919282511,45.0,45.0,0.0,0.0,0.0,0.6995515695067265,32.0,32.0
JacksonDatabind,4,0.0,0.0,0.0,0.1893939393939394,25.0,25.0,0.0,0.0,0.0,0.6136363636363636,105.0,105.0,0.0,0.0,0.0,0.4053030303030303,87.0,87.0,0.0,0.0,0.0,0.2689393939393939,57.0,57.0,0.0,0.0,0.0,0.5681818181818182,92.0,92.0,0.0,0.0,0.0,0.4431818181818182,97.0,97.0,0.0,0.0,0.0,0.6212121212121212,95.0,95.0,0.0,0.0,0.0,0.19318181818181818,23.0,23.0,0.0,0.0,0.0,0.5681818181818182,92.0,92.0,0.0,0.0,0.0,0.5113636363636364,120.0,120.0,1.0,1.0,1.0,0.0,1.0,1.0,0.0,0.0,0.0,0.571969696969697,69.0,69.0,0.0,0.0,0.0,0.04924242424242424,7.0,7.0,0.0,0.0,0.0,0.571969696969697,65.0,65.0,0.0,0.0,0.0,0.6931818181818182,50.0,50.0
JacksonDatabind,5,0.0,0.0,0.0,0.20481927710843373,30.0,30.0,0.0,0.0,0.0,0.08032128514056225,21.0,21.0,0.0,0.0,0.0,0.1927710843373494,41.0,41.0,0.0,0.0,0.0,0.18473895582329317,40.0,40.0,0.0,0.0,0.0,0.1606425702811245,37.0,37.0,0.0,0.0,0.0,0.2289156626506024,53.0,53.0,0.0,0.0,0.0,0.03614457831325301,8.0,8.0,0.0,0.0,0.0,0.20481927710843373,25.0,25.0,0.0,0.0,0.0,0.1606425702811245,37.0,37.0,0.0,0.0,0.0,0.08835341365461848,22.0,22.0,1.0,1.0,1.0,0.0,1.0,1.0,0.0,0.0,1.0,0.10441767068273092,4.0,4.0,0.0,0.0,0.0,0.0321285140562249,7.0,7.0,0.0,0.0,0.0,0.08835341365461848,10.0,10.0,0.0,0.0,1.0,0.0642570281124498,4.0,4.0
JacksonDatabind,6,0.0,0.0,0.0,0.13008130081300814,19.0,19.0,0.0,0.0,0.0,0.22764227642276422,48.0,48.0,0.0,0.0,0.0,0.14227642276422764,30.0,30.0,0.0,0.0,0.0,0.15853658536585366,35.0,35.0,0.0,0.0,0.0,0.3333333333333333,57.0,57.0,0.0,0.0,0.0,0.17479674796747968,40.0,40.0,0.0,0.0,0.0,0.2032520325203252,22.0,22.0,0.0,0.0,0.0,0.13414634146341464,18.0,18.0,0.0,0.0,0.0,0.3333333333333333,56.0,56.0,0.0,0.0,0.0,0.4268292682926829,97.0,97.0,1.0,1.0,1.0,0.0,1.0,1.0,0.0,1.0,1.0,0.1016260162601626,3.0,3.0,0.0,0.0,0.0,0.2601626016260163,7.0,7.0,0.0,0.0,0.0,0.08536585365853659,10.0,10.0,0.0,0.0,1.0,0.032520325203252036,4.0,4.0
JacksonDatabind,7,0.0,0.0,1.0,0.026717557251908396,5.0,5.0,0.0,0.0,0.0,0.13740458015267176,33.0,33.0,0.0,0.0,0.0,0.04961832061068702,11.0,11.0,0.0,0.0,0.0,0.022900763358778626,7.0,7.0,0.0,0.0,0.0,0.05725190839694656,13.0,13.0,0.0,0.0,0.0,0.05725190839694656,13.0,13.0,0.0,0.0,0.0,0.4770992366412214,61.0,61.0,0.0,0.0,1.0,0.022900763358778626,5.0,5.0,0.0,0.0,0.0,0.05725190839694656,13.0,13.0,0.0,0.0,0.0,0.31297709923664124,73.0,73.0,1.0,1.0,1.0,0.0,1.0,1.0,0.0,0.0,0.0,0.4541984732824427,41.0,41.0,0.0,0.0,0.0,0.026717557251908396,6.0,6.0,0.0,0.0,0.0,0.022900763358778626,6.0,6.0,0.0,0.0,0.0,0.44656488549618323,40.0,40.0
JacksonDatabind,8,0.0,0.0,0.0,0.28668941979522183,51.0,51.0,0.0,0.0,0.0,0.14334470989761092,39.0,39.0,0.0,0.0,0.0,0.27303754266211605,61.0,61.0,0.0,0.0,0.0,0.23890784982935154,53.0,53.0,0.0,0.0,0.0,0.18088737201365188,42.0,42.0,0.0,0.0,0.0,0.2150170648464164,52.0,52.0,0.0,0.0,0.0,0.3242320819112628,22.0,22.0,0.0,0.0,0.0,0.3037542662116041,49.0,49.0,0.0,0.0,0.0,0.18088737201365188,42.0,42.0,0.0,0.0,0.0,0.11262798634812286,27.0,27.0,1.0,1.0,1.0,0.0,1.0,1.0,0.0,0.0,0.0,0.3651877133105802,28.0,28.0,0.0,0.0,0.0,0.6382252559726962,6.0,6.0,0.0,0.0,0.0,0.39590443686006827,33.0,33.0,0.0,0.0,0.0,0.32764505119453924,19.0,19.0
JacksonDatabind,9,0.0,0.0,0.0,0.3373015873015873,51.0,51.0,0.0,0.0,0.0,0.5277777777777778,79.0,79.0,0.0,0.0,0.0,0.2619047619047619,53.0,53.0,0.0,0.0,0.0,0.3412698412698413,63.0,63.0,0.0,0.0,0.0,0.5476190476190477,80.0,80.0,0.0,0.0,0.0,0.36507936507936506,78.0,78.0,0.0,0.0,0.0,0.5317460317460317,60.0,60.0,0.0,0.0,0.0,0.3373015873015873,47.0,47.0,0.0,0.0,0.0,0.5476190476190477,80.0,80.0,0.0,0.0,0.0,0.38095238095238093,87.0,87.0,1.0,1.0,1.0,0.0,1.0,1.0,0.0,0.0,0.0,0.5515873015873016,59.0,59.0,0.0,0.0,0.0,0.4007936507936508,6.0,6.0,0.0,0.0,0.0,0.5555555555555556,57.0,57.0,0.0,0.0,0.0,0.6825396825396826,32.0,32.0
JacksonDatabind,10,0.0,0.0,0.0,0.17959183673469387,21.0,33.0,0.0,0.0,0.0,0.2693877551020408,55.0,74.5,0.0,0.0,0.0,0.1469387755102041,31.0,48.5,0.0,0.0,0.0,0.11428571428571428,26.0,38.0,0.0,0.0,0.0,0.3306122448979592,58.0,70.0,0.0,0.0,0.0,0.20816326530612245,42.0,65.5,0.0,0.0,1.0,0.2857142857142857,4.0,39.5,0.0,0.0,0.0,0.18775510204081633,20.0,27.0,0.0,0.0,0.0,0.3306122448979592,58.0,70.0,0.0,0.0,0.0,0.18775510204081633,40.0,75.0,1.0,1.0,1.0,0.0,1.0,1.0,0.0,1.0,1.0,0.12244897959183673,2.0,31.0,0.0,1.0,1.0,0.04897959183673469,2.0,4.0,0.0,0.0,1.0,0.1510204081632653,5.0,31.5,1.0,1.0,1.0,0.00816326530612245,1.0,18.0
JacksonDatabind,11,0.0,0.0,0.0,0.2425249169435216,39.0,39.0,0.0,0.0,0.0,0.05647840531561462,17.0,17.0,0.0,0.0,0.0,0.11627906976744186,30.0,30.0,0.0,0.0,0.0,0.16943521594684385,44.0,44.0,0.0,0.0,0.0,0.08970099667774087,19.0,19.0,0.0,0.0,0.0,0.07973421926910298,19.0,19.0,1.0,1.0,1.0,0.0,1.0,1.0,0.0,0.0,0.0,0.2558139534883721,38.0,38.0,0.0,0.0,0.0,0.08970099667774087,19.0,19.0,0.0,0.0,0.0,0.06976744186046512,17.0,17.0,1.0,1.0,1.0,0.0,1.0,1.0,0.0,1.0,1.0,0.0033222591362126247,2.0,2.0,0.0,1.0,1.0,0.0033222591362126247,2.0,2.0,0.0,0.0,1.0,0.05647840531561462,5.0,5.0,1.0,1.0,1.0,0.0,1.0,1.0
JacksonDatabind,12,0.0,0.0,0.0,0.44363636363636366,87.0,87.0,0.0,0.0,0.0,0.5490909090909091,98.0,98.0,0.0,0.0,0.0,0.5854545454545454,113.0,113.0,0.0,0.0,0.0,0.3890909090909091,84.0,84.0,0.0,0.0,0.0,0.5818181818181818,104.0,104.0,0.0,0.0,0.0,0.48727272727272725,117.0,117.0,0.0,0.0,0.0,0.5345454545454545,82.0,82.0,0.0,0.0,0.0,0.610909090909091,100.0,100.0,0.0,0.0,0.0,0.5818181818181818,104.0,104.0,0.0,0.0,0.0,0.4072727272727273,99.0,99.0,1.0,1.0,1.0,0.0,1.0,1.0,0.0,0.0,0.0,0.5818181818181818,81.0,81.0,0.0,0.0,0.0,0.26545454545454544,7.0,7.0,0.0,0.0,0.0,0.5818181818181818,78.0,78.0,0.0,0.0,0.0,0.6763636363636364,50.0,50.0
JacksonDatabind,13,0.0,0.0,0.0,0.1267123287671233,17.0,19.0,0.0,0.0,0.0,0.02054794520547945,6.0,7.5,0.0,0.0,0.0,0.02054794520547945,6.0,7.0,0.0,0.0,0.0,0.017123287671232876,6.0,7.0,0.0,0.0,0.0,0.02054794520547945,6.0,7.5,0.0,0.0,0.0,0.017123287671232876,6.0,7.5,0.0,0.0,1.0,0.0136986301369863,4.0,30.5,0.0,0.0,0.0,0.07534246575342465,10.0,11.5,0.0,0.0,0.0,0.02054794520547945,6.0,7.5,0.0,0.0,0.0,0.23972602739726026,59.0,62.5,1.0,1.0,1.0,0.0,1.0,1.0,0.0,1.0,1.0,0.003424657534246575,2.0,9.0,0.0,1.0,1.0,0.003424657534246575,2.0,4.0,0.0,0.0,1.0,0.05821917808219178,5.0,9.5,1.0,1.0,1.0,0.0,1.0,16.5
JacksonDatabind,14,1.0,1.0,1.0,0.0,1.0,1.0,0.0,0.0,0.0,0.49683544303797467,95.0,95.0,0.0,0.0,0.0,0.2088607594936709,56.0,56.0,0.0,0.0,0.0,0.1518987341772152,39.0,39.0,0.0,0.0,0.0,0.060126582278481014,12.0,12.0,0.0,0.0,0.0,0.04746835443037975,12.0,12.0,0.0,0.0,0.0,0.5,81.0,81.0,1.0,1.0,1.0,0.0,1.0,1.0,0.0,0.0,0.0,0.060126582278481014,12.0,12.0,0.0,0.0,0.0,0.3924050632911392,109.0,109.0,1.0,1.0,1.0,0.0,1.0,1.0,0.0,0.0,0.0,0.370253164556962,36.0,36.0,0.0,0.0,1.0,0.24367088607594936,4.0,4.0,1.0,1.0,1.0,0.0,1.0,1.0,0.0,0.0,0.0,0.3829113924050633,42.0,42.0
JacksonDatabind,15,0.0,0.0,0.0,0.08949416342412451,10.0,36.25,0.0,0.0,0.0,0.3229571984435798,55.0,65.25,0.0,0.0,0.0,0.10505836575875487,21.0,39.5,0.0,0.0,0.0,0.10894941634241245,25.0,43.5,0.0,0.0,0.0,0.377431906614786,57.0,62.5,0.0,0.0,0.0,0.1828793774319066,38.0,49.0,0.0,0.0,1.0,0.01556420233463035,4.0,31.0,0.0,0.0,0.0,0.11284046692607004,12.0,33.75,0.0,0.0,0.0,0.377431906614786,57.0,62.5,0.0,0.0,0.0,0.15953307392996108,37.0,56.25,1.0,1.0,1.0,0.0,1.0,1.0,0.0,1.0,1.0,0.0038910505836575876,2.0,27.25,0.0,1.0,1.0,0.0038910505836575876,2.0,4.0,0.0,0.0,1.0,0.06614785992217899,5.0,25.0,1.0,1.0,1.0,0.0,1.0,17.0
JacksonDatabind,16,0.0,0.0,0.0,0.2784313725490196,37.0,37.0,0.0,0.0,0.0,0.10980392156862745,26.0,26.0,0.0,0.0,0.0,0.33725490196078434,61.0,61.0,0.0,0.0,0.0,0.3333333333333333,59.0,59.0,0.0,0.0,0.0,0.13725490196078433,28.0,28.0,0.0,0.0,0.0,0.2235294117647059,49.0,49.0,0.0,0.0,0.0,0.32941176470588235,13.0,13.0,0.0,0.0,0.0,0.3176470588235294,42.0,42.0,0.0,0.0,0.0,0.13725490196078433,28.0,28.0,0.0,0.0,0.0,0.10196078431372549,24.0,24.0,1.0,1.0,1.0,0.0,1.0,1.0,0.0,0.0,0.0,0.30980392156862746,6.0,6.0,0.0,0.0,0.0,0.6313725490196078,6.0,6.0,0.0,0.0,0.0,0.3411764705882353,10.0,10.0,0.0,1.0,1.0,0.2980392156862745,3.0,3.0
JacksonDatabind,17,0.0,0.0,0.0,0.3306122448979592,49.0,49.0,0.0,0.0,0.0,0.5673469387755102,86.0,86.0,0.0,0.0,0.0,0.3795918367346939,75.0,75.0,0.0,0.0,0.0,0.2693877551020408,56.0,56.0,0.0,0.0,0.0,0.5836734693877551,90.0,90.0,0.0,0.0,0.0,0.46122448979591835,101.0,101.0,0.0,0.0,0.0,0.5836734693877551,78.0,78.0,0.0,0.0,0.0,0.363265306122449,48.0,48.0,0.0,0.0,0.0,0.5836734693877551,89.0,89.0,0.0,0.0,0.0,0.45714285714285713,103.0,103.0,0.0,0.0,0.0,0.9387755102040817,6.0,6.0,0.0,0.0,0.0,0.5836734693877551,64.0,64.0,0.0,0.0,0.0,0.9387755102040817,12.0,12.0,0.0,0.0,0.0,0.5877551020408164,63.0,63.0,0.0,0.0,0.0,0.9714285714285714,47.0,47.0
JacksonDatabind,18,0.0,0.0,0.0,0.1134020618556701,16.0,16.0,0.0,0.0,0.0,0.47079037800687284,78.0,78.0,0.0,0.0,0.0,0.07903780068728522,17.0,17.0,0.0,0.0,0.0,0.1134020618556701,27.0,27.0,0.0,0.0,0.0,0.18556701030927836,44.0,44.0,0.0,0.0,0.0,0.1134020618556701,26.0,26.0,0.0,0.0,0.0,0.5085910652920962,71.0,71.0,0.0,0.0,0.0,0.09965635738831616,14.0,14.0,0.0,0.0,0.0,0.18556701030927836,44.0,44.0,0.0,0.0,0.0,0.38831615120274915,106.0,106.0,1.0,1.0,1.0,0.0,1.0,1.0,0.0,0.0,0.0,0.44673539518900346,49.0,49.0,0.0,0.0,0.0,0.6426116838487973,6.0,6.0,0.0,0.0,0.0,0.4329896907216495,41.0,41.0,0.0,0.0,0.0,0.4329896907216495,44.0,44.0
JacksonDatabind,19,0.0,0.0,0.0,0.24344569288389514,36.0,36.0,0.0,0.0,1.0,0.0149812734082397,5.0,5.0,0.0,0.0,0.0,0.09363295880149813,22.0,22.0,0.0,0.0,0.0,0.149812734082397,35.0,35.0,0.0,0.0,0.0,0.052434456928838954,11.0,11.0,0.0,0.0,0.0,0.06367041198501873,14.0,14.0,0.0,1.0,1.0,0.011235955056179775,3.0,3.0,0.0,0.0,0.0,0.25842696629213485,33.0,33.0,0.0,0.0,0.0,0.052434456928838954,11.0,11.0,0.0,0.0,1.0,0.011235955056179775,4.0,4.0,1.0,1.0,1.0,0.0,1.0,1.0,0.0,1.0,1.0,0.003745318352059925,2.0,2.0,0.0,1.0,1.0,0.003745318352059925,2.0,2.0,0.0,0.0,1.0,0.03745318352059925,5.0,5.0,1.0,1.0,1.0,0.0,1.0,1.0
JacksonDatabind,20,0.0,0.0,0.0,0.8175438596491228,116.0,116.0,0.0,0.0,0.0,0.8175438596491228,115.0,115.0,0.0,0.0,0.0,0.8175438596491228,120.0,120.0,0.0,0.0,0.0,0.8175438596491228,124.0,124.0,0.0,0.0,0.0,0.8175438596491228,106.0,106.0,0.0,0.0,0.0,0.7719298245614035,128.0,128.0,0.0,0.0,0.0,0.7859649122807018,100.0,100.0,0.0,0.0,0.0,0.8175438596491228,107.0,107.0,0.0,0.0,0.0,0.8175438596491228,106.0,106.0,0.0,0.0,0.0,0.7719298245614035,138.0,138.0,1.0,1.0,1.0,0.0,1.0,1.0,0.0,0.0,0.0,0.8175438596491228,92.0,92.0,0.0,0.0,0.0,0.40350877192982454,6.0,6.0,0.0,0.0,0.0,0.8175438596491228,88.0,88.0,0.0,0.0,0.0,0.6807017543859649,46.0,46.0
JacksonDatabind,21,0.0,0.0,0.0,,,,0.0,0.0,0.0,,,,0.0,0.0,0.0,,,,0.0,0.0,0.0,,,,0.0,0.0,0.0,,,,0.0,0.0,0.0,,,,0.0,0.0,0.0,,,,0.0,0.0,0.0,,,,0.0,0.0,0.0,,,,0.0,0.0,0.0,,,,0.0,0.0,0.0,,,,0.0,0.0,0.0,,,,0.0,0.0,0.0,,,,0.0,0.0,0.0,,,,0.0,0.0,0.0,,,
JacksonDatabind,22,0.0,0.0,1.0,0.05952380952380952,5.0,18.5,0.0,0.0,0.0,0.24603174603174602,49.0,49.0,0.0,0.0,0.0,0.10714285714285714,25.0,26.0,0.0,0.0,0.0,0.08333333333333333,20.0,22.5,0.0,0.0,0.0,0.27380952380952384,55.0,55.0,0.0,0.0,0.0,0.15873015873015872,31.0,32.0,0.0,0.0,1.0,0.03571428571428571,5.0,5.0,0.0,0.0,0.0,0.06349206349206349,6.0,15.0,0.0,0.0,0.0,0.27380952380952384,55.0,55.0,0.0,0.0,0.0,0.18253968253968253,44.0,51.5,1.0,1.0,1.0,0.0,1.0,1.0,0.0,1.0,1.0,0.003968253968253968,2.0,2.0,0.0,1.0,1.0,0.003968253968253968,2.0,2.0,0.0,0.0,0.0,0.06746031746031746,6.0,6.0,1.0,1.0,1.0,0.0,1.0,1.0
JacksonDatabind,23,0.0,0.0,0.0,0.6162790697674418,110.0,110.0,0.0,0.0,0.0,0.12403100775193798,27.0,27.0,0.0,0.0,0.0,0.47674418604651164,95.0,95.0,0.0,0.0,0.0,0.6162790697674418,124.0,124.0,0.0,0.0,0.0,0.2131782945736434,35.0,35.0,0.0,0.0,0.0,0.7751937984496124,128.0,128.0,1.0,1.0,1.0,0.0,1.0,1.0,0.0,0.0,0.0,0.5077519379844961,80.0,80.0,0.0,0.0,0.0,0.2131782945736434,35.0,35.0,0.0,0.0,0.0,0.7751937984496124,138.0,138.0,1.0,1.0,1.0,0.0,1.0,1.0,0.0,1.0,1.0,0.003875968992248062,2.0,2.0,0.0,1.0,1.0,0.003875968992248062,2.0,2.0,0.0,0.0,0.0,0.06976744186046512,6.0,6.0,1.0,1.0,1.0,0.0,1.0,1.0
JacksonDatabind,24,0.0,0.0,0.0,0.14782608695652175,12.0,12.0,0.0,0.0,0.0,0.06086956521739131,13.0,13.0,0.0,0.0,0.0,0.1826086956521739,37.0,37.0,0.0,0.0,0.0,0.23478260869565218,43.0,43.0,0.0,0.0,0.0,0.1956521739130435,17.0,17.0,0.0,0.0,0.0,0.21739130434782608,39.0,39.0,1.0,1.0,1.0,0.0,1.0,1.0,0.0,0.0,0.0,0.1391304347826087,10.0,10.0,0.0,0.0,0.0,0.1956521739130435,16.0,16.0,0.0,0.0,0.0,0.1826086956521739,41.0,41.0,1.0,1.0,1.0,0.0,1.0,1.0,0.0,1.0,1.0,0.004347826086956522,2.0,2.0,0.0,1.0,1.0,0.004347826086956522,2.0,2.0,0.0,0.0,0.0,0.08695652173913043,6.0,6.0,1.0,1.0,1.0,0.0,1.0,1.0
JacksonDatabind,25,0.0,0.0,0.0,0.06382978723404255,6.0,38.0,0.0,0.0,0.0,0.09929078014184398,26.0,33.0,0.0,0.0,0.0,0.10283687943262411,25.0,58.5,0.0,0.0,0.0,0.11347517730496454,27.0,55.5,0.0,0.0,0.0,0.1276595744680851,27.0,34.5,0.0,0.0,0.0,0.14893617021276595,32.0,56.0,1.0,1.0,1.0,0.0,1.0,1.0,0.0,0.0,0.0,0.06382978723404255,7.0,41.5,0.0,0.0,0.0,0.1276595744680851,26.0,33.5,0.0,0.0,0.0,0.04964539007092199,13.0,35.0,1.0,1.0,1.0,0.0,1.0,1.0,0.0,1.0,1.0,0.0035460992907801418,2.0,2.0,0.0,1.0,1.0,0.0035460992907801418,2.0,2.0,0.0,0.0,0.0,0.05319148936170213,6.0,6.0,1.0,1.0,1.0,0.0,1.0,1.0
JacksonDatabind,26,0.0,0.0,0.0,,,,0.0,0.0,0.0,,,,0.0,0.0,0.0,,,,0.0,0.0,0.0,,,,0.0,0.0,0.0,,,,0.0,0.0,0.0,,,,0.0,0.0,0.0,,,,0.0,0.0,0.0,,,,0.0,0.0,0.0,,,,0.0,0.0,0.0,,,,0.0,0.0,0.0,,,,0.0,0.0,0.0,,,,0.0,0.0,0.0,,,,0.0,0.0,0.0,,,,0.0,0.0,0.0,,,
JacksonDatabind,27,0.0,0.0,1.0,0.0707395498392283,5.0,5.0,0.0,0.0,1.0,0.012861736334405145,5.0,5.0,0.0,0.0,0.0,0.06109324758842444,16.0,16.0,0.0,0.0,1.0,0.012861736334405145,5.0,5.0,0.0,0.0,0.0,0.028938906752411574,9.0,9.0,0.0,0.0,0.0,0.028938906752411574,9.0,9.0,0.0,0.0,0.0,0.3440514469453376,29.0,29.0,0.0,0.0,0.0,0.07395498392282958,6.0,6.0,0.0,0.0,0.0,0.028938906752411574,9.0,9.0,0.0,0.0,0.0,0.08038585209003216,23.0,23.0,1.0,1.0,1.0,0.0,1.0,1.0,0.0,0.0,0.0,0.3215434083601286,23.0,23.0,0.0,0.0,0.0,0.6430868167202572,7.0,7.0,0.0,0.0,0.0,0.35691318327974275,24.0,24.0,0.0,0.0,0.0,0.3086816720257235,20.0,20.0
JacksonDatabind,28,0.0,0.0,0.0,0.09252669039145907,10.0,10.0,0.0,0.0,0.0,0.5551601423487544,82.0,82.0,0.0,0.0,0.0,0.3202846975088968,72.0,72.0,0.0,0.0,0.0,0.2099644128113879,51.0,51.0,0.0,0.0,0.0,0.5124555160142349,66.0,66.0,0.0,0.0,0.0,0.298932384341637,68.0,68.0,0.0,0.0,0.0,0.5622775800711743,77.0,77.0,0.0,0.0,0.0,0.099644128113879,11.0,11.0,0.0,0.0,0.0,0.5124555160142349,66.0,66.0,0.0,0.0,0.0,0.45195729537366547,114.0,114.0,0.0,1.0,1.0,0.9359430604982206,2.0,2.0,0.0,0.0,0.0,0.5124555160142349,63.0,63.0,0.0,0.0,0.0,0.9608540925266904,8.0,8.0,0.0,0.0,0.0,0.4804270462633452,51.0,51.0,0.0,0.0,0.0,0.8505338078291815,46.0,46.0
JacksonDatabind,29,0.0,0.0,0.0,0.10457516339869281,10.0,10.0,0.0,0.0,0.0,0.49019607843137253,81.0,81.0,0.0,0.0,0.0,0.13071895424836602,34.0,34.0,0.0,0.0,0.0,0.1503267973856209,41.0,41.0,0.0,0.0,0.0,0.45098039215686275,63.0,63.0,0.0,0.0,0.0,0.20588235294117646,45.0,45.0,0.0,0.0,0.0,0.5228758169934641,79.0,79.0,0.0,0.0,0.0,0.1111111111111111,11.0,11.0,0.0,0.0,0.0,0.45098039215686275,63.0,63.0,0.0,0.0,0.0,0.4150326797385621,114.0,114.0,1.0,1.0,1.0,0.0,1.0,1.0,0.0,0.0,0.0,0.45751633986928103,57.0,57.0,0.0,0.0,0.0,0.39215686274509803,7.0,7.0,0.0,0.0,0.0,0.4411764705882353,46.0,46.0,0.0,0.0,0.0,0.8333333333333334,49.0,49.0
JacksonDatabind,30,1.0,1.0,1.0,0.0,1.0,2.0,0.0,0.0,0.0,0.16257668711656442,36.0,46.0,0.0,0.0,0.0,0.018404907975460124,7.0,12.5,0.0,0.0,0.0,0.046012269938650305,14.0,15.0,0.0,0.0,0.0,0.03067484662576687,10.0,25.0,0.0,0.0,0.0,0.03374233128834356,9.0,15.0,1.0,1.0,1.0,0.0,1.0,31.5,1.0,1.0,1.0,0.0,1.0,2.0,0.0,0.0,0.0,0.03067484662576687,10.0,25.0,0.0,0.0,0.0,0.15950920245398773,46.0,67.5,1.0,1.0,1.0,0.0,1.0,1.0,0.0,1.0,1.0,0.003067484662576687,2.0,24.5,0.0,1.0,1.0,0.003067484662576687,2.0,4.0,1.0,1.0,1.0,0.0,1.0,3.0,1.0,1.0,1.0,0.0,1.0,24.0
JacksonDatabind,31,0.0,1.0,1.0,0.043668122270742356,3.0,3.0,0.0,0.0,0.0,0.4497816593886463,39.0,39.0,0.0,0.0,0.0,0.08296943231441048,17.0,17.0,0.0,0.0,0.0,0.07423580786026202,17.0,17.0,0.0,0.0,0.0,0.4410480349344978,36.0,36.0,0.0,0.0,0.0,0.1222707423580786,23.0,23.0,0.0,0.0,0.0,0.47161572052401746,34.0,34.0,0.0,1.0,1.0,0.043668122270742356,3.0,3.0,0.0,0.0,0.0,0.4410480349344978,36.0,36.0,0.0,0.0,0.0,0.29694323144104806,62.0,62.0,1.0,1.0,1.0,0.0,1.0,1.0,0.0,0.0,0.0,0.4585152838427948,29.0,29.0,0.0,0.0,0.0,0.37117903930131,6.0,6.0,0.0,0.0,1.0,0.043668122270742356,5.0,5.0,0.0,0.0,0.0,0.44541484716157204,26.0,26.0
JacksonDatabind,32,0.0,0.0,0.0,0.2912280701754386,44.0,63.0,0.0,0.0,0.0,0.5929824561403508,97.0,97.5,0.0,0.0,0.0,0.5649122807017544,100.0,106.0,0.0,0.0,0.0,0.30526315789473685,65.0,79.5,0.0,0.0,0.0,0.5754385964912281,88.0,92.5,0.0,0.0,0.0,0.4666666666666667,112.0,118.0,0.0,0.0,0.0,0.5473684210526316,75.0,75.5,0.0,0.0,0.0,0.3157894736842105,45.0,69.0,0.0,0.0,0.0,0.5754385964912281,88.0,92.5,0.0,0.0,0.0,0.43859649122807015,111.0,111.5,1.0,1.0,1.0,0.0,1.0,1.0,0.0,0.0,0.0,0.5754385964912281,80.0,84.5,0.0,0.0,0.0,0.6491228070175439,7.0,7.0,0.0,0.0,0.0,0.5754385964912281,76.0,80.5,0.0,0.0,0.0,0.6771929824561403,44.0,44.5
JacksonDatabind,33,0.0,0.0,1.0,0.03435114503816794,4.0,4.0,0.0,0.0,0.0,0.04961832061068702,13.0,13.0,0.0,0.0,0.0,0.06870229007633588,15.0,15.0,0.0,0.0,0.0,0.03435114503816794,10.0,10.0,0.0,0.0,0.0,0.11450381679389313,21.0,21.0,0.0,0.0,0.0,0.0916030534351145,17.0,17.0,1.0,1.0,1.0,0.0,1.0,1.0,0.0,0.0,1.0,0.03435114503816794,4.0,4.0,0.0,0.0,0.0,0.11450381679389313,21.0,21.0,0.0,0.0,0.0,0.030534351145038167,9.0,9.0,1.0,1.0,1.0,0.0,1.0,1.0,0.0,1.0,1.0,0.003816793893129771,2.0,2.0,0.0,1.0,1.0,0.003816793893129771,2.0,2.0,0.0,0.0,1.0,0.04580152671755725,5.0,5.0,1.0,1.0,1.0,0.0,1.0,1.0
JacksonDatabind,34,1.0,1.0,1.0,0.0,1.0,1.0,0.0,0.0,0.0,0.3111111111111111,40.0,40.0,0.0,0.0,0.0,0.24444444444444444,52.0,52.0,0.0,0.0,0.0,0.2,45.0,45.0,0.0,0.0,0.0,0.05185185185185185,12.0,12.0,0.0,0.0,0.0,0.05185185185185185,12.0,12.0,1.0,1.0,1.0,0.0,1.0,1.0,1.0,1.0,1.0,0.0,1.0,1.0,0.0,0.0,0.0,0.05185185185185185,12.0,12.0,0.0,0.0,0.0,0.48148148148148145,119.0,119.0,1.0,1.0,1.0,0.0,1.0,1.0,0.0,1.0,1.0,0.003703703703703704,2.0,2.0,0.0,1.0,1.0,0.003703703703703704,2.0,2.0,1.0,1.0,1.0,0.0,1.0,1.0,1.0,1.0,1.0,0.0,1.0,1.0
JacksonDatabind,35,0.0,0.0,1.0,0.04472843450479233,4.0,4.0,0.0,0.0,0.0,0.6006389776357828,122.0,122.0,0.0,0.0,0.0,0.34185303514376997,81.0,81.0,0.0,0.0,0.0,0.2779552715654952,65.0,65.0,0.0,0.0,0.0,0.46325878594249204,81.0,81.0,0.0,0.0,0.0,0.22364217252396165,52.0,52.0,0.0,0.0,0.0,0.6166134185303515,113.0,113.0,0.0,0.0,1.0,0.03194888178913738,4.0,4.0,0.0,0.0,0.0,0.46325878594249204,81.0,81.0,0.0,0.0,0.0,0.5207667731629393,140.0,140.0,1.0,1.0,1.0,0.0,1.0,1.0,0.0,0.0,0.0,0.5015974440894568,71.0,71.0,0.0,0.0,0.0,0.26517571884984026,6.0,6.0,0.0,0.0,1.0,0.03194888178913738,5.0,5.0,0.0,0.0,0.0,0.43450479233226835,54.0,54.0
JacksonDatabind,36,1.0,1.0,1.0,0.0,1.0,1.0,0.0,0.0,0.0,0.23628691983122363,29.0,29.0,0.0,0.0,0.0,0.24050632911392406,44.0,44.0,0.0,0.0,0.0,0.20675105485232068,41.0,41.0,0.0,0.0,0.0,0.06751054852320675,11.0,11.0,0.0,0.0,0.0,0.05485232067510549,11.0,11.0,1.0,1.0,1.0,0.0,1.0,1.0,1.0,1.0,1.0,0.0,1.0,1.0,0.0,0.0,0.0,0.06751054852320675,11.0,11.0,0.0,0.0,0.0,0.4472573839662447,100.0,100.0,1.0,1.0,1.0,0.0,1.0,1.0,0.0,1.0,1.0,0.004219409282700422,2.0,2.0,0.0,1.0,1.0,0.004219409282700422,2.0,2.0,1.0,1.0,1.0,0.0,1.0,1.0,1.0,1.0,1.0,0.0,1.0,1.0
JacksonDatabind,37,0.0,0.0,0.0,0.16778523489932887,20.0,20.0,0.0,0.0,0.0,0.1174496644295302,29.0,29.0,0.0,0.0,0.0,0.13758389261744966,31.0,31.0,0.0,0.0,0.0,0.15100671140939598,38.0,38.0,0.0,0.0,0.0,0.1610738255033557,38.0,38.0,0.0,0.0,0.0,0.19798657718120805,45.0,45.0,1.0,1.0,1.0,0.0,1.0,1.0,0.0,0.0,0.0,0.17114093959731544,21.0,21.0,0.0,0.0,0.0,0.1610738255033557,38.0,38.0,0.0,0.0,0.0,0.1040268456375839,26.0,26.0,1.0,1.0,1.0,0.0,1.0,1.0,0.0,1.0,1.0,0.003355704697986577,2.0,2.0,0.0,1.0,1.0,0.003355704697986577,2.0,2.0,0.0,0.0,0.0,0.06375838926174497,6.0,6.0,1.0,1.0,1.0,0.0,1.0,1.0
JacksonDatabind,38,1.0,1.0,1.0,0.0,1.0,1.3333333333333333,0.0,0.0,0.0,0.09152542372881356,23.0,61.0,0.0,0.0,0.0,0.06779661016949153,17.0,51.333333333333336,0.0,0.0,0.0,0.1152542372881356,29.0,43.666666666666664,0.0,0.0,0.0,0.020338983050847456,6.0,16.0,0.0,0.0,0.0,0.01694915254237288,6.0,12.666666666666666,1.0,1.0,1.0,0.2,1.0,33.333333333333336,1.0,1.0,1.0,0.0,1.0,1.6666666666666667,0.0,0.0,0.0,0.020338983050847456,6.0,16.0,0.0,0.0,0.0,0.10508474576271186,26.0,60.666666666666664,1.0,1.0,1.0,0.0,1.0,1.0,0.0,1.0,1.0,0.20677966101694914,2.0,30.666666666666668,0.0,1.0,1.0,0.2,2.0,4.0,1.0,1.0,1.0,0.0,1.0,1.6666666666666667,1.0,1.0,1.0,0.26101694915254237,1.0,31.0
JacksonDatabind,39,0.0,0.0,0.0,0.13486842105263158,14.0,14.0,0.0,0.0,0.0,0.555921052631579,100.0,100.0,0.0,0.0,0.0,0.35526315789473684,89.0,89.0,0.0,0.0,0.0,0.26644736842105265,60.0,60.0,0.0,0.0,0.0,0.5164473684210527,79.0,79.0,0.0,0.0,0.0,0.35855263157894735,88.0,88.0,0.0,0.0,0.0,0.569078947368421,91.0,91.0,0.0,0.0,0.0,0.15460526315789475,14.0,14.0,0.0,0.0,0.0,0.5164473684210527,79.0,79.0,0.0,0.0,0.0,0.46710526315789475,128.0,128.0,1.0,1.0,1.0,0.0,1.0,1.0,0.0,0.0,0.0,0.5164473684210527,70.0,70.0,0.0,0.0,0.0,0.39144736842105265,7.0,7.0,0.0,0.0,0.0,0.5032894736842105,62.0,62.0,0.0,0.0,0.0,0.6710526315789473,48.0,48.0
JacksonDatabind,40,0.0,0.0,0.0,0.4573643410852713,80.0,80.0,0.0,0.0,0.0,0.4496124031007752,49.0,49.0,0.0,0.0,0.0,0.3643410852713178,77.0,77.0,0.0,0.0,0.0,0.46124031007751937,97.0,97.0,0.0,0.0,0.0,0.4728682170542636,59.0,59.0,0.0,0.0,0.0,0.2868217054263566,62.0,62.0,0.0,0.0,0.0,0.4108527131782946,27.0,27.0,0.0,0.0,0.0,0.40310077519379844,61.0,61.0,0.0,0.0,0.0,0.4728682170542636,59.0,59.0,0.0,0.0,0.0,0.1821705426356589,43.0,43.0,1.0,1.0,1.0,0.0,1.0,1.0,0.0,0.0,0.0,0.4573643410852713,40.0,40.0,0.0,0.0,0.0,0.6627906976744186,7.0,7.0,0.0,0.0,0.0,0.4728682170542636,42.0,42.0,0.0,0.0,0.0,0.6821705426356589,36.0,36.0
JacksonDatabind,41,1.0,1.0,1.0,0.0,1.0,1.0,0.0,0.0,0.0,0.16115702479338842,27.0,27.0,0.0,0.0,0.0,0.11570247933884298,26.0,26.0,0.0,0.0,0.0,0.15702479338842976,33.0,33.0,0.0,0.0,0.0,0.05785123966942149,12.0,12.0,0.0,0.0,0.0,0.05785123966942149,12.0,12.0,1.0,1.0,1.0,0.0,1.0,1.0,1.0,1.0,1.0,0.0,1.0,1.0,0.0,0.0,0.0,0.05785123966942149,12.0,12.0,0.0,0.0,0.0,0.14049586776859505,32.0,32.0,1.0,1.0,1.0,0.0,1.0,1.0,0.0,1.0,1.0,0.004132231404958678,2.0,2.0,0.0,1.0,1.0,0.004132231404958678,2.0,2.0,1.0,1.0,1.0,0.0,1.0,1.0,1.0,1.0,1.0,0.0,1.0,1.0
JacksonDatabind,42,0.0,0.0,1.0,0.04961832061068702,4.0,4.0,0.0,0.0,0.0,0.5343511450381679,73.0,73.0,0.0,0.0,0.0,0.2900763358778626,63.0,63.0,0.0,0.0,0.0,0.20610687022900764,45.0,45.0,0.0,0.0,0.0,0.4351145038167939,45.0,45.0,0.0,0.0,0.0,0.15648854961832062,32.0,32.0,0.0,0.0,0.0,0.549618320610687,67.0,67.0,0.0,0.0,1.0,0.03816793893129771,4.0,4.0,0.0,0.0,0.0,0.4351145038167939,45.0,45.0,0.0,0.0,0.0,0.4312977099236641,103.0,103.0,0.0,1.0,1.0,0.9351145038167938,2.0,2.0,0.0,0.0,0.0,0.44656488549618323,40.0,40.0,0.0,0.0,0.0,0.32061068702290074,6.0,6.0,0.0,0.0,1.0,0.03816793893129771,5.0,5.0,0.0,0.0,0.0,0.41603053435114506,32.0,32.0
JacksonDatabind,43,0.0,0.0,0.0,0.18456375838926176,25.0,25.0,0.0,0.0,0.0,0.1040268456375839,27.0,27.0,0.0,0.0,0.0,0.030201342281879196,10.0,10.0,0.0,0.0,0.0,0.026845637583892617,9.0,9.0,0.0,0.0,0.0,0.050335570469798654,13.0,13.0,0.0,0.0,0.0,0.0436241610738255,13.0,13.0,0.0,0.0,0.0,0.45302013422818793,53.0,53.0,0.0,0.0,0.0,0.15100671140939598,17.0,17.0,0.0,0.0,0.0,0.050335570469798654,13.0,13.0,0.0,0.0,0.0,0.27181208053691275,72.0,72.0,1.0,1.0,1.0,0.0,1.0,1.0,0.0,0.0,0.0,0.40939597315436244,40.0,40.0,0.0,0.0,0.0,0.33221476510067116,8.0,8.0,0.0,0.0,0.0,0.3825503355704698,30.0,30.0,0.0,0.0,0.0,0.40939597315436244,40.0,40.0
JacksonDatabind,44,0.0,0.0,0.0,0.1853035143769968,22.0,22.0,0.0,0.0,0.0,0.1182108626198083,32.0,32.0,0.0,0.0,0.0,0.18210862619808307,45.0,45.0,0.0,0.0,0.0,0.1757188498402556,46.0,46.0,0.0,0.0,0.0,0.16293929712460065,39.0,39.0,0.0,0.0,0.0,0.2108626198083067,50.0,50.0,1.0,1.0,1.0,0.0,1.0,1.0,0.0,0.0,0.0,0.20447284345047922,25.0,25.0,0.0,0.0,0.0,0.16293929712460065,39.0,39.0,0.0,0.0,0.0,0.10543130990415335,28.0,28.0,1.0,1.0,1.0,0.0,1.0,1.0,0.0,1.0,1.0,0.003194888178913738,2.0,2.0,0.0,1.0,1.0,0.003194888178913738,2.0,2.0,0.0,0.0,0.0,0.08626198083067092,7.0,7.0,1.0,1.0,1.0,0.0,1.0,1.0
JacksonDatabind,45,0.0,0.0,0.0,0.2835820895522388,39.0,39.0,0.0,0.0,0.0,0.20149253731343283,41.0,41.0,0.0,0.0,0.0,0.5559701492537313,96.0,96.0,0.0,0.0,0.0,0.3246268656716418,62.0,62.0,0.0,0.0,0.0,0.33955223880597013,45.0,45.0,0.0,0.0,0.0,0.4962686567164179,113.0,113.0,1.0,1.0,1.0,0.0,1.0,1.0,0.0,0.0,0.0,0.31716417910447764,38.0,38.0,0.0,0.0,0.0,0.33955223880597013,45.0,45.0,0.0,0.0,0.0,0.5261194029850746,128.0,128.0,1.0,1.0,1.0,0.0,1.0,1.0,0.0,1.0,1.0,0.0037313432835820895,2.0,2.0,0.0,1.0,1.0,0.0037313432835820895,2.0,2.0,0.0,0.0,0.0,0.07835820895522388,7.0,7.0,1.0,1.0,1.0,0.0,1.0,1.0
JacksonDatabind,46,1.0,1.0,1.0,0.0,1.0,1.0,0.0,0.0,0.0,0.5627705627705628,64.0,64.0,0.0,0.0,0.0,0.29004329004329005,58.0,58.0,0.0,0.0,0.0,0.22943722943722944,44.0,44.0,0.0,0.0,0.0,0.06926406926406926,14.0,14.0,0.0,0.0,0.0,0.06493506493506493,12.0,12.0,0.0,0.0,0.0,0.5844155844155844,59.0,59.0,1.0,1.0,1.0,0.0,1.0,1.0,0.0,0.0,0.0,0.06926406926406926,14.0,14.0,0.0,0.0,0.0,0.45021645021645024,96.0,96.0,1.0,1.0,1.0,0.0,1.0,1.0,0.0,0.0,0.0,0.42857142857142855,24.0,24.0,0.0,0.0,1.0,0.341991341991342,5.0,5.0,1.0,1.0,1.0,0.0,1.0,1.0,0.0,0.0,0.0,0.43722943722943725,26.0,26.0
JacksonDatabind,47,0.0,0.0,0.0,0.5261194029850746,98.0,98.0,0.0,0.0,0.0,0.0708955223880597,19.0,19.0,0.0,0.0,0.0,0.2574626865671642,56.0,56.0,0.0,0.0,0.0,0.5261194029850746,114.0,114.0,0.0,0.0,0.0,0.08955223880597014,22.0,22.0,0.0,0.0,0.0,0.17537313432835822,41.0,41.0,1.0,1.0,1.0,0.0,1.0,1.0,0.0,0.0,0.0,0.3917910447761194,56.0,56.0,0.0,0.0,0.0,0.08955223880597014,22.0,22.0,0.0,0.0,0.0,0.08582089552238806,23.0,23.0,1.0,1.0,1.0,0.0,1.0,1.0,0.0,1.0,1.0,0.0037313432835820895,2.0,2.0,0.0,1.0,1.0,0.0037313432835820895,2.0,2.0,0.0,0.0,0.0,0.06716417910447761,7.0,7.0,1.0,1.0,1.0,0.0,1.0,1.0
JacksonDatabind,48,0.0,0.0,0.0,0.168,17.0,17.0,0.0,0.0,0.0,0.176,42.0,42.0,0.0,0.0,0.0,0.036,9.0,28.5,0.0,0.0,0.0,0.06,15.0,28.0,0.0,0.0,0.0,0.06,14.0,31.0,0.0,0.0,0.0,0.044,10.0,39.5,1.0,1.0,1.0,0.0,1.0,1.0,0.0,0.0,0.0,0.144,13.0,15.0,0.0,0.0,0.0,0.06,14.0,31.0,0.0,0.0,0.0,0.18,42.0,54.5,1.0,1.0,1.0,0.0,1.0,1.0,0.0,1.0,1.0,0.004,2.0,2.0,0.0,1.0,1.0,0.004,2.0,2.0,0.0,0.0,0.0,0.072,7.0,7.0,1.0,1.0,1.0,0.0,1.0,1.0
JacksonDatabind,49,0.0,0.0,0.0,0.21221864951768488,30.0,30.0,0.0,0.0,0.0,0.5112540192926045,89.0,89.0,0.0,0.0,0.0,0.12861736334405144,33.0,33.0,0.0,0.0,0.0,0.13183279742765272,33.0,33.0,0.0,0.0,0.0,0.4694533762057878,71.0,71.0,0.0,0.0,0.0,0.2282958199356913,54.0,54.0,0.0,0.0,0.0,0.5209003215434084,79.0,79.0,0.0,0.0,0.0,0.21221864951768488,26.0,26.0,0.0,0.0,0.0,0.4694533762057878,71.0,71.0,0.0,0.0,0.0,0.40836012861736337,111.0,111.0,0.0,0.0,0.0,0.9646302250803859,13.0,13.0,0.0,0.0,0.0,0.5016077170418006,72.0,72.0,0.0,0.0,0.0,0.9839228295819936,16.0,16.0,0.0,0.0,0.0,0.4919614147909968,64.0,64.0,0.0,0.0,0.0,0.9356913183279743,60.0,60.0
JacksonDatabind,50,0.0,0.0,0.0,0.10606060606060606,12.0,12.0,0.0,0.0,0.0,0.01818181818181818,7.0,7.0,0.0,0.0,0.0,0.08181818181818182,23.0,23.0,0.0,0.0,0.0,0.051515151515151514,14.0,14.0,0.0,0.0,0.0,0.04242424242424243,12.0,12.0,0.0,0.0,0.0,0.045454545454545456,13.0,13.0,0.0,0.0,0.0,0.3575757575757576,41.0,41.0,0.0,0.0,0.0,0.10909090909090909,15.0,15.0,0.0,0.0,0.0,0.04242424242424243,12.0,12.0,0.0,0.0,0.0,0.07575757575757576,23.0,23.0,1.0,1.0,1.0,0.0,1.0,1.0,0.0,0.0,0.0,0.3787878787878788,46.0,46.0,0.0,0.0,0.0,0.05454545454545454,8.0,8.0,0.0,0.0,0.0,0.3939393939393939,52.0,52.0,0.0,0.0,0.0,0.3575757575757576,40.0,40.0
JacksonDatabind,51,0.0,0.0,1.0,0.03939393939393939,4.0,4.0,0.0,0.0,0.0,0.47878787878787876,97.0,97.0,0.0,0.0,0.0,0.13636363636363635,41.0,41.0,0.0,0.0,0.0,0.1484848484848485,43.0,43.0,0.0,0.0,0.0,0.42727272727272725,79.0,79.0,0.0,0.0,0.0,0.20606060606060606,57.0,57.0,0.0,0.0,0.0,0.47575757575757577,79.0,79.0,0.0,0.0,1.0,0.051515151515151514,4.0,4.0,0.0,0.0,0.0,0.42727272727272725,79.0,79.0,0.0,0.0,0.0,0.36666666666666664,111.0,111.0,1.0,1.0,1.0,0.0,1.0,1.0,0.0,0.0,0.0,0.45151515151515154,68.0,68.0,0.0,0.0,0.0,0.03636363636363636,6.0,6.0,0.0,0.0,1.0,0.030303030303030304,5.0,5.0,0.0,0.0,0.0,0.41818181818181815,56.0,56.0
JacksonDatabind,52,0.0,1.0,1.0,0.03257328990228013,3.0,3.0,0.0,0.0,1.0,0.009771986970684038,4.0,4.0,0.0,0.0,1.0,0.009771986970684038,4.0,4.0,0.0,0.0,1.0,0.013029315960912053,5.0,5.0,0.0,0.0,1.0,0.013029315960912053,5.0,5.0,0.0,0.0,1.0,0.013029315960912053,5.0,5.0,0.0,0.0,0.0,0.36156351791530944,36.0,36.0,0.0,1.0,1.0,0.03257328990228013,3.0,3.0,0.0,0.0,1.0,0.013029315960912053,5.0,5.0,0.0,0.0,0.0,0.048859934853420196,15.0,15.0,1.0,1.0,1.0,0.0,1.0,1.0,0.0,0.0,0.0,0.30293159609120524,20.0,20.0,0.0,1.0,1.0,0.006514657980456026,3.0,3.0,0.0,1.0,1.0,0.026058631921824105,2.0,2.0,0.0,0.0,0.0,0.36156351791530944,35.0,35.0
JacksonDatabind,54,0.0,0.0,0.0,0.5128205128205128,98.0,98.0,0.0,0.0,0.0,0.48717948717948717,67.0,67.0,0.0,0.0,0.0,0.40293040293040294,91.0,91.0,0.0,0.0,0.0,0.5201465201465202,114.0,114.0,0.0,0.0,0.0,0.5128205128205128,72.0,72.0,0.0,0.0,0.0,0.3663003663003663,86.0,86.0,0.0,0.0,0.0,0.43956043956043955,43.0,43.0,0.0,0.0,0.0,0.4835164835164835,78.0,78.0,0.0,0.0,0.0,0.5128205128205128,72.0,72.0,0.0,0.0,0.0,0.2454212454212454,59.0,59.0,1.0,1.0,1.0,0.0,1.0,1.0,0.0,0.0,0.0,0.5018315018315018,57.0,57.0,0.0,0.0,0.0,0.08424908424908426,7.0,7.0,0.0,0.0,0.0,0.5201465201465202,59.0,59.0,0.0,0.0,0.0,0.6959706959706959,48.0,48.0
JacksonDatabind,55,0.0,0.0,0.0,0.27137546468401486,37.0,37.0,0.0,0.0,0.0,0.5427509293680297,82.0,82.0,0.0,0.0,0.0,0.4423791821561338,96.0,96.0,0.0,0.0,0.0,0.31226765799256506,61.0,61.0,0.0,0.0,0.0,0.5762081784386617,88.0,88.0,0.0,0.0,0.0,0.46096654275092935,109.0,109.0,0.0,0.0,0.0,0.550185873605948,65.0,65.0,0.0,0.0,0.0,0.3048327137546468,36.0,36.0,0.0,0.0,0.0,0.5762081784386617,88.0,88.0,0.0,0.0,0.0,0.42379182156133827,106.0,106.0,1.0,1.0,1.0,0.0,1.0,1.0,0.0,0.0,0.0,0.5724907063197026,69.0,69.0,0.0,0.0,0.0,0.4052044609665427,8.0,8.0,0.0,0.0,0.0,0.5762081784386617,71.0,71.0,0.0,0.0,0.0,0.483271375464684,41.0,41.0
JacksonDatabind,56,0.0,0.0,0.0,0.28205128205128205,41.0,41.0,0.0,0.0,0.0,0.6007326007326007,93.0,93.0,0.0,0.0,0.0,0.5567765567765568,92.0,92.0,0.0,0.0,0.0,0.2967032967032967,58.0,58.0,0.0,0.0,0.0,0.5714285714285714,84.0,84.0,0.0,0.0,0.0,0.45787545787545786,108.0,108.0,0.0,0.0,0.0,0.6007326007326007,82.0,82.0,0.0,0.0,0.0,0.30036630036630035,40.0,40.0,0.0,0.0,0.0,0.5714285714285714,83.0,83.0,0.0,0.0,0.0,0.4908424908424908,124.0,124.0,1.0,1.0,1.0,0.0,1.0,1.0,0.0,0.0,0.0,0.5824175824175825,75.0,75.0,0.0,0.0,0.0,0.41025641025641024,8.0,8.0,0.0,0.0,0.0,0.575091575091575,73.0,73.0,0.0,0.0,0.0,0.8681318681318682,42.0,42.0
JacksonDatabind,57,1.0,1.0,1.0,0.0,1.0,1.0,0.0,0.0,0.0,0.5100671140939598,87.0,87.0,0.0,0.0,0.0,0.28859060402684567,66.0,66.0,0.0,0.0,0.0,0.2181208053691275,50.0,50.0,0.0,0.0,0.0,0.11073825503355705,28.0,28.0,0.0,0.0,0.0,0.050335570469798654,13.0,13.0,0.0,0.0,0.0,0.5167785234899329,71.0,71.0,1.0,1.0,1.0,0.0,1.0,1.0,0.0,0.0,0.0,0.11073825503355705,28.0,28.0,0.0,0.0,0.0,0.40268456375838924,112.0,112.0,1.0,1.0,1.0,0.0,1.0,1.0,0.0,0.0,0.0,0.4261744966442953,45.0,45.0,0.0,0.0,1.0,0.27181208053691275,5.0,5.0,1.0,1.0,1.0,0.0,1.0,1.0,0.0,0.0,0.0,0.4395973154362416,48.0,48.0
JacksonDatabind,58,1.0,1.0,1.0,0.0,1.0,1.0,1.0,1.0,1.0,0.0,1.0,1.0,1.0,1.0,1.0,0.0,1.0,1.0,1.0,1.0,1.0,0.0,1.0,1.0,1.0,1.0,1.0,0.0,1.0,1.0,1.0,1.0,1.0,0.0,1.0,1.0,1.0,1.0,1.0,0.0,1.0,1.0,1.0,1.0,1.0,0.0,1.0,1.0,1.0,1.0,1.0,0.0,1.0,1.0,1.0,1.0,1.0,0.0,1.0,1.0,1.0,1.0,1.0,0.0,1.0,1.0,0.0,0.0,0.0,,,,1.0,1.0,1.0,0.0,1.0,1.0,0.0,0.0,0.0,,,,1.0,1.0,1.0,0.0,1.0,1.0
JacksonDatabind,59,0.0,0.0,0.0,0.11945392491467577,25.0,25.0,0.0,0.0,0.0,0.11604095563139932,24.0,24.0,0.0,0.0,0.0,0.11945392491467577,25.0,25.0,0.0,0.0,0.0,0.11604095563139932,24.0,24.0,0.0,0.0,0.0,0.11945392491467577,25.0,25.0,0.0,0.0,0.0,0.11945392491467577,25.0,25.0,0.0,0.0,0.0,0.11945392491467577,25.0,25.0,0.0,0.0,0.0,0.11945392491467577,25.0,25.0,0.0,0.0,0.0,0.11945392491467577,25.0,25.0,0.0,0.0,0.0,0.11945392491467577,25.0,25.0,1.0,1.0,1.0,0.0,1.0,1.0,0.0,0.0,1.0,0.030716723549488054,5.0,5.0,0.0,1.0,1.0,0.013651877133105802,3.0,3.0,0.0,0.0,1.0,0.030716723549488054,5.0,5.0,0.0,0.0,1.0,0.020477815699658702,4.0,4.0
JacksonDatabind,60,0.0,1.0,1.0,0.015723270440251572,3.0,3.0,1.0,1.0,1.0,0.0,1.0,1.0,0.0,1.0,1.0,0.0031446540880503146,2.0,2.0,1.0,1.0,1.0,0.0,1.0,1.0,0.0,1.0,1.0,0.0031446540880503146,2.0,2.0,0.0,1.0,1.0,0.0031446540880503146,2.0,2.0,1.0,1.0,1.0,0.0,1.0,1.0,0.0,1.0,1.0,0.015723270440251572,3.0,3.0,0.0,1.0,1.0,0.0031446540880503146,2.0,2.0,1.0,1.0,1.0,0.0,1.0,1.0,1.0,1.0,1.0,0.0,1.0,1.0,0.0,1.0,1.0,0.0031446540880503146,2.0,2.0,0.0,1.0,1.0,0.015723270440251572,3.0,3.0,0.0,1.0,1.0,0.015723270440251572,3.0,3.0,1.0,1.0,1.0,0.0,1.0,1.0
JacksonDatabind,61,0.0,0.0,0.0,0.13398692810457516,28.0,70.0,0.0,0.0,0.0,0.13071895424836602,27.0,69.5,0.0,0.0,0.0,0.13398692810457516,28.0,70.0,0.0,0.0,0.0,0.13071895424836602,27.0,69.5,0.0,0.0,0.0,0.13398692810457516,28.0,70.0,0.0,0.0,0.0,0.13398692810457516,28.0,70.0,0.0,0.0,0.0,0.13398692810457516,28.0,74.0,0.0,0.0,0.0,0.13398692810457516,28.0,70.0,0.0,0.0,0.0,0.13398692810457516,28.0,70.0,0.0,0.0,0.0,0.13398692810457516,28.0,70.0,1.0,1.0,1.0,0.0,1.0,1.0,0.0,0.0,0.0,0.3758169934640523,27.0,51.5,0.0,1.0,1.0,0.006535947712418301,3.0,3.0,0.0,0.0,0.0,0.3758169934640523,27.0,51.5,0.0,1.0,1.0,0.1568627450980392,3.0,9.0
JacksonDatabind,62,0.0,0.0,1.0,0.011904761904761904,4.0,4.0,0.0,0.0,1.0,0.011904761904761904,4.0,4.0,0.0,0.0,1.0,0.011904761904761904,4.0,4.0,0.0,0.0,1.0,0.011904761904761904,4.0,4.0,0.0,0.0,1.0,0.011904761904761904,4.0,4.0,0.0,0.0,1.0,0.011904761904761904,4.0,4.0,0.0,0.0,1.0,0.011904761904761904,4.0,4.0,0.0,0.0,1.0,0.011904761904761904,4.0,4.0,0.0,0.0,1.0,0.011904761904761904,4.0,4.0,0.0,0.0,1.0,0.011904761904761904,4.0,4.0,1.0,1.0,1.0,0.0,1.0,1.0,0.0,0.0,1.0,0.31746031746031744,4.0,4.0,0.0,1.0,1.0,0.47619047619047616,2.0,2.0,0.0,0.0,1.0,0.31746031746031744,4.0,4.0,0.0,1.0,1.0,0.45634920634920634,2.0,2.0
JacksonDatabind,63,1.0,1.0,1.0,0.0,1.0,1.0,1.0,1.0,1.0,0.0,1.0,1.0,1.0,1.0,1.0,0.0,1.0,1.0,1.0,1.0,1.0,0.0,1.0,1.0,1.0,1.0,1.0,0.0,1.0,1.0,1.0,1.0,1.0,0.0,1.0,1.0,1.0,1.0,1.0,0.0,1.0,1.0,1.0,1.0,1.0,0.0,1.0,1.0,1.0,1.0,1.0,0.0,1.0,1.0,1.0,1.0,1.0,0.0,1.0,1.0,1.0,1.0,1.0,0.0,1.0,1.0,0.0,0.0,0.0,,,,1.0,1.0,1.0,0.0,1.0,1.0,0.0,0.0,0.0,,,,1.0,1.0,1.0,0.0,1.0,1.0
JacksonDatabind,64,1.0,1.0,1.0,0.0,1.0,1.0,1.0,1.0,1.0,0.0,1.0,1.0,1.0,1.0,1.0,0.0,1.0,1.0,1.0,1.0,1.0,0.0,1.0,1.0,1.0,1.0,1.0,0.0,1.0,1.0,1.0,1.0,1.0,0.0,1.0,1.0,1.0,1.0,1.0,0.0,1.0,1.0,1.0,1.0,1.0,0.0,1.0,1.0,1.0,1.0,1.0,0.0,1.0,1.0,1.0,1.0,1.0,0.0,1.0,1.0,1.0,1.0,1.0,0.0,1.0,1.0,1.0,1.0,1.0,0.0,1.0,1.0,1.0,1.0,1.0,0.0,1.0,1.0,1.0,1.0,1.0,0.0,1.0,1.0,1.0,1.0,1.0,0.0,1.0,1.0
JacksonDatabind,65,1.0,1.0,1.0,0.0,1.0,1.0,1.0,1.0,1.0,0.0,1.0,1.0,1.0,1.0,1.0,0.0,1.0,1.0,1.0,1.0,1.0,0.0,1.0,1.0,1.0,1.0,1.0,0.0,1.0,1.0,1.0,1.0,1.0,0.0,1.0,1.0,1.0,1.0,1.0,0.0,1.0,1.0,1.0,1.0,1.0,0.0,1.0,1.0,1.0,1.0,1.0,0.0,1.0,1.0,1.0,1.0,1.0,0.0,1.0,1.0,1.0,1.0,1.0,0.0,1.0,1.0,0.0,0.0,0.0,,,,1.0,1.0,1.0,0.0,1.0,1.0,0.0,0.0,0.0,,,,1.0,1.0,1.0,0.0,1.0,1.0
JacksonDatabind,66,0.0,1.0,1.0,0.0035842293906810036,2.0,2.0,1.0,1.0,1.0,0.0,1.0,1.0,0.0,1.0,1.0,0.0035842293906810036,2.0,2.0,1.0,1.0,1.0,0.0,1.0,1.0,0.0,1.0,1.0,0.0035842293906810036,2.0,2.0,0.0,1.0,1.0,0.0035842293906810036,2.0,2.0,0.0,1.0,1.0,0.0035842293906810036,2.0,2.0,0.0,1.0,1.0,0.0035842293906810036,2.0,2.0,0.0,1.0,1.0,0.0035842293906810036,2.0,2.0,0.0,1.0,1.0,0.0035842293906810036,2.0,2.0,1.0,1.0,1.0,0.0,1.0,1.0,0.0,1.0,1.0,0.0035842293906810036,2.0,2.0,0.0,1.0,1.0,0.0035842293906810036,2.0,2.0,0.0,1.0,1.0,0.0035842293906810036,2.0,2.0,0.0,1.0,1.0,0.0035842293906810036,2.0,2.0
JacksonDatabind,67,1.0,1.0,1.0,0.0,1.0,1.0,0.0,0.0,1.0,0.028,4.0,4.0,1.0,1.0,1.0,0.0,1.0,1.0,0.0,0.0,1.0,0.028,4.0,4.0,1.0,1.0,1.0,0.0,1.0,1.0,1.0,1.0,1.0,0.0,1.0,1.0,1.0,1.0,1.0,0.0,1.0,1.0,1.0,1.0,1.0,0.0,1.0,1.0,1.0,1.0,1.0,0.0,1.0,1.0,1.0,1.0,1.0,0.0,1.0,1.0,1.0,1.0,1.0,0.0,1.0,1.0,1.0,1.0,1.0,0.0,1.0,1.0,1.0,1.0,1.0,0.0,1.0,1.0,1.0,1.0,1.0,0.0,1.0,1.0,1.0,1.0,1.0,0.0,1.0,1.0
JacksonDatabind,68,0.0,1.0,1.0,0.011583011583011582,3.0,3.0,0.0,1.0,1.0,0.015444015444015444,3.0,3.0,0.0,1.0,1.0,0.011583011583011582,3.0,3.0,0.0,0.0,0.0,0.02702702702702703,6.0,6.0,0.0,0.0,1.0,0.015444015444015444,4.0,4.0,0.0,0.0,1.0,0.015444015444015444,4.0,4.0,0.0,0.0,0.0,0.02702702702702703,7.0,7.0,0.0,1.0,1.0,0.011583011583011582,3.0,3.0,0.0,0.0,1.0,0.015444015444015444,4.0,4.0,0.0,0.0,0.0,0.02702702702702703,7.0,7.0,1.0,1.0,1.0,0.0,1.0,1.0,0.0,0.0,0.0,0.3166023166023166,6.0,6.0,0.0,1.0,1.0,0.25096525096525096,3.0,3.0,0.0,0.0,1.0,0.05019305019305019,5.0,5.0,0.0,0.0,1.0,0.05019305019305019,5.0,5.0
JacksonDatabind,69,0.0,0.0,0.0,0.022813688212927757,7.0,7.0,0.0,0.0,0.0,0.022813688212927757,7.0,7.0,0.0,0.0,0.0,0.022813688212927757,7.0,7.0,0.0,0.0,0.0,0.022813688212927757,7.0,7.0,0.0,0.0,0.0,0.022813688212927757,7.0,7.0,0.0,0.0,0.0,0.022813688212927757,7.0,7.0,0.0,0.0,0.0,0.022813688212927757,7.0,7.0,0.0,0.0,0.0,0.022813688212927757,7.0,7.0,0.0,0.0,0.0,0.022813688212927757,7.0,7.0,0.0,0.0,0.0,0.022813688212927757,7.0,7.0,1.0,1.0,1.0,0.0,1.0,1.0,0.0,0.0,0.0,0.33079847908745247,9.0,9.0,0.0,1.0,1.0,0.4714828897338403,2.0,2.0,0.0,0.0,0.0,0.33079847908745247,9.0,9.0,0.0,1.0,1.0,0.4600760456273764,3.0,3.0
JacksonDatabind,70,1.0,1.0,1.0,0.0,1.0,1.0,1.0,1.0,1.0,0.0,1.0,1.0,1.0,1.0,1.0,0.0,1.0,1.0,1.0,1.0,1.0,0.0,1.0,1.0,1.0,1.0,1.0,0.0,1.0,1.0,1.0,1.0,1.0,0.0,1.0,1.0,1.0,1.0,1.0,0.0,1.0,1.0,1.0,1.0,1.0,0.0,1.0,1.0,1.0,1.0,1.0,0.0,1.0,1.0,1.0,1.0,1.0,0.0,1.0,1.0,1.0,1.0,1.0,0.0,1.0,1.0,0.0,1.0,1.0,0.003875968992248062,2.0,2.0,1.0,1.0,1.0,0.0,1.0,1.0,0.0,1.0,1.0,0.003875968992248062,2.0,2.0,1.0,1.0,1.0,0.0,1.0,1.0
JacksonDatabind,71,1.0,1.0,1.0,0.0,1.0,1.0,1.0,1.0,1.0,0.0,1.0,1.0,1.0,1.0,1.0,0.0,1.0,1.0,1.0,1.0,1.0,0.0,1.0,1.0,1.0,1.0,1.0,0.0,1.0,1.0,1.0,1.0,1.0,0.0,1.0,1.0,1.0,1.0,1.0,0.0,1.0,1.0,1.0,1.0,1.0,0.0,1.0,1.0,1.0,1.0,1.0,0.0,1.0,1.0,1.0,1.0,1.0,0.0,1.0,1.0,1.0,1.0,1.0,0.0,1.0,1.0,0.0,0.0,0.0,,,,1.0,1.0,1.0,0.0,1.0,1.0,0.0,0.0,0.0,,,,1.0,1.0,1.0,0.0,1.0,1.0
JacksonDatabind,72,0.0,0.0,0.0,,,,0.0,0.0,0.0,,,,0.0,0.0,0.0,,,,0.0,0.0,0.0,,,,0.0,0.0,0.0,,,,0.0,0.0,0.0,,,,0.0,0.0,0.0,,,,0.0,0.0,0.0,,,,0.0,0.0,0.0,,,,0.0,0.0,0.0,,,,0.0,0.0,0.0,,,,0.0,0.0,0.0,,,,0.0,0.0,0.0,,,,0.0,0.0,0.0,,,,0.0,0.0,0.0,,,
JacksonDatabind,73,1.0,1.0,1.0,0.0,1.0,1.0,1.0,1.0,1.0,0.0,1.0,1.0,1.0,1.0,1.0,0.0,1.0,1.0,1.0,1.0,1.0,0.0,1.0,1.0,1.0,1.0,1.0,0.0,1.0,1.0,1.0,1.0,1.0,0.0,1.0,1.0,1.0,1.0,1.0,0.0,1.0,1.0,1.0,1.0,1.0,0.0,1.0,1.0,1.0,1.0,1.0,0.0,1.0,1.0,1.0,1.0,1.0,0.0,1.0,1.0,1.0,1.0,1.0,0.0,1.0,1.0,0.0,0.0,0.0,,,,1.0,1.0,1.0,0.0,1.0,1.0,0.0,0.0,0.0,,,,1.0,1.0,1.0,0.0,1.0,1.0
JacksonDatabind,74,0.0,0.0,0.0,0.02564102564102564,7.0,7.0,0.0,0.0,0.0,0.02564102564102564,7.0,7.0,0.0,0.0,0.0,0.02564102564102564,7.0,7.0,0.0,0.0,0.0,0.02564102564102564,7.0,7.0,0.0,0.0,0.0,0.02564102564102564,7.0,7.0,0.0,0.0,0.0,0.02564102564102564,7.0,7.0,0.0,0.0,0.0,0.02564102564102564,7.0,7.0,0.0,0.0,0.0,0.02564102564102564,7.0,7.0,0.0,0.0,0.0,0.02564102564102564,7.0,7.0,0.0,0.0,0.0,0.02564102564102564,7.0,7.0,1.0,1.0,1.0,0.0,1.0,1.0,0.0,0.0,0.0,0.315018315018315,8.0,8.0,0.0,1.0,1.0,0.2490842490842491,2.0,2.0,0.0,0.0,0.0,0.315018315018315,8.0,8.0,0.0,1.0,1.0,0.01098901098901099,3.0,3.0
JacksonDatabind,75,1.0,1.0,1.0,0.0,1.0,1.0,1.0,1.0,1.0,0.0,1.0,1.0,1.0,1.0,1.0,0.0,1.0,1.0,1.0,1.0,1.0,0.0,1.0,1.0,1.0,1.0,1.0,0.0,1.0,1.0,1.0,1.0,1.0,0.0,1.0,1.0,1.0,1.0,1.0,0.0,1.0,1.0,1.0,1.0,1.0,0.0,1.0,1.0,1.0,1.0,1.0,0.0,1.0,1.0,1.0,1.0,1.0,0.0,1.0,1.0,1.0,1.0,1.0,0.0,1.0,1.0,0.0,0.0,1.0,0.3201581027667984,4.0,4.0,1.0,1.0,1.0,0.0,1.0,1.0,0.0,0.0,1.0,0.3201581027667984,4.0,4.0,1.0,1.0,1.0,0.0,1.0,1.0
JacksonDatabind,76,1.0,1.0,1.0,0.0,1.0,1.0,1.0,1.0,1.0,0.0,1.0,1.0,1.0,1.0,1.0,0.0,1.0,1.0,1.0,1.0,1.0,0.0,1.0,1.0,1.0,1.0,1.0,0.0,1.0,1.0,1.0,1.0,1.0,0.0,1.0,1.0,1.0,1.0,1.0,0.0,1.0,1.0,1.0,1.0,1.0,0.0,1.0,1.0,1.0,1.0,1.0,0.0,1.0,1.0,1.0,1.0,1.0,0.0,1.0,1.0,1.0,1.0,1.0,0.0,1.0,1.0,0.0,0.0,0.0,,,,1.0,1.0,1.0,0.0,1.0,1.0,0.0,0.0,0.0,,,,1.0,1.0,1.0,0.0,1.0,1.0
JacksonDatabind,77,0.0,1.0,1.0,0.02197802197802198,3.0,3.0,0.0,1.0,1.0,0.01098901098901099,2.0,2.0,0.0,1.0,1.0,0.02197802197802198,3.0,3.0,0.0,1.0,1.0,0.01098901098901099,2.0,2.0,0.0,1.0,1.0,0.02197802197802198,3.0,3.0,0.0,1.0,1.0,0.02197802197802198,3.0,3.0,0.0,1.0,1.0,0.02197802197802198,3.0,3.0,0.0,1.0,1.0,0.02197802197802198,3.0,3.0,0.0,1.0,1.0,0.02197802197802198,3.0,3.0,0.0,1.0,1.0,0.02197802197802198,3.0,3.0,1.0,1.0,1.0,0.0,1.0,1.0,0.0,1.0,1.0,0.007326007326007326,2.0,2.0,0.0,1.0,1.0,0.007326007326007326,2.0,2.0,0.0,1.0,1.0,0.007326007326007326,2.0,2.0,0.0,1.0,1.0,0.007326007326007326,2.0,2.0
JacksonDatabind,78,0.0,1.0,1.0,0.014084507042253521,3.0,3.0,0.0,1.0,1.0,0.0035211267605633804,2.0,2.0,0.0,1.0,1.0,0.014084507042253521,3.0,3.0,0.0,1.0,1.0,0.0035211267605633804,2.0,2.0,0.0,1.0,1.0,0.014084507042253521,3.0,3.0,0.0,1.0,1.0,0.014084507042253521,3.0,3.0,0.0,1.0,1.0,0.014084507042253521,3.0,3.0,0.0,1.0,1.0,0.014084507042253521,3.0,3.0,0.0,1.0,1.0,0.014084507042253521,3.0,3.0,0.0,1.0,1.0,0.014084507042253521,3.0,3.0,1.0,1.0,1.0,0.0,1.0,1.0,0.0,1.0,1.0,0.01056338028169014,3.0,3.0,0.0,1.0,1.0,0.2535211267605634,3.0,3.0,0.0,1.0,1.0,0.01056338028169014,3.0,3.0,0.0,1.0,1.0,0.01056338028169014,3.0,3.0
JacksonDatabind,79,1.0,1.0,1.0,0.0,1.0,1.0,1.0,1.0,1.0,0.0,1.0,1.0,1.0,1.0,1.0,0.0,1.0,1.0,1.0,1.0,1.0,0.0,1.0,1.0,1.0,1.0,1.0,0.0,1.0,1.0,1.0,1.0,1.0,0.0,1.0,1.0,1.0,1.0,1.0,0.0,1.0,1.0,1.0,1.0,1.0,0.0,1.0,1.0,1.0,1.0,1.0,0.0,1.0,1.0,1.0,1.0,1.0,0.0,1.0,1.0,1.0,1.0,1.0,0.0,1.0,1.0,0.0,0.0,0.0,,,,1.0,1.0,1.0,0.0,1.0,1.0,0.0,0.0,0.0,,,,1.0,1.0,1.0,0.0,1.0,1.0
JacksonDatabind,80,0.0,1.0,1.0,0.00411522633744856,2.0,2.0,0.0,1.0,1.0,0.00411522633744856,2.0,2.0,0.0,1.0,1.0,0.00411522633744856,2.0,2.0,0.0,1.0,1.0,0.00411522633744856,2.0,2.0,0.0,1.0,1.0,0.00411522633744856,2.0,2.0,0.0,1.0,1.0,0.00411522633744856,2.0,2.0,0.0,1.0,1.0,0.00411522633744856,2.0,2.0,0.0,1.0,1.0,0.00411522633744856,2.0,2.0,0.0,1.0,1.0,0.00411522633744856,2.0,2.0,0.0,1.0,1.0,0.00411522633744856,2.0,2.0,1.0,1.0,1.0,0.0,1.0,1.0,0.0,0.0,0.0,0.1111111111111111,8.0,8.0,1.0,1.0,1.0,0.0,1.0,1.0,0.0,0.0,0.0,0.1111111111111111,8.0,8.0,0.0,0.0,0.0,0.9094650205761317,7.0,7.0
JacksonDatabind,81,0.0,0.0,0.0,0.025974025974025976,7.0,7.0,0.0,0.0,0.0,0.025974025974025976,7.0,7.0,0.0,0.0,0.0,0.025974025974025976,7.0,7.0,0.0,0.0,0.0,0.025974025974025976,7.0,7.0,0.0,0.0,0.0,0.025974025974025976,7.0,7.0,0.0,0.0,0.0,0.025974025974025976,7.0,7.0,0.0,0.0,0.0,0.025974025974025976,7.0,7.0,0.0,0.0,0.0,0.025974025974025976,7.0,7.0,0.0,0.0,0.0,0.025974025974025976,7.0,7.0,0.0,0.0,0.0,0.025974025974025976,7.0,7.0,1.0,1.0,1.0,0.0,1.0,1.0,0.0,0.0,0.0,0.07142857142857142,9.0,9.0,0.0,1.0,1.0,0.2532467532467532,2.0,2.0,0.0,0.0,0.0,0.07142857142857142,9.0,9.0,0.0,1.0,1.0,0.006493506493506494,2.0,2.0
JacksonDatabind,82,0.0,0.0,0.0,0.05985915492957746,16.0,16.0,0.0,0.0,0.0,0.05985915492957746,16.0,16.0,0.0,0.0,0.0,0.05985915492957746,16.0,16.0,0.0,0.0,0.0,0.05985915492957746,16.0,16.0,0.0,0.0,0.0,0.05985915492957746,16.0,16.0,0.0,0.0,0.0,0.05985915492957746,16.0,16.0,0.0,0.0,0.0,0.05985915492957746,16.0,16.0,0.0,0.0,0.0,0.05985915492957746,16.0,16.0,0.0,0.0,0.0,0.05985915492957746,16.0,16.0,0.0,0.0,0.0,0.05985915492957746,16.0,16.0,1.0,1.0,1.0,0.0,1.0,1.0,0.0,1.0,1.0,0.10915492957746478,3.0,3.0,1.0,1.0,1.0,0.0,1.0,1.0,0.0,1.0,1.0,0.10915492957746478,3.0,3.0,1.0,1.0,1.0,0.0,1.0,1.0
JacksonDatabind,83,0.0,0.0,1.0,0.022727272727272728,4.0,4.0,0.0,0.0,1.0,0.022727272727272728,4.0,4.0,0.0,0.0,1.0,0.022727272727272728,4.0,4.0,0.0,0.0,1.0,0.022727272727272728,4.0,4.0,0.0,0.0,1.0,0.022727272727272728,4.0,4.0,0.0,0.0,1.0,0.022727272727272728,4.0,4.0,0.0,0.0,1.0,0.022727272727272728,4.0,4.0,0.0,0.0,1.0,0.022727272727272728,4.0,4.0,0.0,0.0,1.0,0.022727272727272728,4.0,4.0,0.0,0.0,1.0,0.022727272727272728,4.0,4.0,1.0,1.0,1.0,0.0,1.0,1.0,0.0,0.0,0.0,0.14015151515151514,6.0,6.0,0.0,1.0,1.0,0.015151515151515152,3.0,3.0,0.0,0.0,0.0,0.14015151515151514,6.0,6.0,0.0,0.0,1.0,0.022727272727272728,4.0,4.0
JacksonDatabind,84,0.0,0.0,0.0,,,,0.0,0.0,0.0,,,,0.0,0.0,0.0,,,,0.0,0.0,0.0,,,,0.0,0.0,0.0,,,,0.0,0.0,0.0,,,,0.0,0.0,0.0,,,,0.0,0.0,0.0,,,,0.0,0.0,0.0,,,,0.0,0.0,0.0,,,,0.0,0.0,0.0,,,,0.0,0.0,0.0,,,,0.0,0.0,0.0,,,,0.0,0.0,0.0,,,,0.0,0.0,0.0,,,
JacksonDatabind,85,0.0,0.0,1.0,0.027777777777777776,4.0,4.0,0.0,0.0,1.0,0.027777777777777776,4.0,4.0,0.0,0.0,1.0,0.027777777777777776,4.0,4.0,0.0,0.0,1.0,0.027777777777777776,4.0,4.0,0.0,0.0,1.0,0.027777777777777776,4.0,4.0,0.0,0.0,1.0,0.027777777777777776,4.0,4.0,0.0,0.0,1.0,0.027777777777777776,4.0,4.0,0.0,0.0,1.0,0.027777777777777776,4.0,4.0,0.0,0.0,1.0,0.027777777777777776,4.0,4.0,0.0,0.0,1.0,0.027777777777777776,4.0,4.0,1.0,1.0,1.0,0.0,1.0,1.0,0.0,0.0,1.0,0.0992063492063492,4.0,4.0,1.0,1.0,1.0,0.0,1.0,1.0,0.0,0.0,1.0,0.0992063492063492,4.0,4.0,1.0,1.0,1.0,0.0,1.0,1.0
JacksonDatabind,86,0.0,0.0,0.0,,,,0.0,0.0,0.0,,,,0.0,0.0,0.0,,,,0.0,0.0,0.0,,,,0.0,0.0,0.0,,,,0.0,0.0,0.0,,,,0.0,0.0,0.0,,,,0.0,0.0,0.0,,,,0.0,0.0,0.0,,,,0.0,0.0,0.0,,,,0.0,0.0,0.0,,,,0.0,0.0,0.0,,,,0.0,0.0,0.0,,,,0.0,0.0,0.0,,,,0.0,0.0,0.0,,,
JacksonDatabind,87,1.0,1.0,1.0,0.0,1.0,1.0,1.0,1.0,1.0,0.0,1.0,1.0,1.0,1.0,1.0,0.0,1.0,1.0,1.0,1.0,1.0,0.0,1.0,1.0,1.0,1.0,1.0,0.0,1.0,1.0,1.0,1.0,1.0,0.0,1.0,1.0,1.0,1.0,1.0,0.0,1.0,1.0,1.0,1.0,1.0,0.0,1.0,1.0,1.0,1.0,1.0,0.0,1.0,1.0,1.0,1.0,1.0,0.0,1.0,1.0,1.0,1.0,1.0,0.0,1.0,1.0,0.0,0.0,0.0,,,,1.0,1.0,1.0,0.0,1.0,1.0,0.0,0.0,0.0,,,,1.0,1.0,1.0,0.0,1.0,1.0
JacksonDatabind,88,0.0,0.0,0.0,0.04363636363636364,10.0,10.0,0.0,0.0,0.0,0.04,9.0,9.0,0.0,0.0,0.0,0.04363636363636364,10.0,10.0,0.0,0.0,0.0,0.04,9.0,9.0,0.0,0.0,0.0,0.04363636363636364,10.0,10.0,0.0,0.0,0.0,0.04363636363636364,10.0,10.0,0.0,0.0,0.0,0.04363636363636364,10.0,10.0,0.0,0.0,0.0,0.04363636363636364,10.0,10.0,0.0,0.0,0.0,0.04363636363636364,10.0,10.0,0.0,0.0,0.0,0.04363636363636364,10.0,10.0,1.0,1.0,1.0,0.0,1.0,1.0,0.0,0.0,0.0,0.3381818181818182,14.0,14.0,0.0,1.0,1.0,0.2509090909090909,2.0,2.0,0.0,0.0,0.0,0.3381818181818182,14.0,14.0,0.0,1.0,1.0,0.01818181818181818,3.0,3.0
JacksonDatabind,89,0.0,0.0,0.0,0.1695501730103806,40.0,40.0,0.0,0.0,0.0,0.1695501730103806,40.0,40.0,0.0,0.0,0.0,0.1695501730103806,40.0,40.0,0.0,0.0,0.0,0.1695501730103806,40.0,40.0,0.0,0.0,0.0,0.1695501730103806,40.0,40.0,0.0,0.0,0.0,0.1695501730103806,40.0,40.0,0.0,0.0,0.0,0.1695501730103806,40.0,40.0,0.0,0.0,0.0,0.1695501730103806,40.0,40.0,0.0,0.0,0.0,0.1695501730103806,40.0,40.0,0.0,0.0,0.0,0.1695501730103806,40.0,40.0,1.0,1.0,1.0,0.0,1.0,1.0,0.0,1.0,1.0,0.06920415224913495,3.0,3.0,1.0,1.0,1.0,0.0,1.0,1.0,0.0,1.0,1.0,0.06920415224913495,3.0,3.0,1.0,1.0,1.0,0.0,1.0,1.0
JacksonDatabind,90,0.0,0.0,0.0,0.03018867924528302,7.0,7.0,0.0,0.0,0.0,0.03018867924528302,7.0,7.0,0.0,0.0,0.0,0.03018867924528302,7.0,7.0,0.0,0.0,0.0,0.03018867924528302,7.0,7.0,0.0,0.0,0.0,0.03018867924528302,7.0,7.0,0.0,0.0,0.0,0.03018867924528302,7.0,7.0,0.0,0.0,0.0,0.03018867924528302,7.0,7.0,0.0,0.0,0.0,0.03018867924528302,7.0,7.0,0.0,0.0,0.0,0.03018867924528302,7.0,7.0,0.0,0.0,0.0,0.03018867924528302,7.0,7.0,1.0,1.0,1.0,0.0,1.0,1.0,0.0,0.0,0.0,0.33962264150943394,10.0,10.0,0.0,1.0,1.0,0.2528301886792453,2.0,2.0,0.0,0.0,0.0,0.33962264150943394,10.0,10.0,0.0,1.0,1.0,0.007547169811320755,2.0,2.0
JacksonDatabind,91,1.0,1.0,1.0,0.0,1.0,1.0,1.0,1.0,1.0,0.0,1.0,1.0,1.0,1.0,1.0,0.0,1.0,1.0,1.0,1.0,1.0,0.0,1.0,1.0,1.0,1.0,1.0,0.0,1.0,1.0,1.0,1.0,1.0,0.0,1.0,1.0,1.0,1.0,1.0,0.0,1.0,1.0,1.0,1.0,1.0,0.0,1.0,1.0,1.0,1.0,1.0,0.0,1.0,1.0,1.0,1.0,1.0,0.0,1.0,1.0,1.0,1.0,1.0,0.0,1.0,1.0,0.0,0.0,0.0,,,,1.0,1.0,1.0,0.0,1.0,1.0,0.0,0.0,0.0,,,,1.0,1.0,1.0,0.0,1.0,1.0
JacksonDatabind,92,0.0,0.0,0.0,0.1618705035971223,39.0,39.0,0.0,0.0,0.0,0.1618705035971223,39.0,39.0,0.0,0.0,0.0,0.1618705035971223,39.0,39.0,0.0,0.0,0.0,0.1618705035971223,39.0,39.0,0.0,0.0,0.0,0.1618705035971223,39.0,39.0,0.0,0.0,0.0,0.1618705035971223,39.0,39.0,0.0,0.0,0.0,0.1618705035971223,39.0,39.0,0.0,0.0,0.0,0.1618705035971223,39.0,39.0,0.0,0.0,0.0,0.1618705035971223,39.0,39.0,0.0,0.0,0.0,0.1618705035971223,39.0,39.0,1.0,1.0,1.0,0.0,1.0,1.0,1.0,1.0,1.0,0.0,1.0,1.0,1.0,1.0,1.0,0.0,1.0,1.0,1.0,1.0,1.0,0.0,1.0,1.0,1.0,1.0,1.0,0.0,1.0,1.0
JacksonDatabind,93,0.0,0.0,0.0,0.19708029197080293,47.0,47.0,0.0,0.0,0.0,0.19708029197080293,47.0,47.0,0.0,0.0,0.0,0.19708029197080293,47.0,47.0,0.0,0.0,0.0,0.19708029197080293,47.0,47.0,0.0,0.0,0.0,0.19708029197080293,47.0,47.0,0.0,0.0,0.0,0.19708029197080293,47.0,47.0,0.0,0.0,0.0,0.19708029197080293,47.0,47.0,0.0,0.0,0.0,0.19708029197080293,47.0,47.0,0.0,0.0,0.0,0.19708029197080293,47.0,47.0,0.0,0.0,0.0,0.19708029197080293,47.0,47.0,0.0,0.0,1.0,0.9963503649635036,4.0,4.0,0.0,0.0,0.0,0.45985401459854014,42.0,42.0,0.0,0.0,1.0,0.9963503649635036,4.0,4.0,0.0,0.0,0.0,0.45985401459854014,42.0,42.0,0.0,0.0,0.0,0.9963503649635036,16.0,16.0
JacksonDatabind,94,0.0,0.0,0.0,0.2290909090909091,56.0,56.0,0.0,0.0,0.0,0.2290909090909091,56.0,56.0,0.0,0.0,0.0,0.2290909090909091,56.0,56.0,0.0,0.0,0.0,0.2290909090909091,56.0,56.0,0.0,0.0,0.0,0.2290909090909091,56.0,56.0,0.0,0.0,0.0,0.2290909090909091,56.0,56.0,0.0,0.0,0.0,0.2290909090909091,56.0,56.0,0.0,0.0,0.0,0.2290909090909091,56.0,56.0,0.0,0.0,0.0,0.2290909090909091,56.0,56.0,0.0,0.0,0.0,0.2290909090909091,56.0,56.0,0.0,1.0,1.0,0.9963636363636363,3.0,3.0,0.0,0.0,0.0,0.48,50.0,50.0,0.0,1.0,1.0,0.9963636363636363,3.0,3.0,0.0,0.0,0.0,0.48,50.0,50.0,0.0,0.0,0.0,0.9963636363636363,17.0,17.0
JacksonDatabind,95,1.0,1.0,1.0,0.0,1.0,1.0,1.0,1.0,1.0,0.0,1.0,1.0,1.0,1.0,1.0,0.0,1.0,1.0,1.0,1.0,1.0,0.0,1.0,1.0,1.0,1.0,1.0,0.0,1.0,1.0,1.0,1.0,1.0,0.0,1.0,1.0,1.0,1.0,1.0,0.0,1.0,1.0,1.0,1.0,1.0,0.0,1.0,1.0,1.0,1.0,1.0,0.0,1.0,1.0,1.0,1.0,1.0,0.0,1.0,1.0,1.0,1.0,1.0,0.0,1.0,1.0,0.0,0.0,0.0,,,,1.0,1.0,1.0,0.0,1.0,1.0,0.0,0.0,0.0,,,,1.0,1.0,1.0,0.0,1.0,1.0
JacksonDatabind,96,1.0,1.0,1.0,0.0,1.0,1.0,1.0,1.0,1.0,0.0,1.0,1.0,1.0,1.0,1.0,0.0,1.0,1.0,1.0,1.0,1.0,0.0,1.0,1.0,1.0,1.0,1.0,0.0,1.0,1.0,1.0,1.0,1.0,0.0,1.0,1.0,1.0,1.0,1.0,0.0,1.0,1.0,1.0,1.0,1.0,0.0,1.0,1.0,1.0,1.0,1.0,0.0,1.0,1.0,1.0,1.0,1.0,0.0,1.0,1.0,1.0,1.0,1.0,0.0,1.0,1.0,0.0,0.0,0.0,,,,1.0,1.0,1.0,0.0,1.0,1.0,0.0,0.0,0.0,,,,1.0,1.0,1.0,0.0,1.0,1.0
JacksonDatabind,97,1.0,1.0,1.0,0.0,1.0,1.0,1.0,1.0,1.0,0.0,1.0,1.0,1.0,1.0,1.0,0.0,1.0,1.0,1.0,1.0,1.0,0.0,1.0,1.0,1.0,1.0,1.0,0.0,1.0,1.0,1.0,1.0,1.0,0.0,1.0,1.0,1.0,1.0,1.0,0.0,1.0,1.0,1.0,1.0,1.0,0.0,1.0,1.0,1.0,1.0,1.0,0.0,1.0,1.0,1.0,1.0,1.0,0.0,1.0,1.0,1.0,1.0,1.0,0.0,1.0,1.0,0.0,0.0,0.0,,,,1.0,1.0,1.0,0.0,1.0,1.0,0.0,0.0,0.0,,,,1.0,1.0,1.0,0.0,1.0,1.0
JacksonDatabind,98,0.0,1.0,1.0,0.021406727828746176,3.0,3.0,0.0,1.0,1.0,0.021406727828746176,3.0,3.0,0.0,1.0,1.0,0.021406727828746176,3.0,3.0,0.0,1.0,1.0,0.021406727828746176,3.0,3.0,0.0,1.0,1.0,0.021406727828746176,3.0,3.0,0.0,1.0,1.0,0.021406727828746176,3.0,3.0,0.0,1.0,1.0,0.021406727828746176,3.0,3.0,0.0,1.0,1.0,0.021406727828746176,3.0,3.0,0.0,1.0,1.0,0.021406727828746176,3.0,3.0,0.0,1.0,1.0,0.021406727828746176,3.0,3.0,1.0,1.0,1.0,0.0,1.0,1.0,0.0,1.0,1.0,0.024464831804281346,3.0,3.0,0.0,1.0,1.0,0.01529051987767584,2.0,2.0,0.0,1.0,1.0,0.024464831804281346,3.0,3.0,0.0,0.0,1.0,0.7951070336391437,4.0,4.0
JacksonDatabind,99,1.0,1.0,1.0,0.0,1.0,1.0,1.0,1.0,1.0,0.0,1.0,1.0,1.0,1.0,1.0,0.0,1.0,1.0,1.0,1.0,1.0,0.0,1.0,1.0,1.0,1.0,1.0,0.0,1.0,1.0,1.0,1.0,1.0,0.0,1.0,1.0,1.0,1.0,1.0,0.0,1.0,1.0,1.0,1.0,1.0,0.0,1.0,1.0,1.0,1.0,1.0,0.0,1.0,1.0,1.0,1.0,1.0,0.0,1.0,1.0,1.0,1.0,1.0,0.0,1.0,1.0,0.0,0.0,0.0,,,,1.0,1.0,1.0,0.0,1.0,1.0,0.0,0.0,0.0,,,,1.0,1.0,1.0,0.0,1.0,1.0
JacksonDatabind,100,0.0,0.0,0.0,,,,0.0,0.0,0.0,,,,0.0,0.0,0.0,,,,0.0,0.0,0.0,,,,0.0,0.0,0.0,,,,0.0,0.0,0.0,,,,0.0,0.0,0.0,,,,0.0,0.0,0.0,,,,0.0,0.0,0.0,,,,0.0,0.0,0.0,,,,0.0,0.0,0.0,,,,0.0,0.0,0.0,,,,0.0,0.0,0.0,,,,0.0,0.0,0.0,,,,0.0,0.0,0.0,,,
JacksonDatabind,101,1.0,1.0,1.0,0.0,1.0,1.0,1.0,1.0,1.0,0.0,1.0,1.0,1.0,1.0,1.0,0.0,1.0,1.0,1.0,1.0,1.0,0.0,1.0,1.0,1.0,1.0,1.0,0.0,1.0,1.0,1.0,1.0,1.0,0.0,1.0,1.0,1.0,1.0,1.0,0.0,1.0,1.0,1.0,1.0,1.0,0.0,1.0,1.0,1.0,1.0,1.0,0.0,1.0,1.0,1.0,1.0,1.0,0.0,1.0,1.0,1.0,1.0,1.0,0.0,1.0,1.0,1.0,1.0,1.0,0.0,1.0,1.0,1.0,1.0,1.0,0.0,1.0,1.0,1.0,1.0,1.0,0.0,1.0,1.0,1.0,1.0,1.0,0.0,1.0,1.0
JacksonDatabind,102,0.0,0.0,1.0,0.023166023166023165,5.0,5.0,0.0,0.0,1.0,0.023166023166023165,5.0,5.0,0.0,0.0,1.0,0.023166023166023165,5.0,5.0,0.0,0.0,1.0,0.023166023166023165,5.0,5.0,0.0,0.0,1.0,0.023166023166023165,5.0,5.0,0.0,0.0,1.0,0.023166023166023165,5.0,5.0,0.0,0.0,1.0,0.023166023166023165,5.0,5.0,0.0,0.0,1.0,0.023166023166023165,5.0,5.0,0.0,0.0,1.0,0.023166023166023165,5.0,5.0,0.0,0.0,1.0,0.023166023166023165,5.0,5.0,1.0,1.0,1.0,0.0,1.0,1.0,0.0,0.0,1.0,0.02702702702702703,5.0,5.0,0.0,1.0,1.0,0.25096525096525096,2.0,2.0,0.0,0.0,1.0,0.02702702702702703,5.0,5.0,0.0,1.0,1.0,0.003861003861003861,2.0,2.0
JacksonDatabind,103,1.0,1.0,1.0,0.0035842293906810036,1.0,27.857142857142858,0.0,1.0,1.0,0.007168458781362007,2.0,27.642857142857142,1.0,1.0,1.0,0.0035842293906810036,1.0,27.857142857142858,0.0,1.0,1.0,0.007168458781362007,2.0,27.642857142857142,1.0,1.0,1.0,0.0035842293906810036,1.0,27.857142857142858,1.0,1.0,1.0,0.0035842293906810036,1.0,27.857142857142858,1.0,1.0,1.0,0.0035842293906810036,1.0,27.857142857142858,1.0,1.0,1.0,0.0035842293906810036,1.0,27.857142857142858,1.0,1.0,1.0,0.0035842293906810036,1.0,27.857142857142858,1.0,1.0,1.0,0.0035842293906810036,1.0,27.857142857142858,1.0,1.0,1.0,0.0,1.0,1.0,1.0,1.0,1.0,0.0035842293906810036,1.0,16.928571428571427,1.0,1.0,1.0,0.0,1.0,2.857142857142857,1.0,1.0,1.0,0.0035842293906810036,1.0,16.928571428571427,1.0,1.0,1.0,0.0035842293906810036,1.0,2.857142857142857
JacksonDatabind,104,1.0,1.0,1.0,0.0,1.0,1.0,1.0,1.0,1.0,0.0,1.0,1.0,1.0,1.0,1.0,0.0,1.0,1.0,1.0,1.0,1.0,0.0,1.0,1.0,1.0,1.0,1.0,0.0,1.0,1.0,1.0,1.0,1.0,0.0,1.0,1.0,1.0,1.0,1.0,0.0,1.0,1.0,1.0,1.0,1.0,0.0,1.0,1.0,1.0,1.0,1.0,0.0,1.0,1.0,1.0,1.0,1.0,0.0,1.0,1.0,1.0,1.0,1.0,0.0,1.0,1.0,1.0,1.0,1.0,0.0,1.0,1.0,1.0,1.0,1.0,0.0,1.0,1.0,1.0,1.0,1.0,0.0,1.0,1.0,1.0,1.0,1.0,0.0,1.0,1.0
JacksonDatabind,105,1.0,1.0,1.0,0.0,1.0,1.0,1.0,1.0,1.0,0.0,1.0,1.0,1.0,1.0,1.0,0.0,1.0,1.0,1.0,1.0,1.0,0.0,1.0,1.0,1.0,1.0,1.0,0.0,1.0,1.0,1.0,1.0,1.0,0.0,1.0,1.0,1.0,1.0,1.0,0.0,1.0,1.0,1.0,1.0,1.0,0.0,1.0,1.0,1.0,1.0,1.0,0.0,1.0,1.0,1.0,1.0,1.0,0.0,1.0,1.0,1.0,1.0,1.0,0.0,1.0,1.0,0.0,0.0,0.0,,,,1.0,1.0,1.0,0.0,1.0,1.0,0.0,0.0,0.0,,,,1.0,1.0,1.0,0.0,1.0,1.0
JacksonDatabind,106,0.0,0.0,0.0,,,,0.0,0.0,0.0,,,,0.0,0.0,0.0,,,,0.0,0.0,0.0,,,,0.0,0.0,0.0,,,,0.0,0.0,0.0,,,,0.0,0.0,0.0,,,,0.0,0.0,0.0,,,,0.0,0.0,0.0,,,,0.0,0.0,0.0,,,,0.0,0.0,0.0,,,,0.0,0.0,0.0,,,,0.0,0.0,0.0,,,,0.0,0.0,0.0,,,,0.0,0.0,0.0,,,
JacksonDatabind,107,1.0,1.0,1.0,0.0,1.0,1.0,1.0,1.0,1.0,0.0,1.0,1.0,1.0,1.0,1.0,0.0,1.0,1.0,1.0,1.0,1.0,0.0,1.0,1.0,1.0,1.0,1.0,0.0,1.0,1.0,1.0,1.0,1.0,0.0,1.0,1.0,1.0,1.0,1.0,0.0,1.0,1.0,1.0,1.0,1.0,0.0,1.0,1.0,1.0,1.0,1.0,0.0,1.0,1.0,1.0,1.0,1.0,0.0,1.0,1.0,1.0,1.0,1.0,0.0,1.0,1.0,0.0,0.0,0.0,,,,1.0,1.0,1.0,0.0,1.0,1.0,0.0,0.0,0.0,,,,1.0,1.0,1.0,0.0,1.0,1.0
JacksonDatabind,108,1.0,1.0,1.0,0.0,1.0,1.0,1.0,1.0,1.0,0.0,1.0,1.0,1.0,1.0,1.0,0.0,1.0,1.0,1.0,1.0,1.0,0.0,1.0,1.0,1.0,1.0,1.0,0.0,1.0,1.0,1.0,1.0,1.0,0.0,1.0,1.0,1.0,1.0,1.0,0.0,1.0,1.0,1.0,1.0,1.0,0.0,1.0,1.0,1.0,1.0,1.0,0.0,1.0,1.0,1.0,1.0,1.0,0.0,1.0,1.0,1.0,1.0,1.0,0.0,1.0,1.0,0.0,0.0,0.0,,,,1.0,1.0,1.0,0.0,1.0,1.0,0.0,0.0,0.0,,,,1.0,1.0,1.0,0.0,1.0,1.0
JacksonDatabind,109,0.0,1.0,1.0,0.007220216606498195,3.0,38.5,0.0,1.0,1.0,0.0036101083032490976,2.0,37.5,0.0,1.0,1.0,0.007220216606498195,3.0,38.5,0.0,1.0,1.0,0.0036101083032490976,2.0,37.5,0.0,1.0,1.0,0.007220216606498195,3.0,38.5,0.0,1.0,1.0,0.007220216606498195,3.0,38.5,0.0,1.0,1.0,0.007220216606498195,3.0,38.5,0.0,1.0,1.0,0.007220216606498195,3.0,38.5,0.0,1.0,1.0,0.007220216606498195,3.0,38.5,0.0,1.0,1.0,0.007220216606498195,3.0,38.5,1.0,1.0,1.0,0.0,1.0,1.0,0.0,1.0,1.0,0.007220216606498195,3.0,6.0,0.0,1.0,1.0,0.007220216606498195,3.0,3.0,0.0,1.0,1.0,0.007220216606498195,3.0,6.0,0.0,1.0,1.0,0.007220216606498195,3.0,3.0
JacksonDatabind,110,1.0,1.0,1.0,0.0,1.0,1.0,1.0,1.0,1.0,0.0,1.0,1.0,1.0,1.0,1.0,0.0,1.0,1.0,1.0,1.0,1.0,0.0,1.0,1.0,1.0,1.0,1.0,0.0,1.0,1.0,1.0,1.0,1.0,0.0,1.0,1.0,1.0,1.0,1.0,0.0,1.0,1.0,1.0,1.0,1.0,0.0,1.0,1.0,1.0,1.0,1.0,0.0,1.0,1.0,1.0,1.0,1.0,0.0,1.0,1.0,1.0,1.0,1.0,0.0,1.0,1.0,0.0,0.0,0.0,,,,1.0,1.0,1.0,0.0,1.0,1.0,0.0,0.0,0.0,,,,1.0,1.0,1.0,0.0,1.0,1.0
JacksonDatabind,111,1.0,1.0,1.0,0.0,1.0,1.0,1.0,1.0,1.0,0.0,1.0,1.0,1.0,1.0,1.0,0.0,1.0,1.0,1.0,1.0,1.0,0.0,1.0,1.0,1.0,1.0,1.0,0.0,1.0,1.0,1.0,1.0,1.0,0.0,1.0,1.0,1.0,1.0,1.0,0.0,1.0,1.0,1.0,1.0,1.0,0.0,1.0,1.0,1.0,1.0,1.0,0.0,1.0,1.0,1.0,1.0,1.0,0.0,1.0,1.0,1.0,1.0,1.0,0.0,1.0,1.0,0.0,0.0,0.0,,,,1.0,1.0,1.0,0.0,1.0,1.0,0.0,0.0,0.0,,,,1.0,1.0,1.0,0.0,1.0,1.0
JacksonDatabind,112,1.0,1.0,1.0,0.0,1.0,1.0,1.0,1.0,1.0,0.0,1.0,1.0,1.0,1.0,1.0,0.0,1.0,1.0,1.0,1.0,1.0,0.0,1.0,1.0,1.0,1.0,1.0,0.0,1.0,1.0,1.0,1.0,1.0,0.0,1.0,1.0,1.0,1.0,1.0,0.0,1.0,1.0,1.0,1.0,1.0,0.0,1.0,1.0,1.0,1.0,1.0,0.0,1.0,1.0,1.0,1.0,1.0,0.0,1.0,1.0,1.0,1.0,1.0,0.0,1.0,1.0,0.0,0.0,0.0,,,,1.0,1.0,1.0,0.0,1.0,1.0,0.0,0.0,0.0,,,,1.0,1.0,1.0,0.0,1.0,1.0
JacksonCore,1,1.0,1.0,1.0,0.0,1.0,1.5,1.0,1.0,1.0,0.0,1.0,1.5,1.0,1.0,1.0,0.0,1.0,1.5,1.0,1.0,1.0,0.0,1.0,1.5,1.0,1.0,1.0,0.0,1.0,1.5,1.0,1.0,1.0,0.0,1.0,1.5,1.0,1.0,1.0,0.0,1.0,1.5,1.0,1.0,1.0,0.0,1.0,1.5,1.0,1.0,1.0,0.0,1.0,1.5,1.0,1.0,1.0,0.0,1.0,1.5,1.0,1.0,1.0,0.0,1.0,1.0,1.0,1.0,1.0,0.0,1.0,1.5,1.0,1.0,1.0,0.0,1.0,1.5,1.0,1.0,1.0,0.0,1.0,1.5,1.0,1.0,1.0,0.0,1.0,1.5
JacksonCore,2,0.0,1.0,1.0,0.020833333333333332,2.0,2.5,0.0,0.0,0.0,0.4375,13.0,13.5,0.0,1.0,1.0,0.020833333333333332,2.0,2.5,1.0,1.0,1.0,0.0,1.0,2.0,0.0,0.0,0.0,0.4375,13.0,13.5,0.0,1.0,1.0,0.020833333333333332,2.0,2.5,0.0,0.0,0.0,0.4375,13.0,13.5,0.0,1.0,1.0,0.020833333333333332,2.0,2.5,0.0,0.0,0.0,0.4375,13.0,13.5,0.0,1.0,1.0,0.020833333333333332,2.0,2.5,1.0,1.0,1.0,0.0,1.0,1.0,0.0,0.0,0.0,0.4375,10.0,10.5,1.0,1.0,1.0,0.0,1.0,1.0,0.0,0.0,0.0,0.4375,10.0,10.5,1.0,1.0,1.0,0.0,1.0,1.0
JacksonCore,3,0.0,1.0,1.0,0.041666666666666664,2.0,2.0,0.0,1.0,1.0,0.041666666666666664,2.0,2.0,0.0,1.0,1.0,0.041666666666666664,2.0,2.0,0.0,1.0,1.0,0.041666666666666664,2.0,2.0,0.0,1.0,1.0,0.041666666666666664,2.0,2.0,0.0,1.0,1.0,0.041666666666666664,2.0,2.0,0.0,1.0,1.0,0.041666666666666664,2.0,2.0,0.0,1.0,1.0,0.041666666666666664,2.0,2.0,0.0,1.0,1.0,0.041666666666666664,2.0,2.0,0.0,1.0,1.0,0.041666666666666664,2.0,2.0,1.0,1.0,1.0,0.0,1.0,1.0,0.0,1.0,1.0,0.041666666666666664,2.0,2.0,0.0,1.0,1.0,0.2708333333333333,2.0,2.0,0.0,1.0,1.0,0.041666666666666664,2.0,2.0,0.0,1.0,1.0,0.041666666666666664,2.0,2.0
JacksonCore,4,1.0,1.0,1.0,0.0,1.0,1.0,1.0,1.0,1.0,0.0,1.0,1.0,1.0,1.0,1.0,0.0,1.0,1.0,1.0,1.0,1.0,0.0,1.0,1.0,1.0,1.0,1.0,0.0,1.0,1.0,1.0,1.0,1.0,0.0,1.0,1.0,1.0,1.0,1.0,0.0,1.0,1.0,1.0,1.0,1.0,0.0,1.0,1.0,1.0,1.0,1.0,0.0,1.0,1.0,1.0,1.0,1.0,0.0,1.0,1.0,1.0,1.0,1.0,0.0,1.0,1.0,1.0,1.0,1.0,0.0,1.0,1.0,1.0,1.0,1.0,0.0,1.0,1.0,1.0,1.0,1.0,0.0,1.0,1.0,1.0,1.0,1.0,0.0,1.0,1.0
JacksonCore,5,1.0,1.0,1.0,0.0,1.0,1.0,1.0,1.0,1.0,0.0,1.0,1.0,1.0,1.0,1.0,0.0,1.0,1.0,1.0,1.0,1.0,0.0,1.0,1.0,1.0,1.0,1.0,0.0,1.0,1.0,1.0,1.0,1.0,0.0,1.0,1.0,1.0,1.0,1.0,0.0,1.0,1.0,1.0,1.0,1.0,0.0,1.0,1.0,1.0,1.0,1.0,0.0,1.0,1.0,1.0,1.0,1.0,0.0,1.0,1.0,1.0,1.0,1.0,0.0,1.0,1.0,1.0,1.0,1.0,0.0,1.0,1.0,1.0,1.0,1.0,0.0,1.0,1.0,1.0,1.0,1.0,0.0,1.0,1.0,1.0,1.0,1.0,0.0,1.0,1.0
JacksonCore,6,1.0,1.0,1.0,0.0,1.0,1.0,1.0,1.0,1.0,0.0,1.0,1.0,1.0,1.0,1.0,0.0,1.0,1.0,1.0,1.0,1.0,0.0,1.0,1.0,1.0,1.0,1.0,0.0,1.0,1.0,1.0,1.0,1.0,0.0,1.0,1.0,1.0,1.0,1.0,0.0,1.0,1.0,1.0,1.0,1.0,0.0,1.0,1.0,1.0,1.0,1.0,0.0,1.0,1.0,1.0,1.0,1.0,0.0,1.0,1.0,1.0,1.0,1.0,0.0,1.0,1.0,1.0,1.0,1.0,0.0,1.0,1.0,1.0,1.0,1.0,0.0,1.0,1.0,1.0,1.0,1.0,0.0,1.0,1.0,1.0,1.0,1.0,0.0,1.0,1.0
JacksonCore,7,0.0,1.0,1.0,0.05128205128205128,2.0,2.0,0.0,1.0,1.0,0.05128205128205128,2.0,2.0,0.0,1.0,1.0,0.05128205128205128,2.0,2.0,0.0,0.0,1.0,0.10256410256410256,4.0,4.0,0.0,1.0,1.0,0.05128205128205128,2.0,2.0,0.0,1.0,1.0,0.05128205128205128,2.0,2.0,1.0,1.0,1.0,0.0,1.0,1.0,0.0,1.0,1.0,0.05128205128205128,2.0,2.0,0.0,1.0,1.0,0.05128205128205128,2.0,2.0,1.0,1.0,1.0,0.0,1.0,1.0,1.0,1.0,1.0,0.0,1.0,1.0,0.0,0.0,0.0,0.38461538461538464,8.0,8.0,1.0,1.0,1.0,0.0,1.0,1.0,0.0,0.0,0.0,0.38461538461538464,8.0,8.0,1.0,1.0,1.0,0.0,1.0,1.0
JacksonCore,8,1.0,1.0,1.0,0.0,1.0,1.0,1.0,1.0,1.0,0.0,1.0,1.0,1.0,1.0,1.0,0.0,1.0,1.0,1.0,1.0,1.0,0.0,1.0,1.0,1.0,1.0,1.0,0.0,1.0,1.0,1.0,1.0,1.0,0.0,1.0,1.0,1.0,1.0,1.0,0.0,1.0,1.0,1.0,1.0,1.0,0.0,1.0,1.0,1.0,1.0,1.0,0.0,1.0,1.0,1.0,1.0,1.0,0.0,1.0,1.0,1.0,1.0,1.0,0.0,1.0,1.0,0.0,1.0,1.0,0.1,2.0,2.0,1.0,1.0,1.0,0.0,1.0,1.0,0.0,1.0,1.0,0.1,2.0,2.0,1.0,1.0,1.0,0.0,1.0,1.0
JacksonCore,9,1.0,1.0,1.0,0.0,1.0,1.0,1.0,1.0,1.0,0.0,1.0,4.0,1.0,1.0,1.0,0.0,1.0,1.6666666666666667,1.0,1.0,1.0,0.0,1.0,5.333333333333333,1.0,1.0,1.0,0.0,1.0,1.6666666666666667,1.0,1.0,1.0,0.0,1.0,1.6666666666666667,1.0,1.0,1.0,0.0,1.0,9.666666666666666,1.0,1.0,1.0,0.0,1.0,1.0,1.0,1.0,1.0,0.0,1.0,1.6666666666666667,1.0,1.0,1.0,0.0,1.0,4.333333333333333,1.0,1.0,1.0,0.0,1.0,1.0,1.0,1.0,1.0,0.0,1.0,1.6666666666666667,1.0,1.0,1.0,0.0,1.0,1.6666666666666667,1.0,1.0,1.0,0.0,1.0,1.3333333333333333,1.0,1.0,1.0,0.0,1.0,1.6666666666666667
JacksonCore,10,1.0,1.0,1.0,0.0,1.0,1.0,1.0,1.0,1.0,0.0,1.0,1.0,1.0,1.0,1.0,0.0,1.0,1.0,1.0,1.0,1.0,0.0,1.0,1.0,1.0,1.0,1.0,0.0,1.0,1.0,1.0,1.0,1.0,0.0,1.0,1.0,1.0,1.0,1.0,0.0,1.0,1.0,1.0,1.0,1.0,0.0,1.0,1.0,1.0,1.0,1.0,0.0,1.0,1.0,1.0,1.0,1.0,0.0,1.0,1.0,1.0,1.0,1.0,0.0,1.0,1.0,1.0,1.0,1.0,0.0,1.0,1.0,1.0,1.0,1.0,0.0,1.0,1.0,1.0,1.0,1.0,0.0,1.0,1.0,1.0,1.0,1.0,0.0,1.0,1.0
JacksonCore,11,1.0,1.0,1.0,0.0,1.0,1.0,1.0,1.0,1.0,0.0,1.0,1.0,1.0,1.0,1.0,0.0,1.0,1.0,1.0,1.0,1.0,0.0,1.0,1.0,1.0,1.0,1.0,0.0,1.0,1.0,1.0,1.0,1.0,0.0,1.0,1.0,1.0,1.0,1.0,0.0,1.0,1.0,1.0,1.0,1.0,0.0,1.0,1.0,1.0,1.0,1.0,0.0,1.0,1.0,1.0,1.0,1.0,0.0,1.0,1.0,1.0,1.0,1.0,0.0,1.0,1.0,1.0,1.0,1.0,0.0,1.0,1.0,1.0,1.0,1.0,0.0,1.0,1.0,1.0,1.0,1.0,0.0,1.0,1.0,1.0,1.0,1.0,0.0,1.0,1.0
JacksonCore,12,0.0,1.0,1.0,0.029411764705882353,2.0,2.0,0.0,1.0,1.0,0.029411764705882353,2.0,2.0,0.0,1.0,1.0,0.029411764705882353,2.0,2.0,0.0,1.0,1.0,0.029411764705882353,2.0,2.0,0.0,1.0,1.0,0.029411764705882353,2.0,2.0,0.0,1.0,1.0,0.029411764705882353,2.0,2.0,0.0,0.0,0.0,0.38235294117647056,11.0,11.0,0.0,1.0,1.0,0.029411764705882353,2.0,2.0,0.0,1.0,1.0,0.029411764705882353,2.0,2.0,1.0,1.0,1.0,0.0,1.0,1.0,1.0,1.0,1.0,0.0,1.0,1.0,0.0,1.0,1.0,0.058823529411764705,3.0,3.0,0.0,1.0,1.0,0.029411764705882353,2.0,2.0,0.0,1.0,1.0,0.029411764705882353,2.0,2.0,0.0,1.0,1.0,0.029411764705882353,2.0,2.0
JacksonCore,13,0.0,0.0,0.0,,,,0.0,0.0,0.0,,,,0.0,0.0,0.0,,,,0.0,0.0,0.0,,,,0.0,0.0,0.0,,,,0.0,0.0,0.0,,,,0.0,0.0,0.0,,,,0.0,0.0,0.0,,,,0.0,0.0,0.0,,,,0.0,0.0,0.0,,,,0.0,0.0,0.0,,,,0.0,0.0,0.0,,,,0.0,0.0,0.0,,,,0.0,0.0,0.0,,,,0.0,0.0,0.0,,,
JacksonCore,14,1.0,1.0,1.0,0.0,1.0,1.0,1.0,1.0,1.0,0.0,1.0,1.0,1.0,1.0,1.0,0.0,1.0,1.0,1.0,1.0,1.0,0.0,1.0,1.0,1.0,1.0,1.0,0.0,1.0,1.0,1.0,1.0,1.0,0.0,1.0,1.0,1.0,1.0,1.0,0.0,1.0,1.0,1.0,1.0,1.0,0.0,1.0,1.0,1.0,1.0,1.0,0.0,1.0,1.0,1.0,1.0,1.0,0.0,1.0,1.0,1.0,1.0,1.0,0.0,1.0,1.0,1.0,1.0,1.0,0.0,1.0,1.0,1.0,1.0,1.0,0.0,1.0,1.0,1.0,1.0,1.0,0.0,1.0,1.0,1.0,1.0,1.0,0.0,1.0,1.0
JacksonCore,15,0.0,1.0,1.0,0.024390243902439025,2.0,2.0,0.0,1.0,1.0,0.024390243902439025,2.0,2.0,0.0,1.0,1.0,0.04878048780487805,2.0,2.0,0.0,1.0,1.0,0.04878048780487805,2.0,2.0,0.0,1.0,1.0,0.024390243902439025,2.0,2.0,0.0,1.0,1.0,0.024390243902439025,2.0,2.0,0.0,0.0,0.0,0.6585365853658537,21.0,21.0,0.0,1.0,1.0,0.04878048780487805,2.0,2.0,0.0,1.0,1.0,0.024390243902439025,2.0,2.0,0.0,0.0,0.0,0.3902439024390244,14.0,14.0,1.0,1.0,1.0,0.0,1.0,1.0,0.0,0.0,0.0,0.43902439024390244,15.0,15.0,1.0,1.0,1.0,0.0,1.0,1.0,0.0,0.0,0.0,0.43902439024390244,15.0,15.0,1.0,1.0,1.0,0.0,1.0,1.0
JacksonCore,16,1.0,1.0,1.0,0.0,1.0,1.0,1.0,1.0,1.0,0.0,1.0,1.0,1.0,1.0,1.0,0.0,1.0,1.0,1.0,1.0,1.0,0.0,1.0,1.0,1.0,1.0,1.0,0.0,1.0,1.0,1.0,1.0,1.0,0.0,1.0,1.0,0.0,0.0,0.0,0.6052631578947368,13.0,13.0,1.0,1.0,1.0,0.0,1.0,1.0,1.0,1.0,1.0,0.0,1.0,1.0,0.0,0.0,0.0,0.23684210526315788,7.0,7.0,1.0,1.0,1.0,0.0,1.0,1.0,0.0,1.0,1.0,0.23684210526315788,2.0,2.0,0.0,1.0,1.0,0.23684210526315788,2.0,2.0,1.0,1.0,1.0,0.0,1.0,1.0,0.0,1.0,1.0,0.23684210526315788,2.0,2.0
JacksonCore,17,0.0,1.0,1.0,0.06060606060606061,2.0,2.0,0.0,1.0,1.0,0.030303030303030304,2.0,2.0,0.0,1.0,1.0,0.06060606060606061,2.0,2.0,0.0,1.0,1.0,0.06060606060606061,3.0,3.0,0.0,1.0,1.0,0.030303030303030304,2.0,2.0,0.0,1.0,1.0,0.06060606060606061,2.0,2.0,0.0,0.0,0.0,0.5151515151515151,14.0,14.0,0.0,1.0,1.0,0.06060606060606061,2.0,2.0,0.0,1.0,1.0,0.030303030303030304,2.0,2.0,0.0,0.0,0.0,0.21212121212121213,6.0,6.0,1.0,1.0,1.0,0.0,1.0,1.0,0.0,1.0,1.0,0.030303030303030304,2.0,2.0,0.0,1.0,1.0,0.06060606060606061,2.0,2.0,0.0,1.0,1.0,0.030303030303030304,2.0,2.0,0.0,1.0,1.0,0.030303030303030304,2.0,2.0
JacksonCore,18,1.0,1.0,1.0,0.0,1.0,2.6666666666666665,1.0,1.0,1.0,0.0,1.0,2.6666666666666665,1.0,1.0,1.0,0.0,1.0,2.6666666666666665,1.0,1.0,1.0,0.0,1.0,3.3333333333333335,1.0,1.0,1.0,0.0,1.0,2.6666666666666665,1.0,1.0,1.0,0.0,1.0,2.6666666666666665,0.0,1.0,1.0,0.030303030303030304,2.0,10.333333333333334,1.0,1.0,1.0,0.0,1.0,2.6666666666666665,1.0,1.0,1.0,0.0,1.0,2.6666666666666665,0.0,1.0,1.0,0.030303030303030304,2.0,5.666666666666667,1.0,1.0,1.0,0.0,1.0,1.0,1.0,1.0,1.0,0.0,1.0,9.0,1.0,1.0,1.0,0.0,1.0,1.6666666666666667,1.0,1.0,1.0,0.0,1.0,7.0,1.0,1.0,1.0,0.0,1.0,1.6666666666666667
JacksonCore,19,0.0,1.0,1.0,0.02631578947368421,2.0,11.5,0.0,1.0,1.0,0.02631578947368421,2.0,11.0,0.0,1.0,1.0,0.02631578947368421,2.0,11.5,0.0,1.0,1.0,0.02631578947368421,2.0,12.0,0.0,1.0,1.0,0.02631578947368421,2.0,11.0,0.0,1.0,1.0,0.02631578947368421,2.0,11.0,0.0,0.0,0.0,0.42105263157894735,13.0,16.5,0.0,1.0,1.0,0.02631578947368421,2.0,11.5,0.0,1.0,1.0,0.02631578947368421,2.0,11.0,0.0,0.0,0.0,0.21052631578947367,7.0,13.5,1.0,1.0,1.0,0.0,1.0,1.0,0.0,0.0,0.0,0.3684210526315789,12.0,16.0,1.0,1.0,1.0,0.0,1.0,1.0,0.0,0.0,0.0,0.3684210526315789,12.0,16.0,1.0,1.0,1.0,0.0,1.0,1.0
JacksonCore,20,1.0,1.0,1.0,0.0,1.0,1.0,1.0,1.0,1.0,0.0,1.0,1.0,1.0,1.0,1.0,0.0,1.0,1.0,1.0,1.0,1.0,0.0,1.0,1.0,1.0,1.0,1.0,0.0,1.0,1.0,1.0,1.0,1.0,0.0,1.0,1.0,1.0,1.0,1.0,0.0,1.0,1.0,1.0,1.0,1.0,0.0,1.0,1.0,1.0,1.0,1.0,0.0,1.0,1.0,1.0,1.0,1.0,0.0,1.0,1.0,1.0,1.0,1.0,0.0,1.0,1.0,0.0,1.0,1.0,0.25,2.0,2.0,1.0,1.0,1.0,0.0,1.0,1.0,1.0,1.0,1.0,0.0,1.0,1.0,0.0,1.0,1.0,0.25,2.0,2.0
JacksonCore,21,1.0,1.0,1.0,0.0,1.0,1.0,0.0,0.0,0.0,0.24444444444444444,10.0,10.0,0.0,0.0,1.0,0.1111111111111111,5.0,5.0,1.0,1.0,1.0,0.0,1.0,1.0,0.0,1.0,1.0,0.022222222222222223,2.0,2.0,1.0,1.0,1.0,0.0,1.0,1.0,0.0,0.0,0.0,0.4888888888888889,15.0,15.0,1.0,1.0,1.0,0.0,1.0,1.0,0.0,1.0,1.0,0.022222222222222223,2.0,2.0,0.0,0.0,1.0,0.08888888888888889,4.0,4.0,1.0,1.0,1.0,0.0,1.0,1.0,0.0,1.0,1.0,0.2222222222222222,3.0,3.0,0.0,1.0,1.0,0.2222222222222222,3.0,3.0,1.0,1.0,1.0,0.0,1.0,1.0,0.0,0.0,1.0,0.24444444444444444,4.0,4.0
JacksonCore,22,1.0,1.0,1.0,0.0,1.0,1.0,0.0,0.0,0.0,0.46808510638297873,10.0,10.0,0.0,0.0,0.0,0.23404255319148937,6.0,6.0,0.0,1.0,1.0,0.0425531914893617,2.0,2.0,0.0,1.0,1.0,0.02127659574468085,2.0,2.0,1.0,1.0,1.0,0.0,1.0,1.0,0.0,0.0,0.0,0.5957446808510638,18.0,18.0,1.0,1.0,1.0,0.0,1.0,1.0,0.0,1.0,1.0,0.02127659574468085,2.0,2.0,0.0,1.0,1.0,0.06382978723404255,3.0,3.0,1.0,1.0,1.0,0.0,1.0,1.0,0.0,1.0,1.0,0.2127659574468085,3.0,3.0,0.0,0.0,1.0,0.2553191489361702,4.0,4.0,0.0,1.0,1.0,0.0425531914893617,3.0,3.0,0.0,0.0,0.0,0.46808510638297873,11.0,11.0
JacksonCore,23,1.0,1.0,1.0,0.0,1.0,1.0,0.0,1.0,1.0,0.2647058823529412,2.0,2.0,0.0,0.0,0.0,0.4117647058823529,7.0,7.0,1.0,1.0,1.0,0.0,1.0,1.0,0.0,1.0,1.0,0.029411764705882353,2.0,2.0,0.0,1.0,1.0,0.029411764705882353,2.0,2.0,0.0,1.0,1.0,0.2647058823529412,2.0,2.0,1.0,1.0,1.0,0.0,1.0,1.0,0.0,1.0,1.0,0.029411764705882353,2.0,2.0,0.0,0.0,0.0,0.47058823529411764,12.0,12.0,1.0,1.0,1.0,0.0,1.0,1.0,0.0,1.0,1.0,0.29411764705882354,3.0,3.0,0.0,1.0,1.0,0.058823529411764705,3.0,3.0,1.0,1.0,1.0,0.0,1.0,1.0,0.0,1.0,1.0,0.29411764705882354,3.0,3.0
JacksonCore,24,1.0,1.0,1.0,0.0,1.0,1.0,0.0,0.0,1.0,0.1,4.0,4.0,0.0,0.0,0.0,0.14,7.0,7.0,0.0,1.0,1.0,0.02,2.0,2.5,0.0,1.0,1.0,0.02,2.0,3.0,1.0,1.0,1.0,0.0,1.0,2.0,0.0,0.0,0.0,0.32,10.0,10.0,1.0,1.0,1.0,0.0,1.0,1.0,0.0,1.0,1.0,0.02,2.0,3.0,0.0,1.0,1.0,0.02,2.0,10.0,1.0,1.0,1.0,0.0,1.0,1.0,0.0,0.0,1.0,0.24,5.0,8.0,0.0,0.0,1.0,0.24,5.0,5.5,1.0,1.0,1.0,0.0,1.0,1.5,0.0,0.0,0.0,0.34,10.0,10.0
JacksonCore,25,1.0,1.0,1.0,0.0,1.0,1.0,0.0,0.0,0.0,0.5609756097560976,16.0,16.0,0.0,0.0,0.0,0.5609756097560976,14.0,14.0,1.0,1.0,1.0,0.0,1.0,1.0,0.0,1.0,1.0,0.024390243902439025,2.0,2.0,0.0,1.0,1.0,0.024390243902439025,2.0,2.0,0.0,0.0,0.0,0.5609756097560976,16.0,16.0,1.0,1.0,1.0,0.0,1.0,1.0,0.0,1.0,1.0,0.024390243902439025,2.0,2.0,0.0,0.0,0.0,0.34146341463414637,10.0,10.0,1.0,1.0,1.0,0.0,1.0,1.0,0.0,0.0,0.0,0.4878048780487805,12.0,12.0,0.0,1.0,1.0,0.04878048780487805,3.0,3.0,1.0,1.0,1.0,0.0,1.0,1.0,0.0,0.0,0.0,0.4878048780487805,12.0,12.0
JacksonCore,26,1.0,1.0,1.0,0.0,1.0,1.0,0.0,0.0,0.0,0.4772727272727273,13.0,13.0,0.0,1.0,1.0,0.022727272727272728,2.0,2.0,0.0,1.0,1.0,0.022727272727272728,2.0,2.0,0.0,1.0,1.0,0.022727272727272728,2.0,2.0,0.0,1.0,1.0,0.022727272727272728,2.0,2.0,0.0,0.0,0.0,0.4772727272727273,13.0,13.0,1.0,1.0,1.0,0.0,1.0,1.0,0.0,1.0,1.0,0.022727272727272728,2.0,2.0,1.0,1.0,1.0,0.0,1.0,1.0,1.0,1.0,1.0,0.0,1.0,1.0,0.0,0.0,0.0,0.4772727272727273,12.0,12.0,0.0,1.0,1.0,0.06818181818181818,3.0,3.0,1.0,1.0,1.0,0.0,1.0,1.0,0.0,0.0,0.0,0.4772727272727273,12.0,12.0
Gson,1,0.0,0.0,0.0,0.09523809523809523,7.0,7.0,0.0,0.0,0.0,0.09523809523809523,7.0,7.0,0.0,0.0,0.0,0.09523809523809523,7.0,7.0,0.0,0.0,0.0,0.09523809523809523,7.0,7.0,0.0,0.0,0.0,0.09523809523809523,7.0,7.0,0.0,0.0,0.0,0.09523809523809523,7.0,7.0,0.0,0.0,0.0,0.09523809523809523,7.0,7.0,0.0,0.0,0.0,0.09523809523809523,7.0,7.0,0.0,0.0,0.0,0.09523809523809523,7.0,7.0,0.0,0.0,0.0,0.09523809523809523,7.0,7.0,1.0,1.0,1.0,0.0,1.0,1.0,0.0,0.0,0.0,0.10714285714285714,8.0,8.0,1.0,1.0,1.0,0.0,1.0,1.0,0.0,0.0,0.0,0.10714285714285714,8.0,8.0,1.0,1.0,1.0,0.0,1.0,1.0
Gson,2,1.0,1.0,1.0,0.0,1.0,1.0,1.0,1.0,1.0,0.0,1.0,1.0,1.0,1.0,1.0,0.0,1.0,1.0,1.0,1.0,1.0,0.0,1.0,1.0,1.0,1.0,1.0,0.0,1.0,1.0,1.0,1.0,1.0,0.0,1.0,1.0,1.0,1.0,1.0,0.0,1.0,1.0,1.0,1.0,1.0,0.0,1.0,1.0,1.0,1.0,1.0,0.0,1.0,1.0,1.0,1.0,1.0,0.0,1.0,1.0,1.0,1.0,1.0,0.0,1.0,1.0,1.0,1.0,1.0,0.0,1.0,1.0,1.0,1.0,1.0,0.0,1.0,1.0,1.0,1.0,1.0,0.0,1.0,1.0,1.0,1.0,1.0,0.0,1.0,1.0
Gson,3,1.0,1.0,1.0,0.0,1.0,1.0,1.0,1.0,1.0,0.0,1.0,1.0,1.0,1.0,1.0,0.0,1.0,1.0,0.0,1.0,1.0,0.0425531914893617,3.0,3.0,1.0,1.0,1.0,0.0,1.0,1.0,1.0,1.0,1.0,0.0,1.0,1.0,0.0,0.0,0.0,0.1702127659574468,8.0,8.0,1.0,1.0,1.0,0.0,1.0,1.0,1.0,1.0,1.0,0.0,1.0,1.0,0.0,0.0,0.0,0.1702127659574468,8.0,8.0,1.0,1.0,1.0,0.0,1.0,1.0,1.0,1.0,1.0,0.0,1.0,1.0,1.0,1.0,1.0,0.0,1.0,1.0,1.0,1.0,1.0,0.0,1.0,1.0,1.0,1.0,1.0,0.0,1.0,1.0
Gson,4,1.0,1.0,1.0,0.0,1.0,2.0,1.0,1.0,1.0,0.0,1.0,2.0,1.0,1.0,1.0,0.0,1.0,2.0,1.0,1.0,1.0,0.0,1.0,2.0,1.0,1.0,1.0,0.0,1.0,2.0,1.0,1.0,1.0,0.0,1.0,2.0,1.0,1.0,1.0,0.0,1.0,2.5,1.0,1.0,1.0,0.0,1.0,2.0,1.0,1.0,1.0,0.0,1.0,2.0,1.0,1.0,1.0,0.0,1.0,2.0,1.0,1.0,1.0,0.0,1.0,1.0,1.0,1.0,1.0,0.0,1.0,2.0,1.0,1.0,1.0,0.0,1.0,1.0,1.0,1.0,1.0,0.0,1.0,2.0,1.0,1.0,1.0,0.0,1.0,1.5
Gson,5,1.0,1.0,1.0,0.0,1.0,1.0,1.0,1.0,1.0,0.0,1.0,1.0,1.0,1.0,1.0,0.0,1.0,1.0,1.0,1.0,1.0,0.0,1.0,1.0,1.0,1.0,1.0,0.0,1.0,1.0,1.0,1.0,1.0,0.0,1.0,1.0,1.0,1.0,1.0,0.0,1.0,1.0,1.0,1.0,1.0,0.0,1.0,1.0,1.0,1.0,1.0,0.0,1.0,1.0,1.0,1.0,1.0,0.0,1.0,1.0,1.0,1.0,1.0,0.0,1.0,1.0,1.0,1.0,1.0,0.0,1.0,1.0,1.0,1.0,1.0,0.0,1.0,1.0,1.0,1.0,1.0,0.0,1.0,1.0,1.0,1.0,1.0,0.0,1.0,1.0
Gson,6,1.0,1.0,1.0,0.0,1.0,1.0,1.0,1.0,1.0,0.0,1.0,1.0,1.0,1.0,1.0,0.0,1.0,1.0,1.0,1.0,1.0,0.0,1.0,1.0,1.0,1.0,1.0,0.0,1.0,1.0,1.0,1.0,1.0,0.0,1.0,1.0,1.0,1.0,1.0,0.0,1.0,1.0,1.0,1.0,1.0,0.0,1.0,1.0,1.0,1.0,1.0,0.0,1.0,1.0,1.0,1.0,1.0,0.0,1.0,1.0,0.0,1.0,1.0,0.9183673469387755,2.0,2.0,1.0,1.0,1.0,0.0,1.0,1.0,0.0,1.0,1.0,0.9183673469387755,2.0,2.0,1.0,1.0,1.0,0.0,1.0,1.0,0.0,0.0,0.0,0.6938775510204082,6.0,6.0
Gson,7,0.0,1.0,1.0,0.021739130434782608,2.0,2.0,0.0,1.0,1.0,0.021739130434782608,2.0,2.0,0.0,1.0,1.0,0.021739130434782608,2.0,2.0,0.0,1.0,1.0,0.021739130434782608,2.0,2.0,0.0,1.0,1.0,0.021739130434782608,2.0,2.0,0.0,1.0,1.0,0.021739130434782608,2.0,2.0,1.0,1.0,1.0,0.0,1.0,1.0,0.0,1.0,1.0,0.021739130434782608,2.0,2.0,0.0,1.0,1.0,0.021739130434782608,2.0,2.0,1.0,1.0,1.0,0.0,1.0,1.0,1.0,1.0,1.0,0.0,1.0,1.0,0.0,1.0,1.0,0.021739130434782608,2.0,2.0,1.0,1.0,1.0,0.0,1.0,1.0,0.0,1.0,1.0,0.021739130434782608,2.0,2.0,1.0,1.0,1.0,0.0,1.0,1.0
Gson,8,1.0,1.0,1.0,0.0,1.0,1.0,1.0,1.0,1.0,0.0,1.0,1.0,1.0,1.0,1.0,0.0,1.0,1.0,1.0,1.0,1.0,0.0,1.0,1.0,1.0,1.0,1.0,0.0,1.0,1.0,1.0,1.0,1.0,0.0,1.0,1.0,1.0,1.0,1.0,0.0,1.0,1.0,1.0,1.0,1.0,0.0,1.0,1.0,1.0,1.0,1.0,0.0,1.0,1.0,1.0,1.0,1.0,0.0,1.0,1.0,1.0,1.0,1.0,0.0,1.0,1.0,1.0,1.0,1.0,0.0,1.0,1.0,1.0,1.0,1.0,0.0,1.0,1.0,1.0,1.0,1.0,0.0,1.0,1.0,1.0,1.0,1.0,0.0,1.0,1.0
Gson,9,0.0,0.0,0.0,,,,0.0,0.0,0.0,,,,0.0,0.0,0.0,,,,0.0,0.0,0.0,,,,0.0,0.0,0.0,,,,0.0,0.0,0.0,,,,0.0,0.0,0.0,,,,0.0,0.0,0.0,,,,0.0,0.0,0.0,,,,0.0,0.0,0.0,,,,0.0,0.0,0.0,,,,0.0,0.0,0.0,,,,0.0,0.0,0.0,,,,0.0,0.0,0.0,,,,0.0,0.0,0.0,,,
Gson,10,0.0,0.0,0.0,0.10204081632653061,6.0,6.0,0.0,0.0,0.0,0.10204081632653061,6.0,6.0,0.0,0.0,0.0,0.10204081632653061,6.0,6.0,0.0,0.0,0.0,0.10204081632653061,6.0,6.0,0.0,0.0,0.0,0.10204081632653061,6.0,6.0,0.0,0.0,0.0,0.10204081632653061,6.0,6.0,0.0,0.0,0.0,0.10204081632653061,6.0,6.0,0.0,0.0,0.0,0.10204081632653061,6.0,6.0,0.0,0.0,0.0,0.10204081632653061,6.0,6.0,0.0,0.0,0.0,0.10204081632653061,6.0,6.0,1.0,1.0,1.0,0.0,1.0,1.0,0.0,0.0,0.0,0.10204081632653061,6.0,6.0,1.0,1.0,1.0,0.0,1.0,1.0,0.0,0.0,0.0,0.10204081632653061,6.0,6.0,0.0,0.0,0.0,0.8775510204081632,14.0,14.0
Gson,11,0.0,0.0,0.0,,,,0.0,0.0,0.0,,,,0.0,0.0,0.0,,,,0.0,0.0,0.0,,,,0.0,0.0,0.0,,,,0.0,0.0,0.0,,,,0.0,0.0,0.0,,,,0.0,0.0,0.0,,,,0.0,0.0,0.0,,,,0.0,0.0,0.0,,,,0.0,0.0,0.0,,,,0.0,0.0,0.0,,,,0.0,0.0,0.0,,,,0.0,0.0,0.0,,,,0.0,0.0,0.0,,,
Gson,12,0.0,1.0,1.0,0.11764705882352941,3.0,3.0,0.0,1.0,1.0,0.058823529411764705,2.0,2.0,0.0,1.0,1.0,0.058823529411764705,2.0,2.0,1.0,1.0,1.0,0.0,1.0,1.0,0.0,1.0,1.0,0.058823529411764705,2.0,2.0,0.0,1.0,1.0,0.058823529411764705,2.0,2.0,1.0,1.0,1.0,0.0,1.0,1.0,0.0,1.0,1.0,0.11764705882352941,3.0,3.0,0.0,1.0,1.0,0.058823529411764705,2.0,2.0,1.0,1.0,1.0,0.0,1.0,1.0,1.0,1.0,1.0,0.0,1.0,1.0,0.0,1.0,1.0,0.058823529411764705,2.0,2.0,0.0,1.0,1.0,0.058823529411764705,2.0,2.0,0.0,1.0,1.0,0.058823529411764705,2.0,2.0,0.0,1.0,1.0,0.058823529411764705,2.0,2.0
Gson,13,1.0,1.0,1.0,0.0,1.0,1.0,1.0,1.0,1.0,0.0,1.0,1.0,1.0,1.0,1.0,0.0,1.0,1.0,1.0,1.0,1.0,0.0,1.0,1.0,1.0,1.0,1.0,0.0,1.0,1.0,1.0,1.0,1.0,0.0,1.0,1.0,1.0,1.0,1.0,0.0,1.0,1.0,1.0,1.0,1.0,0.0,1.0,1.0,1.0,1.0,1.0,0.0,1.0,1.0,1.0,1.0,1.0,0.0,1.0,1.0,1.0,1.0,1.0,0.0,1.0,1.0,1.0,1.0,1.0,0.0,1.0,1.0,1.0,1.0,1.0,0.0,1.0,1.0,1.0,1.0,1.0,0.0,1.0,1.0,1.0,1.0,1.0,0.0,1.0,1.0
Gson,14,1.0,1.0,1.0,0.0,1.0,1.0,1.0,1.0,1.0,0.0,1.0,1.0,1.0,1.0,1.0,0.0,1.0,1.0,0.0,1.0,1.0,0.02040816326530612,2.0,2.0,1.0,1.0,1.0,0.0,1.0,1.0,1.0,1.0,1.0,0.0,1.0,1.0,0.0,1.0,1.0,0.02040816326530612,2.0,2.0,1.0,1.0,1.0,0.0,1.0,1.0,1.0,1.0,1.0,0.0,1.0,1.0,0.0,1.0,1.0,0.02040816326530612,2.0,2.0,1.0,1.0,1.0,0.0,1.0,1.0,1.0,1.0,1.0,0.0,1.0,1.0,1.0,1.0,1.0,0.0,1.0,1.0,0.0,1.0,1.0,0.02040816326530612,2.0,2.0,0.0,1.0,1.0,0.02040816326530612,2.0,2.0
Gson,15,1.0,1.0,1.0,0.0,1.0,1.0,1.0,1.0,1.0,0.0,1.0,1.0,1.0,1.0,1.0,0.0,1.0,1.0,1.0,1.0,1.0,0.0,1.0,1.0,1.0,1.0,1.0,0.0,1.0,1.0,1.0,1.0,1.0,0.0,1.0,1.0,1.0,1.0,1.0,0.0,1.0,1.0,1.0,1.0,1.0,0.0,1.0,1.0,1.0,1.0,1.0,0.0,1.0,1.0,1.0,1.0,1.0,0.0,1.0,1.0,1.0,1.0,1.0,0.0,1.0,1.0,1.0,1.0,1.0,0.0,1.0,1.0,1.0,1.0,1.0,0.0,1.0,1.0,1.0,1.0,1.0,0.0,1.0,1.0,1.0,1.0,1.0,0.0,1.0,1.0
Gson,16,0.0,1.0,1.0,0.041666666666666664,3.0,3.0,0.0,1.0,1.0,0.041666666666666664,3.0,3.0,0.0,1.0,1.0,0.041666666666666664,3.0,3.0,0.0,1.0,1.0,0.041666666666666664,3.0,3.0,0.0,1.0,1.0,0.041666666666666664,3.0,3.0,0.0,1.0,1.0,0.041666666666666664,3.0,3.0,0.0,1.0,1.0,0.041666666666666664,3.0,3.0,0.0,1.0,1.0,0.041666666666666664,3.0,3.0,0.0,1.0,1.0,0.041666666666666664,3.0,3.0,0.0,1.0,1.0,0.041666666666666664,3.0,3.0,1.0,1.0,1.0,0.0,1.0,1.0,0.0,1.0,1.0,0.041666666666666664,3.0,3.0,1.0,1.0,1.0,0.0,1.0,1.0,0.0,1.0,1.0,0.041666666666666664,3.0,3.0,1.0,1.0,1.0,0.0,1.0,1.0
Gson,17,0.0,1.0,1.0,0.09090909090909091,2.0,2.0,0.0,1.0,1.0,0.09090909090909091,2.0,2.0,0.0,1.0,1.0,0.09090909090909091,2.0,2.0,0.0,1.0,1.0,0.09090909090909091,2.0,2.0,0.0,1.0,1.0,0.09090909090909091,2.0,2.0,0.0,1.0,1.0,0.09090909090909091,2.0,2.0,0.0,1.0,1.0,0.09090909090909091,2.0,2.0,0.0,1.0,1.0,0.09090909090909091,2.0,2.0,0.0,1.0,1.0,0.09090909090909091,2.0,2.0,0.0,1.0,1.0,0.09090909090909091,2.0,2.0,1.0,1.0,1.0,0.0,1.0,1.0,0.0,1.0,1.0,0.09090909090909091,2.0,2.0,1.0,1.0,1.0,0.0,1.0,1.0,0.0,1.0,1.0,0.09090909090909091,2.0,2.0,0.0,1.0,1.0,0.09090909090909091,2.0,2.0
Gson,18,0.0,0.0,0.0,0.14285714285714285,7.0,7.0,0.0,0.0,0.0,0.14285714285714285,7.0,7.0,0.0,0.0,0.0,0.14285714285714285,7.0,7.0,0.0,0.0,0.0,0.14285714285714285,7.0,7.0,0.0,0.0,0.0,0.14285714285714285,7.0,7.0,0.0,0.0,0.0,0.14285714285714285,7.0,7.0,0.0,0.0,0.0,0.14285714285714285,7.0,7.0,0.0,0.0,0.0,0.14285714285714285,7.0,7.0,0.0,0.0,0.0,0.14285714285714285,7.0,7.0,0.0,0.0,0.0,0.14285714285714285,7.0,7.0,1.0,1.0,1.0,0.0,1.0,1.0,0.0,0.0,0.0,0.14285714285714285,7.0,7.0,1.0,1.0,1.0,0.0,1.0,1.0,0.0,0.0,0.0,0.14285714285714285,7.0,7.0,1.0,1.0,1.0,0.0,1.0,1.0
Compress,1,1.0,1.0,1.0,0.0,1.0,1.0,1.0,1.0,1.0,0.0,1.0,1.0,1.0,1.0,1.0,0.0,1.0,1.0,1.0,1.0,1.0,0.0,1.0,1.0,1.0,1.0,1.0,0.0,1.0,1.0,1.0,1.0,1.0,0.0,1.0,1.0,1.0,1.0,1.0,0.0,1.0,1.0,1.0,1.0,1.0,0.0,1.0,1.0,1.0,1.0,1.0,0.0,1.0,1.0,1.0,1.0,1.0,0.0,1.0,1.0,1.0,1.0,1.0,0.0,1.0,1.0,1.0,1.0,1.0,0.0,1.0,1.0,1.0,1.0,1.0,0.0,1.0,1.0,1.0,1.0,1.0,0.0,1.0,1.0,1.0,1.0,1.0,0.0,1.0,1.0
Compress,2,1.0,1.0,1.0,0.0,1.0,1.0,1.0,1.0,1.0,0.0,1.0,1.0,1.0,1.0,1.0,0.0,1.0,1.0,1.0,1.0,1.0,0.0,1.0,1.0,1.0,1.0,1.0,0.0,1.0,1.0,1.0,1.0,1.0,0.0,1.0,1.0,1.0,1.0,1.0,0.0,1.0,1.0,1.0,1.0,1.0,0.0,1.0,1.0,1.0,1.0,1.0,0.0,1.0,1.0,1.0,1.0,1.0,0.0,1.0,1.0,1.0,1.0,1.0,0.0,1.0,1.0,1.0,1.0,1.0,0.0,1.0,1.0,1.0,1.0,1.0,0.0,1.0,1.0,1.0,1.0,1.0,0.0,1.0,1.0,1.0,1.0,1.0,0.0,1.0,1.0
Compress,3,0.0,0.0,1.0,0.17647058823529413,4.0,4.0,0.0,1.0,1.0,0.14705882352941177,3.0,3.0,0.0,0.0,1.0,0.17647058823529413,4.0,4.0,0.0,1.0,1.0,0.14705882352941177,3.0,3.0,0.0,0.0,1.0,0.17647058823529413,4.0,4.0,0.0,0.0,1.0,0.17647058823529413,4.0,4.0,0.0,0.0,1.0,0.17647058823529413,4.0,4.0,0.0,0.0,1.0,0.17647058823529413,4.0,4.0,0.0,0.0,1.0,0.17647058823529413,4.0,4.0,0.0,0.0,1.0,0.17647058823529413,4.0,4.0,1.0,1.0,1.0,0.0,1.0,1.0,0.0,0.0,1.0,0.17647058823529413,4.0,4.0,0.0,1.0,1.0,0.029411764705882353,2.0,2.0,0.0,0.0,1.0,0.17647058823529413,4.0,4.0,0.0,1.0,1.0,0.08823529411764706,3.0,3.0
Compress,4,0.0,1.0,1.0,0.030303030303030304,2.0,13.333333333333334,1.0,1.0,1.0,0.0,1.0,11.0,0.0,1.0,1.0,0.030303030303030304,2.0,12.666666666666666,0.0,1.0,1.0,0.06060606060606061,2.0,12.0,0.0,1.0,1.0,0.030303030303030304,2.0,12.666666666666666,0.0,1.0,1.0,0.030303030303030304,2.0,12.666666666666666,0.0,1.0,1.0,0.09090909090909091,3.0,11.0,0.0,1.0,1.0,0.030303030303030304,2.0,12.0,0.0,1.0,1.0,0.030303030303030304,2.0,12.666666666666666,0.0,1.0,1.0,0.06060606060606061,3.0,12.333333333333334,1.0,1.0,1.0,0.0,1.0,1.0,0.0,1.0,1.0,0.030303030303030304,2.0,12.0,0.0,1.0,1.0,0.06060606060606061,3.0,7.0,0.0,0.0,1.0,0.12121212121212122,4.0,13.333333333333334,0.0,1.0,1.0,0.09090909090909091,3.0,10.333333333333334
Compress,5,1.0,1.0,1.0,0.0,1.0,1.0,1.0,1.0,1.0,0.0,1.0,1.0,1.0,1.0,1.0,0.0,1.0,1.0,1.0,1.0,1.0,0.0,1.0,1.0,1.0,1.0,1.0,0.0,1.0,1.0,1.0,1.0,1.0,0.0,1.0,1.0,1.0,1.0,1.0,0.0,1.0,1.0,1.0,1.0,1.0,0.0,1.0,1.0,1.0,1.0,1.0,0.0,1.0,1.0,1.0,1.0,1.0,0.0,1.0,1.0,1.0,1.0,1.0,0.0,1.0,1.0,1.0,1.0,1.0,0.0,1.0,1.0,1.0,1.0,1.0,0.0,1.0,1.0,1.0,1.0,1.0,0.0,1.0,1.0,0.0,0.0,1.0,0.9333333333333333,4.0,4.0
Compress,6,1.0,1.0,1.0,0.0,1.0,1.0,1.0,1.0,1.0,0.0,1.0,1.0,1.0,1.0,1.0,0.0,1.0,1.0,1.0,1.0,1.0,0.0,1.0,1.0,1.0,1.0,1.0,0.0,1.0,1.0,1.0,1.0,1.0,0.0,1.0,1.0,1.0,1.0,1.0,0.0,1.0,1.0,1.0,1.0,1.0,0.0,1.0,1.0,1.0,1.0,1.0,0.0,1.0,1.0,1.0,1.0,1.0,0.0,1.0,1.0,1.0,1.0,1.0,0.0,1.0,1.0,1.0,1.0,1.0,0.0,1.0,1.0,1.0,1.0,1.0,0.0,1.0,1.0,1.0,1.0,1.0,0.0,1.0,1.0,1.0,1.0,1.0,0.0,1.0,1.0
Compress,7,1.0,1.0,1.0,0.0,1.0,1.0,1.0,1.0,1.0,0.0,1.0,1.0,1.0,1.0,1.0,0.0,1.0,1.0,1.0,1.0,1.0,0.0,1.0,1.0,1.0,1.0,1.0,0.0,1.0,1.0,1.0,1.0,1.0,0.0,1.0,1.0,1.0,1.0,1.0,0.0,1.0,1.0,1.0,1.0,1.0,0.0,1.0,1.0,1.0,1.0,1.0,0.0,1.0,1.0,1.0,1.0,1.0,0.0,1.0,1.0,1.0,1.0,1.0,0.0,1.0,1.0,1.0,1.0,1.0,0.0,1.0,1.0,1.0,1.0,1.0,0.0,1.0,1.0,1.0,1.0,1.0,0.0,1.0,1.0,1.0,1.0,1.0,0.0,1.0,1.0
Compress,8,1.0,1.0,1.0,0.0,1.0,1.0,1.0,1.0,1.0,0.0,1.0,1.0,1.0,1.0,1.0,0.0,1.0,1.0,1.0,1.0,1.0,0.0,1.0,1.0,1.0,1.0,1.0,0.0,1.0,1.0,1.0,1.0,1.0,0.0,1.0,1.0,1.0,1.0,1.0,0.0,1.0,1.0,1.0,1.0,1.0,0.0,1.0,1.0,1.0,1.0,1.0,0.0,1.0,1.0,1.0,1.0,1.0,0.0,1.0,1.0,1.0,1.0,1.0,0.0,1.0,1.0,1.0,1.0,1.0,0.0,1.0,1.0,1.0,1.0,1.0,0.0,1.0,1.0,1.0,1.0,1.0,0.0,1.0,1.0,1.0,1.0,1.0,0.0,1.0,1.0
Compress,9,1.0,1.0,1.0,0.0,1.0,1.0,1.0,1.0,1.0,0.0,1.0,1.0,1.0,1.0,1.0,0.0,1.0,1.0,1.0,1.0,1.0,0.0,1.0,1.0,1.0,1.0,1.0,0.0,1.0,1.0,1.0,1.0,1.0,0.0,1.0,1.0,1.0,1.0,1.0,0.0,1.0,1.0,1.0,1.0,1.0,0.0,1.0,1.0,1.0,1.0,1.0,0.0,1.0,1.0,1.0,1.0,1.0,0.0,1.0,1.0,1.0,1.0,1.0,0.0,1.0,1.0,0.0,0.0,0.0,,,,1.0,1.0,1.0,0.0,1.0,1.0,0.0,0.0,0.0,,,,1.0,1.0,1.0,0.0,1.0,1.0
Compress,10,0.0,1.0,1.0,0.022222222222222223,2.0,2.0,0.0,1.0,1.0,0.022222222222222223,2.0,2.0,0.0,1.0,1.0,0.022222222222222223,2.0,2.0,0.0,1.0,1.0,0.022222222222222223,2.0,2.0,0.0,1.0,1.0,0.022222222222222223,2.0,2.0,0.0,1.0,1.0,0.022222222222222223,2.0,2.0,0.0,1.0,1.0,0.022222222222222223,2.0,2.0,0.0,1.0,1.0,0.022222222222222223,2.0,2.0,0.0,1.0,1.0,0.022222222222222223,2.0,2.0,0.0,1.0,1.0,0.022222222222222223,2.0,2.0,1.0,1.0,1.0,0.0,1.0,1.0,0.0,1.0,1.0,0.022222222222222223,2.0,2.0,1.0,1.0,1.0,0.0,1.0,1.0,0.0,1.0,1.0,0.022222222222222223,2.0,2.0,0.0,1.0,1.0,0.022222222222222223,2.0,2.0
Compress,11,1.0,1.0,1.0,0.0,1.0,1.0,1.0,1.0,1.0,0.0,1.0,1.0,1.0,1.0,1.0,0.0,1.0,1.0,1.0,1.0,1.0,0.0,1.0,1.0,1.0,1.0,1.0,0.0,1.0,1.0,1.0,1.0,1.0,0.0,1.0,1.0,0.0,1.0,1.0,0.76,3.0,3.0,1.0,1.0,1.0,0.0,1.0,1.0,1.0,1.0,1.0,0.0,1.0,1.0,1.0,1.0,1.0,0.0,1.0,1.0,1.0,1.0,1.0,0.0,1.0,1.0,0.0,0.0,0.0,,,,1.0,1.0,1.0,0.0,1.0,1.0,0.0,0.0,0.0,,,,0.0,1.0,1.0,0.76,3.0,3.0
Compress,12,0.0,1.0,1.0,0.045454545454545456,2.0,2.0,0.0,1.0,1.0,0.045454545454545456,2.0,2.0,0.0,1.0,1.0,0.045454545454545456,2.0,2.0,0.0,1.0,1.0,0.045454545454545456,2.0,2.0,0.0,1.0,1.0,0.045454545454545456,2.0,2.0,0.0,1.0,1.0,0.045454545454545456,2.0,2.0,0.0,1.0,1.0,0.045454545454545456,2.0,2.0,0.0,1.0,1.0,0.045454545454545456,2.0,2.0,0.0,1.0,1.0,0.045454545454545456,2.0,2.0,0.0,1.0,1.0,0.045454545454545456,2.0,2.0,1.0,1.0,1.0,0.0,1.0,1.0,0.0,1.0,1.0,0.045454545454545456,2.0,2.0,0.0,1.0,1.0,0.045454545454545456,2.0,2.0,0.0,1.0,1.0,0.045454545454545456,2.0,2.0,0.0,1.0,1.0,0.045454545454545456,2.0,2.0
Compress,13,0.0,0.0,0.0,0.29411764705882354,9.0,9.0,0.0,0.0,0.0,0.2647058823529412,8.0,8.0,0.0,0.0,0.0,0.3235294117647059,10.0,10.0,0.0,0.0,0.0,0.2647058823529412,7.0,7.0,0.0,0.0,0.0,0.2647058823529412,9.0,9.0,0.0,0.0,0.0,0.2647058823529412,9.0,9.0,0.0,0.0,0.0,0.14705882352941177,6.0,6.0,0.0,0.0,0.0,0.3235294117647059,9.0,9.0,0.0,0.0,0.0,0.2647058823529412,9.0,9.0,0.0,0.0,0.0,0.14705882352941177,6.0,6.0,1.0,1.0,1.0,0.0,1.0,1.0,0.0,0.0,0.0,0.23529411764705882,8.0,8.0,1.0,1.0,1.0,0.0,1.0,1.0,0.0,0.0,0.0,0.2647058823529412,9.0,9.0,1.0,1.0,1.0,0.0,1.0,1.0
Compress,14,1.0,1.0,1.0,0.0,1.0,1.0,1.0,1.0,1.0,0.0,1.0,1.0,1.0,1.0,1.0,0.0,1.0,1.0,1.0,1.0,1.0,0.0,1.0,1.0,1.0,1.0,1.0,0.0,1.0,1.0,1.0,1.0,1.0,0.0,1.0,1.0,1.0,1.0,1.0,0.0,1.0,1.0,1.0,1.0,1.0,0.0,1.0,1.0,1.0,1.0,1.0,0.0,1.0,1.0,1.0,1.0,1.0,0.0,1.0,1.0,1.0,1.0,1.0,0.0,1.0,1.0,1.0,1.0,1.0,0.0,1.0,1.0,1.0,1.0,1.0,0.0,1.0,1.0,1.0,1.0,1.0,0.0,1.0,1.0,1.0,1.0,1.0,0.0,1.0,1.0
Compress,15,1.0,1.0,1.0,0.0,1.0,1.0,1.0,1.0,1.0,0.0,1.0,1.0,1.0,1.0,1.0,0.0,1.0,1.0,1.0,1.0,1.0,0.0,1.0,1.0,1.0,1.0,1.0,0.0,1.0,1.0,1.0,1.0,1.0,0.0,1.0,1.0,1.0,1.0,1.0,0.0,1.0,1.0,1.0,1.0,1.0,0.0,1.0,1.0,1.0,1.0,1.0,0.0,1.0,1.0,1.0,1.0,1.0,0.0,1.0,1.0,1.0,1.0,1.0,0.0,1.0,1.0,1.0,1.0,1.0,0.0,1.0,1.0,1.0,1.0,1.0,0.0,1.0,1.0,1.0,1.0,1.0,0.0,1.0,1.0,1.0,1.0,1.0,0.0,1.0,1.0
Compress,16,0.0,0.0,0.0,0.3333333333333333,10.0,10.0,0.0,0.0,0.0,0.3333333333333333,10.0,10.0,0.0,0.0,0.0,0.3333333333333333,10.0,10.0,0.0,0.0,0.0,0.3333333333333333,10.0,10.0,0.0,0.0,0.0,0.3333333333333333,10.0,10.0,0.0,0.0,0.0,0.3333333333333333,10.0,10.0,0.0,0.0,0.0,0.3333333333333333,10.0,10.0,0.0,0.0,0.0,0.3333333333333333,10.0,10.0,0.0,0.0,0.0,0.3333333333333333,10.0,10.0,0.0,0.0,0.0,0.3333333333333333,10.0,10.0,1.0,1.0,1.0,0.0,1.0,1.0,0.0,0.0,0.0,0.30303030303030304,10.0,10.0,1.0,1.0,1.0,0.0,1.0,1.0,0.0,0.0,0.0,0.30303030303030304,10.0,10.0,0.0,0.0,0.0,0.9090909090909091,9.0,9.0
Compress,17,1.0,1.0,1.0,0.0,1.0,1.0,1.0,1.0,1.0,0.0,1.0,1.0,1.0,1.0,1.0,0.0,1.0,1.0,1.0,1.0,1.0,0.0,1.0,1.0,1.0,1.0,1.0,0.0,1.0,1.0,1.0,1.0,1.0,0.0,1.0,1.0,1.0,1.0,1.0,0.0,1.0,1.0,1.0,1.0,1.0,0.0,1.0,1.0,1.0,1.0,1.0,0.0,1.0,1.0,1.0,1.0,1.0,0.0,1.0,1.0,1.0,1.0,1.0,0.0,1.0,1.0,1.0,1.0,1.0,0.0,1.0,1.0,1.0,1.0,1.0,0.0,1.0,1.0,1.0,1.0,1.0,0.0,1.0,1.0,1.0,1.0,1.0,0.0,1.0,1.0
Compress,18,1.0,1.0,1.0,0.0,1.0,1.0,1.0,1.0,1.0,0.0,1.0,1.0,1.0,1.0,1.0,0.0,1.0,1.0,1.0,1.0,1.0,0.0,1.0,1.0,1.0,1.0,1.0,0.0,1.0,1.0,1.0,1.0,1.0,0.0,1.0,1.0,1.0,1.0,1.0,0.0,1.0,1.0,1.0,1.0,1.0,0.0,1.0,1.0,1.0,1.0,1.0,0.0,1.0,1.0,1.0,1.0,1.0,0.0,1.0,1.0,1.0,1.0,1.0,0.0,1.0,1.0,1.0,1.0,1.0,0.0,1.0,1.0,1.0,1.0,1.0,0.0,1.0,1.0,1.0,1.0,1.0,0.0,1.0,1.0,1.0,1.0,1.0,0.0,1.0,1.0
Compress,19,1.0,1.0,1.0,0.0,1.0,1.0,1.0,1.0,1.0,0.0,1.0,1.0,1.0,1.0,1.0,0.0,1.0,1.0,1.0,1.0,1.0,0.0,1.0,1.0,1.0,1.0,1.0,0.0,1.0,1.0,1.0,1.0,1.0,0.0,1.0,1.0,1.0,1.0,1.0,0.0,1.0,1.0,1.0,1.0,1.0,0.0,1.0,1.0,1.0,1.0,1.0,0.0,1.0,1.0,1.0,1.0,1.0,0.0,1.0,1.0,1.0,1.0,1.0,0.0,1.0,1.0,1.0,1.0,1.0,0.0,1.0,1.0,1.0,1.0,1.0,0.0,1.0,1.0,1.0,1.0,1.0,0.0,1.0,1.0,1.0,1.0,1.0,0.0,1.0,1.0
Compress,20,1.0,1.0,1.0,0.0,1.0,1.0,1.0,1.0,1.0,0.0,1.0,1.0,1.0,1.0,1.0,0.0,1.0,1.0,1.0,1.0,1.0,0.0,1.0,1.0,1.0,1.0,1.0,0.0,1.0,1.0,1.0,1.0,1.0,0.0,1.0,1.0,1.0,1.0,1.0,0.0,1.0,1.0,1.0,1.0,1.0,0.0,1.0,1.0,1.0,1.0,1.0,0.0,1.0,1.0,1.0,1.0,1.0,0.0,1.0,1.0,1.0,1.0,1.0,0.0,1.0,1.0,1.0,1.0,1.0,0.0,1.0,1.0,1.0,1.0,1.0,0.0,1.0,1.0,1.0,1.0,1.0,0.0,1.0,1.0,1.0,1.0,1.0,0.0,1.0,1.0
Compress,21,1.0,1.0,1.0,0.0,1.0,1.0,1.0,1.0,1.0,0.0,1.0,1.0,1.0,1.0,1.0,0.0,1.0,1.0,1.0,1.0,1.0,0.0,1.0,1.0,1.0,1.0,1.0,0.0,1.0,1.0,1.0,1.0,1.0,0.0,1.0,1.0,1.0,1.0,1.0,0.0,1.0,1.0,1.0,1.0,1.0,0.0,1.0,1.0,1.0,1.0,1.0,0.0,1.0,1.0,1.0,1.0,1.0,0.0,1.0,1.0,1.0,1.0,1.0,0.0,1.0,1.0,1.0,1.0,1.0,0.0,1.0,1.0,1.0,1.0,1.0,0.0,1.0,1.0,0.0,1.0,1.0,0.03773584905660377,2.0,2.0,1.0,1.0,1.0,0.0,1.0,1.0
Compress,22,0.0,1.0,1.0,0.375,3.0,3.0,0.0,1.0,1.0,0.375,3.0,3.0,0.0,1.0,1.0,0.375,3.0,3.0,0.0,1.0,1.0,0.375,3.0,3.0,0.0,1.0,1.0,0.375,3.0,3.0,0.0,1.0,1.0,0.375,3.0,3.0,0.0,1.0,1.0,0.375,3.0,3.0,0.0,1.0,1.0,0.375,3.0,3.0,0.0,1.0,1.0,0.375,3.0,3.0,0.0,1.0,1.0,0.375,3.0,3.0,1.0,1.0,1.0,0.0,1.0,1.0,0.0,1.0,1.0,0.375,3.0,3.0,1.0,1.0,1.0,0.0,1.0,1.0,0.0,1.0,1.0,0.375,3.0,3.0,0.0,1.0,1.0,0.125,2.0,2.0
Compress,23,1.0,1.0,1.0,0.0,1.0,1.0,1.0,1.0,1.0,0.0,1.0,1.0,1.0,1.0,1.0,0.0,1.0,1.0,1.0,1.0,1.0,0.0,1.0,1.0,1.0,1.0,1.0,0.0,1.0,1.0,1.0,1.0,1.0,0.0,1.0,1.0,1.0,1.0,1.0,0.0,1.0,1.0,1.0,1.0,1.0,0.0,1.0,1.0,1.0,1.0,1.0,0.0,1.0,1.0,1.0,1.0,1.0,0.0,1.0,1.0,0.0,1.0,1.0,0.8823529411764706,2.0,2.0,1.0,1.0,1.0,0.0,1.0,1.0,0.0,1.0,1.0,0.8823529411764706,2.0,2.0,1.0,1.0,1.0,0.0,1.0,1.0,0.0,1.0,1.0,0.5882352941176471,3.0,3.0
Compress,24,1.0,1.0,1.0,0.0,1.0,1.0,1.0,1.0,1.0,0.0,1.0,1.0,1.0,1.0,1.0,0.0,1.0,1.0,1.0,1.0,1.0,0.0,1.0,1.0,1.0,1.0,1.0,0.0,1.0,1.0,1.0,1.0,1.0,0.0,1.0,1.0,0.0,1.0,1.0,0.8,3.0,3.0,1.0,1.0,1.0,0.0,1.0,1.0,1.0,1.0,1.0,0.0,1.0,1.0,1.0,1.0,1.0,0.0,1.0,1.0,1.0,1.0,1.0,0.0,1.0,1.0,0.0,1.0,1.0,0.8,3.0,3.0,0.0,1.0,1.0,0.2,2.0,2.0,0.0,1.0,1.0,0.2,2.0,2.0,0.0,1.0,1.0,0.2,2.0,2.0
Compress,25,1.0,1.0,1.0,0.0,1.0,1.0,1.0,1.0,1.0,0.0,1.0,1.0,1.0,1.0,1.0,0.0,1.0,1.0,0.0,0.0,1.0,0.08823529411764706,4.0,4.0,1.0,1.0,1.0,0.0,1.0,1.0,1.0,1.0,1.0,0.0,1.0,1.0,0.0,0.0,0.0,0.5588235294117647,14.0,14.0,1.0,1.0,1.0,0.0,1.0,1.0,1.0,1.0,1.0,0.0,1.0,1.0,0.0,0.0,0.0,0.47058823529411764,12.0,12.0,1.0,1.0,1.0,0.0,1.0,1.0,1.0,1.0,1.0,0.0,1.0,1.0,1.0,1.0,1.0,0.0,1.0,1.0,1.0,1.0,1.0,0.0,1.0,1.0,1.0,1.0,1.0,0.0,1.0,1.0
Compress,26,1.0,1.0,1.0,0.0,1.0,1.0,1.0,1.0,1.0,0.0,1.0,1.0,1.0,1.0,1.0,0.0,1.0,1.0,1.0,1.0,1.0,0.0,1.0,1.0,1.0,1.0,1.0,0.0,1.0,1.0,1.0,1.0,1.0,0.0,1.0,1.0,1.0,1.0,1.0,0.0,1.0,1.0,1.0,1.0,1.0,0.0,1.0,1.0,1.0,1.0,1.0,0.0,1.0,1.0,1.0,1.0,1.0,0.0,1.0,1.0,1.0,1.0,1.0,0.0,1.0,1.0,1.0,1.0,1.0,0.0,1.0,1.0,1.0,1.0,1.0,0.0,1.0,1.0,1.0,1.0,1.0,0.0,1.0,1.0,1.0,1.0,1.0,0.0,1.0,1.0
Compress,27,1.0,1.0,1.0,0.0,1.0,1.0,1.0,1.0,1.0,0.0,1.0,1.0,1.0,1.0,1.0,0.0,1.0,1.0,1.0,1.0,1.0,0.0,1.0,1.0,1.0,1.0,1.0,0.0,1.0,1.0,1.0,1.0,1.0,0.0,1.0,1.0,0.0,1.0,1.0,0.8,3.0,3.0,1.0,1.0,1.0,0.0,1.0,1.0,1.0,1.0,1.0,0.0,1.0,1.0,1.0,1.0,1.0,0.0,1.0,1.0,1.0,1.0,1.0,0.0,1.0,1.0,0.0,1.0,1.0,0.8,3.0,3.0,0.0,1.0,1.0,0.2,2.0,2.0,0.0,1.0,1.0,0.2,2.0,2.0,0.0,1.0,1.0,0.2,2.0,2.0
Compress,28,0.0,1.0,1.0,0.09090909090909091,2.0,2.0,0.0,1.0,1.0,0.09090909090909091,2.0,2.0,0.0,1.0,1.0,0.09090909090909091,2.0,2.0,0.0,1.0,1.0,0.09090909090909091,2.0,2.0,0.0,1.0,1.0,0.09090909090909091,2.0,2.0,0.0,1.0,1.0,0.09090909090909091,2.0,2.0,0.0,0.0,1.0,0.45454545454545453,5.0,5.0,0.0,1.0,1.0,0.09090909090909091,2.0,2.0,0.0,1.0,1.0,0.09090909090909091,2.0,2.0,0.0,1.0,1.0,0.18181818181818182,3.0,3.0,1.0,1.0,1.0,0.0,1.0,1.0,0.0,0.0,1.0,0.45454545454545453,4.0,4.0,1.0,1.0,1.0,0.0,1.0,1.0,0.0,0.0,1.0,0.45454545454545453,4.0,4.0,1.0,1.0,1.0,0.0,1.0,1.0
Compress,29,1.0,1.0,1.0,0.0,1.0,4.714285714285714,1.0,1.0,1.0,0.0,1.0,6.428571428571429,1.0,1.0,1.0,0.0,1.0,5.571428571428571,1.0,1.0,1.0,0.0,1.0,7.0,1.0,1.0,1.0,0.0,1.0,5.428571428571429,1.0,1.0,1.0,0.0,1.0,5.285714285714286,0.0,0.0,1.0,0.078125,5.0,11.285714285714286,1.0,1.0,1.0,0.0,1.0,4.714285714285714,1.0,1.0,1.0,0.0,1.0,5.428571428571429,1.0,1.0,1.0,0.0,1.0,8.142857142857142,1.0,1.0,1.0,0.0,1.0,1.0,1.0,1.0,1.0,0.0,1.0,6.0,1.0,1.0,1.0,0.0,1.0,2.5714285714285716,1.0,1.0,1.0,0.0,1.0,5.857142857142857,1.0,1.0,1.0,0.0,1.0,3.5714285714285716
Compress,30,0.0,1.0,1.0,0.25,3.0,3.0,0.0,1.0,1.0,0.25,3.0,3.0,0.0,1.0,1.0,0.25,3.0,3.0,0.0,1.0,1.0,0.25,3.0,3.0,0.0,1.0,1.0,0.25,3.0,3.0,0.0,1.0,1.0,0.25,3.0,3.0,0.0,1.0,1.0,0.25,3.0,3.0,0.0,1.0,1.0,0.25,3.0,3.0,0.0,1.0,1.0,0.25,3.0,3.0,0.0,1.0,1.0,0.25,3.0,3.0,1.0,1.0,1.0,0.0,1.0,1.0,0.0,1.0,1.0,0.25,3.0,3.0,0.0,1.0,1.0,0.125,2.0,2.0,0.0,1.0,1.0,0.25,3.0,3.0,0.0,1.0,1.0,0.125,2.0,2.0
Compress,31,1.0,1.0,1.0,0.0,1.0,1.0,1.0,1.0,1.0,0.0,1.0,1.0,1.0,1.0,1.0,0.0,1.0,1.0,1.0,1.0,1.0,0.0,1.0,1.0,1.0,1.0,1.0,0.0,1.0,1.0,1.0,1.0,1.0,0.0,1.0,1.0,0.0,1.0,1.0,0.13793103448275862,3.0,3.0,1.0,1.0,1.0,0.0,1.0,1.0,1.0,1.0,1.0,0.0,1.0,1.0,1.0,1.0,1.0,0.0,1.0,1.0,1.0,1.0,1.0,0.0,1.0,1.0,1.0,1.0,1.0,0.0,1.0,1.0,1.0,1.0,1.0,0.0,1.0,1.0,1.0,1.0,1.0,0.0,1.0,1.0,1.0,1.0,1.0,0.0,1.0,1.0
Compress,32,0.0,1.0,1.0,0.14285714285714285,3.0,3.0,0.0,1.0,1.0,0.14285714285714285,3.0,3.0,0.0,1.0,1.0,0.14285714285714285,3.0,3.0,0.0,1.0,1.0,0.14285714285714285,3.0,3.0,0.0,1.0,1.0,0.14285714285714285,3.0,3.0,0.0,1.0,1.0,0.14285714285714285,3.0,3.0,0.0,0.0,0.0,0.42857142857142855,6.0,6.0,0.0,1.0,1.0,0.14285714285714285,3.0,3.0,0.0,1.0,1.0,0.14285714285714285,3.0,3.0,0.0,0.0,1.0,0.21428571428571427,4.0,4.0,1.0,1.0,1.0,0.0,1.0,1.0,0.0,1.0,1.0,0.14285714285714285,3.0,3.0,1.0,1.0,1.0,0.0,1.0,1.0,0.0,1.0,1.0,0.14285714285714285,3.0,3.0,0.0,1.0,1.0,0.07142857142857142,2.0,2.0
Compress,33,0.0,1.0,1.0,0.05405405405405406,2.0,2.0,1.0,1.0,1.0,0.0,1.0,1.0,0.0,1.0,1.0,0.05405405405405406,2.0,2.0,1.0,1.0,1.0,0.0,1.0,1.0,0.0,1.0,1.0,0.05405405405405406,2.0,2.0,0.0,1.0,1.0,0.05405405405405406,2.0,2.0,0.0,1.0,1.0,0.05405405405405406,2.0,2.0,0.0,1.0,1.0,0.05405405405405406,2.0,2.0,0.0,1.0,1.0,0.05405405405405406,2.0,2.0,0.0,1.0,1.0,0.05405405405405406,2.0,2.0,1.0,1.0,1.0,0.0,1.0,1.0,0.0,1.0,1.0,0.05405405405405406,2.0,2.0,0.0,1.0,1.0,0.2702702702702703,2.0,2.0,0.0,1.0,1.0,0.05405405405405406,2.0,2.0,0.0,1.0,1.0,0.05405405405405406,2.0,2.0
Compress,34,1.0,1.0,1.0,0.0,1.0,1.0,1.0,1.0,1.0,0.0,1.0,1.0,1.0,1.0,1.0,0.0,1.0,1.0,1.0,1.0,1.0,0.0,1.0,1.0,1.0,1.0,1.0,0.0,1.0,1.0,1.0,1.0,1.0,0.0,1.0,1.0,1.0,1.0,1.0,0.0,1.0,1.0,1.0,1.0,1.0,0.0,1.0,1.0,1.0,1.0,1.0,0.0,1.0,1.0,1.0,1.0,1.0,0.0,1.0,1.0,1.0,1.0,1.0,0.0,1.0,1.0,1.0,1.0,1.0,0.0,1.0,1.0,1.0,1.0,1.0,0.0,1.0,1.0,1.0,1.0,1.0,0.0,1.0,1.0,1.0,1.0,1.0,0.0,1.0,1.0
Compress,35,0.0,0.0,0.0,0.2553191489361702,10.0,10.0,0.0,0.0,0.0,0.2553191489361702,10.0,10.0,0.0,0.0,0.0,0.2553191489361702,10.0,10.0,0.0,0.0,0.0,0.2553191489361702,10.0,10.0,0.0,0.0,0.0,0.2553191489361702,10.0,10.0,0.0,0.0,0.0,0.2553191489361702,10.0,10.0,0.0,0.0,0.0,0.2553191489361702,10.0,10.0,0.0,0.0,0.0,0.2553191489361702,10.0,10.0,0.0,0.0,0.0,0.2553191489361702,10.0,10.0,0.0,0.0,0.0,0.2553191489361702,10.0,10.0,1.0,1.0,1.0,0.0,1.0,1.0,0.0,0.0,0.0,0.2553191489361702,10.0,10.0,1.0,1.0,1.0,0.0,1.0,1.0,0.0,0.0,0.0,0.2553191489361702,10.0,10.0,1.0,1.0,1.0,0.0,1.0,1.0
Compress,36,0.0,0.0,1.0,0.07272727272727272,5.0,5.0,0.0,0.0,0.0,0.14545454545454545,8.0,8.0,0.0,0.0,0.0,0.14545454545454545,8.0,8.0,0.0,0.0,0.0,0.10909090909090909,7.0,7.0,0.0,0.0,0.0,0.14545454545454545,9.0,9.0,0.0,0.0,0.0,0.14545454545454545,9.0,9.0,0.0,0.0,0.0,0.16363636363636364,9.0,9.0,0.0,0.0,0.0,0.10909090909090909,7.0,7.0,0.0,0.0,0.0,0.14545454545454545,9.0,9.0,0.0,0.0,0.0,0.14545454545454545,8.0,8.0,1.0,1.0,1.0,0.0,1.0,1.0,0.0,0.0,0.0,0.14545454545454545,9.0,9.0,1.0,1.0,1.0,0.0,1.0,1.0,0.0,0.0,0.0,0.14545454545454545,9.0,9.0,0.0,0.0,0.0,0.21818181818181817,6.0,6.0
Compress,37,0.0,1.0,1.0,0.1,2.0,2.0,0.0,0.0,1.0,0.5,5.0,5.0,0.0,0.0,1.0,0.5,5.0,5.0,0.0,1.0,1.0,0.2,3.0,3.0,0.0,0.0,1.0,0.5,5.0,5.0,0.0,0.0,1.0,0.5,5.0,5.0,0.0,0.0,1.0,0.5,4.0,4.0,0.0,1.0,1.0,0.2,3.0,3.0,0.0,0.0,1.0,0.5,5.0,5.0,0.0,0.0,1.0,0.5,5.0,5.0,1.0,1.0,1.0,0.0,1.0,1.0,0.0,0.0,1.0,0.5,4.0,4.0,1.0,1.0,1.0,0.0,1.0,1.0,0.0,0.0,1.0,0.5,5.0,5.0,0.0,1.0,1.0,0.4,3.0,3.0
Compress,38,0.0,0.0,0.0,0.5,6.0,6.0,0.0,0.0,0.0,0.8,8.0,8.0,0.0,0.0,0.0,0.8,8.0,8.0,0.0,0.0,0.0,0.5,6.0,6.0,0.0,0.0,0.0,0.8,8.0,8.0,0.0,0.0,0.0,0.8,8.0,8.0,0.0,0.0,0.0,0.8,7.0,7.0,0.0,0.0,0.0,0.8,8.0,8.0,0.0,0.0,0.0,0.8,8.0,8.0,0.0,0.0,0.0,0.8,8.0,8.0,1.0,1.0,1.0,0.0,1.0,1.0,0.0,0.0,0.0,0.8,7.0,7.0,1.0,1.0,1.0,0.0,1.0,1.0,0.0,0.0,0.0,0.8,8.0,8.0,0.0,1.0,1.0,0.4,3.0,3.0
Compress,39,1.0,1.0,1.0,0.0,1.0,1.0,0.0,0.0,1.0,0.18181818181818182,5.0,5.0,0.0,0.0,1.0,0.18181818181818182,5.0,5.0,0.0,0.0,1.0,0.13636363636363635,4.0,4.0,0.0,0.0,1.0,0.18181818181818182,5.0,5.0,0.0,0.0,1.0,0.18181818181818182,5.0,5.0,0.0,0.0,1.0,0.18181818181818182,5.0,5.0,0.0,1.0,1.0,0.045454545454545456,2.0,2.0,0.0,0.0,1.0,0.18181818181818182,5.0,5.0,0.0,0.0,1.0,0.18181818181818182,5.0,5.0,1.0,1.0,1.0,0.0,1.0,1.0,0.0,0.0,1.0,0.18181818181818182,5.0,5.0,1.0,1.0,1.0,0.0,1.0,1.0,0.0,0.0,1.0,0.18181818181818182,5.0,5.0,0.0,0.0,1.0,0.18181818181818182,5.0,5.0
Compress,40,1.0,1.0,1.0,0.0,1.0,1.0,1.0,1.0,1.0,0.0,1.0,1.0,1.0,1.0,1.0,0.0,1.0,1.0,1.0,1.0,1.0,0.0,1.0,1.0,1.0,1.0,1.0,0.0,1.0,1.0,1.0,1.0,1.0,0.0,1.0,1.0,1.0,1.0,1.0,0.0,1.0,1.0,1.0,1.0,1.0,0.0,1.0,1.0,1.0,1.0,1.0,0.0,1.0,1.0,1.0,1.0,1.0,0.0,1.0,1.0,1.0,1.0,1.0,0.0,1.0,1.0,1.0,1.0,1.0,0.0,1.0,1.0,1.0,1.0,1.0,0.0,1.0,1.0,1.0,1.0,1.0,0.0,1.0,1.0,1.0,1.0,1.0,0.0,1.0,1.0
Compress,41,0.0,0.0,0.0,0.14516129032258066,10.0,10.0,0.0,0.0,0.0,0.5161290322580645,18.0,18.0,0.0,0.0,0.0,0.532258064516129,19.0,19.0,0.0,0.0,0.0,0.24193548387096775,14.0,14.0,0.0,0.0,0.0,0.532258064516129,19.0,19.0,0.0,0.0,0.0,0.532258064516129,19.0,19.0,0.0,0.0,0.0,0.5161290322580645,17.0,17.0,0.0,0.0,0.0,0.532258064516129,19.0,19.0,0.0,0.0,0.0,0.532258064516129,19.0,19.0,0.0,0.0,0.0,0.5161290322580645,18.0,18.0,1.0,1.0,1.0,0.0,1.0,1.0,0.0,0.0,0.0,0.5161290322580645,18.0,18.0,0.0,1.0,1.0,0.016129032258064516,2.0,2.0,0.0,0.0,0.0,0.532258064516129,19.0,19.0,0.0,0.0,0.0,0.5967741935483871,19.0,19.0
Compress,42,1.0,1.0,1.0,0.0,1.0,1.0,0.0,0.0,1.0,0.0851063829787234,5.0,5.0,0.0,0.0,1.0,0.0851063829787234,5.0,5.0,0.0,0.0,1.0,0.0851063829787234,5.0,5.0,0.0,0.0,1.0,0.0851063829787234,5.0,5.0,0.0,0.0,1.0,0.0851063829787234,5.0,5.0,1.0,1.0,1.0,0.0,1.0,1.0,0.0,1.0,1.0,0.02127659574468085,2.0,2.0,0.0,0.0,1.0,0.0851063829787234,5.0,5.0,0.0,0.0,1.0,0.0851063829787234,5.0,5.0,1.0,1.0,1.0,0.0,1.0,1.0,0.0,0.0,1.0,0.0851063829787234,5.0,5.0,0.0,1.0,1.0,0.02127659574468085,2.0,2.0,0.0,1.0,1.0,0.02127659574468085,2.0,2.0,0.0,0.0,1.0,0.0851063829787234,5.0,5.0
Compress,43,0.0,1.0,1.0,0.017241379310344827,2.0,2.0,0.0,1.0,1.0,0.017241379310344827,2.0,2.0,0.0,1.0,1.0,0.017241379310344827,2.0,2.0,0.0,1.0,1.0,0.017241379310344827,2.0,2.0,0.0,1.0,1.0,0.017241379310344827,2.0,2.0,0.0,1.0,1.0,0.017241379310344827,2.0,2.0,0.0,1.0,1.0,0.017241379310344827,2.0,2.0,0.0,1.0,1.0,0.017241379310344827,2.0,2.0,0.0,1.0,1.0,0.017241379310344827,2.0,2.0,0.0,1.0,1.0,0.017241379310344827,2.0,2.0,1.0,1.0,1.0,0.0,1.0,1.0,0.0,1.0,1.0,0.017241379310344827,2.0,2.0,1.0,1.0,1.0,0.0,1.0,1.0,0.0,1.0,1.0,0.017241379310344827,2.0,2.0,0.0,1.0,1.0,0.017241379310344827,2.0,2.0
Compress,44,1.0,1.0,1.0,0.0,1.0,1.0,1.0,1.0,1.0,0.0,1.0,1.0,1.0,1.0,1.0,0.0,1.0,1.0,1.0,1.0,1.0,0.0,1.0,1.0,1.0,1.0,1.0,0.0,1.0,1.0,1.0,1.0,1.0,0.0,1.0,1.0,1.0,1.0,1.0,0.0,1.0,1.0,1.0,1.0,1.0,0.0,1.0,1.0,1.0,1.0,1.0,0.0,1.0,1.0,1.0,1.0,1.0,0.0,1.0,1.0,1.0,1.0,1.0,0.0,1.0,1.0,1.0,1.0,1.0,0.0,1.0,1.0,1.0,1.0,1.0,0.0,1.0,1.0,1.0,1.0,1.0,0.0,1.0,1.0,1.0,1.0,1.0,0.0,1.0,1.0
Compress,45,1.0,1.0,1.0,0.0,1.0,1.0,1.0,1.0,1.0,0.0,1.0,1.0,1.0,1.0,1.0,0.0,1.0,1.0,1.0,1.0,1.0,0.0,1.0,1.0,1.0,1.0,1.0,0.0,1.0,1.0,1.0,1.0,1.0,0.0,1.0,1.0,1.0,1.0,1.0,0.0,1.0,1.0,1.0,1.0,1.0,0.0,1.0,1.0,1.0,1.0,1.0,0.0,1.0,1.0,1.0,1.0,1.0,0.0,1.0,1.0,1.0,1.0,1.0,0.0,1.0,1.0,1.0,1.0,1.0,0.0,1.0,1.0,1.0,1.0,1.0,0.0,1.0,1.0,1.0,1.0,1.0,0.0,1.0,1.0,1.0,1.0,1.0,0.0,1.0,1.0
Compress,46,1.0,1.0,1.0,0.0,1.0,1.0,1.0,1.0,1.0,0.0,1.0,1.0,1.0,1.0,1.0,0.0,1.0,1.0,1.0,1.0,1.0,0.0,1.0,1.0,1.0,1.0,1.0,0.0,1.0,1.0,1.0,1.0,1.0,0.0,1.0,1.0,1.0,1.0,1.0,0.0,1.0,1.0,1.0,1.0,1.0,0.0,1.0,1.0,1.0,1.0,1.0,0.0,1.0,1.0,1.0,1.0,1.0,0.0,1.0,1.0,1.0,1.0,1.0,0.0,1.0,1.0,1.0,1.0,1.0,0.0,1.0,1.0,1.0,1.0,1.0,0.0,1.0,1.0,1.0,1.0,1.0,0.0,1.0,1.0,0.0,1.0,1.0,0.6666666666666666,2.0,2.0
Compress,47,1.0,1.0,1.0,0.0,1.0,1.0,1.0,1.0,1.0,0.0,1.0,1.0,1.0,1.0,1.0,0.0,1.0,1.0,1.0,1.0,1.0,0.0,1.0,1.0,1.0,1.0,1.0,0.0,1.0,1.0,1.0,1.0,1.0,0.0,1.0,1.0,1.0,1.0,1.0,0.0,1.0,1.0,1.0,1.0,1.0,0.0,1.0,1.0,1.0,1.0,1.0,0.0,1.0,1.0,1.0,1.0,1.0,0.0,1.0,1.0,1.0,1.0,1.0,0.0,1.0,1.0,1.0,1.0,1.0,0.0,1.0,1.0,1.0,1.0,1.0,0.0,1.0,1.0,1.0,1.0,1.0,0.0,1.0,1.0,1.0,1.0,1.0,0.0,1.0,1.0
